,open,high,low,close,adjclose,volume,ticker
1985-01-01,0.0,5.259259223937988,4.3333330154418945,5.240740776062012,2.5748207569122314,8060175.0,GL
1985-02-01,0.0,6.648148059844971,5.222221851348877,6.5,3.1935064792633057,11633625.0,GL
1985-03-01,0.0,6.592593193054199,5.777778148651123,6.444444179534912,3.1662099361419678,11917800.0,GL
1985-04-01,0.0,7.148148059844971,6.444444179534912,7.0,3.439161539077759,10221525.0,GL
1985-05-01,0.0,7.8333330154418945,6.888888835906982,6.981481075286865,3.4300620555877686,7836075.0,GL
1985-06-01,0.0,7.240740776062012,6.518518924713135,7.129630088806152,3.5028481483459473,7086150.0,GL
1985-07-01,0.0,7.518518924713135,6.851851940155029,7.055555820465088,3.466456413269043,6753375.0,GL
1985-08-01,0.0,7.037036895751953,6.222221851348877,6.759259223937988,3.3208835124969482,8700075.0,GL
1985-09-01,0.0,6.888888835906982,2.7037041187286377,2.814815044403076,1.3829433917999268,10824975.0,GL
1985-10-01,0.0,3.462963104248047,2.740741014480591,3.3888890743255615,1.6649904251098633,26958150.0,GL
1985-11-01,0.0,3.962963104248047,3.277777910232544,3.5740740299224854,1.755974531173706,26648325.0,GL
1985-12-01,0.0,3.740741014480591,3.185184955596924,3.259258985519409,1.601302146911621,23722200.0,GL
1986-01-01,0.0,3.7037041187286377,3.1481480598449707,3.222222089767456,1.5831049680709839,30198825.0,GL
1986-02-01,0.0,4.592593193054199,3.185184955596924,4.592593193054199,2.2563796043395996,32484375.0,GL
1986-03-01,0.0,5.1666669845581055,4.314815044403076,4.925926208496094,2.4201505184173584,21409650.0,GL
1986-04-01,0.0,5.314815044403076,4.388888835906982,4.722221851348877,2.3200669288635254,20695500.0,GL
1986-05-01,0.0,5.074073791503906,4.592593193054199,5.055555820465088,2.483839511871338,12006900.0,GL
1986-06-01,0.0,5.703703880310059,4.537036895751953,5.518518924713135,2.7112956047058105,13401450.0,GL
1986-07-01,0.0,5.629630088806152,4.148148059844971,4.537036895751953,2.229085683822632,29572425.0,GL
1986-08-01,0.0,4.740740776062012,4.259259223937988,4.518518924713135,2.219986915588379,21619575.0,GL
1986-09-01,0.0,4.648148059844971,3.777777910232544,4.0,1.9652341604232788,18814275.0,GL
1986-10-01,0.0,4.481481075286865,3.90740704536438,4.425926208496094,2.1744961738586426,13913775.0,GL
1986-11-01,0.0,4.444444179534912,4.111111164093018,4.185184955596924,2.0562171936035156,12214800.0,GL
1986-12-01,0.0,4.3333330154418945,3.777777910232544,3.8518519401550293,1.8924480676651,15886800.0,GL
1987-01-01,0.0,4.537036895751953,3.814815044403076,4.111111164093018,2.0198254585266113,20450475.0,GL
1987-02-01,0.0,4.888888835906982,3.944443941116333,4.851851940155029,2.4042181968688965,26286525.0,GL
1987-03-01,0.0,4.888888835906982,4.3333330154418945,4.388888835906982,2.1748077869415283,22787325.0,GL
1987-04-01,0.0,4.555555820465088,3.944443941116333,4.111111164093018,2.0371618270874023,20249325.0,GL
1987-05-01,0.0,4.148148059844971,3.5185189247131348,3.9259259700775146,1.9620246887207031,17034300.0,GL
1987-06-01,0.0,4.203703880310059,3.8703699111938477,4.203703880310059,2.1008479595184326,18141300.0,GL
1987-07-01,0.0,4.537036895751953,4.092593193054199,4.481481075286865,2.2396702766418457,31648725.0,GL
1987-08-01,0.0,5.444444179534912,4.259259223937988,4.870369911193848,2.455753803253174,28672650.0,GL
1987-09-01,0.0,4.907406806945801,4.351851940155029,4.537036895751953,2.2876808643341064,12967425.0,GL
1987-10-01,0.0,4.962963104248047,3.6296300888061523,4.185184955596924,2.110267162322998,29548125.0,GL
1987-11-01,0.0,4.203703880310059,3.4259259700775146,3.462963104248047,1.7604788541793823,14273550.0,GL
1987-12-01,0.0,3.759258985519409,3.222222089767456,3.6296300888061523,1.845206618309021,15824700.0,GL
1988-01-01,3.6481480598449707,4.222221851348877,3.5185189247131348,4.148148059844971,2.1088078022003174,9524925.0,GL
1988-02-01,4.185184955596924,4.425926208496094,4.111111164093018,4.407406806945801,2.262467861175537,7797600.0,GL
1988-03-01,4.407406806945801,4.592593193054199,4.314815044403076,4.314815044403076,2.2149367332458496,7972425.0,GL
1988-04-01,4.296296119689941,4.629630088806152,4.277778148651123,4.481481075286865,2.300492286682129,6010200.0,GL
1988-05-01,4.444444179534912,4.611111164093018,4.351851940155029,4.537036895751953,2.3491756916046143,8203950.0,GL
1988-06-01,4.555555820465088,4.944444179534912,4.555555820465088,4.870369911193848,2.521768093109131,10535400.0,GL
1988-07-01,4.8333330154418945,4.962963104248047,4.574073791503906,4.592593193054199,2.377941370010376,6713550.0,GL
1988-08-01,4.592593193054199,4.907406806945801,4.592593193054199,4.703703880310059,2.458340883255005,6496875.0,GL
1988-09-01,4.6666669845581055,4.777778148651123,4.629630088806152,4.685184955596924,2.4486615657806396,5224500.0,GL
1988-10-01,4.6666669845581055,4.740740776062012,4.537036895751953,4.629630088806152,2.419626235961914,6677100.0,GL
1988-11-01,4.592593193054199,4.6666669845581055,4.351851940155029,4.555555820465088,2.403806209564209,6973425.0,GL
1988-12-01,4.537036895751953,4.574073791503906,4.481481075286865,4.518518924713135,2.3842623233795166,4306500.0,GL
1989-01-01,4.518518924713135,4.796296119689941,4.444444179534912,4.777778148651123,2.521064281463623,5541075.0,GL
1989-02-01,4.777778148651123,4.851851940155029,4.6666669845581055,4.703703880310059,2.5066328048706055,6574500.0,GL
1989-03-01,4.703703880310059,4.981481075286865,4.685184955596924,4.888888835906982,2.6053178310394287,5870475.0,GL
1989-04-01,4.888888835906982,5.3333330154418945,4.8333330154418945,5.3333330154418945,2.842165231704712,14379525.0,GL
1989-05-01,5.3333330154418945,5.870369911193848,5.259259223937988,5.8333330154418945,3.1369214057922363,15340725.0,GL
1989-06-01,5.796296119689941,6.111111164093018,5.629630088806152,5.777778148651123,3.107046604156494,7938000.0,GL
1989-07-01,5.777778148651123,6.981481075286865,5.611111164093018,6.962963104248047,3.744389772415161,8394975.0,GL
1989-08-01,7.0,7.259259223937988,6.444444179534912,6.592593193054199,3.5728819370269775,9146250.0,GL
1989-09-01,6.574073791503906,7.0,6.444444179534912,6.925926208496094,3.7535324096679688,7250175.0,GL
1989-10-01,6.962963104248047,7.518518924713135,6.611111164093018,7.037036895751953,3.813749074935913,12508425.0,GL
1989-11-01,7.055555820465088,7.962963104248047,6.814815044403076,7.888888835906982,4.305859088897705,10479375.0,GL
1989-12-01,7.925926208496094,8.703703880310059,7.592593193054199,8.259259223937988,4.508012771606445,9470250.0,GL
1990-01-01,8.296296119689941,8.5,6.962963104248047,7.370369911193848,4.022843360900879,8910000.0,GL
1990-02-01,7.351851940155029,7.351851940155029,6.6666669845581055,7.203703880310059,3.956331491470337,9659250.0,GL
1990-03-01,7.185184955596924,7.555555820465088,6.574073791503906,6.703703880310059,3.681725025177002,13900275.0,GL
1990-04-01,6.777778148651123,6.981481075286865,6.3333330154418945,6.462963104248047,3.549511432647705,11510100.0,GL
1990-05-01,6.5,7.074073791503906,6.425926208496094,7.055555820465088,3.9050040245056152,14150025.0,GL
1990-06-01,7.074073791503906,7.222221851348877,6.6666669845581055,7.074073791503906,3.915252447128296,9868500.0,GL
1990-07-01,7.092593193054199,7.518518924713135,6.8333330154418945,7.518518924713135,4.161238670349121,6557625.0,GL
1990-08-01,7.5,7.592593193054199,6.277778148651123,6.740740776062012,3.758240222930908,10044675.0,GL
1990-09-01,6.703703880310059,6.777778148651123,5.925926208496094,6.074073791503906,3.3865468502044678,7009200.0,GL
1990-10-01,6.074073791503906,6.425926208496094,5.629630088806152,6.240740776062012,3.4794716835021973,10430775.0,GL
1990-11-01,6.259259223937988,7.370369911193848,6.240740776062012,6.925926208496094,3.8935546875,9914400.0,GL
1990-12-01,6.962963104248047,7.259259223937988,6.907406806945801,7.240740776062012,4.070533752441406,6982200.0,GL
1991-01-01,7.203703880310059,7.611111164093018,6.870369911193848,7.611111164093018,4.278746604919434,11362275.0,GL
1991-02-01,7.629630088806152,8.259259223937988,7.3333330154418945,8.222222328186035,4.655893802642822,13433850.0,GL
1991-03-01,8.222222328186035,8.425926208496094,7.777778148651123,8.38888931274414,4.750271320343018,9910350.0,GL
1991-04-01,8.351852416992188,8.666666984558105,7.907406806945801,7.925926208496094,4.488114356994629,9064575.0,GL
1991-05-01,7.907406806945801,8.0925931930542,7.370369911193848,8.074073791503906,4.600064277648926,9184725.0,GL
1991-06-01,8.037036895751953,8.222222328186035,7.092593193054199,7.148148059844971,4.072533130645752,8511750.0,GL
1991-07-01,7.148148059844971,7.481481075286865,6.888888835906982,7.444444179534912,4.241343975067139,8812800.0,GL
1991-08-01,7.444444179534912,7.592593193054199,7.074073791503906,7.444444179534912,4.276799201965332,8012925.0,GL
1991-09-01,7.462963104248047,7.740740776062012,7.277778148651123,7.388888835906982,4.244884014129639,7156350.0,GL
1991-10-01,7.407406806945801,7.925926208496094,7.296296119689941,7.851851940155029,4.5108513832092285,6145200.0,GL
1991-11-01,7.851851940155029,8.203703880310059,7.555555820465088,7.777778148651123,4.503532886505127,8013600.0,GL
1991-12-01,7.740740776062012,8.777777671813965,7.648148059844971,8.574073791503906,4.964608669281006,6506325.0,GL
1992-01-01,8.5,9.11111068725586,8.370369911193848,8.61111068725586,4.98605489730835,10380825.0,GL
1992-02-01,8.629630088806152,8.722222328186035,8.074073791503906,8.555556297302246,4.988437175750732,8278875.0,GL
1992-03-01,8.574073791503906,8.9074068069458,8.370369911193848,8.444443702697754,4.923652648925781,7379775.0,GL
1992-04-01,8.462963104248047,9.037036895751953,8.0,8.425926208496094,4.912858009338379,18722475.0,GL
1992-05-01,8.425926208496094,8.870369911193848,8.222222328186035,8.518519401550293,5.002739429473877,6161400.0,GL
1992-06-01,8.481480598449707,10.055556297302246,8.38888931274414,10.055556297302246,5.9054036140441895,16384275.0,GL
1992-07-01,10.037036895751953,10.685185432434082,9.648147583007812,10.648147583007812,6.253419399261475,13355550.0,GL
1992-08-01,10.648147583007812,11.222222328186035,10.305556297302246,10.416666984558105,6.154780387878418,10643175.0,GL
1992-09-01,10.444443702697754,11.86111068725586,10.38888931274414,11.13888931274414,6.581513404846191,9213750.0,GL
1992-10-01,11.222222328186035,12.0,10.972222328186035,11.416666984558105,6.745638847351074,7220250.0,GL
1992-11-01,11.5,12.11111068725586,11.13888931274414,11.444443702697754,6.797550201416016,8556750.0,GL
1992-12-01,11.527777671813965,12.972222328186035,11.305556297302246,12.694443702697754,7.540001392364502,10010700.0,GL
1993-01-01,12.61111068725586,13.777777671813965,12.333333015441895,13.472222328186035,8.00197696685791,6742350.0,GL
1993-02-01,13.416666984558105,14.38888931274414,12.38888931274414,13.38888931274414,7.989819049835205,11582550.0,GL
1993-03-01,13.38888931274414,13.833333015441895,13.11111068725586,13.305556297302246,7.940088748931885,8232300.0,GL
1993-04-01,13.333333015441895,13.75,11.666666984558105,12.13888931274414,7.2438812255859375,12295350.0,GL
1993-05-01,12.11111068725586,12.5,11.083333015441895,11.777777671813965,7.060338020324707,13360950.0,GL
1993-06-01,11.777777671813965,12.38888931274414,11.444443702697754,11.805556297302246,7.076988697052002,11255850.0,GL
1993-07-01,11.75,12.75,11.472222328186035,12.63888931274414,7.576540946960449,7308000.0,GL
1993-08-01,12.63888931274414,13.083333015441895,12.61111068725586,12.833333015441895,7.732145309448242,5888250.0,GL
1993-09-01,12.805556297302246,13.277777671813965,12.444443702697754,12.555556297302246,7.564792156219482,6936750.0,GL
1993-10-01,12.555556297302246,12.583333015441895,10.0,10.305556297302246,6.209150314331055,18115650.0,GL
1993-11-01,10.305556297302246,10.333333015441895,9.13888931274414,9.777777671813965,5.920967102050781,13598550.0,GL
1993-12-01,9.75,10.194443702697754,9.555556297302246,10.0,6.055535316467285,12281850.0,GL
1994-01-01,9.916666984558105,10.722222328186035,9.916666984558105,10.583333015441895,6.408771514892578,12649950.0,GL
1994-02-01,10.583333015441895,11.0,9.444443702697754,9.555556297302246,5.822626113891602,13849650.0,GL
1994-03-01,9.555556297302246,9.722222328186035,8.777777671813965,8.944443702697754,5.450249195098877,11782800.0,GL
1994-04-01,8.805556297302246,8.972222328186035,8.222222328186035,8.305556297302246,5.060948848724365,14873850.0,GL
1994-05-01,8.305556297302246,9.38888931274414,8.166666984558105,9.305556297302246,5.71001672744751,10630350.0,GL
1994-06-01,9.277777671813965,9.5,8.527777671813965,8.666666984558105,5.317981243133545,10035900.0,GL
1994-07-01,8.694443702697754,8.75,8.444443702697754,8.63888931274414,5.300937175750732,11386350.0,GL
1994-08-01,8.63888931274414,9.61111068725586,8.63888931274414,9.472222328186035,5.854311466217041,8647200.0,GL
1994-09-01,9.416666984558105,9.805556297302246,9.0,9.75,6.02599573135376,14420700.0,GL
1994-10-01,9.666666984558105,9.88888931274414,8.166666984558105,8.194443702697754,5.06458044052124,13208850.0,GL
1994-11-01,8.166666984558105,8.416666984558105,7.194444179534912,7.361111164093018,4.578758239746094,16445250.0,GL
1994-12-01,7.361111164093018,7.972221851348877,7.3333330154418945,7.75,4.820654392242432,13625100.0,GL
1995-01-01,7.694444179534912,8.75,7.611111164093018,8.666666984558105,5.434316158294678,12126600.0,GL
1995-02-01,8.722222328186035,9.5,8.694443702697754,9.305556297302246,5.834923267364502,13820400.0,GL
1995-03-01,9.333333015441895,9.38888931274414,8.916666984558105,9.222222328186035,5.78266716003418,10549800.0,GL
1995-04-01,9.13888931274414,9.333333015441895,8.5,8.666666984558105,5.434316158294678,9462600.0,GL
1995-05-01,8.694443702697754,9.055556297302246,8.444443702697754,8.86111068725586,5.593982696533203,10576350.0,GL
1995-06-01,8.86111068725586,8.972222328186035,8.305556297302246,8.38888931274414,5.295871734619141,13914450.0,GL
1995-07-01,8.333333015441895,8.722222328186035,8.166666984558105,8.555556297302246,5.401087284088135,10291950.0,GL
1995-08-01,8.583333015441895,9.083333015441895,8.5,8.88888931274414,5.653450965881348,10272600.0,GL
1995-09-01,8.88888931274414,9.38888931274414,8.88888931274414,9.36111068725586,5.953789710998535,10455300.0,GL
1995-10-01,9.36111068725586,9.944443702697754,9.194443702697754,9.222222328186035,5.86545467376709,13744350.0,GL
1995-11-01,9.194443702697754,9.5,9.083333015441895,9.444443702697754,6.047818660736084,14679000.0,GL
1995-12-01,9.5,10.055556297302246,9.416666984558105,10.055556297302246,6.439146518707275,10174050.0,GL
1996-01-01,10.0,10.527777671813965,9.444443702697754,10.472222328186035,6.705963134765625,15806700.0,GL
1996-02-01,10.777777671813965,11.083333015441895,10.25,10.305556297302246,6.642045021057129,9223650.0,GL
1996-03-01,10.36111068725586,10.666666984558105,9.777777671813965,10.0,6.445106029510498,13808250.0,GL
1996-04-01,9.972222328186035,10.055556297302246,9.13888931274414,9.555556297302246,6.158658504486084,13097250.0,GL
1996-05-01,9.527777671813965,9.75,9.11111068725586,9.472222328186035,6.144328594207764,8499600.0,GL
1996-06-01,9.5,9.722222328186035,9.194443702697754,9.722222328186035,6.306495666503906,8398350.0,GL
1996-07-01,9.75,9.75,8.944443702697754,9.472222328186035,6.144328594207764,10137150.0,GL
1996-08-01,9.5,9.75,9.38888931274414,9.444443702697754,6.167187690734863,13404600.0,GL
1996-09-01,9.38888931274414,10.277777671813965,9.222222328186035,10.194443702697754,6.656935214996338,9085950.0,GL
1996-10-01,10.166666984558105,10.805556297302246,10.11111068725586,10.75,7.019712448120117,12319650.0,GL
1996-11-01,10.722222328186035,11.583333015441895,10.61111068725586,11.555556297302246,7.5937395095825195,12131550.0,GL
1996-12-01,11.555556297302246,11.555556297302246,10.916666984558105,11.222222328186035,7.3746867179870605,15384150.0,GL
1997-01-01,11.277777671813965,11.86111068725586,11.11111068725586,11.5,7.600134372711182,13278150.0,GL
1997-02-01,11.61111068725586,13.194443702697754,11.527777671813965,13.083333015441895,8.646526336669922,20885400.0,GL
1997-03-01,13.027777671813965,13.75,12.277777671813965,12.305556297302246,8.132508277893066,16907850.0,GL
1997-04-01,12.194443702697754,13.88888931274414,11.666666984558105,13.86111068725586,9.160543441772461,22437000.0,GL
1997-05-01,13.833333015441895,14.722222328186035,13.61111068725586,14.63888931274414,9.725610733032227,14806800.0,GL
1997-06-01,14.61111068725586,16.31944465637207,14.583333015441895,15.833333015441895,10.519163131713867,18365400.0,GL
1997-07-01,15.777777671813965,17.77777862548828,15.694443702697754,17.69444465637207,11.803540229797363,19130400.0,GL
1997-08-01,17.68055534362793,17.708332061767578,15.472222328186035,16.833332061767578,11.229114532470703,13102650.0,GL
1997-09-01,16.72222137451172,18.5,16.69444465637207,17.44444465637207,11.63677978515625,17051175.0,GL
1997-10-01,17.55555534362793,18.55555534362793,15.63888931274414,17.833332061767578,11.896187782287598,14575050.0,GL
1997-11-01,17.72222137451172,18.416667938232422,17.38888931274414,18.22222137451172,12.202238082885742,10621350.0,GL
1997-12-01,18.333332061767578,19.02777862548828,17.27777862548828,18.75,12.555660247802734,11043450.0,GL
1998-01-01,18.77777862548828,19.666667938232422,17.0,18.55555534362793,12.471146583557129,10536075.0,GL
1998-02-01,18.63888931274414,21.0,18.0,20.77777862548828,13.964702606201172,20337300.0,GL
1998-03-01,20.61111068725586,21.25,19.88888931274414,20.36111068725586,13.684663772583008,16281450.0,GL
1998-04-01,20.36111068725586,22.13888931274414,19.52777862548828,19.80555534362793,13.311264038085938,22583025.0,GL
1998-05-01,19.88888931274414,20.69444465637207,18.47222137451172,19.05555534362793,12.846778869628906,15303600.0,GL
1998-06-01,18.833332061767578,20.55555534362793,17.80555534362793,20.333332061767578,13.708222389221191,21434850.0,GL
1998-07-01,20.27777862548828,20.97222137451172,19.166667938232422,19.55555534362793,13.183867454528809,13737600.0,GL
1998-08-01,19.38888931274414,19.63888931274414,15.88888931274414,15.88888931274414,10.747323036193848,16868025.0,GL
1998-09-01,15.777777671813965,17.166667938232422,15.722222328186035,15.972222328186035,10.803686141967773,15329925.0,GL
1998-10-01,15.722222328186035,19.5,14.13888931274414,19.44444465637207,13.152320861816406,13478400.0,GL
1998-11-01,19.44444465637207,20.22222137451172,15.833333015441895,16.88888931274414,11.460062980651855,13565700.0,GL
1998-12-01,16.77777862548828,17.30555534362793,14.666666984558105,15.694443702697754,12.406064987182617,18129150.0,GL
1999-01-01,15.666666984558105,16.27777862548828,14.277777671813965,14.583333015441895,11.527763366699219,17081775.0,GL
1999-02-01,14.472222328186035,15.555556297302246,13.63888931274414,14.722222328186035,11.666815757751465,18118350.0,GL
1999-03-01,14.944443702697754,15.444443702697754,13.666666984558105,14.055556297302246,11.138510704040527,17575650.0,GL
1999-04-01,14.027777671813965,16.083332061767578,13.666666984558105,15.194443702697754,12.04103946685791,17393625.0,GL
1999-05-01,15.305556297302246,16.88888931274414,14.555556297302246,14.833333015441895,11.788549423217773,20466675.0,GL
1999-06-01,14.722222328186035,15.527777671813965,14.38888931274414,15.166666984558105,12.053462028503418,13256775.0,GL
1999-07-01,15.25,16.416667938232422,14.555556297302246,14.61111068725586,11.611947059631348,14870925.0,GL
1999-08-01,14.722222328186035,15.11111068725586,12.666666984558105,12.666666984558105,10.092864990234375,12287700.0,GL
1999-09-01,12.722222328186035,13.722222328186035,10.916666984558105,11.5,9.163256645202637,14643900.0,GL
1999-10-01,11.5,14.11111068725586,11.333333015441895,13.86111068725586,11.044598579406738,19136700.0,GL
1999-11-01,13.833333015441895,16.0,13.833333015441895,14.11111068725586,11.282389640808105,19969200.0,GL
1999-12-01,14.0,14.61111068725586,11.805556297302246,12.916666984558105,10.327385902404785,16978275.0,GL
2000-01-01,12.805556297302246,12.86111068725586,10.055556297302246,11.194443702697754,8.950397491455078,19686600.0,GL
2000-02-01,11.11111068725586,11.11111068725586,8.555556297302246,8.805556297302246,7.06329870223999,23580900.0,GL
2000-03-01,8.777777671813965,10.86111068725586,8.333333015441895,10.277777671813965,8.244231224060059,24783075.0,GL
2000-04-01,10.38888931274414,11.63888931274414,9.61111068725586,11.13888931274414,8.934964179992676,21339000.0,GL
2000-05-01,11.833333015441895,12.333333015441895,10.222222328186035,12.083333015441895,9.73010540008545,18615825.0,GL
2000-06-01,12.222222328186035,12.777777671813965,10.666666984558105,10.972222328186035,8.835381507873535,17267175.0,GL
2000-07-01,11.055556297302246,11.916666984558105,10.694443702697754,11.055556297302246,8.902484893798828,16707375.0,GL
2000-08-01,11.166666984558105,12.944443702697754,10.944443702697754,12.479166984558105,10.084357261657715,18025650.0,GL
2000-09-01,12.36111068725586,13.13888931274414,11.916666984558105,12.36111068725586,9.988950729370117,12555900.0,GL
2000-10-01,12.472222328186035,15.333333015441895,12.027777671813965,14.805556297302246,11.964298248291016,17335800.0,GL
2000-11-01,14.88888931274414,17.22222137451172,14.416666984558105,16.88888931274414,13.690494537353516,25940025.0,GL
2000-12-01,16.77777862548828,18.30555534362793,16.27777862548828,17.083332061767578,13.848122596740723,20147175.0,GL
2001-01-01,16.88888931274414,17.05555534362793,14.472222328186035,15.417778015136719,12.4979829788208,19086525.0,GL
2001-02-01,15.528888702392578,16.22222137451172,14.822221755981445,15.457777976989746,12.562773704528809,24141600.0,GL
2001-03-01,15.600000381469727,17.373332977294922,15.484443664550781,17.25777816772461,14.02565860748291,28010700.0,GL
2001-04-01,17.266666412353516,17.77777862548828,15.831110954284668,16.84000015258789,13.686120986938477,27732150.0,GL
2001-05-01,16.933332443237305,17.0222225189209,16.08888816833496,16.85333251953125,13.729795455932617,20764350.0,GL
2001-06-01,16.933332443237305,17.9777774810791,16.724443435668945,17.871110916137695,14.558951377868652,16222725.0,GL
2001-07-01,17.955556869506836,18.58222198486328,17.471111297607422,18.448888778686523,15.02963638305664,15168150.0,GL
2001-08-01,18.46666717529297,19.22222137451172,18.06222152709961,18.773332595825195,15.32787036895752,23260050.0,GL
2001-09-01,18.817777633666992,18.85333251953125,15.0,17.333332061767578,14.152144432067871,17716950.0,GL
2001-10-01,17.35555648803711,18.0,16.333332061767578,16.457778930664062,13.437285423278809,19889100.0,GL
2001-11-01,16.35555648803711,17.866666793823242,16.22222137451172,17.53333282470703,14.329998970031738,14284800.0,GL
2001-12-01,17.53333282470703,17.608888626098633,16.422222137451172,17.479999542236328,14.286407470703125,18782775.0,GL
2002-01-01,17.48444366455078,17.48444366455078,16.213333129882812,16.884443283081055,13.799663543701172,16041825.0,GL
2002-02-01,16.871110916137695,18.177778244018555,16.22222137451172,17.86222267150879,14.633081436157227,14745150.0,GL
2002-03-01,17.866666793823242,18.74222183227539,17.511110305786133,17.906667709350586,14.669485092163086,15063525.0,GL
2002-04-01,17.795555114746094,18.591110229492188,17.46666717529297,18.17333221435547,14.88794994354248,16192350.0,GL
2002-05-01,18.200000762939453,18.41777801513672,17.622222900390625,17.93777847290039,14.72808837890625,15258150.0,GL
2002-06-01,17.844444274902344,18.133333206176758,16.311111450195312,16.9777774810791,13.93986701965332,19166400.0,GL
2002-07-01,16.88888931274414,16.9777774810791,13.342222213745117,16.106666564941406,13.224625587463379,23076450.0,GL
2002-08-01,16.0222225189209,16.87555694580078,14.95555591583252,16.600000381469727,13.662497520446777,13504725.0,GL
2002-09-01,16.488889694213867,16.53333282470703,14.866666793823242,15.226667404174805,12.532184600830078,15591150.0,GL
2002-10-01,15.337778091430664,16.49333381652832,14.288888931274414,15.911110877990723,13.095510482788086,25922250.0,GL
2002-11-01,15.9022216796875,17.0222225189209,15.640000343322754,16.50666618347168,13.61956787109375,12018600.0,GL
2002-12-01,16.511110305786133,16.9022216796875,16.01333236694336,16.23555564880371,13.395879745483398,13780125.0,GL
2003-01-01,16.35555648803711,17.311111450195312,15.333333015441895,15.95555591583252,13.164850234985352,13326750.0,GL
2003-02-01,16.066667556762695,16.351110458374023,15.128889083862305,16.13777732849121,13.34729290008545,17485425.0,GL
2003-03-01,16.231111526489258,16.675556182861328,14.666666984558105,15.911110877990723,13.159821510314941,18612675.0,GL
2003-04-01,16.0222225189209,17.408889770507812,15.871110916137695,17.22222137451172,14.244219779968262,14932575.0,GL
2003-05-01,17.191110610961914,17.586666107177734,16.488889694213867,17.164443969726562,14.23221492767334,20329650.0,GL
2003-06-01,17.288888931274414,17.586666107177734,16.29777717590332,16.55555534362793,13.72734260559082,18831150.0,GL
2003-07-01,16.382221221923828,18.31999969482422,16.342222213745117,18.06222152709961,14.976622581481934,21394125.0,GL
2003-08-01,17.97333335876465,18.328889846801758,17.662221908569336,17.93777847290039,14.909459114074707,18885150.0,GL
2003-09-01,18.22222137451172,18.77777862548828,18.0,18.06222152709961,15.012896537780762,18457425.0,GL
2003-10-01,17.98666763305664,19.55555534362793,17.98666763305664,19.502222061157227,16.209789276123047,17433675.0,GL
2003-11-01,19.50666618347168,19.77777862548828,19.204444885253906,19.600000381469727,16.33526611328125,13042575.0,GL
2003-12-01,19.675556182861328,20.333332061767578,19.595556259155273,20.239999771118164,16.868667602539062,11778525.0,GL
2004-01-01,20.288888931274414,21.084444046020508,19.82666778564453,21.084444046020508,17.572450637817383,12822300.0,GL
2004-02-01,21.084444046020508,23.288888931274414,21.0222225189209,23.164443969726562,19.352725982666016,15956775.0,GL
2004-03-01,23.333332061767578,23.92888832092285,22.755556106567383,23.906667709350586,19.972820281982422,17562825.0,GL
2004-04-01,23.906667709350586,24.475555419921875,22.524444580078125,23.128889083862305,19.362703323364258,19845675.0,GL
2004-05-01,23.128889083862305,24.15999984741211,21.87555694580078,24.084444046020508,20.162662506103516,24716700.0,GL
2004-06-01,24.08888816833496,24.53333282470703,23.333332061767578,23.91111183166504,20.017549514770508,17692425.0,GL
2004-07-01,24.066667556762695,24.164443969726562,22.382221221923828,23.23555564880371,19.492000579833984,22191750.0,GL
2004-08-01,23.239999771118164,23.46666717529297,22.377777099609375,22.8799991607666,19.193737030029297,19200600.0,GL
2004-09-01,22.822221755981445,23.71555519104004,22.671110153198242,23.635555267333984,19.827550888061523,15981525.0,GL
2004-10-01,23.897777557373047,24.35555648803711,21.9022216796875,24.008888244628906,20.140748977661133,22929750.0,GL
2004-11-01,24.066667556762695,25.11111068725586,23.933332443237305,24.404443740844727,20.514009475708008,16809300.0,GL
2004-12-01,24.448888778686523,25.586666107177734,24.288888931274414,25.39555549621582,21.347122192382812,12222225.0,GL
2005-01-01,25.391111373901367,25.55555534362793,23.360000610351562,24.266666412353516,20.398197174072266,19104525.0,GL
2005-02-01,24.35555648803711,24.804443359375,23.08888816833496,23.15999984741211,19.505495071411133,22467375.0,GL
2005-03-01,23.266666412353516,23.942222595214844,22.586666107177734,23.200000762939453,19.539180755615234,22568625.0,GL
2005-04-01,23.266666412353516,23.760000228881836,22.244443893432617,23.746667861938477,20.042621612548828,26741250.0,GL
2005-05-01,23.822221755981445,24.51555633544922,23.031110763549805,23.44444465637207,19.787546157836914,34593075.0,GL
2005-06-01,23.413333892822266,24.262222290039062,22.808889389038086,23.200000762939453,19.581220626831055,29055150.0,GL
2005-07-01,23.22222137451172,23.74222183227539,22.520000457763672,23.231111526489258,19.60748863220215,22256775.0,GL
2005-08-01,23.239999771118164,23.724443435668945,22.577777862548828,23.440000534057617,19.8255672454834,27380475.0,GL
2005-09-01,23.386667251586914,23.706666946411133,23.04888916015625,23.479999542236328,19.85939598083496,22587525.0,GL
2005-10-01,23.253332138061523,23.959999084472656,22.91111183166504,23.479999542236328,19.85939598083496,18540675.0,GL
2005-11-01,23.479999542236328,24.497777938842773,23.31999969482422,24.053333282470703,20.38676643371582,20610225.0,GL
2005-12-01,24.164443969726562,24.893333435058594,23.822221755981445,24.711111068725586,20.944286346435547,17080200.0,GL
2006-01-01,24.711111068725586,25.164443969726562,24.08888816833496,24.933332443237305,21.132625579833984,19300950.0,GL
2006-02-01,24.91111183166504,24.98666763305664,23.959999084472656,24.29777717590332,20.634769439697266,19454400.0,GL
2006-03-01,24.35555648803711,25.946666717529297,24.15999984741211,25.377777099609375,21.551956176757812,24256800.0,GL
2006-04-01,25.488889694213867,26.799999237060547,24.799999237060547,26.71555519104004,22.68806266784668,19818900.0,GL
2006-05-01,26.733333587646484,27.151111602783203,25.866666793823242,26.168888092041016,22.266605377197266,21465450.0,GL
2006-06-01,26.182222366333008,26.98666763305664,25.30666732788086,26.98666763305664,22.962432861328125,25402725.0,GL
2006-07-01,27.311111450195312,27.831111907958984,26.36888885498047,26.87555694580078,22.86789894104004,26128575.0,GL
2006-08-01,26.87555694580078,27.711111068725586,26.546667098999023,27.648889541625977,23.57583999633789,17750025.0,GL
2006-09-01,27.69333267211914,28.275556564331055,27.200000762939453,28.04888916015625,23.916921615600586,14157675.0,GL
2006-10-01,28.0222225189209,28.671110153198242,27.404443740844727,27.413333892822266,23.37498664855957,15137100.0,GL
2006-11-01,27.479999542236328,28.479999542236328,27.377777099609375,28.0977783203125,24.007848739624023,9174375.0,GL
2006-12-01,28.177778244018555,28.706666946411133,27.77777862548828,28.337778091430664,24.212902069091797,11376225.0,GL
2007-01-01,28.333332061767578,29.106666564941406,27.648889541625977,28.884443283081055,24.680009841918945,14265900.0,GL
2007-02-01,28.857778549194336,29.719999313354492,28.14666748046875,28.408889770507812,24.323266983032227,16847100.0,GL
2007-03-01,28.408889770507812,29.288888931274414,27.786666870117188,29.151111602783203,24.958749771118164,20314125.0,GL
2007-04-01,29.155555725097656,30.755556106567383,28.502222061157227,30.35555648803711,25.989978790283203,20047950.0,GL
2007-05-01,30.46666717529297,31.351110458374023,30.25777816772461,31.15999984741211,26.731887817382812,17939475.0,GL
2007-06-01,31.226667404174805,31.275556564331055,29.488889694213867,29.77777862548828,25.54608917236328,18757350.0,GL
2007-07-01,29.897777557373047,30.364444732666016,27.253332138061523,27.351110458374023,23.464277267456055,26533350.0,GL
2007-08-01,27.34666633605957,28.337778091430664,26.0,27.360000610351562,23.51697540283203,31810725.0,GL
2007-09-01,27.457778930664062,27.87555694580078,26.311111450195312,27.697778701782227,23.807313919067383,19743750.0,GL
2007-10-01,27.804443359375,29.084444046020508,27.688888549804688,28.959999084472656,24.892236709594727,21982275.0,GL
2007-11-01,28.915555953979492,29.11111068725586,26.12444305419922,27.413333892822266,23.611360549926758,30604725.0,GL
2007-12-01,27.213333129882812,28.17333221435547,26.46666717529297,26.9022216796875,23.171131134033203,21622950.0,GL
2008-01-01,26.808889389038086,27.733333587646484,24.586666107177734,27.102222442626953,23.343387603759766,38232675.0,GL
2008-02-01,27.0755558013916,28.364444732666016,25.91111183166504,26.782222747802734,23.117429733276367,26740350.0,GL
2008-03-01,26.817777633666992,27.600000381469727,25.364444732666016,26.71555519104004,23.05986976623535,37330200.0,GL
2008-04-01,27.0,29.288888931274414,26.92888832092285,28.773332595825195,24.83608055114746,33170175.0,GL
2008-05-01,28.755556106567383,29.333332061767578,27.675556182861328,28.182222366333008,24.379676818847656,29857500.0,GL
2008-06-01,28.0222225189209,28.106666564941406,26.044443130493164,26.066667556762695,22.549564361572266,34064775.0,GL
2008-07-01,26.0,27.164443969726562,24.53333282470703,25.799999237060547,22.318880081176758,50202675.0,GL
2008-08-01,25.97333335876465,27.017778396606445,25.28444480895996,26.551111221313477,23.02292823791504,33816150.0,GL
2008-09-01,26.88888931274414,28.848888397216797,24.13777732849121,26.577777862548828,23.046039581298828,43039350.0,GL
2008-10-01,26.688888549804688,26.69333267211914,14.102222442626953,18.564443588256836,16.097543716430664,88997400.0,GL
2008-11-01,18.475555419921875,20.799999237060547,11.675556182861328,16.066667556762695,13.964372634887695,54805950.0,GL
2008-12-01,15.822221755981445,20.106666564941406,13.866666793823242,19.866666793823242,17.26714515686035,51242400.0,GL
2009-01-01,20.200000762939453,20.848888397216797,13.026666641235352,13.333333015441895,11.62785816192627,80633700.0,GL
2009-02-01,13.146666526794434,14.35111141204834,8.871110916137695,9.155555725097656,7.9844651222229,119402775.0,GL
2009-03-01,8.520000457763672,13.20444393157959,7.18222188949585,11.657777786254883,10.1666259765625,134457075.0,GL
2009-04-01,11.422222137451172,14.626667022705078,11.195555686950684,13.035555839538574,11.368171691894531,103063275.0,GL
2009-05-01,13.026666641235352,17.848888397216797,12.880000114440918,17.848888397216797,15.6493501663208,92129850.0,GL
2009-06-01,18.0,18.324443817138672,15.51111125946045,16.462221145629883,14.433571815490723,61227675.0,GL
2009-07-01,16.35555648803711,19.342222213745117,14.617777824401855,17.360000610351562,15.22071361541748,55001475.0,GL
2009-08-01,17.688888549804688,19.74222183227539,16.93777847290039,18.93777847290039,16.66705322265625,54542925.0,GL
2009-09-01,18.857778549194336,21.0,17.431110382080078,19.302221298217773,16.987802505493164,40889025.0,GL
2009-10-01,19.204444885253906,20.9244441986084,17.782222747802734,18.044443130493164,15.931571006774902,45678600.0,GL
2009-11-01,18.226667404174805,19.706666946411133,17.60444450378418,19.324443817138672,17.061691284179688,33390450.0,GL
2009-12-01,19.528888702392578,20.239999771118164,18.613332748413086,19.53333282470703,17.246116638183594,31109850.0,GL
2010-01-01,19.595556259155273,21.044443130493164,19.462221145629883,19.955556869506836,17.618906021118164,22951575.0,GL
2010-02-01,20.12444305419922,20.884443283081055,18.96444320678711,20.666667938232422,18.309242248535156,31060350.0,GL
2010-03-01,20.79111099243164,24.18666648864746,20.74222183227539,23.782222747802734,21.069414138793945,35388450.0,GL
2010-04-01,23.91111183166504,25.128889083862305,23.315555572509766,23.795555114746094,21.14093017578125,26826300.0,GL
2010-05-01,23.942222595214844,24.017778396606445,21.182222366333008,22.9022216796875,20.34726333618164,41541975.0,GL
2010-06-01,22.671110153198242,24.079999923706055,21.457778930664062,22.004444122314453,19.54964256286621,41958900.0,GL
2010-07-01,22.03555679321289,24.435556411743164,21.15999984741211,23.586666107177734,21.01692008972168,44832150.0,GL
2010-08-01,24.08888816833496,24.333332061767578,21.0222225189209,21.933332443237305,19.543712615966797,42770700.0,GL
2010-09-01,22.27111053466797,24.808889389038086,22.177778244018555,23.617778778076172,21.044639587402344,35196750.0,GL
2010-10-01,23.786666870117188,25.737777709960938,23.29777717590332,25.457778930664062,22.75155258178711,26732025.0,GL
2010-11-01,25.55555534362793,26.608888626098633,24.95111083984375,25.542221069335938,22.82701301574707,27563850.0,GL
2010-12-01,26.02666664123535,27.933332443237305,25.982221603393555,26.551111221313477,23.728668212890625,26073225.0,GL
2011-01-01,26.84000015258789,28.333332061767578,26.719999313354492,27.688888549804688,24.7454891204834,26837100.0,GL
2011-02-01,27.85333251953125,29.253332138061523,27.60444450378418,29.0,25.985740661621094,24849900.0,GL
2011-03-01,29.11111068725586,29.55555534362793,27.559999465942383,29.546667098999023,26.4755859375,33896700.0,GL
2011-04-01,29.64444351196289,30.248889923095703,28.63111114501953,29.74222183227539,26.715715408325195,28432800.0,GL
2011-05-01,29.857778549194336,30.11111068725586,28.906667709350586,29.46666717529297,26.46820640563965,33593625.0,GL
2011-06-01,29.364444732666016,29.391111373901367,27.28444480895996,28.50666618347168,25.670440673828125,44206875.0,GL
2011-07-01,28.53333282470703,29.139999389648438,26.760000228881836,26.926666259765625,24.24763298034668,25961025.0,GL
2011-08-01,27.246667861938477,27.246667861938477,21.84666633605957,25.47333335876465,22.938901901245117,58404600.0,GL
2011-09-01,25.420000076293945,25.48666763305664,22.079999923706055,23.239999771118164,20.927780151367188,39304350.0,GL
2011-10-01,23.133333206176758,28.133333206176758,21.96666717529297,27.286666870117188,24.571823120117188,49128150.0,GL
2011-11-01,26.266666412353516,28.69333267211914,26.053333282470703,28.393333435058594,25.65717887878418,47575500.0,GL
2011-12-01,28.266666412353516,29.34000015258789,27.706666946411133,28.926666259765625,26.139122009277344,38908800.0,GL
2012-01-01,29.48666763305664,30.726667404174805,28.459999084472656,30.446666717529297,27.51265525817871,33623100.0,GL
2012-02-01,30.733333587646484,32.926666259765625,30.5,32.293331146240234,29.261640548706055,29778000.0,GL
2012-03-01,32.32666778564453,34.0,32.03333282470703,33.233333587646484,30.113393783569336,25148700.0,GL
2012-04-01,33.186668395996094,33.69333267211914,31.35333251953125,32.473331451416016,29.42475128173828,27298500.0,GL
2012-05-01,32.48666763305664,33.14666748046875,30.106666564941406,31.106666564941406,28.270835876464844,30055050.0,GL
2012-06-01,30.593332290649414,33.85333251953125,30.059999465942383,33.70000076293945,30.627750396728516,25999950.0,GL
2012-07-01,33.900001525878906,34.66666793823242,32.1533317565918,33.16666793823242,30.143041610717773,21200400.0,GL
2012-08-01,33.22666549682617,34.53333282470703,32.900001525878906,34.119998931884766,31.101390838623047,23526300.0,GL
2012-09-01,34.119998931884766,35.43333435058594,33.80666732788086,34.233333587646484,31.204713821411133,15324000.0,GL
2012-10-01,34.293331146240234,34.90666580200195,33.08000183105469,33.72666549682617,30.742860794067383,17633100.0,GL
2012-11-01,33.79999923706055,34.71333312988281,32.733333587646484,34.65999984741211,31.686767578125,23211000.0,GL
2012-12-01,34.63999938964844,35.31999969482422,33.68000030517578,34.4466667175293,31.491748809814453,18846600.0,GL
2013-01-01,34.93333435058594,37.40666580200195,34.41999816894531,37.13999938964844,33.954036712646484,19193850.0,GL
2013-02-01,37.50666809082031,37.91999816894531,36.33333206176758,37.459999084472656,34.34627151489258,16548450.0,GL
2013-03-01,37.206668853759766,39.90666580200195,36.91999816894531,39.866668701171875,36.55290222167969,14162700.0,GL
2013-04-01,39.88666534423828,41.52000045776367,38.459999084472656,41.380001068115234,37.94045639038086,17596950.0,GL
2013-05-01,40.82666778564453,43.82666778564453,40.56666564941406,43.00666809082031,39.5446662902832,16669200.0,GL
2013-06-01,42.939998626708984,43.91999816894531,41.67333221435547,43.426666259765625,39.93085479736328,14465550.0,GL
2013-07-01,43.6533317565918,47.82666778564453,43.633331298828125,47.38666534423828,43.57207489013672,13545900.0,GL
2013-08-01,47.83333206176758,48.72666549682617,45.793331146240234,45.926666259765625,42.338951110839844,11182500.0,GL
2013-09-01,46.45333480834961,48.7599983215332,45.82666778564453,48.233333587646484,44.46542739868164,10583250.0,GL
2013-10-01,47.753334045410156,50.526668548583984,46.84000015258789,48.573333740234375,44.778865814208984,15153900.0,GL
2013-11-01,48.54666519165039,51.253334045410156,48.32666778564453,50.66666793823242,46.819026947021484,12752400.0,GL
2013-12-01,50.70000076293945,52.9466667175293,49.7400016784668,52.099998474121094,48.14351272583008,13323450.0,GL
2014-01-01,52.119998931884766,52.62666702270508,49.060001373291016,50.099998474121094,46.396156311035156,15677400.0,GL
2014-02-01,50.06666564941406,52.060001373291016,47.82666778564453,51.67333221435547,47.85316848754883,14760150.0,GL
2014-03-01,51.086666107177734,53.619998931884766,50.96666717529297,52.46666717529297,48.58784103393555,12787200.0,GL
2014-04-01,52.413333892822266,53.45333480834961,50.62666702270508,53.133331298828125,49.205223083496094,14616300.0,GL
2014-05-01,53.073333740234375,54.6533317565918,52.61333465576172,53.95333480834961,50.08552551269531,12218400.0,GL
2014-06-01,54.106666564941406,55.253334045410156,53.83333206176758,54.61333465576172,50.81757354736328,10113450.0,GL
2014-07-01,54.85333251953125,56.4900016784668,52.720001220703125,52.7400016784668,49.07444763183594,12835550.0,GL
2014-08-01,52.61000061035156,55.310001373291016,52.04999923706055,54.54999923706055,50.758644104003906,10574600.0,GL
2014-09-01,54.59000015258789,54.91999816894531,52.279998779296875,52.369998931884766,48.73015594482422,11392200.0,GL
2014-10-01,52.27000045776367,53.13999938964844,49.709999084472656,52.959999084472656,49.2791633605957,20183100.0,GL
2014-11-01,52.90999984741211,54.22999954223633,52.58000183105469,53.75,50.13582992553711,12267500.0,GL
2014-12-01,53.540000915527344,55.880001068115234,51.279998779296875,54.16999816894531,50.527587890625,16061800.0,GL
2015-01-01,54.5099983215332,54.599998474121094,49.97999954223633,50.06999969482422,46.811279296875,12962200.0,GL
2015-02-01,50.04999923706055,54.36000061035156,49.77000045776367,53.25,49.78432846069336,13960600.0,GL
2015-03-01,53.25,56.189998626708984,53.119998931884766,54.91999816894531,51.34563064575195,16054800.0,GL
2015-04-01,54.849998474121094,56.880001068115234,54.5099983215332,56.11000061035156,52.58674621582031,12543300.0,GL
2015-05-01,56.43000030517578,58.15999984741211,55.88999938964844,57.06999969482422,53.486473083496094,12791300.0,GL
2015-06-01,57.34000015258789,59.34000015258789,56.779998779296875,58.220001220703125,54.564266204833984,16499200.0,GL
2015-07-01,59.099998474121094,62.65999984741211,55.619998931884766,61.61000061035156,57.87651062011719,14752100.0,GL
2015-08-01,61.709999084472656,63.2599983215332,55.59000015258789,58.459999084472656,54.91739273071289,16246400.0,GL
2015-09-01,57.310001373291016,58.779998779296875,56.13999938964844,56.400001525878906,52.98221969604492,15440000.0,GL
2015-10-01,56.5,59.189998626708984,55.0099983215332,58.0099983215332,54.62478256225586,16307100.0,GL
2015-11-01,58.18000030517578,61.02000045776367,58.18000030517578,60.619998931884766,57.08247756958008,11061700.0,GL
2015-12-01,60.97999954223633,61.41999816894531,55.33000183105469,57.15999984741211,53.82439041137695,14615200.0,GL
2016-01-01,56.02000045776367,57.189998626708984,50.560001373291016,54.34000015258789,51.1689453125,16033500.0,GL
2016-02-01,53.91999816894531,54.619998931884766,48.470001220703125,51.220001220703125,48.34519958496094,18672900.0,GL
2016-03-01,51.619998931884766,56.40999984741211,51.619998931884766,54.15999984741211,51.120182037353516,14235200.0,GL
2016-04-01,53.9900016784668,58.88999938964844,52.459999084472656,57.88999938964844,54.78077697753906,10759100.0,GL
2016-05-01,58.18000030517578,61.709999084472656,56.849998474121094,61.630001068115234,58.319915771484375,14099600.0,GL
2016-06-01,61.029998779296875,62.38999938964844,57.4900016784668,61.81999969482422,58.49971389770508,14149300.0,GL
2016-07-01,61.619998931884766,63.099998474121094,59.25,61.869998931884766,58.68714141845703,11921200.0,GL
2016-08-01,62.0,64.73999786376953,60.4900016784668,64.68000030517578,61.352596282958984,11351900.0,GL
2016-09-01,64.83999633789062,65.5999984741211,62.959999084472656,63.88999938964844,60.603233337402344,10183300.0,GL
2016-10-01,63.63999938964844,65.04000091552734,62.959999084472656,63.40999984741211,60.147918701171875,9851800.0,GL
2016-11-01,63.720001220703125,71.48999786376953,62.86000061035156,70.08999633789062,66.63026428222656,12428300.0,GL
2016-12-01,70.56999969482422,75.06999969482422,70.48999786376953,73.76000213623047,70.11909484863281,10600000.0,GL
2017-01-01,74.62999725341797,75.23999786376953,72.66000366210938,73.54000091552734,69.90996551513672,8542900.0,GL
2017-02-01,74.08999633789062,77.86000061035156,72.58999633789062,77.52999877929688,73.84283447265625,8077400.0,GL
2017-03-01,78.4800033569336,79.52999877929688,75.3499984741211,77.04000091552734,73.37617492675781,11077200.0,GL
2017-04-01,77.1500015258789,78.0,74.4800033569336,76.70999908447266,73.20589447021484,9904500.0,GL
2017-05-01,77.06999969482422,77.76000213623047,73.98999786376953,75.5,72.05115509033203,9754300.0,GL
2017-06-01,75.7300033569336,77.91000366210938,74.54000091552734,76.5,73.0054702758789,11273700.0,GL
2017-07-01,77.05999755859375,79.37000274658203,76.43000030517578,78.97000122070312,75.51107788085938,7153300.0,GL
2017-08-01,79.30000305175781,79.9000015258789,76.25,76.97000122070312,73.59867095947266,8774100.0,GL
2017-09-01,77.27999877929688,80.30000305175781,74.4800033569336,80.08999633789062,76.58200073242188,8157600.0,GL
2017-10-01,80.16999816894531,86.5,79.79000091552734,84.12999725341797,80.44503784179688,8432800.0,GL
2017-11-01,84.54000091552734,90.31999969482422,83.66000366210938,88.8499984741211,85.11725616455078,10289800.0,GL
2017-12-01,89.08999633789062,91.29000091552734,86.69000244140625,90.70999908447266,86.89910888671875,10336300.0,GL
2018-01-01,91.41999816894531,93.5999984741211,89.98999786376953,90.8499984741211,87.03324127197266,11738600.0,GL
2018-02-01,90.86000061035156,91.4000015258789,80.43000030517578,85.37000274658203,81.91929626464844,15273000.0,GL
2018-03-01,85.44999694824219,87.73999786376953,80.77999877929688,84.16999816894531,80.76779174804688,14358800.0,GL
2018-04-01,84.19999694824219,88.25,81.19000244140625,86.73999786376953,83.2339096069336,12939400.0,GL
2018-05-01,86.4800033569336,87.2699966430664,82.58999633789062,84.83000183105469,81.55614471435547,10132600.0,GL
2018-06-01,85.87000274658203,86.66999816894531,80.66000366210938,81.41000366210938,78.26813507080078,12990200.0,GL
2018-07-01,81.01000213623047,88.72000122070312,80.9000015258789,88.06999969482422,84.6711196899414,10406400.0,GL
2018-08-01,88.48999786376953,89.58999633789062,85.72000122070312,87.91999816894531,84.69231414794922,8212500.0,GL
2018-09-01,87.80999755859375,89.45999908447266,81.80000305175781,86.69000244140625,83.50748443603516,10681300.0,GL
2018-10-01,87.22000122070312,89.62000274658203,80.33999633789062,84.66000366210938,81.55201721191406,15072200.0,GL
2018-11-01,85.13999938964844,88.19000244140625,84.41000366210938,86.41000366210938,83.39073944091797,11461700.0,GL
2018-12-01,87.08999633789062,89.23999786376953,69.68000030517578,74.52999877929688,71.92584991455078,14214600.0,GL
2019-01-01,73.70999908447266,83.88999938964844,73.5199966430664,83.76000213623047,80.83332061767578,11344900.0,GL
2019-02-01,84.01000213623047,84.51000213623047,79.69999694824219,82.55999755859375,79.84253692626953,9244600.0,GL
2019-03-01,83.11000061035156,84.6500015258789,80.13999938964844,81.94999694824219,79.25261688232422,11281600.0,GL
2019-04-01,82.41999816894531,91.27999877929688,82.41999816894531,87.66000366210938,84.77468872070312,10650700.0,GL
2019-05-01,87.56999969482422,89.41000366210938,85.33000183105469,85.51000213623047,82.86471557617188,9466000.0,GL
2019-06-01,85.43000030517578,89.72000122070312,85.30999755859375,89.45999908447266,86.69251251220703,8951200.0,GL
2019-07-01,90.06999969482422,93.26000213623047,89.98999786376953,91.31999969482422,88.49496459960938,9917200.0,GL
2019-08-01,91.0999984741211,91.19000244140625,83.66999816894531,89.26000213623047,86.66436767578125,9664500.0,GL
2019-09-01,88.25,96.91999816894531,87.11000061035156,95.76000213623047,92.975341796875,8821700.0,GL
2019-10-01,96.26000213623047,97.80999755859375,90.66999816894531,97.33000183105469,94.49970245361328,8715700.0,GL
2019-11-01,97.63999938964844,103.52999877929688,97.16999816894531,102.76000213623047,99.95875549316406,9111300.0,GL
2019-12-01,103.30999755859375,107.27999877929688,100.2300033569336,105.25,102.380859375,9646200.0,GL
2020-01-01,105.33000183105469,107.37000274658203,102.66000366210938,104.26000213623047,101.41787719726562,9340400.0,GL
2020-02-01,105.20999908447266,111.43000030517578,90.2699966430664,92.66000366210938,90.282470703125,8827600.0,GL
2020-03-01,93.16000366210938,96.80999755859375,56.7400016784668,71.97000122070312,70.12334442138672,20488200.0,GL
2020-04-01,68.06999969482422,86.41000366210938,63.08000183105469,82.33999633789062,80.2272720336914,14321400.0,GL
2020-05-01,80.80000305175781,81.05999755859375,62.75,77.0199966430664,75.25810241699219,14983400.0,GL
2020-06-01,77.33000183105469,88.52999877929688,70.19000244140625,74.2300033569336,72.53189849853516,14107400.0,GL
2020-07-01,74.5999984741211,81.26000213623047,69.47000122070312,79.5999984741211,77.7790756225586,12098900.0,GL
2020-08-01,79.83999633789062,87.51000213623047,78.55999755859375,82.4800033569336,80.80184936523438,8375000.0,GL
2020-09-01,81.86000061035156,85.98999786376953,75.38999938964844,79.9000015258789,78.27433013916016,11327600.0,GL
2020-10-01,79.79000091552734,87.75,77.70999908447266,81.08999633789062,79.44011688232422,10135300.0,GL
2020-11-01,82.52999877929688,97.5999984741211,81.66000366210938,93.0999984741211,91.41921997070312,8806100.0,GL
2020-12-01,94.93000030517578,97.16999816894531,89.91999816894531,94.95999908447266,93.24563598632812,8993000.0,GL
2021-01-01,95.36000061035156,98.81999969482422,89.83999633789062,90.38999938964844,88.75814056396484,7983800.0,GL
2021-02-01,91.0999984741211,99.26000213623047,89.58000183105469,93.4000015258789,91.89104461669922,9747300.0,GL
2021-03-01,95.06999969482422,102.25,93.55000305175781,96.62999725341797,95.06884002685547,9779400.0,GL
2021-04-01,95.95999908447266,105.58000183105469,95.91999816894531,102.48999786376953,100.83416748046875,7824100.0,GL
2021-05-01,103.7699966430664,108.22000122070312,101.68000030517578,105.41999816894531,103.92979431152344,6697100.0,GL
2021-06-01,106.31999969482422,107.0,91.86000061035156,95.25,93.90355682373047,10551000.0,GL
2021-07-01,95.62000274658203,96.9000015258789,90.08000183105469,93.11000061035156,91.79381561279297,9102300.0,GL
2021-08-01,93.8499984741211,97.87999725341797,91.0199966430664,96.06999969482422,94.90926361083984,6388600.0,GL
2021-09-01,96.20999908447266,96.47000122070312,86.20999908447266,89.02999877929688,87.95431518554688,7695600.0,GL
2021-10-01,89.4000015258789,98.54000091552734,88.69999694824219,89.0199966430664,87.94444274902344,8890000.0,GL
2021-11-01,89.37000274658203,96.08999633789062,86.27999877929688,86.54000091552734,85.68496704101562,11650000.0,GL
2021-12-01,88.62999725341797,95.75,85.25,93.72000122070312,92.79402923583984,11768900.0,GL
2022-01-01,94.55999755859375,106.48999786376953,94.55999755859375,102.30000305175781,101.28926086425781,10500700.0,GL
2022-02-01,101.86000061035156,108.61000061035156,97.98999786376953,100.95999908447266,100.16603088378906,11761200.0,GL
2022-03-01,99.68000030517578,104.08999633789062,93.66999816894531,100.5999984741211,99.80885314941406,15694100.0,GL
2022-04-01,101.2699966430664,106.68000030517578,97.9000015258789,98.08000183105469,97.30867767333984,10961800.0,GL
2022-05-01,98.69999694824219,102.16000366210938,91.83999633789062,97.56999969482422,97.00325012207031,10095200.0,GL
2022-06-01,97.87000274658203,100.68000030517578,87.87000274658203,97.47000122070312,96.90383911132812,11701600.0,GL
2022-07-01,97.1500015258789,101.8499984741211,95.6500015258789,100.7300033569336,100.14490509033203,10634900.0,GL
2022-08-01,99.58000183105469,105.02999877929688,97.06999969482422,97.19000244140625,96.83209991455078,8881500.0,GL
2022-09-01,96.79000091552734,105.47000122070312,96.2300033569336,99.69999694824219,99.33284759521484,13320400.0,GL
2022-10-01,101.16999816894531,116.55999755859375,99.36000061035156,115.5199966430664,115.09458923339844,12768800.0,GL
2022-11-01,116.0,120.44999694824219,109.47000122070312,119.95999908447266,119.75208282470703,13102300.0,GL
2022-12-01,120.61000061035156,122.12000274658203,114.79000091552734,120.55000305175781,120.341064453125,12433000.0,GL
2023-01-01,120.26000213623047,123.8499984741211,116.58999633789062,120.8499984741211,120.64054107666016,10184400.0,GL
2023-02-01,120.12000274658203,123.5199966430664,116.51000213623047,121.69000244140625,121.69000244140625,9613000.0,GL
2023-03-01,,,,,,,GL
