Datetime,Open,High,Low,Close,Adj Close,Volume
2023-01-17 09:30:00-05:00,84.19999694824219,84.86000061035156,84.19999694824219,84.41000366210938,84.41000366210938,0
2023-01-17 09:35:00-05:00,84.5,84.58999633789062,84.4000015258789,84.5199966430664,84.5199966430664,14763
2023-01-17 09:40:00-05:00,84.6050033569336,84.66000366210938,84.4800033569336,84.61000061035156,84.61000061035156,33346
2023-01-17 09:45:00-05:00,84.63999938964844,84.73999786376953,84.55000305175781,84.73999786376953,84.73999786376953,19578
2023-01-17 09:50:00-05:00,84.7699966430664,84.86000061035156,84.73500061035156,84.8499984741211,84.8499984741211,11711
2023-01-17 09:55:00-05:00,84.91999816894531,84.93000030517578,84.81999969482422,84.83000183105469,84.83000183105469,15654
2023-01-17 10:00:00-05:00,84.86000061035156,85.08000183105469,84.82499694824219,84.94000244140625,84.94000244140625,19302
2023-01-17 10:05:00-05:00,84.94000244140625,84.94999694824219,84.80999755859375,84.80999755859375,84.80999755859375,22058
2023-01-17 10:10:00-05:00,84.80000305175781,84.80000305175781,84.6500015258789,84.75,84.75,8958
2023-01-17 10:15:00-05:00,84.76000213623047,84.86000061035156,84.72000122070312,84.73999786376953,84.73999786376953,11858
2023-01-17 10:20:00-05:00,84.70999908447266,84.80500030517578,84.69200134277344,84.75,84.75,8598
2023-01-17 10:25:00-05:00,84.7300033569336,84.83999633789062,84.70999908447266,84.83999633789062,84.83999633789062,18116
2023-01-17 10:30:00-05:00,84.87999725341797,84.95500183105469,84.8499984741211,84.87999725341797,84.87999725341797,10697
2023-01-17 10:35:00-05:00,84.88999938964844,84.88999938964844,84.79000091552734,84.81999969482422,84.81999969482422,10250
2023-01-17 10:40:00-05:00,84.80999755859375,84.80999755859375,84.62999725341797,84.7699966430664,84.7699966430664,9292
2023-01-17 10:45:00-05:00,84.75,84.80000305175781,84.55999755859375,84.58999633789062,84.58999633789062,11750
2023-01-17 10:50:00-05:00,84.56999969482422,84.63999938964844,84.55000305175781,84.61000061035156,84.61000061035156,7357
2023-01-17 10:55:00-05:00,84.58999633789062,84.7249984741211,84.55999755859375,84.70999908447266,84.70999908447266,12111
2023-01-17 11:00:00-05:00,84.69999694824219,84.7699966430664,84.55999755859375,84.61000061035156,84.61000061035156,7706
2023-01-17 11:05:00-05:00,84.59500122070312,84.59500122070312,84.48999786376953,84.5,84.5,6094
2023-01-17 11:10:00-05:00,84.5199966430664,84.5999984741211,84.48999786376953,84.48999786376953,84.48999786376953,9980
2023-01-17 11:15:00-05:00,84.4800033569336,84.58000183105469,84.43000030517578,84.55000305175781,84.55000305175781,12385
2023-01-17 11:20:00-05:00,84.61000061035156,84.61000061035156,84.4800033569336,84.4800033569336,84.4800033569336,7770
2023-01-17 11:25:00-05:00,84.4800033569336,84.5,84.44999694824219,84.5,84.5,21488
2023-01-17 11:30:00-05:00,84.45999908447266,84.51000213623047,84.30999755859375,84.30999755859375,84.30999755859375,8741
2023-01-17 11:35:00-05:00,84.29000091552734,84.30000305175781,84.0614013671875,84.08999633789062,84.08999633789062,9964
2023-01-17 11:40:00-05:00,84.08000183105469,84.12999725341797,84.04000091552734,84.08999633789062,84.08999633789062,9405
2023-01-17 11:45:00-05:00,84.08000183105469,84.25499725341797,84.05999755859375,84.12000274658203,84.12000274658203,9657
2023-01-17 11:50:00-05:00,84.1500015258789,84.17900085449219,84.08999633789062,84.0999984741211,84.0999984741211,4189
2023-01-17 11:55:00-05:00,84.11000061035156,84.12999725341797,84.02999877929688,84.02999877929688,84.02999877929688,6754
2023-01-17 12:00:00-05:00,84.05999755859375,84.05999755859375,83.98999786376953,84.05000305175781,84.05000305175781,10947
2023-01-17 12:05:00-05:00,84.05000305175781,84.22000122070312,83.94000244140625,83.94000244140625,83.94000244140625,18947
2023-01-17 12:10:00-05:00,83.93000030517578,83.93000030517578,83.73999786376953,83.77999877929688,83.77999877929688,4259
2023-01-17 12:15:00-05:00,83.79000091552734,83.83499908447266,83.75499725341797,83.80999755859375,83.80999755859375,4250
2023-01-17 12:20:00-05:00,83.81500244140625,83.87000274658203,83.73999786376953,83.74500274658203,83.74500274658203,5165
2023-01-17 12:25:00-05:00,83.72000122070312,83.72000122070312,83.63999938964844,83.68000030517578,83.68000030517578,5138
2023-01-17 12:30:00-05:00,83.66500091552734,83.7300033569336,83.66000366210938,83.72000122070312,83.72000122070312,7743
2023-01-17 12:35:00-05:00,83.72000122070312,83.86000061035156,83.72000122070312,83.79000091552734,83.79000091552734,8985
2023-01-17 12:40:00-05:00,83.79000091552734,83.79000091552734,83.69499969482422,83.70500183105469,83.70500183105469,9839
2023-01-17 12:45:00-05:00,83.74500274658203,83.81999969482422,83.72000122070312,83.7750015258789,83.7750015258789,6033
2023-01-17 12:50:00-05:00,83.76000213623047,83.83999633789062,83.68000030517578,83.75,83.75,17098
2023-01-17 12:55:00-05:00,83.75,83.83000183105469,83.7300033569336,83.81999969482422,83.81999969482422,6740
2023-01-17 13:00:00-05:00,83.8364028930664,83.91000366210938,83.83000183105469,83.87000274658203,83.87000274658203,5554
2023-01-17 13:05:00-05:00,83.87999725341797,83.94999694824219,83.86000061035156,83.91999816894531,83.91999816894531,3933
2023-01-17 13:10:00-05:00,83.94000244140625,83.98999786376953,83.88999938964844,83.95999908447266,83.95999908447266,5188
2023-01-17 13:15:00-05:00,83.95999908447266,83.98999786376953,83.94000244140625,83.95999908447266,83.95999908447266,7504
2023-01-17 13:20:00-05:00,83.95999908447266,84.05000305175781,83.9000015258789,84.05000305175781,84.05000305175781,6190
2023-01-17 13:25:00-05:00,84.0875015258789,84.08999633789062,83.9800033569336,84.0,84.0,4222
2023-01-17 13:30:00-05:00,83.9800033569336,84.02999877929688,83.9800033569336,84.01000213623047,84.01000213623047,4590
2023-01-17 13:35:00-05:00,84.0,84.25,83.98999786376953,84.24500274658203,84.24500274658203,6822
2023-01-17 13:40:00-05:00,84.23999786376953,84.29000091552734,84.19999694824219,84.2300033569336,84.2300033569336,7240
2023-01-17 13:45:00-05:00,84.2300033569336,84.2300033569336,84.1500015258789,84.20999908447266,84.20999908447266,9065
2023-01-17 13:50:00-05:00,84.20999908447266,84.20999908447266,84.16000366210938,84.16000366210938,84.16000366210938,4844
2023-01-17 13:55:00-05:00,84.18000030517578,84.22000122070312,84.1500015258789,84.1500015258789,84.1500015258789,8719
2023-01-17 14:00:00-05:00,84.1500015258789,84.16000366210938,84.0999984741211,84.1449966430664,84.1449966430664,6719
2023-01-17 14:05:00-05:00,84.16000366210938,84.17500305175781,84.12000274658203,84.16000366210938,84.16000366210938,5057
2023-01-17 14:10:00-05:00,84.1500015258789,84.18000030517578,84.04000091552734,84.06999969482422,84.06999969482422,11685
2023-01-17 14:15:00-05:00,84.07499694824219,84.07499694824219,83.95999908447266,84.03500366210938,84.03500366210938,10390
2023-01-17 14:20:00-05:00,84.0199966430664,84.0199966430664,83.9000015258789,83.94499969482422,83.94499969482422,9224
2023-01-17 14:25:00-05:00,83.95999908447266,84.00499725341797,83.94999694824219,83.9749984741211,83.9749984741211,20468
2023-01-17 14:30:00-05:00,83.9800033569336,84.12000274658203,83.9800033569336,84.09500122070312,84.09500122070312,25129
2023-01-17 14:35:00-05:00,84.12000274658203,84.1500015258789,84.0999984741211,84.1050033569336,84.1050033569336,5741
2023-01-17 14:40:00-05:00,84.11000061035156,84.2699966430664,84.11000061035156,84.25,84.25,10159
2023-01-17 14:45:00-05:00,84.26000213623047,84.29000091552734,84.22000122070312,84.25,84.25,5653
2023-01-17 14:50:00-05:00,84.25,84.26499938964844,84.16999816894531,84.18000030517578,84.18000030517578,10942
2023-01-17 14:55:00-05:00,84.19000244140625,84.20999908447266,84.11000061035156,84.11000061035156,84.11000061035156,8344
2023-01-17 15:00:00-05:00,84.11499786376953,84.22000122070312,84.11499786376953,84.21499633789062,84.21499633789062,8469
2023-01-17 15:05:00-05:00,84.19999694824219,84.19999694824219,84.05000305175781,84.05000305175781,84.05000305175781,13559
2023-01-17 15:10:00-05:00,84.05999755859375,84.08000183105469,83.94000244140625,83.98999786376953,83.98999786376953,7321
2023-01-17 15:15:00-05:00,84.0,84.1500015258789,83.98999786376953,84.1500015258789,84.1500015258789,10035
2023-01-17 15:20:00-05:00,84.12999725341797,84.13999938964844,84.0250015258789,84.02999877929688,84.02999877929688,10526
2023-01-17 15:25:00-05:00,84.05000305175781,84.06999969482422,83.9800033569336,83.98999786376953,83.98999786376953,16639
2023-01-17 15:30:00-05:00,83.94999694824219,84.0199966430664,83.91000366210938,84.0199966430664,84.0199966430664,13724
2023-01-17 15:35:00-05:00,84.0199966430664,84.12999725341797,84.01499938964844,84.0199966430664,84.0199966430664,15728
2023-01-17 15:40:00-05:00,84.01000213623047,84.06999969482422,83.88500213623047,83.88500213623047,83.88500213623047,30986
2023-01-17 15:45:00-05:00,83.8949966430664,83.91500091552734,83.80000305175781,83.80999755859375,83.80999755859375,34735
2023-01-17 15:50:00-05:00,83.80000305175781,83.83000183105469,83.62999725341797,83.62999725341797,83.62999725341797,69192
2023-01-17 15:55:00-05:00,83.63999938964844,83.75,83.62999725341797,83.72000122070312,83.72000122070312,129358
2023-01-18 09:30:00-05:00,84.04000091552734,84.19999694824219,83.70999908447266,83.79000091552734,83.79000091552734,21963
2023-01-18 09:35:00-05:00,83.69999694824219,83.9000015258789,83.69999694824219,83.83999633789062,83.83999633789062,11730
2023-01-18 09:40:00-05:00,83.80000305175781,83.80999755859375,83.62000274658203,83.62000274658203,83.62000274658203,9450
2023-01-18 09:45:00-05:00,83.6500015258789,83.68000030517578,83.41999816894531,83.44999694824219,83.44999694824219,12004
2023-01-18 09:50:00-05:00,83.43000030517578,83.45999908447266,83.1050033569336,83.18000030517578,83.18000030517578,17023
2023-01-18 09:55:00-05:00,83.20999908447266,83.27999877929688,83.18000030517578,83.18000030517578,83.18000030517578,8932
2023-01-18 10:00:00-05:00,83.11499786376953,83.19000244140625,82.99099731445312,83.05000305175781,83.05000305175781,8351
2023-01-18 10:05:00-05:00,83.03399658203125,83.08999633789062,82.8949966430664,82.94000244140625,82.94000244140625,9684
2023-01-18 10:10:00-05:00,82.94999694824219,82.97000122070312,82.8499984741211,82.9000015258789,82.9000015258789,12312
2023-01-18 10:15:00-05:00,82.9000015258789,82.95999908447266,82.72000122070312,82.72000122070312,82.72000122070312,13561
2023-01-18 10:20:00-05:00,82.72000122070312,82.80000305175781,82.58999633789062,82.63999938964844,82.63999938964844,113773
2023-01-18 10:25:00-05:00,82.62000274658203,82.7249984741211,82.52999877929688,82.69999694824219,82.69999694824219,15199
2023-01-18 10:30:00-05:00,82.70999908447266,82.75,82.6500015258789,82.69000244140625,82.69000244140625,14179
2023-01-18 10:35:00-05:00,82.66000366210938,82.86000061035156,82.6500015258789,82.86000061035156,82.86000061035156,7629
2023-01-18 10:40:00-05:00,82.8499984741211,82.9800033569336,82.8499984741211,82.95999908447266,82.95999908447266,8705
2023-01-18 10:45:00-05:00,82.97000122070312,83.0,82.91000366210938,83.0,83.0,10437
2023-01-18 10:50:00-05:00,82.95999908447266,83.13999938964844,82.95999908447266,83.0999984741211,83.0999984741211,11737
2023-01-18 10:55:00-05:00,83.08000183105469,83.0999984741211,82.87300109863281,82.95999908447266,82.95999908447266,11014
2023-01-18 11:00:00-05:00,82.95999908447266,83.02999877929688,82.83999633789062,82.91999816894531,82.91999816894531,9108
2023-01-18 11:05:00-05:00,82.9000015258789,82.9000015258789,82.73999786376953,82.73999786376953,82.73999786376953,10815
2023-01-18 11:10:00-05:00,82.75499725341797,82.76000213623047,82.5999984741211,82.69999694824219,82.69999694824219,19774
2023-01-18 11:15:00-05:00,82.69999694824219,82.72000122070312,82.62000274658203,82.62999725341797,82.62999725341797,48732
2023-01-18 11:20:00-05:00,82.5999984741211,82.62000274658203,82.37999725341797,82.37999725341797,82.37999725341797,11209
2023-01-18 11:25:00-05:00,82.36000061035156,82.47000122070312,82.31999969482422,82.33000183105469,82.33000183105469,12682
2023-01-18 11:30:00-05:00,82.30999755859375,82.30999755859375,82.20999908447266,82.22000122070312,82.22000122070312,8452
2023-01-18 11:35:00-05:00,82.22000122070312,82.22000122070312,82.02999877929688,82.0479965209961,82.0479965209961,10268
2023-01-18 11:40:00-05:00,82.05000305175781,82.12999725341797,82.0199966430664,82.0999984741211,82.0999984741211,12445
2023-01-18 11:45:00-05:00,82.08000183105469,82.11499786376953,81.87999725341797,81.9800033569336,81.9800033569336,14229
2023-01-18 11:50:00-05:00,81.9800033569336,82.04000091552734,81.82499694824219,81.83999633789062,81.83999633789062,16878
2023-01-18 11:55:00-05:00,81.80999755859375,81.83999633789062,81.72000122070312,81.77999877929688,81.77999877929688,12736
2023-01-18 12:00:00-05:00,81.79000091552734,81.79000091552734,81.6500015258789,81.66000366210938,81.66000366210938,8690
2023-01-18 12:05:00-05:00,81.69000244140625,81.70999908447266,81.5999984741211,81.62999725341797,81.62999725341797,6319
2023-01-18 12:10:00-05:00,81.62000274658203,81.79000091552734,81.62000274658203,81.7699966430664,81.7699966430664,6729
2023-01-18 12:15:00-05:00,81.79000091552734,81.80999755859375,81.5999984741211,81.62999725341797,81.62999725341797,11346
2023-01-18 12:20:00-05:00,81.62999725341797,81.75,81.58999633789062,81.75,81.75,21048
2023-01-18 12:25:00-05:00,81.66000366210938,81.66000366210938,81.4800033569336,81.48999786376953,81.48999786376953,6571
2023-01-18 12:30:00-05:00,81.44000244140625,81.48999786376953,81.38999938964844,81.38999938964844,81.38999938964844,8606
2023-01-18 12:35:00-05:00,81.41999816894531,81.52999877929688,81.38999938964844,81.43499755859375,81.43499755859375,8625
2023-01-18 12:40:00-05:00,81.44000244140625,81.51499938964844,81.37999725341797,81.4000015258789,81.4000015258789,9592
2023-01-18 12:45:00-05:00,81.38999938964844,81.42900085449219,81.31999969482422,81.37999725341797,81.37999725341797,6384
2023-01-18 12:50:00-05:00,81.37999725341797,81.42500305175781,81.25,81.25,81.25,9334
2023-01-18 12:55:00-05:00,81.26000213623047,81.26000213623047,81.12000274658203,81.12999725341797,81.12999725341797,6202
2023-01-18 13:00:00-05:00,81.13500213623047,81.19999694824219,81.05999755859375,81.08000183105469,81.08000183105469,9465
2023-01-18 13:05:00-05:00,81.09950256347656,81.1500015258789,81.04000091552734,81.04000091552734,81.04000091552734,9012
2023-01-18 13:10:00-05:00,81.06999969482422,81.06999969482422,80.86000061035156,80.86000061035156,80.86000061035156,7596
2023-01-18 13:15:00-05:00,80.875,80.87999725341797,80.7874984741211,80.7874984741211,80.7874984741211,8721
2023-01-18 13:20:00-05:00,80.80000305175781,81.08000183105469,80.7699966430664,81.07830047607422,81.07830047607422,24076
2023-01-18 13:25:00-05:00,81.05999755859375,81.23999786376953,81.0199966430664,81.23999786376953,81.23999786376953,9548
2023-01-18 13:30:00-05:00,81.25,81.3499984741211,81.23999786376953,81.29000091552734,81.29000091552734,13148
2023-01-18 13:35:00-05:00,81.33999633789062,81.48999786376953,81.33499908447266,81.4000015258789,81.4000015258789,10581
2023-01-18 13:40:00-05:00,81.43000030517578,81.48999786376953,81.3499984741211,81.48999786376953,81.48999786376953,10459
2023-01-18 13:45:00-05:00,81.51000213623047,81.65499877929688,81.48999786376953,81.62470245361328,81.62470245361328,15947
2023-01-18 13:50:00-05:00,81.63999938964844,81.66000366210938,81.52999877929688,81.54000091552734,81.54000091552734,17875
2023-01-18 13:55:00-05:00,81.5199966430664,81.52999877929688,81.42500305175781,81.47000122070312,81.47000122070312,7016
2023-01-18 14:00:00-05:00,81.4749984741211,81.7699966430664,81.4749984741211,81.72000122070312,81.72000122070312,13494
2023-01-18 14:05:00-05:00,81.7300033569336,81.73999786376953,81.54499816894531,81.69000244140625,81.69000244140625,13574
2023-01-18 14:10:00-05:00,81.69000244140625,81.70999908447266,81.63999938964844,81.66000366210938,81.66000366210938,9525
2023-01-18 14:15:00-05:00,81.66999816894531,81.66999816894531,81.55999755859375,81.58999633789062,81.58999633789062,12140
2023-01-18 14:20:00-05:00,81.61499786376953,81.75,81.61000061035156,81.75,81.75,14742
2023-01-18 14:25:00-05:00,81.7300033569336,81.7300033569336,81.63999938964844,81.6500015258789,81.6500015258789,8329
2023-01-18 14:30:00-05:00,81.6500015258789,81.74500274658203,81.6500015258789,81.68000030517578,81.68000030517578,11499
2023-01-18 14:35:00-05:00,81.66999816894531,81.66999816894531,81.52999877929688,81.56500244140625,81.56500244140625,10762
2023-01-18 14:40:00-05:00,81.55999755859375,81.55999755859375,81.36000061035156,81.43000030517578,81.43000030517578,9408
2023-01-18 14:45:00-05:00,81.44000244140625,81.5199966430664,81.41899871826172,81.5199966430664,81.5199966430664,11939
2023-01-18 14:50:00-05:00,81.5199966430664,81.55999755859375,81.5,81.51000213623047,81.51000213623047,11802
2023-01-18 14:55:00-05:00,81.48999786376953,81.48999786376953,81.37999725341797,81.38999938964844,81.38999938964844,8669
2023-01-18 15:00:00-05:00,81.38999938964844,81.42500305175781,81.33000183105469,81.38999938964844,81.38999938964844,9076
2023-01-18 15:05:00-05:00,81.38500213623047,81.5199966430664,81.37000274658203,81.48500061035156,81.48500061035156,9012
2023-01-18 15:10:00-05:00,81.51000213623047,81.6500015258789,81.51000213623047,81.6500015258789,81.6500015258789,18001
2023-01-18 15:15:00-05:00,81.68000030517578,81.73999786376953,81.5999984741211,81.66000366210938,81.66000366210938,16473
2023-01-18 15:20:00-05:00,81.6500015258789,81.70999908447266,81.63500213623047,81.63500213623047,81.63500213623047,13468
2023-01-18 15:25:00-05:00,81.62999725341797,81.63999938964844,81.48999786376953,81.48999786376953,81.48999786376953,12183
2023-01-18 15:30:00-05:00,81.4800033569336,81.51000213623047,81.3499984741211,81.3499984741211,81.3499984741211,18616
2023-01-18 15:35:00-05:00,81.33999633789062,81.41000366210938,81.33000183105469,81.37000274658203,81.37000274658203,19850
2023-01-18 15:40:00-05:00,81.33999633789062,81.33999633789062,81.15750122070312,81.16999816894531,81.16999816894531,16280
2023-01-18 15:45:00-05:00,81.16999816894531,81.22000122070312,81.12999725341797,81.16000366210938,81.16000366210938,27276
2023-01-18 15:50:00-05:00,81.16000366210938,81.30999755859375,81.02999877929688,81.27999877929688,81.27999877929688,66838
2023-01-18 15:55:00-05:00,81.29000091552734,81.29000091552734,81.0999984741211,81.2300033569336,81.2300033569336,138260
2023-01-19 09:30:00-05:00,81.18000030517578,81.30000305175781,80.73999786376953,80.8499984741211,80.8499984741211,19716
2023-01-19 09:35:00-05:00,80.69999694824219,80.76000213623047,80.5,80.54000091552734,80.54000091552734,6765
2023-01-19 09:40:00-05:00,80.63999938964844,80.72000122070312,80.56500244140625,80.72000122070312,80.72000122070312,14471
2023-01-19 09:45:00-05:00,80.7300033569336,80.87999725341797,80.66500091552734,80.87000274658203,80.87000274658203,8546
2023-01-19 09:50:00-05:00,80.9000015258789,80.94000244140625,80.73999786376953,80.77999877929688,80.77999877929688,5214
2023-01-19 09:55:00-05:00,80.81500244140625,80.83999633789062,80.69999694824219,80.80999755859375,80.80999755859375,10804
2023-01-19 10:00:00-05:00,80.79000091552734,80.83999633789062,80.73999786376953,80.73999786376953,80.73999786376953,6648
2023-01-19 10:05:00-05:00,80.75,80.87999725341797,80.75,80.83999633789062,80.83999633789062,7188
2023-01-19 10:10:00-05:00,80.8550033569336,80.95999908447266,80.80000305175781,80.83000183105469,80.83000183105469,8872
2023-01-19 10:15:00-05:00,80.75499725341797,80.84500122070312,80.6500015258789,80.83499908447266,80.83499908447266,7539
2023-01-19 10:20:00-05:00,80.80999755859375,80.80999755859375,80.61750030517578,80.68000030517578,80.68000030517578,6622
2023-01-19 10:25:00-05:00,80.61000061035156,80.6532974243164,80.41999816894531,80.44999694824219,80.44999694824219,10460
2023-01-19 10:30:00-05:00,80.41999816894531,80.45999908447266,80.26499938964844,80.27999877929688,80.27999877929688,11195
2023-01-19 10:35:00-05:00,80.2750015258789,80.2750015258789,80.08999633789062,80.11000061035156,80.11000061035156,10550
2023-01-19 10:40:00-05:00,80.08000183105469,80.12000274658203,79.83000183105469,79.88999938964844,79.88999938964844,18283
2023-01-19 10:45:00-05:00,79.91999816894531,80.04000091552734,79.80999755859375,79.83499908447266,79.83499908447266,9512
2023-01-19 10:50:00-05:00,79.83000183105469,79.9000015258789,79.81999969482422,79.88500213623047,79.88500213623047,7716
2023-01-19 10:55:00-05:00,79.8499984741211,79.86000061035156,79.75,79.81999969482422,79.81999969482422,9847
2023-01-19 11:00:00-05:00,79.80999755859375,79.98999786376953,79.80999755859375,79.94000244140625,79.94000244140625,7532
2023-01-19 11:05:00-05:00,79.94499969482422,80.0,79.80500030517578,80.0,80.0,11772
2023-01-19 11:10:00-05:00,80.02999877929688,80.06999969482422,79.94999694824219,79.97000122070312,79.97000122070312,10933
2023-01-19 11:15:00-05:00,80.00499725341797,80.00499725341797,79.87999725341797,79.87999725341797,79.87999725341797,6991
2023-01-19 11:20:00-05:00,79.87999725341797,79.97000122070312,79.87000274658203,79.97000122070312,79.97000122070312,16976
2023-01-19 11:25:00-05:00,79.97000122070312,80.04000091552734,79.95999908447266,79.98999786376953,79.98999786376953,8664
2023-01-19 11:30:00-05:00,79.97000122070312,80.18000030517578,79.96499633789062,80.13999938964844,80.13999938964844,35758
2023-01-19 11:35:00-05:00,80.16000366210938,80.26000213623047,80.16000366210938,80.22000122070312,80.22000122070312,6292
2023-01-19 11:40:00-05:00,80.19999694824219,80.20999908447266,80.04000091552734,80.04000091552734,80.04000091552734,8675
2023-01-19 11:45:00-05:00,80.0199966430664,80.0199966430664,79.83000183105469,79.88999938964844,79.88999938964844,7128
2023-01-19 11:50:00-05:00,79.87999725341797,79.97000122070312,79.8499984741211,79.94999694824219,79.94999694824219,5925
2023-01-19 11:55:00-05:00,79.96910095214844,80.0250015258789,79.95500183105469,79.98999786376953,79.98999786376953,7357
2023-01-19 12:00:00-05:00,79.98999786376953,80.1500015258789,79.95999908447266,80.02999877929688,80.02999877929688,11455
2023-01-19 12:05:00-05:00,80.02999877929688,80.0999984741211,79.95999908447266,80.04000091552734,80.04000091552734,8484
2023-01-19 12:10:00-05:00,80.04000091552734,80.06999969482422,80.0,80.02999877929688,80.02999877929688,4769
2023-01-19 12:15:00-05:00,80.08000183105469,80.20999908447266,80.07499694824219,80.08000183105469,80.08000183105469,7348
2023-01-19 12:20:00-05:00,80.08000183105469,80.08999633789062,79.97000122070312,79.9800033569336,79.9800033569336,6505
2023-01-19 12:25:00-05:00,79.99500274658203,80.02100372314453,79.94499969482422,79.94999694824219,79.94999694824219,4888
2023-01-19 12:30:00-05:00,79.97989654541016,79.9800033569336,79.91000366210938,79.91000366210938,79.91000366210938,10201
2023-01-19 12:35:00-05:00,79.91000366210938,79.94999694824219,79.87999725341797,79.88999938964844,79.88999938964844,6992
2023-01-19 12:40:00-05:00,79.87000274658203,79.91000366210938,79.81999969482422,79.8499984741211,79.8499984741211,8700
2023-01-19 12:45:00-05:00,79.88500213623047,80.06999969482422,79.88500213623047,80.05999755859375,80.05999755859375,8526
2023-01-19 12:50:00-05:00,80.05999755859375,80.11000061035156,80.05999755859375,80.11000061035156,80.11000061035156,5447
2023-01-19 12:55:00-05:00,80.08999633789062,80.16999816894531,80.02999877929688,80.16999816894531,80.16999816894531,6098
2023-01-19 13:00:00-05:00,80.19000244140625,80.37319946289062,80.18000030517578,80.36000061035156,80.36000061035156,8472
2023-01-19 13:05:00-05:00,80.37999725341797,80.37999725341797,80.23999786376953,80.23999786376953,80.23999786376953,7159
2023-01-19 13:10:00-05:00,80.2249984741211,80.2300033569336,80.12999725341797,80.17500305175781,80.17500305175781,6601
2023-01-19 13:15:00-05:00,80.12999725341797,80.19000244140625,80.08000183105469,80.18000030517578,80.18000030517578,5807
2023-01-19 13:20:00-05:00,80.17500305175781,80.2699966430664,80.1449966430664,80.19000244140625,80.19000244140625,58804
2023-01-19 13:25:00-05:00,80.18000030517578,80.18000030517578,79.97000122070312,80.05000305175781,80.05000305175781,12787
2023-01-19 13:30:00-05:00,80.06999969482422,80.12000274658203,80.05000305175781,80.0999984741211,80.0999984741211,6905
2023-01-19 13:35:00-05:00,80.07499694824219,80.20999908447266,80.07499694824219,80.18000030517578,80.18000030517578,10757
2023-01-19 13:40:00-05:00,80.16000366210938,80.2249984741211,80.11499786376953,80.16999816894531,80.16999816894531,18616
2023-01-19 13:45:00-05:00,80.18000030517578,80.26000213623047,80.18000030517578,80.19499969482422,80.19499969482422,19615
2023-01-19 13:50:00-05:00,80.1449966430664,80.16000366210938,80.0250015258789,80.04000091552734,80.04000091552734,9437
2023-01-19 13:55:00-05:00,80.05000305175781,80.19000244140625,80.05000305175781,80.17970275878906,80.17970275878906,8594
2023-01-19 14:00:00-05:00,80.18000030517578,80.19000244140625,79.98999786376953,80.05000305175781,80.05000305175781,11676
2023-01-19 14:05:00-05:00,80.03500366210938,80.03500366210938,79.9000015258789,79.91000366210938,79.91000366210938,7288
2023-01-19 14:10:00-05:00,79.91000366210938,80.04000091552734,79.88999938964844,79.95999908447266,79.95999908447266,11754
2023-01-19 14:15:00-05:00,79.94999694824219,80.09500122070312,79.93000030517578,80.08999633789062,80.08999633789062,39113
2023-01-19 14:20:00-05:00,80.11000061035156,80.15910339355469,80.08000183105469,80.12999725341797,80.12999725341797,8173
2023-01-19 14:25:00-05:00,80.0999984741211,80.12000274658203,80.0199966430664,80.0199966430664,80.0199966430664,11492
2023-01-19 14:30:00-05:00,80.0,80.05999755859375,79.94999694824219,80.05999755859375,80.05999755859375,5995
2023-01-19 14:35:00-05:00,80.05999755859375,80.08000183105469,80.0,80.0,80.0,8841
2023-01-19 14:40:00-05:00,79.98999786376953,80.0,79.80000305175781,79.83999633789062,79.83999633789062,8430
2023-01-19 14:45:00-05:00,79.8499984741211,79.93000030517578,79.80000305175781,79.80000305175781,79.80000305175781,9947
2023-01-19 14:50:00-05:00,79.79000091552734,79.80000305175781,79.76000213623047,79.76499938964844,79.76499938964844,7955
2023-01-19 14:55:00-05:00,79.76000213623047,79.91000366210938,79.76000213623047,79.87000274658203,79.87000274658203,14272
2023-01-19 15:00:00-05:00,79.87000274658203,79.97000122070312,79.86000061035156,79.94999694824219,79.94999694824219,20470
2023-01-19 15:05:00-05:00,79.93000030517578,79.9800033569336,79.88500213623047,79.96499633789062,79.96499633789062,24916
2023-01-19 15:10:00-05:00,79.9800033569336,80.04000091552734,79.9000015258789,80.0199966430664,80.0199966430664,8374
2023-01-19 15:15:00-05:00,80.0250015258789,80.05000305175781,79.9000015258789,80.05000305175781,80.05000305175781,16760
2023-01-19 15:20:00-05:00,80.05500030517578,80.06999969482422,79.91000366210938,79.91999816894531,79.91999816894531,12630
2023-01-19 15:25:00-05:00,79.9000015258789,79.94999694824219,79.83000183105469,79.94000244140625,79.94000244140625,10597
2023-01-19 15:30:00-05:00,79.94999694824219,80.08000183105469,79.90750122070312,80.06999969482422,80.06999969482422,14429
2023-01-19 15:35:00-05:00,80.07499694824219,80.16000366210938,80.06999969482422,80.13999938964844,80.13999938964844,48077
2023-01-19 15:40:00-05:00,80.12999725341797,80.13500213623047,80.08000183105469,80.11499786376953,80.11499786376953,17321
2023-01-19 15:45:00-05:00,80.11000061035156,80.12999725341797,80.04000091552734,80.08999633789062,80.08999633789062,24733
2023-01-19 15:50:00-05:00,80.08999633789062,80.08999633789062,79.93000030517578,79.98500061035156,79.98500061035156,70271
2023-01-19 15:55:00-05:00,79.98500061035156,79.98999786376953,79.7300033569336,79.77999877929688,79.77999877929688,114812
2023-01-20 09:30:00-05:00,79.79000091552734,80.0999984741211,77.41000366210938,77.51000213623047,77.51000213623047,203216
2023-01-20 09:35:00-05:00,77.41000366210938,79.01000213623047,77.38999938964844,78.61499786376953,78.61499786376953,67749
2023-01-20 09:40:00-05:00,78.63970184326172,78.63970184326172,78.1449966430664,78.31500244140625,78.31500244140625,20972
2023-01-20 09:45:00-05:00,78.34500122070312,78.3499984741211,78.08999633789062,78.1500015258789,78.1500015258789,40524
2023-01-20 09:50:00-05:00,78.16999816894531,78.36000061035156,77.98999786376953,78.0199966430664,78.0199966430664,28874
2023-01-20 09:55:00-05:00,78.02999877929688,78.22000122070312,78.0,78.22000122070312,78.22000122070312,68459
2023-01-20 10:00:00-05:00,78.2249984741211,78.38999938964844,78.16000366210938,78.19999694824219,78.19999694824219,25044
2023-01-20 10:05:00-05:00,78.20500183105469,78.68000030517578,78.20500183105469,78.5999984741211,78.5999984741211,18732
2023-01-20 10:10:00-05:00,78.5999984741211,78.6500015258789,78.48999786376953,78.5,78.5,19608
2023-01-20 10:15:00-05:00,78.48999786376953,78.5199966430664,78.16500091552734,78.19000244140625,78.19000244140625,128514
2023-01-20 10:20:00-05:00,78.19000244140625,78.45999908447266,78.11000061035156,78.45999908447266,78.45999908447266,27920
2023-01-20 10:25:00-05:00,78.48999786376953,78.54000091552734,78.43000030517578,78.48999786376953,78.48999786376953,17809
2023-01-20 10:30:00-05:00,78.48999786376953,78.5199966430664,78.38999938964844,78.5199966430664,78.5199966430664,53436
2023-01-20 10:35:00-05:00,78.52249908447266,78.75,78.51000213623047,78.68000030517578,78.68000030517578,21445
2023-01-20 10:40:00-05:00,78.68000030517578,78.94000244140625,78.68000030517578,78.91999816894531,78.91999816894531,27141
2023-01-20 10:45:00-05:00,78.9000015258789,78.97000122070312,78.75,78.97000122070312,78.97000122070312,24473
2023-01-20 10:50:00-05:00,78.9800033569336,78.9800033569336,78.78500366210938,78.91999816894531,78.91999816894531,19036
2023-01-20 10:55:00-05:00,78.93000030517578,79.20999908447266,78.93000030517578,79.19999694824219,79.19999694824219,17195
2023-01-20 11:00:00-05:00,79.20999908447266,79.30000305175781,79.11000061035156,79.2300033569336,79.2300033569336,22712
2023-01-20 11:05:00-05:00,79.23999786376953,79.25,79.02999877929688,79.06999969482422,79.06999969482422,45305
2023-01-20 11:10:00-05:00,79.04000091552734,79.16000366210938,78.96499633789062,79.12999725341797,79.12999725341797,16240
2023-01-20 11:15:00-05:00,79.08999633789062,79.2249984741211,79.04000091552734,79.19999694824219,79.19999694824219,26126
2023-01-20 11:20:00-05:00,79.22000122070312,79.22000122070312,78.99500274658203,79.125,79.125,16951
2023-01-20 11:25:00-05:00,79.11000061035156,79.16000366210938,79.08000183105469,79.13999938964844,79.13999938964844,17049
2023-01-20 11:30:00-05:00,79.13999938964844,79.13999938964844,78.97000122070312,79.06999969482422,79.06999969482422,16227
2023-01-20 11:35:00-05:00,79.08999633789062,79.08999633789062,78.83000183105469,78.87000274658203,78.87000274658203,9423
2023-01-20 11:40:00-05:00,78.86499786376953,78.8949966430664,78.7750015258789,78.8949966430664,78.8949966430664,7071
2023-01-20 11:45:00-05:00,78.88999938964844,79.01000213623047,78.84500122070312,78.98999786376953,78.98999786376953,12267
2023-01-20 11:50:00-05:00,78.95999908447266,79.05999755859375,78.94499969482422,79.05999755859375,79.05999755859375,9697
2023-01-20 11:55:00-05:00,79.06999969482422,79.06999969482422,78.93000030517578,78.94999694824219,78.94999694824219,7979
2023-01-20 12:00:00-05:00,78.93499755859375,78.9749984741211,78.7750015258789,78.8499984741211,78.8499984741211,8911
2023-01-20 12:05:00-05:00,78.87000274658203,78.88999938964844,78.80999755859375,78.87999725341797,78.87999725341797,7992
2023-01-20 12:10:00-05:00,78.86000061035156,78.94000244140625,78.84500122070312,78.93000030517578,78.93000030517578,8673
2023-01-20 12:15:00-05:00,78.91000366210938,78.92500305175781,78.83499908447266,78.9000015258789,78.9000015258789,12964
2023-01-20 12:20:00-05:00,78.875,78.95500183105469,78.79000091552734,78.86720275878906,78.86720275878906,9967
2023-01-20 12:25:00-05:00,78.87999725341797,78.91999816894531,78.83999633789062,78.86499786376953,78.86499786376953,6752
2023-01-20 12:30:00-05:00,78.86000061035156,78.93000030517578,78.81999969482422,78.93000030517578,78.93000030517578,7761
2023-01-20 12:35:00-05:00,78.93000030517578,79.01000213623047,78.91999816894531,78.9800033569336,78.9800033569336,8031
2023-01-20 12:40:00-05:00,78.97000122070312,79.05000305175781,78.94999694824219,78.95999908447266,78.95999908447266,6894
2023-01-20 12:45:00-05:00,78.95999908447266,79.01000213623047,78.94999694824219,78.9800033569336,78.9800033569336,8359
2023-01-20 12:50:00-05:00,79.0199966430664,79.08999633789062,79.01000213623047,79.0199966430664,79.0199966430664,6191
2023-01-20 12:55:00-05:00,79.01000213623047,79.04000091552734,78.94999694824219,78.9800033569336,78.9800033569336,10748
2023-01-20 13:00:00-05:00,78.98999786376953,79.06999969482422,78.93000030517578,79.01499938964844,79.01499938964844,14595
2023-01-20 13:05:00-05:00,79.01000213623047,79.01000213623047,78.93000030517578,78.93000030517578,78.93000030517578,10726
2023-01-20 13:10:00-05:00,78.93000030517578,79.01969909667969,78.88999938964844,79.0,79.0,11815
2023-01-20 13:15:00-05:00,79.01000213623047,79.06999969482422,78.97000122070312,78.97000122070312,78.97000122070312,11167
2023-01-20 13:20:00-05:00,78.93000030517578,78.9800033569336,78.88999938964844,78.90499877929688,78.90499877929688,9011
2023-01-20 13:25:00-05:00,78.91999816894531,79.02999877929688,78.91000366210938,79.02999877929688,79.02999877929688,10154
2023-01-20 13:30:00-05:00,79.06999969482422,79.19999694824219,79.06999969482422,79.19000244140625,79.19000244140625,6620
2023-01-20 13:35:00-05:00,79.18000030517578,79.3499984741211,79.13999938964844,79.27490234375,79.27490234375,17043
2023-01-20 13:40:00-05:00,79.29000091552734,79.36000061035156,79.27999877929688,79.28500366210938,79.28500366210938,11100
2023-01-20 13:45:00-05:00,79.30000305175781,79.33999633789062,79.23999786376953,79.31999969482422,79.31999969482422,15428
2023-01-20 13:50:00-05:00,79.31999969482422,79.33999633789062,79.22000122070312,79.22000122070312,79.22000122070312,14951
2023-01-20 13:55:00-05:00,79.19000244140625,79.20999908447266,79.13999938964844,79.16999816894531,79.16999816894531,12633
2023-01-20 14:00:00-05:00,79.18000030517578,79.19999694824219,79.04000091552734,79.06999969482422,79.06999969482422,9830
2023-01-20 14:05:00-05:00,79.08000183105469,79.26000213623047,79.08000183105469,79.22000122070312,79.22000122070312,16527
2023-01-20 14:10:00-05:00,79.22000122070312,79.28500366210938,79.22000122070312,79.25,79.25,13072
2023-01-20 14:15:00-05:00,79.26000213623047,79.2699966430664,79.12999725341797,79.16000366210938,79.16000366210938,12703
2023-01-20 14:20:00-05:00,79.16000366210938,79.18000030517578,79.12000274658203,79.1500015258789,79.1500015258789,15433
2023-01-20 14:25:00-05:00,79.1449966430664,79.1449966430664,79.08999633789062,79.12000274658203,79.12000274658203,11697
2023-01-20 14:30:00-05:00,79.11499786376953,79.26000213623047,79.11499786376953,79.19000244140625,79.19000244140625,24961
2023-01-20 14:35:00-05:00,79.19000244140625,79.22000122070312,79.12999725341797,79.13500213623047,79.13500213623047,15129
2023-01-20 14:40:00-05:00,79.16500091552734,79.23999786376953,79.06999969482422,79.08000183105469,79.08000183105469,19802
2023-01-20 14:45:00-05:00,79.0718994140625,79.12000274658203,79.04000091552734,79.12000274658203,79.12000274658203,12381
2023-01-20 14:50:00-05:00,79.13999938964844,79.29000091552734,79.12999725341797,79.23999786376953,79.23999786376953,12617
2023-01-20 14:55:00-05:00,79.2300033569336,79.37000274658203,79.22000122070312,79.3499984741211,79.3499984741211,21239
2023-01-20 15:00:00-05:00,79.37000274658203,79.58999633789062,79.37000274658203,79.58000183105469,79.58000183105469,12722
2023-01-20 15:05:00-05:00,79.56999969482422,79.63800048828125,79.55000305175781,79.62000274658203,79.62000274658203,11947
2023-01-20 15:10:00-05:00,79.61000061035156,79.7300033569336,79.58999633789062,79.72000122070312,79.72000122070312,16356
2023-01-20 15:15:00-05:00,79.72000122070312,79.81999969482422,79.72000122070312,79.80000305175781,79.80000305175781,16958
2023-01-20 15:20:00-05:00,79.80899810791016,79.80899810791016,79.5999984741211,79.64900207519531,79.64900207519531,21713
2023-01-20 15:25:00-05:00,79.63999938964844,79.7300033569336,79.62000274658203,79.70999908447266,79.70999908447266,15257
2023-01-20 15:30:00-05:00,79.72000122070312,79.77999877929688,79.70999908447266,79.7300033569336,79.7300033569336,25636
2023-01-20 15:35:00-05:00,79.7300033569336,79.7300033569336,79.55999755859375,79.62899780273438,79.62899780273438,23018
2023-01-20 15:40:00-05:00,79.61000061035156,79.70999908447266,79.56999969482422,79.61000061035156,79.61000061035156,37792
2023-01-20 15:45:00-05:00,79.61000061035156,79.70899963378906,79.58999633789062,79.69999694824219,79.69999694824219,37256
2023-01-20 15:50:00-05:00,79.69999694824219,79.81999969482422,79.58999633789062,79.81999969482422,79.81999969482422,68653
2023-01-20 15:55:00-05:00,79.81999969482422,79.87000274658203,79.69499969482422,79.73500061035156,79.73500061035156,168758
2023-01-23 09:30:00-05:00,79.66999816894531,79.66999816894531,79.33999633789062,79.375,79.375,14079
2023-01-23 09:35:00-05:00,79.41000366210938,79.44000244140625,79.33999633789062,79.37000274658203,79.37000274658203,8326
2023-01-23 09:40:00-05:00,79.3781967163086,79.56999969482422,79.3781967163086,79.48999786376953,79.48999786376953,10380
2023-01-23 09:45:00-05:00,79.45999908447266,79.7699966430664,79.45999908447266,79.73999786376953,79.73999786376953,10998
2023-01-23 09:50:00-05:00,79.7300033569336,79.88999938964844,79.7300033569336,79.77999877929688,79.77999877929688,13131
2023-01-23 09:55:00-05:00,79.79000091552734,79.95500183105469,79.7699966430664,79.95500183105469,79.95500183105469,10002
2023-01-23 10:00:00-05:00,79.97000122070312,80.05999755859375,79.9000015258789,79.94000244140625,79.94000244140625,16315
2023-01-23 10:05:00-05:00,79.91000366210938,79.91000366210938,79.80999755859375,79.87000274658203,79.87000274658203,5066
2023-01-23 10:10:00-05:00,79.80999755859375,80.08000183105469,79.80999755859375,79.9800033569336,79.9800033569336,10427
2023-01-23 10:15:00-05:00,79.94999694824219,80.12999725341797,79.94999694824219,80.05000305175781,80.05000305175781,9621
2023-01-23 10:20:00-05:00,80.0199966430664,80.11000061035156,80.0199966430664,80.11000061035156,80.11000061035156,7492
2023-01-23 10:25:00-05:00,80.12000274658203,80.22000122070312,80.12000274658203,80.20999908447266,80.20999908447266,7270
2023-01-23 10:30:00-05:00,80.20999908447266,80.23999786376953,80.06999969482422,80.08999633789062,80.08999633789062,7307
2023-01-23 10:35:00-05:00,80.11000061035156,80.2300033569336,80.11000061035156,80.2074966430664,80.2074966430664,7012
2023-01-23 10:40:00-05:00,80.2300033569336,80.2300033569336,80.11000061035156,80.13999938964844,80.13999938964844,7420
2023-01-23 10:45:00-05:00,80.12999725341797,80.27999877929688,80.12870025634766,80.25,80.25,10925
2023-01-23 10:50:00-05:00,80.2300033569336,80.2300033569336,80.08999633789062,80.08999633789062,80.08999633789062,8575
2023-01-23 10:55:00-05:00,80.08000183105469,80.23999786376953,80.05999755859375,80.16000366210938,80.16000366210938,10112
2023-01-23 11:00:00-05:00,80.16999816894531,80.41999816894531,80.16999816894531,80.41999816894531,80.41999816894531,8107
2023-01-23 11:05:00-05:00,80.4000015258789,80.47000122070312,80.37000274658203,80.38999938964844,80.38999938964844,6624
2023-01-23 11:10:00-05:00,80.4000015258789,80.41999816894531,80.29000091552734,80.30999755859375,80.30999755859375,4838
2023-01-23 11:15:00-05:00,80.30999755859375,80.5199966430664,80.30999755859375,80.5199966430664,80.5199966430664,14174
2023-01-23 11:20:00-05:00,80.54000091552734,80.56999969482422,80.41000366210938,80.41000366210938,80.41000366210938,12102
2023-01-23 11:25:00-05:00,80.38999938964844,80.43000030517578,80.30000305175781,80.30999755859375,80.30999755859375,13045
2023-01-23 11:30:00-05:00,80.30500030517578,80.41000366210938,80.30500030517578,80.31999969482422,80.31999969482422,12505
2023-01-23 11:35:00-05:00,80.32499694824219,80.38500213623047,80.20999908447266,80.33000183105469,80.33000183105469,23761
2023-01-23 11:40:00-05:00,80.34500122070312,80.36499786376953,80.26000213623047,80.2699966430664,80.2699966430664,12775
2023-01-23 11:45:00-05:00,80.27999877929688,80.33999633789062,80.2699966430664,80.30500030517578,80.30500030517578,14109
2023-01-23 11:50:00-05:00,80.31999969482422,80.31999969482422,80.26000213623047,80.30999755859375,80.30999755859375,6327
2023-01-23 11:55:00-05:00,80.29109954833984,80.30999755859375,80.25,80.29789733886719,80.29789733886719,9402
2023-01-23 12:00:00-05:00,80.30000305175781,80.37000274658203,80.25,80.30999755859375,80.30999755859375,11748
2023-01-23 12:05:00-05:00,80.30999755859375,80.37000274658203,80.16999816894531,80.16999816894531,80.16999816894531,14965
2023-01-23 12:10:00-05:00,80.1500015258789,80.30989837646484,80.1500015258789,80.19999694824219,80.19999694824219,11729
2023-01-23 12:15:00-05:00,80.19999694824219,80.33999633789062,80.1500015258789,80.3375015258789,80.3375015258789,12195
2023-01-23 12:20:00-05:00,80.33000183105469,80.36000061035156,80.29000091552734,80.29000091552734,80.29000091552734,9831
2023-01-23 12:25:00-05:00,80.27999877929688,80.33000183105469,80.25,80.33000183105469,80.33000183105469,8400
2023-01-23 12:30:00-05:00,80.33000183105469,80.38999938964844,80.30000305175781,80.33000183105469,80.33000183105469,9749
2023-01-23 12:35:00-05:00,80.33000183105469,80.3499984741211,80.27999877929688,80.29000091552734,80.29000091552734,8256
2023-01-23 12:40:00-05:00,80.26000213623047,80.31999969482422,80.2300033569336,80.31999969482422,80.31999969482422,6427
2023-01-23 12:45:00-05:00,80.30999755859375,80.30999755859375,80.23999786376953,80.27519989013672,80.27519989013672,7124
2023-01-23 12:50:00-05:00,80.25,80.30000305175781,80.22000122070312,80.30000305175781,80.30000305175781,6417
2023-01-23 12:55:00-05:00,80.27999877929688,80.30000305175781,80.2300033569336,80.29000091552734,80.29000091552734,8578
2023-01-23 13:00:00-05:00,80.28399658203125,80.31999969482422,80.2699966430664,80.2699966430664,80.2699966430664,6816
2023-01-23 13:05:00-05:00,80.26000213623047,80.33999633789062,80.26000213623047,80.30999755859375,80.30999755859375,8273
2023-01-23 13:10:00-05:00,80.31999969482422,80.36000061035156,80.2699966430664,80.33999633789062,80.33999633789062,7559
2023-01-23 13:15:00-05:00,80.31999969482422,80.41000366210938,80.30999755859375,80.36000061035156,80.36000061035156,7742
2023-01-23 13:20:00-05:00,80.3499984741211,80.4000015258789,80.31999969482422,80.31999969482422,80.31999969482422,7418
2023-01-23 13:25:00-05:00,80.30999755859375,80.31999969482422,80.20999908447266,80.31999969482422,80.31999969482422,11965
2023-01-23 13:30:00-05:00,80.31999969482422,80.36000061035156,80.31999969482422,80.3499984741211,80.3499984741211,8082
2023-01-23 13:35:00-05:00,80.33999633789062,80.37000274658203,80.30999755859375,80.37000274658203,80.37000274658203,13528
2023-01-23 13:40:00-05:00,80.38999938964844,80.5,80.38999938964844,80.48999786376953,80.48999786376953,10262
2023-01-23 13:45:00-05:00,80.5,80.6449966430664,80.5,80.625,80.625,10191
2023-01-23 13:50:00-05:00,80.62999725341797,80.66000366210938,80.5999984741211,80.62000274658203,80.62000274658203,15862
2023-01-23 13:55:00-05:00,80.62000274658203,80.62999725341797,80.41000366210938,80.41000366210938,80.41000366210938,16876
2023-01-23 14:00:00-05:00,80.41000366210938,80.41000366210938,80.31500244140625,80.34500122070312,80.34500122070312,20206
2023-01-23 14:05:00-05:00,80.29000091552734,80.29000091552734,80.19000244140625,80.26000213623047,80.26000213623047,43056
2023-01-23 14:10:00-05:00,80.26000213623047,80.26000213623047,80.13500213623047,80.25,80.25,14770
2023-01-23 14:15:00-05:00,80.25,80.29000091552734,80.22000122070312,80.22000122070312,80.22000122070312,12881
2023-01-23 14:20:00-05:00,80.19999694824219,80.23999786376953,80.11499786376953,80.11499786376953,80.11499786376953,11686
2023-01-23 14:25:00-05:00,80.11000061035156,80.11000061035156,80.0,80.0199966430664,80.0199966430664,12873
2023-01-23 14:30:00-05:00,80.0199966430664,80.12999725341797,80.0199966430664,80.0999984741211,80.0999984741211,15450
2023-01-23 14:35:00-05:00,80.08000183105469,80.08000183105469,79.98999786376953,80.01000213623047,80.01000213623047,13106
2023-01-23 14:40:00-05:00,80.0,80.04000091552734,79.94000244140625,79.94000244140625,79.94000244140625,10671
2023-01-23 14:45:00-05:00,79.94000244140625,79.94000244140625,79.7699966430664,79.7750015258789,79.7750015258789,24567
2023-01-23 14:50:00-05:00,79.7699966430664,79.7699966430664,79.60250091552734,79.6449966430664,79.6449966430664,17395
2023-01-23 14:55:00-05:00,79.66000366210938,79.77999877929688,79.62000274658203,79.66999816894531,79.66999816894531,18871
2023-01-23 15:00:00-05:00,79.66000366210938,79.72000122070312,79.5999984741211,79.70999908447266,79.70999908447266,13421
2023-01-23 15:05:00-05:00,79.70999908447266,79.7699966430664,79.62999725341797,79.70999908447266,79.70999908447266,14374
2023-01-23 15:10:00-05:00,79.70999908447266,79.73999786376953,79.58000183105469,79.70999908447266,79.70999908447266,16548
2023-01-23 15:15:00-05:00,79.69999694824219,79.75,79.6500015258789,79.70500183105469,79.70500183105469,17402
2023-01-23 15:20:00-05:00,79.67900085449219,79.80999755859375,79.66000366210938,79.80999755859375,79.80999755859375,15634
2023-01-23 15:25:00-05:00,79.80000305175781,79.80000305175781,79.66999816894531,79.74500274658203,79.74500274658203,20743
2023-01-23 15:30:00-05:00,79.75,79.7699966430664,79.55000305175781,79.55999755859375,79.55999755859375,22992
2023-01-23 15:35:00-05:00,79.54000091552734,79.69000244140625,79.52999877929688,79.66999816894531,79.66999816894531,21250
2023-01-23 15:40:00-05:00,79.66000366210938,79.66999816894531,79.55000305175781,79.66999816894531,79.66999816894531,25045
2023-01-23 15:45:00-05:00,79.66999816894531,79.80000305175781,79.66999816894531,79.7699966430664,79.7699966430664,32595
2023-01-23 15:50:00-05:00,79.79000091552734,79.80999755859375,79.62000274658203,79.7750015258789,79.7750015258789,60861
2023-01-23 15:55:00-05:00,79.7699966430664,79.91999816894531,79.7300033569336,79.86000061035156,79.86000061035156,165853
2023-01-24 09:30:00-05:00,80.52999877929688,80.52999877929688,79.6948013305664,79.93000030517578,79.93000030517578,29444
2023-01-24 09:35:00-05:00,79.94999694824219,80.25,79.88999938964844,80.13999938964844,80.13999938964844,24055
2023-01-24 09:40:00-05:00,80.13670349121094,80.13999938964844,79.66500091552734,79.66500091552734,79.66500091552734,25695
2023-01-24 09:45:00-05:00,79.66000366210938,79.80000305175781,79.5999984741211,79.63999938964844,79.63999938964844,18550
2023-01-24 09:50:00-05:00,79.69000244140625,79.69000244140625,79.4800033569336,79.49500274658203,79.49500274658203,13615
2023-01-24 09:55:00-05:00,79.48999786376953,79.54000091552734,79.19999694824219,79.22000122070312,79.22000122070312,33906
2023-01-24 10:00:00-05:00,79.20999908447266,79.58999633789062,79.11499786376953,79.58999633789062,79.58999633789062,13221
2023-01-24 10:05:00-05:00,79.58999633789062,79.70999908447266,79.51000213623047,79.70999908447266,79.70999908447266,9560
2023-01-24 10:10:00-05:00,79.7300033569336,79.80999755859375,79.63999938964844,79.7699966430664,79.7699966430664,8277
2023-01-24 10:15:00-05:00,79.7699966430664,79.93000030517578,79.7699966430664,79.8499984741211,79.8499984741211,6754
2023-01-24 10:20:00-05:00,79.83999633789062,79.86000061035156,79.79499816894531,79.80000305175781,79.80000305175781,6047
2023-01-24 10:25:00-05:00,79.80999755859375,79.87999725341797,79.7300033569336,79.87999725341797,79.87999725341797,7201
2023-01-24 10:30:00-05:00,79.87999725341797,80.0199966430664,79.8499984741211,79.99500274658203,79.99500274658203,7243
2023-01-24 10:35:00-05:00,79.97000122070312,80.0,79.88999938964844,80.0,80.0,6376
2023-01-24 10:40:00-05:00,80.0,80.19499969482422,79.98999786376953,80.19499969482422,80.19499969482422,6352
2023-01-24 10:45:00-05:00,80.20999908447266,80.28269958496094,80.20999908447266,80.2300033569336,80.2300033569336,9647
2023-01-24 10:50:00-05:00,80.19000244140625,80.20999908447266,80.02999877929688,80.11499786376953,80.11499786376953,14510
2023-01-24 10:55:00-05:00,80.10649871826172,80.16999816894531,80.04000091552734,80.12999725341797,80.12999725341797,5960
2023-01-24 11:00:00-05:00,80.15499877929688,80.21610260009766,80.125,80.1500015258789,80.1500015258789,7463
2023-01-24 11:05:00-05:00,80.11000061035156,80.12079620361328,80.05000305175781,80.09500122070312,80.09500122070312,7350
2023-01-24 11:10:00-05:00,80.12000274658203,80.12000274658203,79.94999694824219,80.0199966430664,80.0199966430664,9352
2023-01-24 11:15:00-05:00,80.00499725341797,80.01000213623047,79.94499969482422,79.95700073242188,79.95700073242188,4433
2023-01-24 11:20:00-05:00,79.91999816894531,80.08000183105469,79.91500091552734,80.08000183105469,80.08000183105469,5483
2023-01-24 11:25:00-05:00,80.05999755859375,80.22000122070312,80.05999755859375,80.22000122070312,80.22000122070312,10150
2023-01-24 11:30:00-05:00,80.2300033569336,80.2699966430664,80.1500015258789,80.18000030517578,80.18000030517578,7044
2023-01-24 11:35:00-05:00,80.16000366210938,80.22000122070312,80.13999938964844,80.22000122070312,80.22000122070312,5755
2023-01-24 11:40:00-05:00,80.19999694824219,80.21499633789062,80.12000274658203,80.15499877929688,80.15499877929688,6609
2023-01-24 11:45:00-05:00,80.12999725341797,80.1500015258789,80.08499908447266,80.12999725341797,80.12999725341797,6093
2023-01-24 11:50:00-05:00,80.12999725341797,80.2300033569336,80.12999725341797,80.19450378417969,80.19450378417969,6971
2023-01-24 11:55:00-05:00,80.20500183105469,80.25,80.19000244140625,80.19000244140625,80.19000244140625,5096
2023-01-24 12:00:00-05:00,80.17500305175781,80.18000030517578,79.93000030517578,80.0199966430664,80.0199966430664,7046
2023-01-24 12:05:00-05:00,80.04499816894531,80.19000244140625,80.04499816894531,80.19000244140625,80.19000244140625,6376
2023-01-24 12:10:00-05:00,80.19999694824219,80.20500183105469,80.1500015258789,80.16000366210938,80.16000366210938,6104
2023-01-24 12:15:00-05:00,80.15499877929688,80.15499877929688,80.0999984741211,80.13500213623047,80.13500213623047,5422
2023-01-24 12:20:00-05:00,80.13500213623047,80.16999816894531,80.12999725341797,80.16000366210938,80.16000366210938,3937
2023-01-24 12:25:00-05:00,80.1322021484375,80.19000244140625,80.06999969482422,80.16500091552734,80.16500091552734,6382
2023-01-24 12:30:00-05:00,80.16999816894531,80.16999816894531,80.12000274658203,80.13999938964844,80.13999938964844,3450
2023-01-24 12:35:00-05:00,80.1500015258789,80.16000366210938,80.08000183105469,80.08000183105469,80.08000183105469,6101
2023-01-24 12:40:00-05:00,80.05000305175781,80.11000061035156,80.05000305175781,80.11000061035156,80.11000061035156,3755
2023-01-24 12:45:00-05:00,80.12000274658203,80.27999877929688,80.11000061035156,80.23999786376953,80.23999786376953,8798
2023-01-24 12:50:00-05:00,80.23500061035156,80.2699966430664,80.18000030517578,80.2300033569336,80.2300033569336,16122
2023-01-24 12:55:00-05:00,80.25,80.27999877929688,80.23999786376953,80.27999877929688,80.27999877929688,7597
2023-01-24 13:00:00-05:00,80.2699966430664,80.38999938964844,80.26000213623047,80.30999755859375,80.30999755859375,4798
2023-01-24 13:05:00-05:00,80.30000305175781,80.4800033569336,80.30000305175781,80.4800033569336,80.4800033569336,4059
2023-01-24 13:10:00-05:00,80.48999786376953,80.56999969482422,80.48999786376953,80.5,80.5,5386
2023-01-24 13:15:00-05:00,80.5,80.52999877929688,80.48999786376953,80.51000213623047,80.51000213623047,4018
2023-01-24 13:20:00-05:00,80.48999786376953,80.49500274658203,80.41999816894531,80.44999694824219,80.44999694824219,5232
2023-01-24 13:25:00-05:00,80.44000244140625,80.48999786376953,80.41999816894531,80.48999786376953,80.48999786376953,5883
2023-01-24 13:30:00-05:00,80.5094985961914,80.5094985961914,80.38999938964844,80.38999938964844,80.38999938964844,7159
2023-01-24 13:35:00-05:00,80.3499984741211,80.36000061035156,80.26000213623047,80.36000061035156,80.36000061035156,8368
2023-01-24 13:40:00-05:00,80.36990356445312,80.5,80.36900329589844,80.45999908447266,80.45999908447266,6553
2023-01-24 13:45:00-05:00,80.4800033569336,80.51000213623047,80.41999816894531,80.41999816894531,80.41999816894531,4762
2023-01-24 13:50:00-05:00,80.37999725341797,80.38999938964844,80.30999755859375,80.33499908447266,80.33499908447266,4346
2023-01-24 13:55:00-05:00,80.30999755859375,80.3499984741211,80.2699966430664,80.2699966430664,80.2699966430664,6010
2023-01-24 14:00:00-05:00,80.2699966430664,80.29000091552734,80.12000274658203,80.12000274658203,80.12000274658203,6885
2023-01-24 14:05:00-05:00,80.09500122070312,80.16000366210938,80.08999633789062,80.13999938964844,80.13999938964844,5735
2023-01-24 14:10:00-05:00,80.12999725341797,80.20999908447266,80.12999725341797,80.20999908447266,80.20999908447266,5108
2023-01-24 14:15:00-05:00,80.19999694824219,80.19999694824219,80.13999938964844,80.13999938964844,80.13999938964844,7531
2023-01-24 14:20:00-05:00,80.13500213623047,80.18000030517578,80.11000061035156,80.18000030517578,80.18000030517578,11959
2023-01-24 14:25:00-05:00,80.19000244140625,80.27999877929688,80.19000244140625,80.27999877929688,80.27999877929688,6889
2023-01-24 14:30:00-05:00,80.30000305175781,80.36000061035156,80.27999877929688,80.33000183105469,80.33000183105469,10846
2023-01-24 14:35:00-05:00,80.37000274658203,80.4000015258789,80.36000061035156,80.37000274658203,80.37000274658203,2508
2023-01-24 14:40:00-05:00,80.36000061035156,80.47000122070312,80.36000061035156,80.38999938964844,80.38999938964844,9986
2023-01-24 14:45:00-05:00,80.38999938964844,80.47000122070312,80.37999725341797,80.44999694824219,80.44999694824219,7673
2023-01-24 14:50:00-05:00,80.44000244140625,80.5199966430664,80.44000244140625,80.5199966430664,80.5199966430664,12512
2023-01-24 14:55:00-05:00,80.55000305175781,80.58999633789062,80.52999877929688,80.58999633789062,80.58999633789062,10692
2023-01-24 15:00:00-05:00,80.58499908447266,80.62999725341797,80.54000091552734,80.56999969482422,80.56999969482422,11345
2023-01-24 15:05:00-05:00,80.58000183105469,80.61000061035156,80.48999786376953,80.5,80.5,8024
2023-01-24 15:10:00-05:00,80.49500274658203,80.55000305175781,80.48999786376953,80.5,80.5,9775
2023-01-24 15:15:00-05:00,80.47000122070312,80.4800033569336,80.4000015258789,80.47000122070312,80.47000122070312,9480
2023-01-24 15:20:00-05:00,80.45999908447266,80.52999877929688,80.45999908447266,80.5199966430664,80.5199966430664,11435
2023-01-24 15:25:00-05:00,80.5,80.55500030517578,80.44000244140625,80.51000213623047,80.51000213623047,11666
2023-01-24 15:30:00-05:00,80.5,80.50499725341797,80.37000274658203,80.4000015258789,80.4000015258789,13705
2023-01-24 15:35:00-05:00,80.37999725341797,80.48999786376953,80.37000274658203,80.4800033569336,80.4800033569336,14731
2023-01-24 15:40:00-05:00,80.46099853515625,80.4800033569336,80.33000183105469,80.41000366210938,80.41000366210938,19731
2023-01-24 15:45:00-05:00,80.41000366210938,80.45999908447266,80.37000274658203,80.45999908447266,80.45999908447266,34527
2023-01-24 15:50:00-05:00,80.44999694824219,80.44999694824219,80.2699966430664,80.44000244140625,80.44000244140625,63480
2023-01-24 15:55:00-05:00,80.44000244140625,80.4800033569336,80.2300033569336,80.25,80.25,127013
2023-01-25 09:30:00-05:00,79.5999984741211,79.5999984741211,79.27980041503906,79.27980041503906,79.27980041503906,10470
2023-01-25 09:35:00-05:00,79.36000061035156,79.44999694824219,79.3499984741211,79.44999694824219,79.44999694824219,5450
2023-01-25 09:40:00-05:00,79.47000122070312,79.70999908447266,79.38999938964844,79.70999908447266,79.70999908447266,5533
2023-01-25 09:45:00-05:00,79.68000030517578,79.68000030517578,79.51000213623047,79.5199966430664,79.5199966430664,11186
2023-01-25 09:50:00-05:00,79.58000183105469,79.58000183105469,79.44999694824219,79.44999694824219,79.44999694824219,7996
2023-01-25 09:55:00-05:00,79.44999694824219,79.47000122070312,79.33999633789062,79.34500122070312,79.34500122070312,8118
2023-01-25 10:00:00-05:00,79.36499786376953,79.76000213623047,79.36000061035156,79.76000213623047,79.76000213623047,7425
2023-01-25 10:05:00-05:00,79.7300033569336,79.9800033569336,79.69000244140625,79.72000122070312,79.72000122070312,9092
2023-01-25 10:10:00-05:00,79.73999786376953,79.80000305175781,79.62999725341797,79.62999725341797,79.62999725341797,12657
2023-01-25 10:15:00-05:00,79.62000274658203,79.66500091552734,79.51000213623047,79.625,79.625,18145
2023-01-25 10:20:00-05:00,79.59500122070312,79.62999725341797,79.41000366210938,79.41000366210938,79.41000366210938,17267
2023-01-25 10:25:00-05:00,79.4000015258789,79.52999877929688,79.37000274658203,79.37999725341797,79.37999725341797,14132
2023-01-25 10:30:00-05:00,79.4000015258789,79.4800033569336,79.33000183105469,79.38999938964844,79.38999938964844,21849
2023-01-25 10:35:00-05:00,79.38999938964844,79.45999908447266,79.1500015258789,79.16000366210938,79.16000366210938,11406
2023-01-25 10:40:00-05:00,79.12999725341797,79.18000030517578,79.0999984741211,79.16999816894531,79.16999816894531,17015
2023-01-25 10:45:00-05:00,79.13999938964844,79.16999816894531,78.94000244140625,78.97000122070312,78.97000122070312,16859
2023-01-25 10:50:00-05:00,78.91999816894531,79.00029754638672,78.88999938964844,78.93000030517578,78.93000030517578,16687
2023-01-25 10:55:00-05:00,78.95999908447266,79.04000091552734,78.93000030517578,79.0,79.0,11596
2023-01-25 11:00:00-05:00,79.01000213623047,79.11000061035156,79.01000213623047,79.05000305175781,79.05000305175781,10486
2023-01-25 11:05:00-05:00,79.12999725341797,79.19000244140625,79.08000183105469,79.13999938964844,79.13999938964844,9304
2023-01-25 11:10:00-05:00,79.12999725341797,79.1500015258789,78.94000244140625,78.98999786376953,78.98999786376953,11859
2023-01-25 11:15:00-05:00,78.98999786376953,79.08999633789062,78.95999908447266,79.08999633789062,79.08999633789062,10399
2023-01-25 11:20:00-05:00,79.1500015258789,79.2300033569336,79.08000183105469,79.2300033569336,79.2300033569336,13614
2023-01-25 11:25:00-05:00,79.23999786376953,79.38999938964844,79.19999694824219,79.37999725341797,79.37999725341797,8955
2023-01-25 11:30:00-05:00,79.38999938964844,79.42500305175781,79.3499984741211,79.3949966430664,79.3949966430664,10707
2023-01-25 11:35:00-05:00,79.36000061035156,79.41999816894531,79.33999633789062,79.37000274658203,79.37000274658203,9717
2023-01-25 11:40:00-05:00,79.37000274658203,79.37000274658203,79.2300033569336,79.2300033569336,79.2300033569336,12290
2023-01-25 11:45:00-05:00,79.2300033569336,79.25499725341797,79.16000366210938,79.19999694824219,79.19999694824219,12199
2023-01-25 11:50:00-05:00,79.20999908447266,79.36000061035156,79.19999694824219,79.33000183105469,79.33000183105469,12975
2023-01-25 11:55:00-05:00,79.30999755859375,79.38999938964844,79.30999755859375,79.3416976928711,79.3416976928711,8469
2023-01-25 12:00:00-05:00,79.33999633789062,79.33999633789062,79.19999694824219,79.20999908447266,79.20999908447266,6103
2023-01-25 12:05:00-05:00,79.19999694824219,79.19999694824219,79.09500122070312,79.19000244140625,79.19000244140625,13797
2023-01-25 12:10:00-05:00,79.20999908447266,79.22750091552734,79.12999725341797,79.13999938964844,79.13999938964844,8442
2023-01-25 12:15:00-05:00,79.1500015258789,79.24500274658203,79.05999755859375,79.05999755859375,79.05999755859375,11247
2023-01-25 12:20:00-05:00,79.07499694824219,79.16999816894531,79.05000305175781,79.16999816894531,79.16999816894531,10475
2023-01-25 12:25:00-05:00,79.1500015258789,79.19000244140625,79.12000274658203,79.12000274658203,79.12000274658203,10852
2023-01-25 12:30:00-05:00,79.1500015258789,79.16500091552734,79.0999984741211,79.0999984741211,79.0999984741211,17136
2023-01-25 12:35:00-05:00,79.0999984741211,79.12000274658203,79.0199966430664,79.08000183105469,79.08000183105469,57262
2023-01-25 12:40:00-05:00,79.08000183105469,79.16000366210938,79.0199966430664,79.12000274658203,79.12000274658203,50824
2023-01-25 12:45:00-05:00,79.12999725341797,79.23500061035156,79.06999969482422,79.08000183105469,79.08000183105469,17782
2023-01-25 12:50:00-05:00,79.08999633789062,79.2699966430664,79.05000305175781,79.19999694824219,79.19999694824219,68673
2023-01-25 12:55:00-05:00,79.20999908447266,79.22000122070312,79.02999877929688,79.12000274658203,79.12000274658203,24810
2023-01-25 13:00:00-05:00,79.13999938964844,79.2750015258789,79.11000061035156,79.20500183105469,79.20500183105469,22405
2023-01-25 13:05:00-05:00,79.19499969482422,79.3499984741211,79.19000244140625,79.30000305175781,79.30000305175781,9171
2023-01-25 13:10:00-05:00,79.29000091552734,79.36000061035156,79.26000213623047,79.33000183105469,79.33000183105469,17464
2023-01-25 13:15:00-05:00,79.31999969482422,79.33000183105469,79.25499725341797,79.33000183105469,79.33000183105469,9720
2023-01-25 13:20:00-05:00,79.33000183105469,79.45490264892578,79.31999969482422,79.3550033569336,79.3550033569336,13007
2023-01-25 13:25:00-05:00,79.38999938964844,79.43000030517578,79.38999938964844,79.41500091552734,79.41500091552734,11688
2023-01-25 13:30:00-05:00,79.41000366210938,79.44999694824219,79.32499694824219,79.3499984741211,79.3499984741211,14289
2023-01-25 13:35:00-05:00,79.34500122070312,79.43000030517578,79.34500122070312,79.4000015258789,79.4000015258789,8785
2023-01-25 13:40:00-05:00,79.38999938964844,79.42500305175781,79.36000061035156,79.36000061035156,79.36000061035156,12580
2023-01-25 13:45:00-05:00,79.36000061035156,79.42500305175781,79.31999969482422,79.41999816894531,79.41999816894531,21963
2023-01-25 13:50:00-05:00,79.41999816894531,79.43000030517578,79.31999969482422,79.31999969482422,79.31999969482422,17903
2023-01-25 13:55:00-05:00,79.33000183105469,79.44999694824219,79.31999969482422,79.44999694824219,79.44999694824219,7095
2023-01-25 14:00:00-05:00,79.45999908447266,79.54000091552734,79.44000244140625,79.47000122070312,79.47000122070312,15824
2023-01-25 14:05:00-05:00,79.4800033569336,79.5999984741211,79.41999816894531,79.52999877929688,79.52999877929688,115734
2023-01-25 14:10:00-05:00,79.54000091552734,79.62999725341797,79.5199966430664,79.625,79.625,12106
2023-01-25 14:15:00-05:00,79.63999938964844,79.75,79.63999938964844,79.7300033569336,79.7300033569336,10443
2023-01-25 14:20:00-05:00,79.72000122070312,79.72000122070312,79.5199966430664,79.5199966430664,79.5199966430664,16087
2023-01-25 14:25:00-05:00,79.51499938964844,79.51499938964844,79.37999725341797,79.43000030517578,79.43000030517578,13754
2023-01-25 14:30:00-05:00,79.41000366210938,79.43000030517578,79.31999969482422,79.33000183105469,79.33000183105469,12501
2023-01-25 14:35:00-05:00,79.30999755859375,79.33999633789062,79.24500274658203,79.33999633789062,79.33999633789062,17825
2023-01-25 14:40:00-05:00,79.33999633789062,79.41000366210938,79.33999633789062,79.38999938964844,79.38999938964844,11657
2023-01-25 14:45:00-05:00,79.37999725341797,79.44000244140625,79.33000183105469,79.43000030517578,79.43000030517578,15524
2023-01-25 14:50:00-05:00,79.42500305175781,79.47000122070312,79.4000015258789,79.45999908447266,79.45999908447266,12382
2023-01-25 14:55:00-05:00,79.45500183105469,79.54000091552734,79.3499984741211,79.36000061035156,79.36000061035156,13826
2023-01-25 15:00:00-05:00,79.37000274658203,79.54000091552734,79.37000274658203,79.51499938964844,79.51499938964844,14201
2023-01-25 15:05:00-05:00,79.51000213623047,79.66500091552734,79.45500183105469,79.62999725341797,79.62999725341797,38263
2023-01-25 15:10:00-05:00,79.63999938964844,79.63999938964844,79.54000091552734,79.55999755859375,79.55999755859375,16313
2023-01-25 15:15:00-05:00,79.56999969482422,79.66999816894531,79.54000091552734,79.66000366210938,79.66000366210938,9763
2023-01-25 15:20:00-05:00,79.65499877929688,79.76000213623047,79.6500015258789,79.73500061035156,79.73500061035156,10571
2023-01-25 15:25:00-05:00,79.7300033569336,79.79000091552734,79.68000030517578,79.79000091552734,79.79000091552734,24722
2023-01-25 15:30:00-05:00,79.80999755859375,79.91999816894531,79.80999755859375,79.91000366210938,79.91000366210938,19971
2023-01-25 15:35:00-05:00,79.9000015258789,79.9749984741211,79.83999633789062,79.96499633789062,79.96499633789062,38369
2023-01-25 15:40:00-05:00,79.95999908447266,79.97000122070312,79.86000061035156,79.91999816894531,79.91999816894531,34959
2023-01-25 15:45:00-05:00,79.91000366210938,79.91000366210938,79.80500030517578,79.83999633789062,79.83999633789062,36846
2023-01-25 15:50:00-05:00,79.83000183105469,79.83999633789062,79.69000244140625,79.73999786376953,79.73999786376953,68258
2023-01-25 15:55:00-05:00,79.75,79.86000061035156,79.68000030517578,79.70999908447266,79.70999908447266,160191
2023-01-26 09:30:00-05:00,79.48999786376953,79.69999694824219,79.30500030517578,79.56999969482422,79.56999969482422,24154
2023-01-26 09:35:00-05:00,79.6050033569336,79.8499984741211,79.55500030517578,79.80000305175781,79.80000305175781,8815
2023-01-26 09:40:00-05:00,79.81500244140625,80.01000213623047,79.76000213623047,79.94000244140625,79.94000244140625,17736
2023-01-26 09:45:00-05:00,79.94000244140625,80.01000213623047,79.8550033569336,79.95999908447266,79.95999908447266,13277
2023-01-26 09:50:00-05:00,80.0,80.17500305175781,79.94999694824219,80.12999725341797,80.12999725341797,17458
2023-01-26 09:55:00-05:00,80.12999725341797,80.12999725341797,79.91999816894531,80.05999755859375,80.05999755859375,10586
2023-01-26 10:00:00-05:00,80.11000061035156,80.30999755859375,79.99500274658203,80.30999755859375,80.30999755859375,13637
2023-01-26 10:05:00-05:00,80.3499984741211,80.3499984741211,80.26000213623047,80.29000091552734,80.29000091552734,8836
2023-01-26 10:10:00-05:00,80.30500030517578,80.55000305175781,80.2699966430664,80.52999877929688,80.52999877929688,16808
2023-01-26 10:15:00-05:00,80.55000305175781,80.66000366210938,80.5,80.62000274658203,80.62000274658203,54627
2023-01-26 10:20:00-05:00,80.62000274658203,80.67990112304688,80.51000213623047,80.61000061035156,80.61000061035156,19809
2023-01-26 10:25:00-05:00,80.62999725341797,80.75,80.61000061035156,80.69000244140625,80.69000244140625,12761
2023-01-26 10:30:00-05:00,80.68000030517578,80.69000244140625,80.47000122070312,80.5199966430664,80.5199966430664,16082
2023-01-26 10:35:00-05:00,80.51000213623047,80.51000213623047,80.2249984741211,80.29000091552734,80.29000091552734,11370
2023-01-26 10:40:00-05:00,80.3499984741211,80.37000274658203,80.27999877929688,80.33000183105469,80.33000183105469,5749
2023-01-26 10:45:00-05:00,80.31999969482422,80.52999877929688,80.31999969482422,80.52999877929688,80.52999877929688,7538
2023-01-26 10:50:00-05:00,80.53500366210938,80.55000305175781,80.37999725341797,80.44000244140625,80.44000244140625,13765
2023-01-26 10:55:00-05:00,80.44999694824219,80.44999694824219,80.30999755859375,80.44000244140625,80.44000244140625,8838
2023-01-26 11:00:00-05:00,80.44000244140625,80.55000305175781,80.44000244140625,80.5,80.5,5841
2023-01-26 11:05:00-05:00,80.5199966430664,80.58000183105469,80.48999786376953,80.58000183105469,80.58000183105469,5754
2023-01-26 11:10:00-05:00,80.5999984741211,80.62999725341797,80.4800033569336,80.57499694824219,80.57499694824219,19610
2023-01-26 11:15:00-05:00,80.58999633789062,80.5999984741211,80.4000015258789,80.44999694824219,80.44999694824219,17243
2023-01-26 11:20:00-05:00,80.44000244140625,80.44000244140625,80.23999786376953,80.23999786376953,80.23999786376953,8815
2023-01-26 11:25:00-05:00,80.26000213623047,80.37000274658203,80.26000213623047,80.37000274658203,80.37000274658203,7898
2023-01-26 11:30:00-05:00,80.3949966430664,80.42500305175781,80.37999725341797,80.41999816894531,80.41999816894531,4208
2023-01-26 11:35:00-05:00,80.41500091552734,80.43000030517578,80.27999877929688,80.29000091552734,80.29000091552734,12283
2023-01-26 11:40:00-05:00,80.2699966430664,80.30999755859375,80.23999786376953,80.25499725341797,80.25499725341797,4619
2023-01-26 11:45:00-05:00,80.2699966430664,80.36000061035156,80.26000213623047,80.3499984741211,80.3499984741211,4997
2023-01-26 11:50:00-05:00,80.4000015258789,80.4000015258789,80.33999633789062,80.33999633789062,80.33999633789062,8554
2023-01-26 11:55:00-05:00,80.33000183105469,80.45999908447266,80.30000305175781,80.45999908447266,80.45999908447266,9890
2023-01-26 12:00:00-05:00,80.48999786376953,80.5199966430664,80.45500183105469,80.5199966430664,80.5199966430664,3108
2023-01-26 12:05:00-05:00,80.51499938964844,80.55000305175781,80.44000244140625,80.52999877929688,80.52999877929688,8080
2023-01-26 12:10:00-05:00,80.54000091552734,80.55999755859375,80.47000122070312,80.47000122070312,80.47000122070312,7115
2023-01-26 12:15:00-05:00,80.45999908447266,80.5,80.41999816894531,80.47000122070312,80.47000122070312,4024
2023-01-26 12:20:00-05:00,80.51000213623047,80.52999877929688,80.43000030517578,80.45999908447266,80.45999908447266,5729
2023-01-26 12:25:00-05:00,80.45999908447266,80.45999908447266,80.37000274658203,80.44000244140625,80.44000244140625,4428
2023-01-26 12:30:00-05:00,80.43000030517578,80.45500183105469,80.4000015258789,80.44999694824219,80.44999694824219,5295
2023-01-26 12:35:00-05:00,80.44000244140625,80.54000091552734,80.44000244140625,80.54000091552734,80.54000091552734,4387
2023-01-26 12:40:00-05:00,80.52999877929688,80.55500030517578,80.47000122070312,80.4749984741211,80.4749984741211,7344
2023-01-26 12:45:00-05:00,80.45999908447266,80.4800033569336,80.33000183105469,80.3499984741211,80.3499984741211,11584
2023-01-26 12:50:00-05:00,80.36000061035156,80.45999908447266,80.36000061035156,80.40499877929688,80.40499877929688,5268
2023-01-26 12:55:00-05:00,80.37999725341797,80.37999725341797,80.31999969482422,80.32499694824219,80.32499694824219,5412
2023-01-26 13:00:00-05:00,80.31999969482422,80.45999908447266,80.30999755859375,80.44000244140625,80.44000244140625,8710
2023-01-26 13:05:00-05:00,80.43000030517578,80.44999694824219,80.38999938964844,80.44999694824219,80.44999694824219,5084
2023-01-26 13:10:00-05:00,80.45999908447266,80.45999908447266,80.4000015258789,80.44000244140625,80.44000244140625,8398
2023-01-26 13:15:00-05:00,80.40499877929688,80.41999816894531,80.36000061035156,80.37000274658203,80.37000274658203,6113
2023-01-26 13:20:00-05:00,80.37000274658203,80.45999908447266,80.36000061035156,80.45500183105469,80.45500183105469,6307
2023-01-26 13:25:00-05:00,80.45999908447266,80.47000122070312,80.43000030517578,80.44999694824219,80.44999694824219,7194
2023-01-26 13:30:00-05:00,80.4800033569336,80.48999786376953,80.41999816894531,80.42500305175781,80.42500305175781,7276
2023-01-26 13:35:00-05:00,80.43000030517578,80.52999877929688,80.41169738769531,80.52999877929688,80.52999877929688,7338
2023-01-26 13:40:00-05:00,80.5199966430664,80.58499908447266,80.5199966430664,80.55000305175781,80.55000305175781,6596
2023-01-26 13:45:00-05:00,80.55500030517578,80.5999984741211,80.51000213623047,80.51000213623047,80.51000213623047,10416
2023-01-26 13:50:00-05:00,80.5,80.5,80.4000015258789,80.4000015258789,80.4000015258789,5973
2023-01-26 13:55:00-05:00,80.37999725341797,80.43000030517578,80.37000274658203,80.38999938964844,80.38999938964844,7949
2023-01-26 14:00:00-05:00,80.37999725341797,80.43000030517578,80.31999969482422,80.41000366210938,80.41000366210938,12163
2023-01-26 14:05:00-05:00,80.41999816894531,80.47000122070312,80.375,80.45999908447266,80.45999908447266,9836
2023-01-26 14:10:00-05:00,80.47000122070312,80.48999786376953,80.44999694824219,80.47000122070312,80.47000122070312,7550
2023-01-26 14:15:00-05:00,80.45999908447266,80.47000122070312,80.42500305175781,80.43000030517578,80.43000030517578,8769
2023-01-26 14:20:00-05:00,80.42500305175781,80.52999877929688,80.42500305175781,80.43000030517578,80.43000030517578,10310
2023-01-26 14:25:00-05:00,80.43000030517578,80.43000030517578,80.30999755859375,80.33999633789062,80.33999633789062,8885
2023-01-26 14:30:00-05:00,80.37999725341797,80.4749984741211,80.36000061035156,80.46499633789062,80.46499633789062,11067
2023-01-26 14:35:00-05:00,80.47000122070312,80.47000122070312,80.41000366210938,80.41000366210938,80.41000366210938,7950
2023-01-26 14:40:00-05:00,80.4000015258789,80.43000030517578,80.36499786376953,80.36499786376953,80.36499786376953,9123
2023-01-26 14:45:00-05:00,80.37000274658203,80.37999725341797,80.25,80.26000213623047,80.26000213623047,12779
2023-01-26 14:50:00-05:00,80.22000122070312,80.26000213623047,80.19999694824219,80.22000122070312,80.22000122070312,10707
2023-01-26 14:55:00-05:00,80.22000122070312,80.24500274658203,80.19999694824219,80.20999908447266,80.20999908447266,9825
2023-01-26 15:00:00-05:00,80.20999908447266,80.25,80.16999816894531,80.25,80.25,9474
2023-01-26 15:05:00-05:00,80.26000213623047,80.29499816894531,80.23999786376953,80.29499816894531,80.29499816894531,9704
2023-01-26 15:10:00-05:00,80.30000305175781,80.44999694824219,80.30000305175781,80.44999694824219,80.44999694824219,10221
2023-01-26 15:15:00-05:00,80.44499969482422,80.48500061035156,80.44000244140625,80.44999694824219,80.44999694824219,12959
2023-01-26 15:20:00-05:00,80.43000030517578,80.43000030517578,80.33499908447266,80.38999938964844,80.38999938964844,17161
2023-01-26 15:25:00-05:00,80.37999725341797,80.41000366210938,80.31999969482422,80.31999969482422,80.31999969482422,11104
2023-01-26 15:30:00-05:00,80.30999755859375,80.37000274658203,80.26000213623047,80.3550033569336,80.3550033569336,20454
2023-01-26 15:35:00-05:00,80.3499984741211,80.41000366210938,80.25,80.27999877929688,80.27999877929688,23488
2023-01-26 15:40:00-05:00,80.27999877929688,80.3499984741211,80.27999877929688,80.33000183105469,80.33000183105469,20198
2023-01-26 15:45:00-05:00,80.33000183105469,80.45999908447266,80.29499816894531,80.45999908447266,80.45999908447266,29646
2023-01-26 15:50:00-05:00,80.45999908447266,80.47000122070312,80.19000244140625,80.25499725341797,80.25499725341797,58016
2023-01-26 15:55:00-05:00,80.25,80.33999633789062,80.22000122070312,80.33000183105469,80.33000183105469,100620
2023-01-27 09:30:00-05:00,80.08000183105469,80.1500015258789,79.55999755859375,79.67040252685547,79.67040252685547,10655
2023-01-27 09:35:00-05:00,79.5999984741211,79.76000213623047,79.5999984741211,79.66000366210938,79.66000366210938,3667
2023-01-27 09:40:00-05:00,79.65380096435547,79.91999816894531,79.62000274658203,79.91000366210938,79.91000366210938,14179
2023-01-27 09:45:00-05:00,79.93000030517578,80.08000183105469,79.86000061035156,80.02999877929688,80.02999877929688,21203
2023-01-27 09:50:00-05:00,80.02999877929688,80.125,79.88999938964844,80.125,80.125,22140
2023-01-27 09:55:00-05:00,80.04000091552734,80.06999969482422,79.96499633789062,79.96499633789062,79.96499633789062,7167
2023-01-27 10:00:00-05:00,80.0,80.16000366210938,79.87000274658203,80.12999725341797,80.12999725341797,9814
2023-01-27 10:05:00-05:00,80.0999984741211,80.15499877929688,80.0999984741211,80.1500015258789,80.1500015258789,2722
2023-01-27 10:10:00-05:00,80.125,80.20999908447266,80.0999984741211,80.20999908447266,80.20999908447266,66165
2023-01-27 10:15:00-05:00,80.19000244140625,80.27999877929688,80.19000244140625,80.2699966430664,80.2699966430664,10843
2023-01-27 10:20:00-05:00,80.2853012084961,80.33999633789062,80.25,80.30999755859375,80.30999755859375,19761
2023-01-27 10:25:00-05:00,80.31500244140625,80.41500091552734,80.26000213623047,80.38999938964844,80.38999938964844,23133
2023-01-27 10:30:00-05:00,80.48999786376953,80.55000305175781,80.41999816894531,80.5,80.5,20988
2023-01-27 10:35:00-05:00,80.48999786376953,80.55000305175781,80.44000244140625,80.46499633789062,80.46499633789062,9239
2023-01-27 10:40:00-05:00,80.4800033569336,80.4800033569336,80.31500244140625,80.33999633789062,80.33999633789062,12383
2023-01-27 10:45:00-05:00,80.34349822998047,80.36000061035156,80.13999938964844,80.13999938964844,80.13999938964844,5573
2023-01-27 10:50:00-05:00,80.11000061035156,80.23999786376953,80.11000061035156,80.18000030517578,80.18000030517578,16550
2023-01-27 10:55:00-05:00,80.16999816894531,80.22000122070312,80.15579986572266,80.22000122070312,80.22000122070312,8443
2023-01-27 11:00:00-05:00,80.20500183105469,80.2300033569336,80.15499877929688,80.19000244140625,80.19000244140625,5685
2023-01-27 11:05:00-05:00,80.19999694824219,80.23999786376953,80.11000061035156,80.13999938964844,80.13999938964844,8174
2023-01-27 11:10:00-05:00,80.14769744873047,80.14769744873047,80.0250015258789,80.05000305175781,80.05000305175781,5139
2023-01-27 11:15:00-05:00,80.01000213623047,80.18000030517578,80.01000213623047,80.1500015258789,80.1500015258789,4380
2023-01-27 11:20:00-05:00,80.16000366210938,80.18499755859375,80.12999725341797,80.13999938964844,80.13999938964844,3455
2023-01-27 11:25:00-05:00,80.13999938964844,80.13999938964844,80.08000183105469,80.08000183105469,80.08000183105469,3767
2023-01-27 11:30:00-05:00,80.06999969482422,80.22000122070312,80.06999969482422,80.22000122070312,80.22000122070312,4412
2023-01-27 11:35:00-05:00,80.19000244140625,80.2300033569336,80.16000366210938,80.22000122070312,80.22000122070312,3935
2023-01-27 11:40:00-05:00,80.2750015258789,80.36000061035156,80.26000213623047,80.3550033569336,80.3550033569336,7215
2023-01-27 11:45:00-05:00,80.33999633789062,80.44730377197266,80.33999633789062,80.44730377197266,80.44730377197266,9343
2023-01-27 11:50:00-05:00,80.44000244140625,80.5199966430664,80.44000244140625,80.46499633789062,80.46499633789062,12179
2023-01-27 11:55:00-05:00,80.47000122070312,80.72000122070312,80.47000122070312,80.66999816894531,80.66999816894531,8205
2023-01-27 12:00:00-05:00,80.69000244140625,80.76000213623047,80.68000030517578,80.69000244140625,80.69000244140625,15087
2023-01-27 12:05:00-05:00,80.70999908447266,80.79000091552734,80.70999908447266,80.73999786376953,80.73999786376953,9306
2023-01-27 12:10:00-05:00,80.75,80.79000091552734,80.73500061035156,80.75,80.75,6590
2023-01-27 12:15:00-05:00,80.7699966430664,80.9000015258789,80.7699966430664,80.9000015258789,80.9000015258789,5705
2023-01-27 12:20:00-05:00,80.88500213623047,80.92500305175781,80.83000183105469,80.91999816894531,80.91999816894531,7557
2023-01-27 12:25:00-05:00,80.93000030517578,80.94000244140625,80.80000305175781,80.81999969482422,80.81999969482422,11042
2023-01-27 12:30:00-05:00,80.81999969482422,80.94000244140625,80.79000091552734,80.94000244140625,80.94000244140625,13703
2023-01-27 12:35:00-05:00,80.94999694824219,81.0199966430664,80.87999725341797,80.9000015258789,80.9000015258789,9814
2023-01-27 12:40:00-05:00,80.91500091552734,80.94999694824219,80.86000061035156,80.87999725341797,80.87999725341797,8612
2023-01-27 12:45:00-05:00,80.87000274658203,81.01000213623047,80.87000274658203,81.0,81.0,22914
2023-01-27 12:50:00-05:00,80.97000122070312,81.0,80.87999725341797,80.94000244140625,80.94000244140625,15945
2023-01-27 12:55:00-05:00,80.93000030517578,81.0,80.91500091552734,80.9800033569336,80.9800033569336,8844
2023-01-27 13:00:00-05:00,81.0,81.07499694824219,80.93000030517578,80.95999908447266,80.95999908447266,24282
2023-01-27 13:05:00-05:00,80.9800033569336,81.12999725341797,80.95999908447266,81.08000183105469,81.08000183105469,17965
2023-01-27 13:10:00-05:00,81.07499694824219,81.0999984741211,81.0199966430664,81.06500244140625,81.06500244140625,22180
2023-01-27 13:15:00-05:00,81.08000183105469,81.18000030517578,81.05999755859375,81.16999816894531,81.16999816894531,17068
2023-01-27 13:20:00-05:00,81.18000030517578,81.19999694824219,81.12999725341797,81.17500305175781,81.17500305175781,10858
2023-01-27 13:25:00-05:00,81.1500015258789,81.16000366210938,80.98999786376953,81.0999984741211,81.0999984741211,16679
2023-01-27 13:30:00-05:00,81.11000061035156,81.19999694824219,81.1050033569336,81.16000366210938,81.16000366210938,20934
2023-01-27 13:35:00-05:00,81.16999816894531,81.19999694824219,81.12000274658203,81.18000030517578,81.18000030517578,78357
2023-01-27 13:40:00-05:00,81.18060302734375,81.18060302734375,80.8499984741211,80.87999725341797,80.87999725341797,14087
2023-01-27 13:45:00-05:00,80.79000091552734,80.87000274658203,80.77999877929688,80.81999969482422,80.81999969482422,8709
2023-01-27 13:50:00-05:00,80.80999755859375,80.81500244140625,80.70999908447266,80.76000213623047,80.76000213623047,8267
2023-01-27 13:55:00-05:00,80.73999786376953,80.83999633789062,80.73999786376953,80.83000183105469,80.83000183105469,10116
2023-01-27 14:00:00-05:00,80.88999938964844,80.95999908447266,80.87999725341797,80.94000244140625,80.94000244140625,8404
2023-01-27 14:05:00-05:00,80.94999694824219,80.97000122070312,80.84490203857422,80.88500213623047,80.88500213623047,9426
2023-01-27 14:10:00-05:00,80.88999938964844,81.04499816894531,80.88999938964844,81.04000091552734,81.04000091552734,7366
2023-01-27 14:15:00-05:00,81.04000091552734,81.05000305175781,80.94999694824219,81.05000305175781,81.05000305175781,9795
2023-01-27 14:20:00-05:00,81.06999969482422,81.08000183105469,80.9800033569336,80.98500061035156,80.98500061035156,7242
2023-01-27 14:25:00-05:00,80.97000122070312,81.08000183105469,80.97000122070312,81.0,81.0,6999
2023-01-27 14:30:00-05:00,81.00499725341797,81.07499694824219,80.98999786376953,81.04000091552734,81.04000091552734,6871
2023-01-27 14:35:00-05:00,81.04000091552734,81.04000091552734,80.9800033569336,81.0199966430664,81.0199966430664,6846
2023-01-27 14:40:00-05:00,81.02999877929688,81.05999755859375,80.99500274658203,81.05999755859375,81.05999755859375,7915
2023-01-27 14:45:00-05:00,81.04000091552734,81.08999633789062,81.02999877929688,81.06999969482422,81.06999969482422,8289
2023-01-27 14:50:00-05:00,81.06500244140625,81.08999633789062,81.0199966430664,81.05000305175781,81.05000305175781,6971
2023-01-27 14:55:00-05:00,81.05000305175781,81.11000061035156,81.05000305175781,81.05999755859375,81.05999755859375,6182
2023-01-27 15:00:00-05:00,81.05000305175781,81.06999969482422,81.04000091552734,81.06999969482422,81.06999969482422,7767
2023-01-27 15:05:00-05:00,81.08000183105469,81.08999633789062,81.0199966430664,81.06500244140625,81.06500244140625,9036
2023-01-27 15:10:00-05:00,81.05999755859375,81.11000061035156,80.94000244140625,80.94000244140625,80.94000244140625,8659
2023-01-27 15:15:00-05:00,80.94000244140625,80.9800033569336,80.94000244140625,80.95999908447266,80.95999908447266,14028
2023-01-27 15:20:00-05:00,80.95999908447266,80.98999786376953,80.88999938964844,80.98999786376953,80.98999786376953,13362
2023-01-27 15:25:00-05:00,80.97000122070312,80.97000122070312,80.87999725341797,80.91999816894531,80.91999816894531,15143
2023-01-27 15:30:00-05:00,80.91999816894531,81.08000183105469,80.91000366210938,81.08000183105469,81.08000183105469,15134
2023-01-27 15:35:00-05:00,81.08000183105469,81.16999816894531,81.01499938964844,81.1500015258789,81.1500015258789,56235
2023-01-27 15:40:00-05:00,81.16000366210938,81.2300033569336,81.05999755859375,81.06999969482422,81.06999969482422,20924
2023-01-27 15:45:00-05:00,81.08000183105469,81.08000183105469,80.91000366210938,80.91000366210938,80.91000366210938,21661
2023-01-27 15:50:00-05:00,80.93000030517578,80.95999908447266,80.75,80.79000091552734,80.79000091552734,38801
2023-01-27 15:55:00-05:00,80.80000305175781,80.94999694824219,80.75,80.93000030517578,80.93000030517578,141455
2023-01-30 09:30:00-05:00,80.77999877929688,81.05999755859375,80.62000274658203,81.05999755859375,81.05999755859375,20795
2023-01-30 09:35:00-05:00,81.05999755859375,81.12000274658203,80.9800033569336,81.08000183105469,81.08000183105469,12804
2023-01-30 09:40:00-05:00,81.05000305175781,81.19999694824219,81.02999877929688,81.16500091552734,81.16500091552734,12623
2023-01-30 09:45:00-05:00,81.18000030517578,81.37000274658203,81.16999816894531,81.2300033569336,81.2300033569336,9745
2023-01-30 09:50:00-05:00,81.2300033569336,81.30999755859375,81.16000366210938,81.23999786376953,81.23999786376953,10599
2023-01-30 09:55:00-05:00,81.25,81.37999725341797,81.23159790039062,81.37999725341797,81.37999725341797,7973
2023-01-30 10:00:00-05:00,81.37000274658203,81.5,81.37000274658203,81.48999786376953,81.48999786376953,10350
2023-01-30 10:05:00-05:00,81.4800033569336,81.73999786376953,81.4800033569336,81.70999908447266,81.70999908447266,12274
2023-01-30 10:10:00-05:00,81.69999694824219,81.72000122070312,81.58999633789062,81.62999725341797,81.62999725341797,13933
2023-01-30 10:15:00-05:00,81.6500015258789,81.8499984741211,81.62000274658203,81.80999755859375,81.80999755859375,22791
2023-01-30 10:20:00-05:00,81.80999755859375,81.81999969482422,81.68000030517578,81.7750015258789,81.7750015258789,27795
2023-01-30 10:25:00-05:00,81.79000091552734,81.9800033569336,81.79000091552734,81.97000122070312,81.97000122070312,15552
2023-01-30 10:30:00-05:00,81.9749984741211,81.98999786376953,81.7300033569336,81.7300033569336,81.7300033569336,18536
2023-01-30 10:35:00-05:00,81.70999908447266,81.83999633789062,81.69000244140625,81.83999633789062,81.83999633789062,12015
2023-01-30 10:40:00-05:00,81.80999755859375,81.80999755859375,81.68000030517578,81.73999786376953,81.73999786376953,14893
2023-01-30 10:45:00-05:00,81.7300033569336,81.7300033569336,81.55999755859375,81.62999725341797,81.62999725341797,12359
2023-01-30 10:50:00-05:00,81.61000061035156,81.63999938964844,81.51000213623047,81.51000213623047,81.51000213623047,13094
2023-01-30 10:55:00-05:00,81.51000213623047,81.5999984741211,81.45999908447266,81.54000091552734,81.54000091552734,10578
2023-01-30 11:00:00-05:00,81.52999877929688,81.62999725341797,81.52999877929688,81.62999725341797,81.62999725341797,13254
2023-01-30 11:05:00-05:00,81.6500015258789,81.66999816894531,81.52999877929688,81.56999969482422,81.56999969482422,11292
2023-01-30 11:10:00-05:00,81.56999969482422,81.7300033569336,81.51000213623047,81.72000122070312,81.72000122070312,14334
2023-01-30 11:15:00-05:00,81.70999908447266,81.80000305175781,81.70999908447266,81.72000122070312,81.72000122070312,11787
2023-01-30 11:20:00-05:00,81.70999908447266,81.7699966430664,81.68000030517578,81.69000244140625,81.69000244140625,16678
2023-01-30 11:25:00-05:00,81.68000030517578,81.68000030517578,81.58499908447266,81.68000030517578,81.68000030517578,20741
2023-01-30 11:30:00-05:00,81.69000244140625,81.7300033569336,81.66000366210938,81.68000030517578,81.68000030517578,12142
2023-01-30 11:35:00-05:00,81.66000366210938,81.66000366210938,81.53500366210938,81.62000274658203,81.62000274658203,9355
2023-01-30 11:40:00-05:00,81.63999938964844,81.6500015258789,81.52999877929688,81.54000091552734,81.54000091552734,8529
2023-01-30 11:45:00-05:00,81.56999969482422,81.5999984741211,81.47000122070312,81.47000122070312,81.47000122070312,9422
2023-01-30 11:50:00-05:00,81.4749984741211,81.55999755859375,81.4749984741211,81.54000091552734,81.54000091552734,7954
2023-01-30 11:55:00-05:00,81.52999877929688,81.61000061035156,81.47000122070312,81.61000061035156,81.61000061035156,9215
2023-01-30 12:00:00-05:00,81.5999984741211,81.62000274658203,81.55999755859375,81.5999984741211,81.5999984741211,9854
2023-01-30 12:05:00-05:00,81.62999725341797,81.68000030517578,81.61000061035156,81.63999938964844,81.63999938964844,6574
2023-01-30 12:10:00-05:00,81.62809753417969,81.66999816894531,81.5999984741211,81.6520004272461,81.6520004272461,8423
2023-01-30 12:15:00-05:00,81.66500091552734,81.66500091552734,81.51000213623047,81.55999755859375,81.55999755859375,12203
2023-01-30 12:20:00-05:00,81.58999633789062,81.69000244140625,81.57630157470703,81.6500015258789,81.6500015258789,10692
2023-01-30 12:25:00-05:00,81.66999816894531,81.66999816894531,81.51499938964844,81.56999969482422,81.56999969482422,9822
2023-01-30 12:30:00-05:00,81.56999969482422,81.66000366210938,81.55500030517578,81.58999633789062,81.58999633789062,7562
2023-01-30 12:35:00-05:00,81.58000183105469,81.66999816894531,81.56999969482422,81.6500015258789,81.6500015258789,10315
2023-01-30 12:40:00-05:00,81.63999938964844,81.7300033569336,81.63999938964844,81.68000030517578,81.68000030517578,7648
2023-01-30 12:45:00-05:00,81.69999694824219,81.69999694824219,81.63999938964844,81.68000030517578,81.68000030517578,8309
2023-01-30 12:50:00-05:00,81.68499755859375,81.70999908447266,81.62999725341797,81.66999816894531,81.66999816894531,10011
2023-01-30 12:55:00-05:00,81.6500015258789,81.6500015258789,81.47000122070312,81.5,81.5,10467
2023-01-30 13:00:00-05:00,81.48999786376953,81.48999786376953,81.41999816894531,81.45999908447266,81.45999908447266,7081
2023-01-30 13:05:00-05:00,81.44999694824219,81.51000213623047,81.44999694824219,81.48999786376953,81.48999786376953,11058
2023-01-30 13:10:00-05:00,81.48999786376953,81.58000183105469,81.44999694824219,81.56999969482422,81.56999969482422,8644
2023-01-30 13:15:00-05:00,81.55000305175781,81.7300033569336,81.47000122070312,81.70999908447266,81.70999908447266,14914
2023-01-30 13:20:00-05:00,81.7300033569336,81.7699966430664,81.66500091552734,81.76000213623047,81.76000213623047,9519
2023-01-30 13:25:00-05:00,81.75,81.75,81.63999938964844,81.69000244140625,81.69000244140625,11221
2023-01-30 13:30:00-05:00,81.70999908447266,81.7249984741211,81.62999725341797,81.66000366210938,81.66000366210938,9451
2023-01-30 13:35:00-05:00,81.63999938964844,81.63999938964844,81.5199966430664,81.52999877929688,81.52999877929688,10941
2023-01-30 13:40:00-05:00,81.52999877929688,81.66999816894531,81.51000213623047,81.66000366210938,81.66000366210938,16076
2023-01-30 13:45:00-05:00,81.66000366210938,81.69000244140625,81.5999984741211,81.68000030517578,81.68000030517578,15791
2023-01-30 13:50:00-05:00,81.68000030517578,81.68000030517578,81.5999984741211,81.66999816894531,81.66999816894531,9845
2023-01-30 13:55:00-05:00,81.66500091552734,81.66500091552734,81.58000183105469,81.62999725341797,81.62999725341797,15640
2023-01-30 14:00:00-05:00,81.62999725341797,81.66000366210938,81.58999633789062,81.65499877929688,81.65499877929688,14846
2023-01-30 14:05:00-05:00,81.62000274658203,81.62999725341797,81.48999786376953,81.48999786376953,81.48999786376953,13067
2023-01-30 14:10:00-05:00,81.48999786376953,81.55000305175781,81.4800033569336,81.54499816894531,81.54499816894531,13491
2023-01-30 14:15:00-05:00,81.54000091552734,81.54000091552734,81.44000244140625,81.46499633789062,81.46499633789062,11794
2023-01-30 14:20:00-05:00,81.45500183105469,81.51000213623047,81.37999725341797,81.37999725341797,81.37999725341797,10640
2023-01-30 14:25:00-05:00,81.3949966430664,81.4000015258789,81.29000091552734,81.30000305175781,81.30000305175781,10366
2023-01-30 14:30:00-05:00,81.30000305175781,81.33999633789062,81.26000213623047,81.33999633789062,81.33999633789062,10368
2023-01-30 14:35:00-05:00,81.33999633789062,81.38999938964844,81.23999786376953,81.38999938964844,81.38999938964844,13901
2023-01-30 14:40:00-05:00,81.38999938964844,81.38999938964844,81.28500366210938,81.30999755859375,81.30999755859375,22308
2023-01-30 14:45:00-05:00,81.31999969482422,81.33000183105469,81.19000244140625,81.29000091552734,81.29000091552734,30894
2023-01-30 14:50:00-05:00,81.27999877929688,81.27999877929688,81.16999816894531,81.2300033569336,81.2300033569336,13294
2023-01-30 14:55:00-05:00,81.2300033569336,81.3499984741211,81.18499755859375,81.29660034179688,81.29660034179688,12301
2023-01-30 15:00:00-05:00,81.30000305175781,81.33999633789062,81.27999877929688,81.33999633789062,81.33999633789062,9155
2023-01-30 15:05:00-05:00,81.3499984741211,81.37999725341797,81.23500061035156,81.30000305175781,81.30000305175781,11922
2023-01-30 15:10:00-05:00,81.30999755859375,81.44000244140625,81.30999755859375,81.31999969482422,81.31999969482422,10034
2023-01-30 15:15:00-05:00,81.31999969482422,81.34500122070312,81.2699966430664,81.34500122070312,81.34500122070312,11548
2023-01-30 15:20:00-05:00,81.34500122070312,81.37000274658203,81.30999755859375,81.33999633789062,81.33999633789062,12443
2023-01-30 15:25:00-05:00,81.3499984741211,81.37999725341797,81.33000183105469,81.36000061035156,81.36000061035156,13662
2023-01-30 15:30:00-05:00,81.33999633789062,81.40499877929688,81.30000305175781,81.38999938964844,81.38999938964844,19580
2023-01-30 15:35:00-05:00,81.38999938964844,81.4800033569336,81.38999938964844,81.4000015258789,81.4000015258789,20742
2023-01-30 15:40:00-05:00,81.38999938964844,81.43499755859375,81.28199768066406,81.29000091552734,81.29000091552734,27728
2023-01-30 15:45:00-05:00,81.27999877929688,81.30000305175781,81.20999908447266,81.27999877929688,81.27999877929688,35311
2023-01-30 15:50:00-05:00,81.29000091552734,81.44000244140625,81.26000213623047,81.36000061035156,81.36000061035156,76176
2023-01-30 15:55:00-05:00,81.36000061035156,81.38999938964844,81.23999786376953,81.38999938964844,81.38999938964844,146242
2023-01-31 09:30:00-05:00,81.66000366210938,81.68499755859375,81.33000183105469,81.45999908447266,81.45999908447266,21914
2023-01-31 09:35:00-05:00,81.33000183105469,81.54000091552734,81.18000030517578,81.45999908447266,81.45999908447266,25229
2023-01-31 09:40:00-05:00,81.4000015258789,81.4000015258789,81.05999755859375,81.2300033569336,81.2300033569336,24808
2023-01-31 09:45:00-05:00,81.19999694824219,81.27999877929688,81.12000274658203,81.25,81.25,12605
2023-01-31 09:50:00-05:00,81.29000091552734,81.41000366210938,81.23999786376953,81.36000061035156,81.36000061035156,18975
2023-01-31 09:55:00-05:00,81.33000183105469,81.4000015258789,81.20999908447266,81.2699966430664,81.2699966430664,17184
2023-01-31 10:00:00-05:00,81.2699966430664,81.37000274658203,81.22000122070312,81.37000274658203,81.37000274658203,17732
2023-01-31 10:05:00-05:00,81.37000274658203,81.4800033569336,81.19999694824219,81.19999694824219,81.19999694824219,20665
2023-01-31 10:10:00-05:00,81.19000244140625,81.29000091552734,80.9800033569336,80.9800033569336,80.9800033569336,17718
2023-01-31 10:15:00-05:00,80.94000244140625,80.94000244140625,80.69000244140625,80.79000091552734,80.79000091552734,9456
2023-01-31 10:20:00-05:00,80.7699966430664,80.81999969482422,80.70500183105469,80.81999969482422,80.81999969482422,8228
2023-01-31 10:25:00-05:00,80.76000213623047,80.76000213623047,80.5199966430664,80.69000244140625,80.69000244140625,10913
2023-01-31 10:30:00-05:00,80.72000122070312,80.81999969482422,80.70999908447266,80.76000213623047,80.76000213623047,10337
2023-01-31 10:35:00-05:00,80.75,80.8550033569336,80.7300033569336,80.8550033569336,80.8550033569336,11024
2023-01-31 10:40:00-05:00,80.8550033569336,80.91999816894531,80.83999633789062,80.91999816894531,80.91999816894531,7015
2023-01-31 10:45:00-05:00,80.93000030517578,81.1144027709961,80.93000030517578,81.04000091552734,81.04000091552734,22763
2023-01-31 10:50:00-05:00,81.0250015258789,81.0250015258789,80.80999755859375,80.81999969482422,80.81999969482422,8874
2023-01-31 10:55:00-05:00,80.82499694824219,80.9000015258789,80.80999755859375,80.81999969482422,80.81999969482422,9513
2023-01-31 11:00:00-05:00,80.81999969482422,80.9800033569336,80.81999969482422,80.91999816894531,80.91999816894531,7451
2023-01-31 11:05:00-05:00,80.875,80.875,80.76000213623047,80.83000183105469,80.83000183105469,10920
2023-01-31 11:10:00-05:00,80.83000183105469,80.83999633789062,80.63999938964844,80.68000030517578,80.68000030517578,9411
2023-01-31 11:15:00-05:00,80.69999694824219,80.7249984741211,80.6500015258789,80.66500091552734,80.66500091552734,8351
2023-01-31 11:20:00-05:00,80.6500015258789,80.70999908447266,80.60600280761719,80.67500305175781,80.67500305175781,7619
2023-01-31 11:25:00-05:00,80.66000366210938,80.66000366210938,80.55899810791016,80.62000274658203,80.62000274658203,7914
2023-01-31 11:30:00-05:00,80.63999938964844,80.7699966430664,80.63999938964844,80.73999786376953,80.73999786376953,7303
2023-01-31 11:35:00-05:00,80.75,80.83000183105469,80.75,80.77999877929688,80.77999877929688,8999
2023-01-31 11:40:00-05:00,80.7699966430664,80.93000030517578,80.7699966430664,80.875,80.875,7201
2023-01-31 11:45:00-05:00,80.83999633789062,80.94499969482422,80.83499908447266,80.94499969482422,80.94499969482422,5223
2023-01-31 11:50:00-05:00,80.94000244140625,80.9800033569336,80.91000366210938,80.91999816894531,80.91999816894531,6504
2023-01-31 11:55:00-05:00,80.93000030517578,80.97000122070312,80.9000015258789,80.97000122070312,80.97000122070312,6731
2023-01-31 12:00:00-05:00,80.95999908447266,80.97000122070312,80.88999938964844,80.8949966430664,80.8949966430664,7040
2023-01-31 12:05:00-05:00,80.88999938964844,80.9000015258789,80.86000061035156,80.9000015258789,80.9000015258789,4911
2023-01-31 12:10:00-05:00,80.91000366210938,81.0,80.8949966430664,80.93000030517578,80.93000030517578,14591
2023-01-31 12:15:00-05:00,80.94999694824219,81.1050033569336,80.94999694824219,81.08999633789062,81.08999633789062,11142
2023-01-31 12:20:00-05:00,81.11000061035156,81.11000061035156,80.91999816894531,81.01000213623047,81.01000213623047,7508
2023-01-31 12:25:00-05:00,80.97000122070312,80.97000122070312,80.91899871826172,80.94000244140625,80.94000244140625,4252
2023-01-31 12:30:00-05:00,80.94000244140625,81.0199966430664,80.93000030517578,81.0199966430664,81.0199966430664,42761
2023-01-31 12:35:00-05:00,81.01000213623047,81.125,81.01000213623047,81.11499786376953,81.11499786376953,17419
2023-01-31 12:40:00-05:00,81.12999725341797,81.16000366210938,81.08999633789062,81.08999633789062,81.08999633789062,9399
2023-01-31 12:45:00-05:00,81.0999984741211,81.19000244140625,81.0999984741211,81.16999816894531,81.16999816894531,6263
2023-01-31 12:50:00-05:00,81.18000030517578,81.18000030517578,81.05000305175781,81.05500030517578,81.05500030517578,4506
2023-01-31 12:55:00-05:00,81.05999755859375,81.08000183105469,81.00499725341797,81.08000183105469,81.08000183105469,4776
2023-01-31 13:00:00-05:00,81.08999633789062,81.12999725341797,81.06999969482422,81.12999725341797,81.12999725341797,5463
2023-01-31 13:05:00-05:00,81.16000366210938,81.16999816894531,81.13999938964844,81.13999938964844,81.13999938964844,3075
2023-01-31 13:10:00-05:00,81.13999938964844,81.20999908447266,81.13999938964844,81.20999908447266,81.20999908447266,4035
2023-01-31 13:15:00-05:00,81.20999908447266,81.20999908447266,81.1500015258789,81.1500015258789,81.1500015258789,4336
2023-01-31 13:20:00-05:00,81.16000366210938,81.20500183105469,81.11000061035156,81.12000274658203,81.12000274658203,7529
2023-01-31 13:25:00-05:00,81.13999938964844,81.18000030517578,81.13999938964844,81.16000366210938,81.16000366210938,3395
2023-01-31 13:30:00-05:00,81.16000366210938,81.16999816894531,81.11000061035156,81.13999938964844,81.13999938964844,6528
2023-01-31 13:35:00-05:00,81.13999938964844,81.22000122070312,81.13999938964844,81.16999816894531,81.16999816894531,3325
2023-01-31 13:40:00-05:00,81.16999816894531,81.24500274658203,81.16000366210938,81.23999786376953,81.23999786376953,6472
2023-01-31 13:45:00-05:00,81.25,81.2699966430664,81.19000244140625,81.20999908447266,81.20999908447266,5258
2023-01-31 13:50:00-05:00,81.22000122070312,81.2699966430664,81.22000122070312,81.2699966430664,81.2699966430664,5245
2023-01-31 13:55:00-05:00,81.29000091552734,81.33999633789062,81.29000091552734,81.33999633789062,81.33999633789062,3914
2023-01-31 14:00:00-05:00,81.3499984741211,81.45999908447266,81.3499984741211,81.43000030517578,81.43000030517578,6688
2023-01-31 14:05:00-05:00,81.43499755859375,81.48999786376953,81.43499755859375,81.48999786376953,81.48999786376953,7723
2023-01-31 14:10:00-05:00,81.4800033569336,81.55000305175781,81.4800033569336,81.48999786376953,81.48999786376953,12127
2023-01-31 14:15:00-05:00,81.5199966430664,81.54000091552734,81.49800109863281,81.49800109863281,81.49800109863281,11722
2023-01-31 14:20:00-05:00,81.51000213623047,81.55999755859375,81.4375,81.47000122070312,81.47000122070312,14435
2023-01-31 14:25:00-05:00,81.4800033569336,81.58000183105469,81.47000122070312,81.56500244140625,81.56500244140625,6704
2023-01-31 14:30:00-05:00,81.56500244140625,81.56500244140625,81.45999908447266,81.5,81.5,14058
2023-01-31 14:35:00-05:00,81.5199966430664,81.52999877929688,81.45500183105469,81.5199966430664,81.5199966430664,6866
2023-01-31 14:40:00-05:00,81.5199966430664,81.55999755859375,81.5199966430664,81.55999755859375,81.55999755859375,4826
2023-01-31 14:45:00-05:00,81.56999969482422,81.58499908447266,81.55000305175781,81.58000183105469,81.58000183105469,8053
2023-01-31 14:50:00-05:00,81.58999633789062,81.61499786376953,81.51000213623047,81.5199966430664,81.5199966430664,10950
2023-01-31 14:55:00-05:00,81.5199966430664,81.52999877929688,81.46499633789062,81.52999877929688,81.52999877929688,10048
2023-01-31 15:00:00-05:00,81.52999877929688,81.62999725341797,81.52999877929688,81.61000061035156,81.61000061035156,9263
2023-01-31 15:05:00-05:00,81.58000183105469,81.625,81.56500244140625,81.58000183105469,81.58000183105469,7464
2023-01-31 15:10:00-05:00,81.58000183105469,81.58000183105469,81.51000213623047,81.55500030517578,81.55500030517578,16324
2023-01-31 15:15:00-05:00,81.56999969482422,81.6050033569336,81.51499938964844,81.5250015258789,81.5250015258789,8527
2023-01-31 15:20:00-05:00,81.5250015258789,81.53500366210938,81.45999908447266,81.4800033569336,81.4800033569336,16001
2023-01-31 15:25:00-05:00,81.4800033569336,81.58000183105469,81.4800033569336,81.55000305175781,81.55000305175781,17569
2023-01-31 15:30:00-05:00,81.55000305175781,81.6500015258789,81.55000305175781,81.6449966430664,81.6449966430664,25888
2023-01-31 15:35:00-05:00,81.6449966430664,81.68000030517578,81.58000183105469,81.68000030517578,81.68000030517578,24918
2023-01-31 15:40:00-05:00,81.68000030517578,81.73999786376953,81.62999725341797,81.73999786376953,81.73999786376953,40616
2023-01-31 15:45:00-05:00,81.73500061035156,81.9000015258789,81.73500061035156,81.8550033569336,81.8550033569336,39799
2023-01-31 15:50:00-05:00,81.86000061035156,82.19000244140625,81.86000061035156,82.17500305175781,82.17500305175781,97399
2023-01-31 15:55:00-05:00,82.18000030517578,82.33999633789062,82.16000366210938,82.33000183105469,82.33000183105469,197296
2023-02-01 09:30:00-05:00,81.9000015258789,82.04000091552734,81.66000366210938,82.02999877929688,82.02999877929688,21035
2023-02-01 09:35:00-05:00,82.01499938964844,82.08999633789062,81.97000122070312,82.08000183105469,82.08000183105469,16242
2023-02-01 09:40:00-05:00,82.06500244140625,82.08000183105469,81.95999908447266,82.02999877929688,82.02999877929688,16390
2023-02-01 09:45:00-05:00,82.05999755859375,82.05999755859375,81.81999969482422,81.88999938964844,81.88999938964844,13726
2023-02-01 09:50:00-05:00,81.8949966430664,82.16999816894531,81.875,82.16899871826172,82.16899871826172,17069
2023-02-01 09:55:00-05:00,82.1500015258789,82.16999816894531,82.05000305175781,82.06999969482422,82.06999969482422,6178
2023-02-01 10:00:00-05:00,82.2300033569336,82.2300033569336,81.87999725341797,81.88500213623047,81.88500213623047,14941
2023-02-01 10:05:00-05:00,81.91999816894531,81.95999908447266,81.7699966430664,81.77999877929688,81.77999877929688,7584
2023-02-01 10:10:00-05:00,81.80000305175781,81.91999816894531,81.73999786376953,81.87000274658203,81.87000274658203,11524
2023-02-01 10:15:00-05:00,81.86499786376953,81.86499786376953,81.56999969482422,81.58000183105469,81.58000183105469,11869
2023-02-01 10:20:00-05:00,81.5199966430664,81.63999938964844,81.48999786376953,81.62999725341797,81.62999725341797,11134
2023-02-01 10:25:00-05:00,81.63999938964844,81.69000244140625,81.59500122070312,81.61000061035156,81.61000061035156,9105
2023-02-01 10:30:00-05:00,81.62000274658203,81.76000213623047,81.62000274658203,81.76000213623047,81.76000213623047,9293
2023-02-01 10:35:00-05:00,81.7699966430664,81.87999725341797,81.73999786376953,81.79000091552734,81.79000091552734,9325
2023-02-01 10:40:00-05:00,81.79000091552734,81.87000274658203,81.77999877929688,81.80999755859375,81.80999755859375,7052
2023-02-01 10:45:00-05:00,81.81999969482422,81.91999816894531,81.80000305175781,81.80999755859375,81.80999755859375,10106
2023-02-01 10:50:00-05:00,81.80439758300781,81.80999755859375,81.70999908447266,81.77999877929688,81.77999877929688,6280
2023-02-01 10:55:00-05:00,81.79000091552734,81.87000274658203,81.75,81.80999755859375,81.80999755859375,7098
2023-02-01 11:00:00-05:00,81.83999633789062,81.97000122070312,81.83999633789062,81.97000122070312,81.97000122070312,9813
2023-02-01 11:05:00-05:00,81.95999908447266,82.01000213623047,81.9000015258789,81.94999694824219,81.94999694824219,23483
2023-02-01 11:10:00-05:00,81.95999908447266,81.98999786376953,81.87000274658203,81.87000274658203,81.87000274658203,14413
2023-02-01 11:15:00-05:00,81.87999725341797,81.9800033569336,81.87999725341797,81.97000122070312,81.97000122070312,9942
2023-02-01 11:20:00-05:00,81.9800033569336,82.18000030517578,81.95999908447266,82.18000030517578,82.18000030517578,16224
2023-02-01 11:25:00-05:00,82.17500305175781,82.33000183105469,82.16999816894531,82.33000183105469,82.33000183105469,17625
2023-02-01 11:30:00-05:00,82.31999969482422,82.33999633789062,82.20999908447266,82.27999877929688,82.27999877929688,10374
2023-02-01 11:35:00-05:00,82.30000305175781,82.3499984741211,82.23999786376953,82.27999877929688,82.27999877929688,7755
2023-02-01 11:40:00-05:00,82.31999969482422,82.4000015258789,82.23999786376953,82.26000213623047,82.26000213623047,13627
2023-02-01 11:45:00-05:00,82.2699966430664,82.30999755859375,82.19999694824219,82.23500061035156,82.23500061035156,6864
2023-02-01 11:50:00-05:00,82.25,82.27999877929688,82.20999908447266,82.23500061035156,82.23500061035156,7547
2023-02-01 11:55:00-05:00,82.25,82.2699966430664,82.16000366210938,82.16000366210938,82.16000366210938,7736
2023-02-01 12:00:00-05:00,82.13999938964844,82.20999908447266,82.12999725341797,82.18000030517578,82.18000030517578,9858
2023-02-01 12:05:00-05:00,82.16999816894531,82.2300033569336,82.16999816894531,82.19999694824219,82.19999694824219,6808
2023-02-01 12:10:00-05:00,82.19999694824219,82.23999786376953,82.1720962524414,82.18499755859375,82.18499755859375,8319
2023-02-01 12:15:00-05:00,82.18000030517578,82.19999694824219,82.07499694824219,82.08000183105469,82.08000183105469,15258
2023-02-01 12:20:00-05:00,82.05500030517578,82.18000030517578,82.02999877929688,82.16290283203125,82.16290283203125,9383
2023-02-01 12:25:00-05:00,82.16000366210938,82.16999816894531,82.0999984741211,82.12999725341797,82.12999725341797,10279
2023-02-01 12:30:00-05:00,82.12999725341797,82.18000030517578,82.05000305175781,82.0999984741211,82.0999984741211,12689
2023-02-01 12:35:00-05:00,82.08000183105469,82.0999984741211,81.9749984741211,81.9800033569336,81.9800033569336,10197
2023-02-01 12:40:00-05:00,81.97000122070312,82.08000183105469,81.97000122070312,82.05000305175781,82.05000305175781,5841
2023-02-01 12:45:00-05:00,82.04000091552734,82.08000183105469,81.9800033569336,82.0,82.0,5228
2023-02-01 12:50:00-05:00,81.97000122070312,82.04000091552734,81.95500183105469,82.0,82.0,6827
2023-02-01 12:55:00-05:00,81.97000122070312,82.04000091552734,81.94999694824219,82.00499725341797,82.00499725341797,6227
2023-02-01 13:00:00-05:00,82.00499725341797,82.02999877929688,81.94000244140625,81.9800033569336,81.9800033569336,5879
2023-02-01 13:05:00-05:00,82.01000213623047,82.0999984741211,82.01000213623047,82.09649658203125,82.09649658203125,6376
2023-02-01 13:10:00-05:00,82.08999633789062,82.08999633789062,81.9749984741211,82.02999877929688,82.02999877929688,6159
2023-02-01 13:15:00-05:00,82.0416030883789,82.0416030883789,81.95999908447266,81.95999908447266,81.95999908447266,5479
2023-02-01 13:20:00-05:00,81.97000122070312,82.01000213623047,81.94999694824219,81.97000122070312,81.97000122070312,5695
2023-02-01 13:25:00-05:00,81.97000122070312,82.05000305175781,81.93000030517578,82.05000305175781,82.05000305175781,6735
2023-02-01 13:30:00-05:00,82.04000091552734,82.06999969482422,82.04000091552734,82.05000305175781,82.05000305175781,5888
2023-02-01 13:35:00-05:00,82.06999969482422,82.13999938964844,82.05999755859375,82.13999938964844,82.13999938964844,9373
2023-02-01 13:40:00-05:00,82.1500015258789,82.20500183105469,82.1500015258789,82.18699645996094,82.18699645996094,9644
2023-02-01 13:45:00-05:00,82.16999816894531,82.2699966430664,82.16999816894531,82.25,82.25,12284
2023-02-01 13:50:00-05:00,82.2699966430664,82.3499984741211,82.2699966430664,82.31999969482422,82.31999969482422,14376
2023-02-01 13:55:00-05:00,82.33999633789062,82.41999816894531,82.30999755859375,82.3499984741211,82.3499984741211,11079
2023-02-01 14:00:00-05:00,82.27999877929688,82.27999877929688,81.91500091552734,81.94999694824219,81.94999694824219,6238
2023-02-01 14:05:00-05:00,82.02999877929688,82.2300033569336,82.01499938964844,82.22000122070312,82.22000122070312,13134
2023-02-01 14:10:00-05:00,82.16000366210938,82.2300033569336,82.06999969482422,82.08000183105469,82.08000183105469,11081
2023-02-01 14:15:00-05:00,82.11000061035156,82.1500015258789,82.0,82.05999755859375,82.05999755859375,14908
2023-02-01 14:20:00-05:00,82.05999755859375,82.06999969482422,81.98999786376953,82.0199966430664,82.0199966430664,12452
2023-02-01 14:25:00-05:00,82.02999877929688,82.12000274658203,82.01000213623047,82.05000305175781,82.05000305175781,8666
2023-02-01 14:30:00-05:00,82.08000183105469,82.13500213623047,81.79000091552734,81.91999816894531,81.91999816894531,33894
2023-02-01 14:35:00-05:00,81.91000366210938,82.44999694824219,81.83999633789062,82.4000015258789,82.4000015258789,22057
2023-02-01 14:40:00-05:00,82.41999816894531,82.61000061035156,82.30999755859375,82.5199966430664,82.5199966430664,23811
2023-02-01 14:45:00-05:00,82.56999969482422,82.70500183105469,82.45999908447266,82.5199966430664,82.5199966430664,11946
2023-02-01 14:50:00-05:00,82.58000183105469,82.72000122070312,82.5199966430664,82.58999633789062,82.58999633789062,15163
2023-02-01 14:55:00-05:00,82.58999633789062,82.62999725341797,82.5199966430664,82.5999984741211,82.5999984741211,9965
2023-02-01 15:00:00-05:00,82.5999984741211,82.73999786376953,82.56999969482422,82.69999694824219,82.69999694824219,13605
2023-02-01 15:05:00-05:00,82.69999694824219,82.91000366210938,82.69999694824219,82.9000015258789,82.9000015258789,17488
2023-02-01 15:10:00-05:00,82.9000015258789,82.9000015258789,82.68000030517578,82.68000030517578,82.68000030517578,15620
2023-02-01 15:15:00-05:00,82.6500015258789,82.68000030517578,82.48999786376953,82.62999725341797,82.62999725341797,19060
2023-02-01 15:20:00-05:00,82.63500213623047,82.66999816894531,82.48999786376953,82.5999984741211,82.5999984741211,20051
2023-02-01 15:25:00-05:00,82.62000274658203,82.7300033569336,82.62000274658203,82.72000122070312,82.72000122070312,19760
2023-02-01 15:30:00-05:00,82.7300033569336,82.94999694824219,82.7300033569336,82.94999694824219,82.94999694824219,26160
2023-02-01 15:35:00-05:00,82.95999908447266,83.22000122070312,82.95999908447266,83.1500015258789,83.1500015258789,28588
2023-02-01 15:40:00-05:00,83.12999725341797,83.30000305175781,83.08000183105469,83.0999984741211,83.0999984741211,32450
2023-02-01 15:45:00-05:00,83.11000061035156,83.11000061035156,82.75,82.76000213623047,82.76000213623047,30511
2023-02-01 15:50:00-05:00,82.73999786376953,82.77999877929688,82.51000213623047,82.62999725341797,82.62999725341797,68855
2023-02-01 15:55:00-05:00,82.62999725341797,82.8499984741211,82.61000061035156,82.69999694824219,82.69999694824219,244031
2023-02-02 09:30:00-05:00,83.05999755859375,83.05999755859375,82.2300033569336,82.48500061035156,82.48500061035156,177894
2023-02-02 09:35:00-05:00,82.37999725341797,82.62999725341797,82.30999755859375,82.4800033569336,82.4800033569336,27012
2023-02-02 09:40:00-05:00,82.4800033569336,82.48500061035156,82.2699966430664,82.30999755859375,82.30999755859375,20216
2023-02-02 09:45:00-05:00,82.33000183105469,82.66000366210938,82.30000305175781,82.66000366210938,82.66000366210938,16742
2023-02-02 09:50:00-05:00,82.63500213623047,82.63999938964844,82.51000213623047,82.55999755859375,82.55999755859375,28158
2023-02-02 09:55:00-05:00,82.55000305175781,82.86000061035156,82.54499816894531,82.83999633789062,82.83999633789062,24747
2023-02-02 10:00:00-05:00,82.88999938964844,82.88999938964844,82.65499877929688,82.73999786376953,82.73999786376953,23401
2023-02-02 10:05:00-05:00,82.70999908447266,82.9000015258789,82.63999938964844,82.8499984741211,82.8499984741211,15274
2023-02-02 10:10:00-05:00,82.8550033569336,82.8550033569336,82.56999969482422,82.75499725341797,82.75499725341797,13830
2023-02-02 10:15:00-05:00,82.77999877929688,83.12000274658203,82.77999877929688,83.11000061035156,83.11000061035156,18425
2023-02-02 10:20:00-05:00,83.12000274658203,83.30000305175781,83.12000274658203,83.2300033569336,83.2300033569336,19673
2023-02-02 10:25:00-05:00,83.2300033569336,83.4000015258789,83.2300033569336,83.4000015258789,83.4000015258789,11658
2023-02-02 10:30:00-05:00,83.41999816894531,83.7300033569336,83.41999816894531,83.68000030517578,83.68000030517578,16127
2023-02-02 10:35:00-05:00,83.68000030517578,83.88999938964844,83.68000030517578,83.8550033569336,83.8550033569336,21523
2023-02-02 10:40:00-05:00,83.8499984741211,83.92500305175781,83.7750015258789,83.91999816894531,83.91999816894531,25176
2023-02-02 10:45:00-05:00,83.93000030517578,84.0,83.76000213623047,83.81999969482422,83.81999969482422,26783
2023-02-02 10:50:00-05:00,83.80000305175781,83.80000305175781,83.62999725341797,83.63999938964844,83.63999938964844,16238
2023-02-02 10:55:00-05:00,83.61000061035156,83.69999694824219,83.58000183105469,83.69999694824219,83.69999694824219,15482
2023-02-02 11:00:00-05:00,83.68000030517578,83.69000244140625,83.5999984741211,83.62999725341797,83.62999725341797,15368
2023-02-02 11:05:00-05:00,83.5999984741211,83.62999725341797,83.52999877929688,83.56999969482422,83.56999969482422,8684
2023-02-02 11:10:00-05:00,83.55000305175781,83.56999969482422,83.45999908447266,83.45999908447266,83.45999908447266,11707
2023-02-02 11:15:00-05:00,83.45500183105469,83.56999969482422,83.37999725341797,83.54000091552734,83.54000091552734,13569
2023-02-02 11:20:00-05:00,83.54000091552734,83.54000091552734,83.41500091552734,83.5199966430664,83.5199966430664,14525
2023-02-02 11:25:00-05:00,83.54000091552734,83.66000366210938,83.54000091552734,83.5999984741211,83.5999984741211,14342
2023-02-02 11:30:00-05:00,83.58499908447266,83.69999694824219,83.54000091552734,83.68000030517578,83.68000030517578,15683
2023-02-02 11:35:00-05:00,83.66999816894531,83.69000244140625,83.56999969482422,83.63999938964844,83.63999938964844,13133
2023-02-02 11:40:00-05:00,83.62000274658203,83.7300033569336,83.55999755859375,83.62000274658203,83.62000274658203,8587
2023-02-02 11:45:00-05:00,83.61000061035156,83.70999908447266,83.5999984741211,83.66999816894531,83.66999816894531,14722
2023-02-02 11:50:00-05:00,83.68000030517578,83.69000244140625,83.58000183105469,83.61499786376953,83.61499786376953,10109
2023-02-02 11:55:00-05:00,83.5999984741211,83.68000030517578,83.58499908447266,83.6041030883789,83.6041030883789,9534
2023-02-02 12:00:00-05:00,83.58499908447266,83.6500015258789,83.56999969482422,83.62000274658203,83.62000274658203,13748
2023-02-02 12:05:00-05:00,83.62000274658203,83.6449966430664,83.55999755859375,83.62000274658203,83.62000274658203,10645
2023-02-02 12:10:00-05:00,83.63999938964844,83.72000122070312,83.63500213623047,83.68499755859375,83.68499755859375,9260
2023-02-02 12:15:00-05:00,83.68000030517578,83.69000244140625,83.58000183105469,83.62999725341797,83.62999725341797,13621
2023-02-02 12:20:00-05:00,83.62000274658203,83.8499984741211,83.62000274658203,83.8499984741211,83.8499984741211,9061
2023-02-02 12:25:00-05:00,83.8499984741211,83.91000366210938,83.7699966430664,83.7699966430664,83.7699966430664,9038
2023-02-02 12:30:00-05:00,83.7699966430664,83.8499984741211,83.76000213623047,83.83000183105469,83.83000183105469,11106
2023-02-02 12:35:00-05:00,83.83000183105469,83.87000274658203,83.68000030517578,83.69499969482422,83.69499969482422,15893
2023-02-02 12:40:00-05:00,83.68000030517578,83.70999908447266,83.63500213623047,83.63500213623047,83.63500213623047,10020
2023-02-02 12:45:00-05:00,83.6500015258789,83.69999694824219,83.61000061035156,83.6500015258789,83.6500015258789,12661
2023-02-02 12:50:00-05:00,83.63999938964844,83.79000091552734,83.58000183105469,83.79000091552734,83.79000091552734,10358
2023-02-02 12:55:00-05:00,83.80120086669922,83.81999969482422,83.63500213623047,83.63999938964844,83.63999938964844,11190
2023-02-02 13:00:00-05:00,83.62999725341797,83.7300033569336,83.62000274658203,83.70999908447266,83.70999908447266,9108
2023-02-02 13:05:00-05:00,83.7300033569336,83.73500061035156,83.49500274658203,83.5,83.5,7198
2023-02-02 13:10:00-05:00,83.4749984741211,83.58999633789062,83.45999908447266,83.58999633789062,83.58999633789062,8208
2023-02-02 13:15:00-05:00,83.58000183105469,83.58999633789062,83.42500305175781,83.51499938964844,83.51499938964844,11068
2023-02-02 13:20:00-05:00,83.5199966430664,83.5199966430664,83.37999725341797,83.37999725341797,83.37999725341797,7665
2023-02-02 13:25:00-05:00,83.37999725341797,83.4000015258789,83.33999633789062,83.33999633789062,83.33999633789062,10055
2023-02-02 13:30:00-05:00,83.36000061035156,83.38500213623047,83.26000213623047,83.2699966430664,83.2699966430664,8568
2023-02-02 13:35:00-05:00,83.25,83.3550033569336,83.22000122070312,83.30999755859375,83.30999755859375,11808
2023-02-02 13:40:00-05:00,83.33000183105469,83.51000213623047,83.33000183105469,83.4800033569336,83.4800033569336,9656
2023-02-02 13:45:00-05:00,83.48500061035156,83.5199966430664,83.44999694824219,83.47000122070312,83.47000122070312,10728
2023-02-02 13:50:00-05:00,83.4749984741211,83.54000091552734,83.3646011352539,83.54000091552734,83.54000091552734,11852
2023-02-02 13:55:00-05:00,83.54000091552734,83.58999633789062,83.47000122070312,83.54000091552734,83.54000091552734,12612
2023-02-02 14:00:00-05:00,83.54000091552734,83.56999969482422,83.4000015258789,83.4000015258789,83.4000015258789,11840
2023-02-02 14:05:00-05:00,83.4000015258789,83.41000366210938,83.30500030517578,83.31999969482422,83.31999969482422,13211
2023-02-02 14:10:00-05:00,83.32499694824219,83.37999725341797,83.08000183105469,83.08999633789062,83.08999633789062,11859
2023-02-02 14:15:00-05:00,83.06999969482422,83.16999816894531,83.04000091552734,83.12000274658203,83.12000274658203,20212
2023-02-02 14:20:00-05:00,83.11000061035156,83.13999938964844,83.05000305175781,83.05000305175781,83.05000305175781,20371
2023-02-02 14:25:00-05:00,83.05000305175781,83.19999694824219,83.04000091552734,83.15499877929688,83.15499877929688,12946
2023-02-02 14:30:00-05:00,83.16000366210938,83.19000244140625,82.91000366210938,82.93000030517578,82.93000030517578,10864
2023-02-02 14:35:00-05:00,82.93000030517578,83.0,82.83999633789062,83.0,83.0,14916
2023-02-02 14:40:00-05:00,83.01000213623047,83.06999969482422,82.90750122070312,82.9800033569336,82.9800033569336,16394
2023-02-02 14:45:00-05:00,83.0,83.04000091552734,82.94999694824219,83.04000091552734,83.04000091552734,11598
2023-02-02 14:50:00-05:00,83.04499816894531,83.0999984741211,83.0199966430664,83.05999755859375,83.05999755859375,10988
2023-02-02 14:55:00-05:00,83.05999755859375,83.05999755859375,82.94999694824219,82.9800033569336,82.9800033569336,14247
2023-02-02 15:00:00-05:00,82.9800033569336,83.07499694824219,82.91999816894531,83.01000213623047,83.01000213623047,14806
2023-02-02 15:05:00-05:00,83.0199966430664,83.20999908447266,83.01000213623047,83.06600189208984,83.06600189208984,14313
2023-02-02 15:10:00-05:00,83.06999969482422,83.08000183105469,82.94999694824219,83.00499725341797,83.00499725341797,23746
2023-02-02 15:15:00-05:00,83.01000213623047,83.12000274658203,82.95999908447266,83.08999633789062,83.08999633789062,15076
2023-02-02 15:20:00-05:00,83.0999984741211,83.26000213623047,83.06999969482422,83.2249984741211,83.2249984741211,14630
2023-02-02 15:25:00-05:00,83.22000122070312,83.30500030517578,83.16999816894531,83.30500030517578,83.30500030517578,19274
2023-02-02 15:30:00-05:00,83.30000305175781,83.4000015258789,83.30000305175781,83.30999755859375,83.30999755859375,18499
2023-02-02 15:35:00-05:00,83.33000183105469,83.34500122070312,83.19999694824219,83.2699966430664,83.2699966430664,46932
2023-02-02 15:40:00-05:00,83.2699966430664,83.33999633789062,83.1500015258789,83.24500274658203,83.24500274658203,50375
2023-02-02 15:45:00-05:00,83.24500274658203,83.38999938964844,83.21379852294922,83.33999633789062,83.33999633789062,65547
2023-02-02 15:50:00-05:00,83.30999755859375,83.51000213623047,83.30999755859375,83.4000015258789,83.4000015258789,108407
2023-02-02 15:55:00-05:00,83.40499877929688,83.47000122070312,83.21499633789062,83.41000366210938,83.41000366210938,194294
2023-02-03 09:30:00-05:00,82.93000030517578,83.18000030517578,82.47000122070312,82.52999877929688,82.52999877929688,30204
2023-02-03 09:35:00-05:00,82.45999908447266,82.63999938964844,82.0999984741211,82.18000030517578,82.18000030517578,8968
2023-02-03 09:40:00-05:00,82.07160186767578,82.16000366210938,81.76000213623047,81.79499816894531,81.79499816894531,7940
2023-02-03 09:45:00-05:00,81.62000274658203,81.62000274658203,81.37000274658203,81.375,81.375,6668
2023-02-03 09:50:00-05:00,81.30000305175781,81.30000305175781,80.95999908447266,81.125,81.125,33936
2023-02-03 09:55:00-05:00,81.125,81.125,80.80999755859375,80.93000030517578,80.93000030517578,47739
2023-02-03 10:00:00-05:00,80.88999938964844,80.93000030517578,80.41000366210938,80.56999969482422,80.56999969482422,21578
2023-02-03 10:05:00-05:00,80.4800033569336,80.52999877929688,80.25,80.45500183105469,80.45500183105469,32775
2023-02-03 10:10:00-05:00,80.41999816894531,80.48470306396484,80.22000122070312,80.30999755859375,80.30999755859375,26498
2023-02-03 10:15:00-05:00,80.30000305175781,80.31999969482422,80.0,80.0199966430664,80.0199966430664,23737
2023-02-03 10:20:00-05:00,79.9800033569336,80.19999694824219,79.86000061035156,79.91999816894531,79.91999816894531,15477
2023-02-03 10:25:00-05:00,79.9000015258789,79.93499755859375,79.72000122070312,79.8499984741211,79.8499984741211,22578
2023-02-03 10:30:00-05:00,79.81999969482422,79.9749984741211,79.73999786376953,79.77999877929688,79.77999877929688,30427
2023-02-03 10:35:00-05:00,79.76000213623047,79.9000015258789,79.66999816894531,79.86499786376953,79.86499786376953,30734
2023-02-03 10:40:00-05:00,79.83000183105469,80.02999877929688,79.72000122070312,80.00299835205078,80.00299835205078,27024
2023-02-03 10:45:00-05:00,79.98500061035156,80.0,79.7300033569336,79.76000213623047,79.76000213623047,22274
2023-02-03 10:50:00-05:00,79.75499725341797,79.80000305175781,79.55999755859375,79.58000183105469,79.58000183105469,23747
2023-02-03 10:55:00-05:00,79.52999877929688,79.7699966430664,79.5199966430664,79.7699966430664,79.7699966430664,19446
2023-02-03 11:00:00-05:00,79.7699966430664,79.87999725341797,79.73999786376953,79.79000091552734,79.79000091552734,14796
2023-02-03 11:05:00-05:00,79.80999755859375,79.94999694824219,79.80999755859375,79.93499755859375,79.93499755859375,19201
2023-02-03 11:10:00-05:00,79.94999694824219,80.13999938964844,79.94999694824219,80.05999755859375,80.05999755859375,15580
2023-02-03 11:15:00-05:00,80.06999969482422,80.1500015258789,79.94999694824219,80.04000091552734,80.04000091552734,19892
2023-02-03 11:20:00-05:00,80.06999969482422,80.30000305175781,80.04000091552734,80.23999786376953,80.23999786376953,10472
2023-02-03 11:25:00-05:00,80.30000305175781,80.38999938964844,80.2300033569336,80.36000061035156,80.36000061035156,10169
2023-02-03 11:30:00-05:00,80.36000061035156,80.61499786376953,80.3499984741211,80.6050033569336,80.6050033569336,16020
2023-02-03 11:35:00-05:00,80.62999725341797,80.7699966430664,80.52999877929688,80.52999877929688,80.52999877929688,29220
2023-02-03 11:40:00-05:00,80.54000091552734,80.72000122070312,80.45999908447266,80.5199966430664,80.5199966430664,22215
2023-02-03 11:45:00-05:00,80.5199966430664,80.54499816894531,80.19000244140625,80.19999694824219,80.19999694824219,40131
2023-02-03 11:50:00-05:00,80.16999816894531,80.37999725341797,80.12999725341797,80.13999938964844,80.13999938964844,17101
2023-02-03 11:55:00-05:00,80.13999938964844,80.22000122070312,80.05000305175781,80.06999969482422,80.06999969482422,9187
2023-02-03 12:00:00-05:00,80.08000183105469,80.2300033569336,80.08000183105469,80.2300033569336,80.2300033569336,9605
2023-02-03 12:05:00-05:00,80.20999908447266,80.20999908447266,80.06999969482422,80.12000274658203,80.12000274658203,11036
2023-02-03 12:10:00-05:00,80.12999725341797,80.2300033569336,80.12999725341797,80.2300033569336,80.2300033569336,10008
2023-02-03 12:15:00-05:00,80.2249984741211,80.38999938964844,80.2249984741211,80.26000213623047,80.26000213623047,16925
2023-02-03 12:20:00-05:00,80.2699966430664,80.37999725341797,80.22000122070312,80.30500030517578,80.30500030517578,8098
2023-02-03 12:25:00-05:00,80.27999877929688,80.3550033569336,80.27999877929688,80.33000183105469,80.33000183105469,6922
2023-02-03 12:30:00-05:00,80.33999633789062,80.44999694824219,80.33999633789062,80.37999725341797,80.37999725341797,10068
2023-02-03 12:35:00-05:00,80.38999938964844,80.44999694824219,80.38999938964844,80.41999816894531,80.41999816894531,8622
2023-02-03 12:40:00-05:00,80.43000030517578,80.55999755859375,80.43000030517578,80.55999755859375,80.55999755859375,6957
2023-02-03 12:45:00-05:00,80.58999633789062,80.5999984741211,80.47000122070312,80.5199966430664,80.5199966430664,7977
2023-02-03 12:50:00-05:00,80.52999877929688,80.56999969482422,80.5,80.5,80.5,6985
2023-02-03 12:55:00-05:00,80.5,80.5,80.30000305175781,80.36499786376953,80.36499786376953,10842
2023-02-03 13:00:00-05:00,80.36000061035156,80.42500305175781,80.36000061035156,80.36000061035156,80.36000061035156,7187
2023-02-03 13:05:00-05:00,80.37000274658203,80.41000366210938,80.1449966430664,80.1500015258789,80.1500015258789,8388
2023-02-03 13:10:00-05:00,80.11000061035156,80.23999786376953,80.11000061035156,80.18000030517578,80.18000030517578,9281
2023-02-03 13:15:00-05:00,80.19999694824219,80.19999694824219,80.08000183105469,80.12999725341797,80.12999725341797,7531
2023-02-03 13:20:00-05:00,80.12000274658203,80.19000244140625,80.05500030517578,80.08000183105469,80.08000183105469,7599
2023-02-03 13:25:00-05:00,80.08999633789062,80.11000061035156,80.04000091552734,80.04000091552734,80.04000091552734,5459
2023-02-03 13:30:00-05:00,80.04000091552734,80.11000061035156,79.97000122070312,80.08999633789062,80.08999633789062,9295
2023-02-03 13:35:00-05:00,80.08000183105469,80.16999816894531,80.05999755859375,80.1500015258789,80.1500015258789,10490
2023-02-03 13:40:00-05:00,80.13999938964844,80.13999938964844,80.03500366210938,80.12000274658203,80.12000274658203,8580
2023-02-03 13:45:00-05:00,80.12000274658203,80.12999725341797,80.05000305175781,80.08999633789062,80.08999633789062,11119
2023-02-03 13:50:00-05:00,80.0999984741211,80.31999969482422,80.0999984741211,80.29000091552734,80.29000091552734,7475
2023-02-03 13:55:00-05:00,80.29000091552734,80.37999725341797,80.29000091552734,80.30999755859375,80.30999755859375,11463
2023-02-03 14:00:00-05:00,80.33999633789062,80.51000213623047,80.33999633789062,80.51000213623047,80.51000213623047,11533
2023-02-03 14:05:00-05:00,80.5,80.5250015258789,80.37999725341797,80.4000015258789,80.4000015258789,16532
2023-02-03 14:10:00-05:00,80.41999816894531,80.48999786376953,80.32499694824219,80.48999786376953,80.48999786376953,8284
2023-02-03 14:15:00-05:00,80.48999786376953,80.5199966430664,80.36000061035156,80.38999938964844,80.38999938964844,10811
2023-02-03 14:20:00-05:00,80.38999938964844,80.44499969482422,80.37000274658203,80.37999725341797,80.37999725341797,6873
2023-02-03 14:25:00-05:00,80.38999938964844,80.5250015258789,80.37999725341797,80.5250015258789,80.5250015258789,7843
2023-02-03 14:30:00-05:00,80.5156021118164,80.5156021118164,80.37999725341797,80.47000122070312,80.47000122070312,12009
2023-02-03 14:35:00-05:00,80.45999908447266,80.61000061035156,80.45999908447266,80.58999633789062,80.58999633789062,9561
2023-02-03 14:40:00-05:00,80.58000183105469,80.5999984741211,80.47000122070312,80.47000122070312,80.47000122070312,14139
2023-02-03 14:45:00-05:00,80.45999908447266,80.54000091552734,80.41999816894531,80.54000091552734,80.54000091552734,12786
2023-02-03 14:50:00-05:00,80.54000091552734,80.55999755859375,80.51000213623047,80.55999755859375,80.55999755859375,10363
2023-02-03 14:55:00-05:00,80.55999755859375,80.56999969482422,80.41999816894531,80.44000244140625,80.44000244140625,18544
2023-02-03 15:00:00-05:00,80.41500091552734,80.43000030517578,80.375,80.41999816894531,80.41999816894531,11745
2023-02-03 15:05:00-05:00,80.43000030517578,80.55000305175781,80.3550033569336,80.52999877929688,80.52999877929688,12892
2023-02-03 15:10:00-05:00,80.52999877929688,80.68000030517578,80.5199966430664,80.6500015258789,80.6500015258789,12600
2023-02-03 15:15:00-05:00,80.62999725341797,80.75,80.56999969482422,80.69999694824219,80.69999694824219,19824
2023-02-03 15:20:00-05:00,80.70999908447266,80.7300033569336,80.59660339355469,80.69999694824219,80.69999694824219,15667
2023-02-03 15:25:00-05:00,80.70999908447266,80.77999877929688,80.6500015258789,80.72000122070312,80.72000122070312,16629
2023-02-03 15:30:00-05:00,80.73500061035156,80.9000015258789,80.69999694824219,80.69999694824219,80.69999694824219,18439
2023-02-03 15:35:00-05:00,80.66999816894531,80.67500305175781,80.44999694824219,80.44999694824219,80.44999694824219,26769
2023-02-03 15:40:00-05:00,80.45999908447266,80.63999938964844,80.45999908447266,80.5199966430664,80.5199966430664,33626
2023-02-03 15:45:00-05:00,80.51000213623047,80.58000183105469,80.44000244140625,80.45999908447266,80.45999908447266,34576
2023-02-03 15:50:00-05:00,80.47000122070312,80.5199966430664,80.36000061035156,80.48999786376953,80.48999786376953,54098
2023-02-03 15:55:00-05:00,80.4800033569336,80.5,80.29000091552734,80.33999633789062,80.33999633789062,162725
2023-02-06 09:30:00-05:00,80.1500015258789,80.23999786376953,79.87000274658203,80.05000305175781,80.05000305175781,16344
2023-02-06 09:35:00-05:00,80.01000213623047,80.05999755859375,79.9000015258789,80.02999877929688,80.02999877929688,6539
2023-02-06 09:40:00-05:00,80.00499725341797,80.00499725341797,79.76000213623047,79.80000305175781,79.80000305175781,11098
2023-02-06 09:45:00-05:00,79.77999877929688,80.05999755859375,79.77999877929688,79.94999694824219,79.94999694824219,14818
2023-02-06 09:50:00-05:00,79.9749984741211,80.30999755859375,79.97000122070312,80.30999755859375,80.30999755859375,11723
2023-02-06 09:55:00-05:00,80.30000305175781,80.33000183105469,80.18000030517578,80.31999969482422,80.31999969482422,10227
2023-02-06 10:00:00-05:00,80.26000213623047,80.41000366210938,80.25,80.33999633789062,80.33999633789062,9944
2023-02-06 10:05:00-05:00,80.3499984741211,80.41000366210938,80.13999938964844,80.2699966430664,80.2699966430664,7902
2023-02-06 10:10:00-05:00,80.2699966430664,80.33000183105469,80.16000366210938,80.16999816894531,80.16999816894531,5475
2023-02-06 10:15:00-05:00,80.1500015258789,80.29000091552734,80.11859893798828,80.29000091552734,80.29000091552734,8271
2023-02-06 10:20:00-05:00,80.31999969482422,80.3499984741211,80.26000213623047,80.26000213623047,80.26000213623047,6455
2023-02-06 10:25:00-05:00,80.30999755859375,80.37000274658203,80.20999908447266,80.20999908447266,80.20999908447266,7448
2023-02-06 10:30:00-05:00,80.17500305175781,80.22000122070312,80.05000305175781,80.05999755859375,80.05999755859375,5611
2023-02-06 10:35:00-05:00,80.06999969482422,80.26000213623047,80.06999969482422,80.22000122070312,80.22000122070312,8597
2023-02-06 10:40:00-05:00,80.2249984741211,80.36000061035156,80.2249984741211,80.29499816894531,80.29499816894531,9111
2023-02-06 10:45:00-05:00,80.30999755859375,80.3550033569336,80.24749755859375,80.24749755859375,80.24749755859375,9985
2023-02-06 10:50:00-05:00,80.23999786376953,80.51499938964844,80.23999786376953,80.45999908447266,80.45999908447266,9550
2023-02-06 10:55:00-05:00,80.45999908447266,80.5,80.4000015258789,80.43499755859375,80.43499755859375,11199
2023-02-06 11:00:00-05:00,80.44000244140625,80.44000244140625,80.38500213623047,80.43000030517578,80.43000030517578,5189
2023-02-06 11:05:00-05:00,80.4000015258789,80.48999786376953,80.37999725341797,80.4000015258789,80.4000015258789,6863
2023-02-06 11:10:00-05:00,80.4000015258789,80.4000015258789,80.30999755859375,80.30999755859375,80.30999755859375,6308
2023-02-06 11:15:00-05:00,80.30000305175781,80.37000274658203,80.27999877929688,80.37000274658203,80.37000274658203,5745
2023-02-06 11:20:00-05:00,80.37999725341797,80.41999816894531,80.30500030517578,80.30500030517578,80.30500030517578,9843
2023-02-06 11:25:00-05:00,80.31999969482422,80.3499984741211,80.30000305175781,80.30999755859375,80.30999755859375,4718
2023-02-06 11:30:00-05:00,80.30249786376953,80.30249786376953,80.1500015258789,80.1500015258789,80.1500015258789,7951
2023-02-06 11:35:00-05:00,80.13500213623047,80.16000366210938,80.08000183105469,80.0999984741211,80.0999984741211,7928
2023-02-06 11:40:00-05:00,80.08000183105469,80.12999725341797,79.99749755859375,80.04000091552734,80.04000091552734,7421
2023-02-06 11:45:00-05:00,79.98999786376953,79.99500274658203,79.94499969482422,79.95999908447266,79.95999908447266,4722
2023-02-06 11:50:00-05:00,79.97000122070312,80.06999969482422,79.94999694824219,79.94999694824219,79.94999694824219,7393
2023-02-06 11:55:00-05:00,79.91999816894531,80.0,79.80999755859375,79.8718032836914,79.8718032836914,8554
2023-02-06 12:00:00-05:00,79.88999938964844,79.9000015258789,79.79499816894531,79.81999969482422,79.81999969482422,6213
2023-02-06 12:05:00-05:00,79.83000183105469,79.87000274658203,79.81500244140625,79.81500244140625,79.81500244140625,4339
2023-02-06 12:10:00-05:00,79.80000305175781,79.81999969482422,79.75,79.7699966430664,79.7699966430664,14410
2023-02-06 12:15:00-05:00,79.77999877929688,79.82499694824219,79.76000213623047,79.81999969482422,79.81999969482422,7604
2023-02-06 12:20:00-05:00,79.81999969482422,79.94000244140625,79.76000213623047,79.94000244140625,79.94000244140625,18681
2023-02-06 12:25:00-05:00,79.95999908447266,79.95999908447266,79.86000061035156,79.9000015258789,79.9000015258789,5922
2023-02-06 12:30:00-05:00,79.95999908447266,80.02999877929688,79.91000366210938,79.97000122070312,79.97000122070312,6051
2023-02-06 12:35:00-05:00,79.95999908447266,80.01000213623047,79.91999816894531,79.94499969482422,79.94499969482422,7405
2023-02-06 12:40:00-05:00,79.93000030517578,80.01000213623047,79.92500305175781,79.95999908447266,79.95999908447266,5033
2023-02-06 12:45:00-05:00,79.9800033569336,80.06999969482422,79.9800033569336,80.04000091552734,80.04000091552734,4773
2023-02-06 12:50:00-05:00,80.02999877929688,80.04000091552734,79.9800033569336,80.01000213623047,80.01000213623047,6086
2023-02-06 12:55:00-05:00,80.00499725341797,80.0999984741211,80.00499725341797,80.05999755859375,80.05999755859375,6508
2023-02-06 13:00:00-05:00,80.06999969482422,80.13999938964844,80.05000305175781,80.12999725341797,80.12999725341797,5468
2023-02-06 13:05:00-05:00,80.13999938964844,80.16999816894531,80.11000061035156,80.16000366210938,80.16000366210938,6720
2023-02-06 13:10:00-05:00,80.1500015258789,80.20999908447266,80.08999633789062,80.19999694824219,80.19999694824219,9242
2023-02-06 13:15:00-05:00,80.19000244140625,80.19000244140625,80.08499908447266,80.11000061035156,80.11000061035156,8789
2023-02-06 13:20:00-05:00,80.08999633789062,80.11000061035156,80.02999877929688,80.11000061035156,80.11000061035156,7924
2023-02-06 13:25:00-05:00,80.12999725341797,80.1500015258789,80.05500030517578,80.08499908447266,80.08499908447266,11542
2023-02-06 13:30:00-05:00,80.08999633789062,80.12000274658203,80.01499938964844,80.06999969482422,80.06999969482422,10359
2023-02-06 13:35:00-05:00,80.0250015258789,80.08999633789062,80.0199966430664,80.08999633789062,80.08999633789062,8627
2023-02-06 13:40:00-05:00,80.0999984741211,80.1500015258789,79.9800033569336,80.1500015258789,80.1500015258789,12658
2023-02-06 13:45:00-05:00,80.17500305175781,80.19999694824219,80.05999755859375,80.10350036621094,80.10350036621094,76719
2023-02-06 13:50:00-05:00,80.12000274658203,80.19000244140625,80.0999984741211,80.11000061035156,80.11000061035156,5960
2023-02-06 13:55:00-05:00,80.11000061035156,80.19000244140625,80.0999984741211,80.12999725341797,80.12999725341797,11133
2023-02-06 14:00:00-05:00,80.11499786376953,80.16999816894531,80.1050033569336,80.16999816894531,80.16999816894531,8420
2023-02-06 14:05:00-05:00,80.16999816894531,80.2699966430664,80.16000366210938,80.25,80.25,7103
2023-02-06 14:10:00-05:00,80.25,80.29000091552734,80.20999908447266,80.22000122070312,80.22000122070312,6931
2023-02-06 14:15:00-05:00,80.23999786376953,80.41500091552734,80.23999786376953,80.4000015258789,80.4000015258789,6599
2023-02-06 14:20:00-05:00,80.38999938964844,80.41999816894531,80.37999725341797,80.41000366210938,80.41000366210938,6637
2023-02-06 14:25:00-05:00,80.41000366210938,80.50499725341797,80.39949798583984,80.50499725341797,80.50499725341797,6676
2023-02-06 14:30:00-05:00,80.51000213623047,80.54000091552734,80.4800033569336,80.4800033569336,80.4800033569336,8169
2023-02-06 14:35:00-05:00,80.49500274658203,80.70999908447266,80.48999786376953,80.70999908447266,80.70999908447266,6645
2023-02-06 14:40:00-05:00,80.70999908447266,80.7300033569336,80.5999984741211,80.5999984741211,80.5999984741211,15005
2023-02-06 14:45:00-05:00,80.62000274658203,80.62159729003906,80.56999969482422,80.61000061035156,80.61000061035156,5146
2023-02-06 14:50:00-05:00,80.58999633789062,80.81999969482422,80.58999633789062,80.81999969482422,80.81999969482422,11310
2023-02-06 14:55:00-05:00,80.80999755859375,80.88999938964844,80.80999755859375,80.87999725341797,80.87999725341797,12333
2023-02-06 15:00:00-05:00,80.91000366210938,80.91000366210938,80.77999877929688,80.77999877929688,80.77999877929688,9842
2023-02-06 15:05:00-05:00,80.77999877929688,81.06999969482422,80.7699966430664,81.05999755859375,81.05999755859375,11678
2023-02-06 15:10:00-05:00,81.05000305175781,81.05000305175781,80.94999694824219,80.9800033569336,80.9800033569336,9449
2023-02-06 15:15:00-05:00,80.94999694824219,80.94999694824219,80.8499984741211,80.91500091552734,80.91500091552734,9551
2023-02-06 15:20:00-05:00,80.9000015258789,80.98999786376953,80.9000015258789,80.97000122070312,80.97000122070312,11785
2023-02-06 15:25:00-05:00,80.97000122070312,80.97000122070312,80.86000061035156,80.93000030517578,80.93000030517578,13773
2023-02-06 15:30:00-05:00,80.93000030517578,81.03500366210938,80.80979919433594,81.01000213623047,81.01000213623047,19069
2023-02-06 15:35:00-05:00,81.02999877929688,81.25440216064453,81.02999877929688,81.18000030517578,81.18000030517578,23413
2023-02-06 15:40:00-05:00,81.19000244140625,81.2698974609375,81.16999816894531,81.25,81.25,38606
2023-02-06 15:45:00-05:00,81.23999786376953,81.23999786376953,81.12000274658203,81.20999908447266,81.20999908447266,20722
2023-02-06 15:50:00-05:00,81.20999908447266,81.31999969482422,81.1500015258789,81.31999969482422,81.31999969482422,51649
2023-02-06 15:55:00-05:00,81.30000305175781,81.36000061035156,81.18000030517578,81.30000305175781,81.30000305175781,87709
2023-02-07 09:30:00-05:00,80.73999786376953,80.73999786376953,80.2300033569336,80.38999938964844,80.38999938964844,24559
2023-02-07 09:35:00-05:00,80.3499984741211,80.41999816894531,80.05000305175781,80.08999633789062,80.08999633789062,13142
2023-02-07 09:40:00-05:00,80.0199966430664,80.08000183105469,79.91000366210938,79.91000366210938,79.91000366210938,15719
2023-02-07 09:45:00-05:00,79.88999938964844,79.95999908447266,79.76000213623047,79.8499984741211,79.8499984741211,9809
2023-02-07 09:50:00-05:00,79.80999755859375,79.87999725341797,79.61000061035156,79.87000274658203,79.87000274658203,12721
2023-02-07 09:55:00-05:00,79.91000366210938,80.06500244140625,79.83999633789062,80.05000305175781,80.05000305175781,9432
2023-02-07 10:00:00-05:00,80.05999755859375,80.22000122070312,80.04499816894531,80.19999694824219,80.19999694824219,9324
2023-02-07 10:05:00-05:00,80.19499969482422,80.2699966430664,80.01000213623047,80.0250015258789,80.0250015258789,10988
2023-02-07 10:10:00-05:00,80.0,80.0,79.83000183105469,79.87999725341797,79.87999725341797,7597
2023-02-07 10:15:00-05:00,79.81999969482422,79.8499984741211,79.70999908447266,79.77999877929688,79.77999877929688,8079
2023-02-07 10:20:00-05:00,79.80999755859375,79.91000366210938,79.77999877929688,79.87999725341797,79.87999725341797,7358
2023-02-07 10:25:00-05:00,79.87000274658203,79.9000015258789,79.79000091552734,79.79000091552734,79.79000091552734,6838
2023-02-07 10:30:00-05:00,79.77999877929688,79.95999908447266,79.69000244140625,79.94000244140625,79.94000244140625,10388
2023-02-07 10:35:00-05:00,79.95999908447266,79.97000122070312,79.7699966430664,79.83000183105469,79.83000183105469,7099
2023-02-07 10:40:00-05:00,79.83999633789062,79.87999725341797,79.7300033569336,79.75890350341797,79.75890350341797,7733
2023-02-07 10:45:00-05:00,79.73999786376953,79.7979965209961,79.5999984741211,79.63999938964844,79.63999938964844,38742
2023-02-07 10:50:00-05:00,79.63999938964844,79.73500061035156,79.58000183105469,79.58999633789062,79.58999633789062,18525
2023-02-07 10:55:00-05:00,79.58000183105469,79.62000274658203,79.4800033569336,79.52999877929688,79.52999877929688,16931
2023-02-07 11:00:00-05:00,79.55000305175781,79.66999816894531,79.5,79.60009765625,79.60009765625,14026
2023-02-07 11:05:00-05:00,79.5999984741211,79.80000305175781,79.5999984741211,79.75,79.75,7800
2023-02-07 11:10:00-05:00,79.75,79.7750015258789,79.72000122070312,79.72360229492188,79.72360229492188,13552
2023-02-07 11:15:00-05:00,79.69999694824219,79.7699966430664,79.58499908447266,79.68000030517578,79.68000030517578,73046
2023-02-07 11:20:00-05:00,79.70999908447266,79.77999877929688,79.6500015258789,79.7699966430664,79.7699966430664,10366
2023-02-07 11:25:00-05:00,79.76000213623047,79.7699966430664,79.67500305175781,79.67500305175781,79.67500305175781,9787
2023-02-07 11:30:00-05:00,79.70999908447266,79.73500061035156,79.66999816894531,79.73500061035156,79.73500061035156,6936
2023-02-07 11:35:00-05:00,79.73999786376953,79.81999969482422,79.70500183105469,79.72000122070312,79.72000122070312,41595
2023-02-07 11:40:00-05:00,79.73999786376953,79.87999725341797,79.7300033569336,79.87999725341797,79.87999725341797,7297
2023-02-07 11:45:00-05:00,79.88999938964844,80.02999877929688,79.87999725341797,80.02999877929688,80.02999877929688,18443
2023-02-07 11:50:00-05:00,80.02999877929688,80.08999633789062,79.94000244140625,80.01000213623047,80.01000213623047,19857
2023-02-07 11:55:00-05:00,79.99199676513672,80.05000305175781,79.99199676513672,80.05000305175781,80.05000305175781,8551
2023-02-07 12:00:00-05:00,80.05999755859375,80.12000274658203,80.05999755859375,80.11000061035156,80.11000061035156,10510
2023-02-07 12:05:00-05:00,80.16999816894531,80.2300033569336,80.12000274658203,80.12000274658203,80.12000274658203,13789
2023-02-07 12:10:00-05:00,80.1500015258789,80.16500091552734,80.0250015258789,80.06999969482422,80.06999969482422,10305
2023-02-07 12:15:00-05:00,80.0999984741211,80.18000030517578,80.08999633789062,80.16000366210938,80.16000366210938,9624
2023-02-07 12:20:00-05:00,80.16999816894531,80.30130004882812,80.16000366210938,80.30130004882812,80.30130004882812,7239
2023-02-07 12:25:00-05:00,80.30000305175781,80.3499984741211,80.2300033569336,80.23999786376953,80.23999786376953,12489
2023-02-07 12:30:00-05:00,80.25,80.31999969482422,80.22000122070312,80.2300033569336,80.2300033569336,10501
2023-02-07 12:35:00-05:00,80.23999786376953,80.33000183105469,80.23999786376953,80.33000183105469,80.33000183105469,4243
2023-02-07 12:40:00-05:00,80.33000183105469,80.62000274658203,80.31999969482422,80.55000305175781,80.55000305175781,15538
2023-02-07 12:45:00-05:00,80.61000061035156,80.80000305175781,80.58999633789062,80.77999877929688,80.77999877929688,13394
2023-02-07 12:50:00-05:00,80.81999969482422,80.83000183105469,80.68000030517578,80.68000030517578,80.68000030517578,8572
2023-02-07 12:55:00-05:00,80.69000244140625,80.80999755859375,80.62999725341797,80.62999725341797,80.62999725341797,12930
2023-02-07 13:00:00-05:00,80.66999816894531,80.7490005493164,80.54000091552734,80.54000091552734,80.54000091552734,11360
2023-02-07 13:05:00-05:00,80.55000305175781,80.70999908447266,80.52999877929688,80.6449966430664,80.6449966430664,9490
2023-02-07 13:10:00-05:00,80.66999816894531,80.68000030517578,80.52999877929688,80.52999877929688,80.52999877929688,7262
2023-02-07 13:15:00-05:00,80.45999908447266,80.51000213623047,80.27999877929688,80.48999786376953,80.48999786376953,13467
2023-02-07 13:20:00-05:00,80.48999786376953,80.48999786376953,80.29000091552734,80.29000091552734,80.29000091552734,6492
2023-02-07 13:25:00-05:00,80.29000091552734,80.31999969482422,80.02999877929688,80.02999877929688,80.02999877929688,11184
2023-02-07 13:30:00-05:00,80.0,80.0,79.69999694824219,79.7300033569336,79.7300033569336,8785
2023-02-07 13:35:00-05:00,79.71499633789062,79.86000061035156,79.66999816894531,79.83000183105469,79.83000183105469,9325
2023-02-07 13:40:00-05:00,79.83999633789062,79.97000122070312,79.79000091552734,79.80000305175781,79.80000305175781,10665
2023-02-07 13:45:00-05:00,79.77999877929688,79.77999877929688,79.68000030517578,79.7300033569336,79.7300033569336,6449
2023-02-07 13:50:00-05:00,79.7249984741211,79.93000030517578,79.69999694824219,79.93000030517578,79.93000030517578,12617
2023-02-07 13:55:00-05:00,79.94000244140625,80.00499725341797,79.91500091552734,79.94999694824219,79.94999694824219,12225
2023-02-07 14:00:00-05:00,79.94999694824219,80.12000274658203,79.94999694824219,80.05500030517578,80.05500030517578,13040
2023-02-07 14:05:00-05:00,80.05500030517578,80.3949966430664,80.02999877929688,80.3949966430664,80.3949966430664,10698
2023-02-07 14:10:00-05:00,80.37999725341797,80.4800033569336,80.36000061035156,80.37000274658203,80.37000274658203,13046
2023-02-07 14:15:00-05:00,80.43000030517578,80.47000122070312,80.37000274658203,80.41999816894531,80.41999816894531,7840
2023-02-07 14:20:00-05:00,80.41000366210938,80.41000366210938,80.2146987915039,80.4000015258789,80.4000015258789,13356
2023-02-07 14:25:00-05:00,80.4000015258789,80.47000122070312,80.25,80.2699966430664,80.2699966430664,13614
2023-02-07 14:30:00-05:00,80.27999877929688,80.43000030517578,80.2300033569336,80.4000015258789,80.4000015258789,10735
2023-02-07 14:35:00-05:00,80.41000366210938,80.43000030517578,80.29000091552734,80.30999755859375,80.30999755859375,11335
2023-02-07 14:40:00-05:00,80.29499816894531,80.36000061035156,80.2300033569336,80.25,80.25,14802
2023-02-07 14:45:00-05:00,80.25499725341797,80.37000274658203,80.25499725341797,80.26000213623047,80.26000213623047,13047
2023-02-07 14:50:00-05:00,80.25330352783203,80.33000183105469,80.25,80.29000091552734,80.29000091552734,12563
2023-02-07 14:55:00-05:00,80.2699966430664,80.37000274658203,80.25,80.36000061035156,80.36000061035156,14277
2023-02-07 15:00:00-05:00,80.36000061035156,80.58999633789062,80.3499984741211,80.3499984741211,80.3499984741211,19578
2023-02-07 15:05:00-05:00,80.3499984741211,80.44000244140625,80.31999969482422,80.37000274658203,80.37000274658203,9995
2023-02-07 15:10:00-05:00,80.37000274658203,80.41999816894531,80.33499908447266,80.3499984741211,80.3499984741211,14580
2023-02-07 15:15:00-05:00,80.36000061035156,80.50499725341797,80.36000061035156,80.47000122070312,80.47000122070312,16114
2023-02-07 15:20:00-05:00,80.5,80.56999969482422,80.43000030517578,80.43000030517578,80.43000030517578,14692
2023-02-07 15:25:00-05:00,80.41999816894531,80.58000183105469,80.38269805908203,80.55000305175781,80.55000305175781,20800
2023-02-07 15:30:00-05:00,80.55000305175781,80.70999908447266,80.48999786376953,80.6500015258789,80.6500015258789,21475
2023-02-07 15:35:00-05:00,80.66000366210938,80.68000030517578,80.55000305175781,80.68000030517578,80.68000030517578,19246
2023-02-07 15:40:00-05:00,80.66000366210938,80.7699966430664,80.6500015258789,80.7699966430664,80.7699966430664,21947
2023-02-07 15:45:00-05:00,80.77999877929688,80.82499694824219,80.72000122070312,80.7699966430664,80.7699966430664,42109
2023-02-07 15:50:00-05:00,80.77999877929688,81.0199966430664,80.77999877929688,81.0,81.0,60322
2023-02-07 15:55:00-05:00,81.01000213623047,81.01000213623047,80.68000030517578,80.68000030517578,80.68000030517578,105689
2023-02-08 09:30:00-05:00,80.2699966430664,80.52999877929688,79.83999633789062,80.0,80.0,13023
2023-02-08 09:35:00-05:00,79.8949966430664,79.8949966430664,79.58999633789062,79.72000122070312,79.72000122070312,3684
2023-02-08 09:40:00-05:00,79.63069915771484,79.9000015258789,79.63069915771484,79.88999938964844,79.88999938964844,6114
2023-02-08 09:45:00-05:00,79.84500122070312,79.95999908447266,79.83999633789062,79.94000244140625,79.94000244140625,5401
2023-02-08 09:50:00-05:00,79.95999908447266,80.01000213623047,79.7699966430664,79.98999786376953,79.98999786376953,7995
2023-02-08 09:55:00-05:00,79.97000122070312,80.01000213623047,79.90550231933594,79.98500061035156,79.98500061035156,9277
2023-02-08 10:00:00-05:00,79.91000366210938,80.01000213623047,79.81999969482422,79.98999786376953,79.98999786376953,8277
2023-02-08 10:05:00-05:00,79.9800033569336,79.98999786376953,79.66000366210938,79.74500274658203,79.74500274658203,8246
2023-02-08 10:10:00-05:00,79.75,79.83999633789062,79.7300033569336,79.83999633789062,79.83999633789062,14199
2023-02-08 10:15:00-05:00,79.7699966430664,79.81500244140625,79.73999786376953,79.75,79.75,8244
2023-02-08 10:20:00-05:00,79.77999877929688,79.8499984741211,79.72000122070312,79.83000183105469,79.83000183105469,6231
2023-02-08 10:25:00-05:00,79.80999755859375,79.9000015258789,79.80000305175781,79.87999725341797,79.87999725341797,8427
2023-02-08 10:30:00-05:00,79.88999938964844,79.97000122070312,79.83999633789062,79.9000015258789,79.9000015258789,11827
2023-02-08 10:35:00-05:00,79.94999694824219,79.94999694824219,79.80999755859375,79.86499786376953,79.86499786376953,10327
2023-02-08 10:40:00-05:00,79.83999633789062,79.8499984741211,79.80999755859375,79.81999969482422,79.81999969482422,6001
2023-02-08 10:45:00-05:00,79.83999633789062,79.83999633789062,79.66000366210938,79.68000030517578,79.68000030517578,9705
2023-02-08 10:50:00-05:00,79.69999694824219,79.7699966430664,79.58999633789062,79.61000061035156,79.61000061035156,24335
2023-02-08 10:55:00-05:00,79.5999984741211,79.62999725341797,79.44000244140625,79.5,79.5,22207
2023-02-08 11:00:00-05:00,79.4800033569336,79.4800033569336,79.33999633789062,79.37000274658203,79.37000274658203,20122
2023-02-08 11:05:00-05:00,79.37000274658203,79.38999938964844,79.30000305175781,79.37000274658203,79.37000274658203,11485
2023-02-08 11:10:00-05:00,79.38999938964844,79.46499633789062,79.3499984741211,79.44999694824219,79.44999694824219,12538
2023-02-08 11:15:00-05:00,79.45500183105469,79.55000305175781,79.45500183105469,79.52999877929688,79.52999877929688,7667
2023-02-08 11:20:00-05:00,79.5199966430664,79.58000183105469,79.3949966430664,79.41999816894531,79.41999816894531,5954
2023-02-08 11:25:00-05:00,79.41000366210938,79.41999816894531,79.19999694824219,79.20999908447266,79.20999908447266,12240
2023-02-08 11:30:00-05:00,79.19999694824219,79.2300033569336,79.1500015258789,79.22000122070312,79.22000122070312,9274
2023-02-08 11:35:00-05:00,79.20999908447266,79.26000213623047,79.16000366210938,79.2300033569336,79.2300033569336,6129
2023-02-08 11:40:00-05:00,79.2300033569336,79.2300033569336,79.08000183105469,79.11000061035156,79.11000061035156,8541
2023-02-08 11:45:00-05:00,79.12000274658203,79.16999816894531,79.12000274658203,79.12000274658203,79.12000274658203,7632
2023-02-08 11:50:00-05:00,79.12000274658203,79.2699966430664,79.0999984741211,79.20999908447266,79.20999908447266,7908
2023-02-08 11:55:00-05:00,79.19999694824219,79.36000061035156,79.18000030517578,79.3499984741211,79.3499984741211,7072
2023-02-08 12:00:00-05:00,79.3499984741211,79.37999725341797,79.30999755859375,79.30999755859375,79.30999755859375,6832
2023-02-08 12:05:00-05:00,79.30999755859375,79.30999755859375,79.23999786376953,79.30000305175781,79.30000305175781,4584
2023-02-08 12:10:00-05:00,79.31999969482422,79.31999969482422,79.04000091552734,79.05000305175781,79.05000305175781,7361
2023-02-08 12:15:00-05:00,79.04000091552734,79.12999725341797,78.9800033569336,79.12999725341797,79.12999725341797,12112
2023-02-08 12:20:00-05:00,79.12000274658203,79.18000030517578,79.06999969482422,79.08999633789062,79.08999633789062,6605
2023-02-08 12:25:00-05:00,79.08000183105469,79.0999984741211,78.9800033569336,78.98999786376953,78.98999786376953,9586
2023-02-08 12:30:00-05:00,78.94999694824219,78.95999908447266,78.80000305175781,78.80000305175781,78.80000305175781,7013
2023-02-08 12:35:00-05:00,78.80000305175781,78.87999725341797,78.7699966430664,78.7699966430664,78.7699966430664,8667
2023-02-08 12:40:00-05:00,78.77999877929688,78.8499984741211,78.75,78.8499984741211,78.8499984741211,6769
2023-02-08 12:45:00-05:00,78.86000061035156,79.08999633789062,78.86000061035156,79.08999633789062,79.08999633789062,6346
2023-02-08 12:50:00-05:00,79.0999984741211,79.0999984741211,79.05000305175781,79.05000305175781,79.05000305175781,6371
2023-02-08 12:55:00-05:00,79.05999755859375,79.1449966430664,79.04000091552734,79.1449966430664,79.1449966430664,6897
2023-02-08 13:00:00-05:00,79.16000366210938,79.19999694824219,79.13999938964844,79.17729949951172,79.17729949951172,5458
2023-02-08 13:05:00-05:00,79.19000244140625,79.29000091552734,79.13500213623047,79.16999816894531,79.16999816894531,12724
2023-02-08 13:10:00-05:00,79.16000366210938,79.24500274658203,79.13999938964844,79.2300033569336,79.2300033569336,10304
2023-02-08 13:15:00-05:00,79.20999908447266,79.2300033569336,79.17500305175781,79.19000244140625,79.19000244140625,5637
2023-02-08 13:20:00-05:00,79.19000244140625,79.25,79.16999816894531,79.25,79.25,6788
2023-02-08 13:25:00-05:00,79.23999786376953,79.23999786376953,79.12000274658203,79.12000274658203,79.12000274658203,3751
2023-02-08 13:30:00-05:00,79.11000061035156,79.11000061035156,79.05000305175781,79.08999633789062,79.08999633789062,12448
2023-02-08 13:35:00-05:00,79.06999969482422,79.27999877929688,79.06999969482422,79.23999786376953,79.23999786376953,10376
2023-02-08 13:40:00-05:00,79.26000213623047,79.26000213623047,79.19000244140625,79.25,79.25,5813
2023-02-08 13:45:00-05:00,79.23999786376953,79.2750015258789,79.2300033569336,79.2699966430664,79.2699966430664,4006
2023-02-08 13:50:00-05:00,79.2699966430664,79.31999969482422,79.2300033569336,79.27999877929688,79.27999877929688,8544
2023-02-08 13:55:00-05:00,79.29000091552734,79.37000274658203,79.27999877929688,79.3499984741211,79.3499984741211,5321
2023-02-08 14:00:00-05:00,79.33999633789062,79.33999633789062,79.25,79.26000213623047,79.26000213623047,11542
2023-02-08 14:05:00-05:00,79.26000213623047,79.26000213623047,79.12000274658203,79.16999816894531,79.16999816894531,11217
2023-02-08 14:10:00-05:00,79.18000030517578,79.36599731445312,79.18000030517578,79.36599731445312,79.36599731445312,4477
2023-02-08 14:15:00-05:00,79.36000061035156,79.44000244140625,79.33000183105469,79.44000244140625,79.44000244140625,8218
2023-02-08 14:20:00-05:00,79.44000244140625,79.44999694824219,79.38999938964844,79.4000015258789,79.4000015258789,5829
2023-02-08 14:25:00-05:00,79.38999938964844,79.4000015258789,79.2699966430664,79.27999877929688,79.27999877929688,5505
2023-02-08 14:30:00-05:00,79.2699966430664,79.27999877929688,79.19999694824219,79.26000213623047,79.26000213623047,8733
2023-02-08 14:35:00-05:00,79.26000213623047,79.33999633789062,79.26000213623047,79.33000183105469,79.33000183105469,5066
2023-02-08 14:40:00-05:00,79.33380126953125,79.3499984741211,79.19000244140625,79.23999786376953,79.23999786376953,12194
2023-02-08 14:45:00-05:00,79.23999786376953,79.30000305175781,79.22000122070312,79.27999877929688,79.27999877929688,9133
2023-02-08 14:50:00-05:00,79.2699966430664,79.3499984741211,79.2699966430664,79.33999633789062,79.33999633789062,7974
2023-02-08 14:55:00-05:00,79.31999969482422,79.44000244140625,79.30999755859375,79.43000030517578,79.43000030517578,8730
2023-02-08 15:00:00-05:00,79.41999816894531,79.41999816894531,79.25,79.25,79.25,7906
2023-02-08 15:05:00-05:00,79.25,79.30999755859375,79.22000122070312,79.30999755859375,79.30999755859375,11245
2023-02-08 15:10:00-05:00,79.30500030517578,79.30999755859375,79.04000091552734,79.05999755859375,79.05999755859375,12278
2023-02-08 15:15:00-05:00,79.05999755859375,79.1500015258789,79.02999877929688,79.03500366210938,79.03500366210938,12365
2023-02-08 15:20:00-05:00,79.04000091552734,79.15699768066406,79.01000213623047,79.06999969482422,79.06999969482422,22594
2023-02-08 15:25:00-05:00,79.07499694824219,79.07499694824219,78.92420196533203,78.94999694824219,78.94999694824219,15509
2023-02-08 15:30:00-05:00,78.93000030517578,79.01000213623047,78.8499984741211,78.9000015258789,78.9000015258789,22399
2023-02-08 15:35:00-05:00,78.91999816894531,79.06999969482422,78.91999816894531,79.05999755859375,79.05999755859375,14724
2023-02-08 15:40:00-05:00,79.05999755859375,79.1500015258789,79.0199966430664,79.0999984741211,79.0999984741211,20487
2023-02-08 15:45:00-05:00,79.11000061035156,79.11000061035156,79.0,79.04000091552734,79.04000091552734,29678
2023-02-08 15:50:00-05:00,79.04000091552734,79.0999984741211,79.00499725341797,79.06999969482422,79.06999969482422,64138
2023-02-08 15:55:00-05:00,79.06999969482422,79.18000030517578,79.05500030517578,79.12999725341797,79.12999725341797,95896
2023-02-09 09:30:00-05:00,79.23999786376953,79.71499633789062,79.23999786376953,79.66999816894531,79.66999816894531,16466
2023-02-09 09:35:00-05:00,79.62999725341797,79.73999786376953,79.61000061035156,79.70999908447266,79.70999908447266,1980
2023-02-09 09:40:00-05:00,79.69000244140625,79.69000244140625,79.5199966430664,79.5999984741211,79.5999984741211,6161
2023-02-09 09:45:00-05:00,79.61000061035156,79.73999786376953,79.4800033569336,79.63999938964844,79.63999938964844,5766
2023-02-09 09:50:00-05:00,79.65499877929688,79.7699966430664,79.62999725341797,79.72000122070312,79.72000122070312,9396
2023-02-09 09:55:00-05:00,79.70999908447266,79.70999908447266,79.52999877929688,79.68000030517578,79.68000030517578,7703
2023-02-09 10:00:00-05:00,79.63999938964844,79.63999938964844,79.5,79.58000183105469,79.58000183105469,7953
2023-02-09 10:05:00-05:00,79.62000274658203,79.66500091552734,79.55999755859375,79.58000183105469,79.58000183105469,8488
2023-02-09 10:10:00-05:00,79.52999877929688,79.52999877929688,79.28479766845703,79.29000091552734,79.29000091552734,8270
2023-02-09 10:15:00-05:00,79.30000305175781,79.30000305175781,79.1500015258789,79.26000213623047,79.26000213623047,8702
2023-02-09 10:20:00-05:00,79.30999755859375,79.30999755859375,79.16000366210938,79.16500091552734,79.16500091552734,4453
2023-02-09 10:25:00-05:00,79.16999816894531,79.19000244140625,79.05999755859375,79.19000244140625,79.19000244140625,7560
2023-02-09 10:30:00-05:00,79.19000244140625,79.2699966430664,79.13999938964844,79.26000213623047,79.26000213623047,6730
2023-02-09 10:35:00-05:00,79.2699966430664,79.37999725341797,79.25,79.29000091552734,79.29000091552734,5896
2023-02-09 10:40:00-05:00,79.30999755859375,79.36499786376953,79.27999877929688,79.31999969482422,79.31999969482422,4806
2023-02-09 10:45:00-05:00,79.33000183105469,79.40499877929688,79.27999877929688,79.3290023803711,79.3290023803711,4580
2023-02-09 10:50:00-05:00,79.33999633789062,79.41999816894531,79.27999877929688,79.37000274658203,79.37000274658203,4971
2023-02-09 10:55:00-05:00,79.4000015258789,79.44000244140625,79.37000274658203,79.44000244140625,79.44000244140625,4285
2023-02-09 11:00:00-05:00,79.4800033569336,79.5199966430664,79.3499984741211,79.41999816894531,79.41999816894531,7283
2023-02-09 11:05:00-05:00,79.41999816894531,79.47000122070312,79.4000015258789,79.41000366210938,79.41000366210938,4763
2023-02-09 11:10:00-05:00,79.4000015258789,79.4000015258789,79.33999633789062,79.36000061035156,79.36000061035156,3346
2023-02-09 11:15:00-05:00,79.36000061035156,79.37999725341797,79.29000091552734,79.3499984741211,79.3499984741211,5330
2023-02-09 11:20:00-05:00,79.33999633789062,79.3499984741211,79.2750015258789,79.30000305175781,79.30000305175781,5896
2023-02-09 11:25:00-05:00,79.36000061035156,79.38410186767578,79.31999969482422,79.3499984741211,79.3499984741211,4860
2023-02-09 11:30:00-05:00,79.31999969482422,79.33999633789062,79.26000213623047,79.33000183105469,79.33000183105469,8207
2023-02-09 11:35:00-05:00,79.30999755859375,79.33999633789062,79.2300033569336,79.31500244140625,79.31500244140625,7405
2023-02-09 11:40:00-05:00,79.26000213623047,79.29000091552734,79.18000030517578,79.19000244140625,79.19000244140625,3290
2023-02-09 11:45:00-05:00,79.19000244140625,79.19000244140625,79.02999877929688,79.04000091552734,79.04000091552734,4551
2023-02-09 11:50:00-05:00,79.08000183105469,79.22000122070312,79.06999969482422,79.18000030517578,79.18000030517578,7464
2023-02-09 11:55:00-05:00,79.18000030517578,79.18000030517578,79.08999633789062,79.16000366210938,79.16000366210938,10796
2023-02-09 12:00:00-05:00,79.13999938964844,79.19999694824219,79.0999984741211,79.0999984741211,79.0999984741211,5092
2023-02-09 12:05:00-05:00,79.12999725341797,79.16000366210938,79.08999633789062,79.11000061035156,79.11000061035156,4272
2023-02-09 12:10:00-05:00,79.11000061035156,79.18000030517578,79.11000061035156,79.18000030517578,79.18000030517578,4823
2023-02-09 12:15:00-05:00,79.12999725341797,79.18000030517578,79.01000213623047,79.18000030517578,79.18000030517578,7259
2023-02-09 12:20:00-05:00,79.16000366210938,79.22000122070312,79.16000366210938,79.22000122070312,79.22000122070312,3003
2023-02-09 12:25:00-05:00,79.2699966430664,79.2699966430664,79.1500015258789,79.16000366210938,79.16000366210938,4112
2023-02-09 12:30:00-05:00,79.16000366210938,79.16000366210938,79.02999877929688,79.04000091552734,79.04000091552734,4047
2023-02-09 12:35:00-05:00,79.04000091552734,79.08999633789062,79.01000213623047,79.08999633789062,79.08999633789062,3559
2023-02-09 12:40:00-05:00,79.06999969482422,79.08000183105469,79.01239776611328,79.01239776611328,79.01239776611328,4100
2023-02-09 12:45:00-05:00,78.98999786376953,79.0,78.94000244140625,78.94999694824219,78.94999694824219,4165
2023-02-09 12:50:00-05:00,78.93000030517578,78.98999786376953,78.93000030517578,78.93000030517578,78.93000030517578,4081
2023-02-09 12:55:00-05:00,78.91000366210938,79.01000213623047,78.9000015258789,78.9000015258789,78.9000015258789,5200
2023-02-09 13:00:00-05:00,78.9000015258789,78.94000244140625,78.83999633789062,78.86000061035156,78.86000061035156,4287
2023-02-09 13:05:00-05:00,78.88999938964844,78.94999694824219,78.88999938964844,78.91999816894531,78.91999816894531,2951
2023-02-09 13:10:00-05:00,78.93000030517578,79.01000213623047,78.93000030517578,78.98500061035156,78.98500061035156,3522
2023-02-09 13:15:00-05:00,78.95999908447266,78.99109649658203,78.93000030517578,78.98999786376953,78.98999786376953,2954
2023-02-09 13:20:00-05:00,78.9800033569336,78.9800033569336,78.91000366210938,78.91999816894531,78.91999816894531,4445
2023-02-09 13:25:00-05:00,78.93000030517578,78.9800033569336,78.8499984741211,78.8499984741211,78.8499984741211,3286
2023-02-09 13:30:00-05:00,78.83000183105469,78.91999816894531,78.80000305175781,78.9000015258789,78.9000015258789,3434
2023-02-09 13:35:00-05:00,78.9000015258789,78.9000015258789,78.73999786376953,78.7699966430664,78.7699966430664,6538
2023-02-09 13:40:00-05:00,78.7699966430664,78.77999877929688,78.69000244140625,78.70999908447266,78.70999908447266,5725
2023-02-09 13:45:00-05:00,78.66899871826172,78.69999694824219,78.62999725341797,78.69999694824219,78.69999694824219,3714
2023-02-09 13:50:00-05:00,78.70500183105469,78.75,78.69000244140625,78.74500274658203,78.74500274658203,6857
2023-02-09 13:55:00-05:00,78.73999786376953,78.76000213623047,78.69999694824219,78.70999908447266,78.70999908447266,6293
2023-02-09 14:00:00-05:00,78.72000122070312,78.76000213623047,78.6500015258789,78.6500015258789,78.6500015258789,7593
2023-02-09 14:05:00-05:00,78.6500015258789,78.72000122070312,78.6500015258789,78.70999908447266,78.70999908447266,5506
2023-02-09 14:10:00-05:00,78.75,78.75,78.66000366210938,78.66000366210938,78.66000366210938,4173
2023-02-09 14:15:00-05:00,78.66000366210938,78.66999816894531,78.54000091552734,78.5999984741211,78.5999984741211,6777
2023-02-09 14:20:00-05:00,78.66000366210938,78.69000244140625,78.6500015258789,78.6500015258789,78.6500015258789,4287
2023-02-09 14:25:00-05:00,78.63999938964844,78.66000366210938,78.62999725341797,78.62999725341797,78.62999725341797,4487
2023-02-09 14:30:00-05:00,78.63999938964844,78.72000122070312,78.62999725341797,78.72000122070312,78.72000122070312,3921
2023-02-09 14:35:00-05:00,78.73789978027344,78.79000091552734,78.69000244140625,78.7699966430664,78.7699966430664,6204
2023-02-09 14:40:00-05:00,78.78500366210938,78.81999969482422,78.75,78.80999755859375,78.80999755859375,5746
2023-02-09 14:45:00-05:00,78.83000183105469,78.91999816894531,78.77999877929688,78.91999816894531,78.91999816894531,7265
2023-02-09 14:50:00-05:00,78.91999816894531,78.93000030517578,78.70999908447266,78.70999908447266,78.70999908447266,7955
2023-02-09 14:55:00-05:00,78.70999908447266,78.7699966430664,78.69000244140625,78.76000213623047,78.76000213623047,6235
2023-02-09 15:00:00-05:00,78.77999877929688,78.77999877929688,78.61000061035156,78.63999938964844,78.63999938964844,9373
2023-02-09 15:05:00-05:00,78.5999984741211,78.5999984741211,78.5199966430664,78.55500030517578,78.55500030517578,7567
2023-02-09 15:10:00-05:00,78.52999877929688,78.54900360107422,78.47000122070312,78.48999786376953,78.48999786376953,9216
2023-02-09 15:15:00-05:00,78.4800033569336,78.4800033569336,78.31999969482422,78.33999633789062,78.33999633789062,8000
2023-02-09 15:20:00-05:00,78.30999755859375,78.33999633789062,78.22000122070312,78.22000122070312,78.22000122070312,7967
2023-02-09 15:25:00-05:00,78.22000122070312,78.23999786376953,78.12000274658203,78.13999938964844,78.13999938964844,8187
2023-02-09 15:30:00-05:00,78.12999725341797,78.1697006225586,78.08000183105469,78.1500015258789,78.1500015258789,12576
2023-02-09 15:35:00-05:00,78.16000366210938,78.29000091552734,78.1050033569336,78.25499725341797,78.25499725341797,13232
2023-02-09 15:40:00-05:00,78.26000213623047,78.37999725341797,78.20999908447266,78.37999725341797,78.37999725341797,15568
2023-02-09 15:45:00-05:00,78.38999938964844,78.48999786376953,78.3499984741211,78.38999938964844,78.38999938964844,25659
2023-02-09 15:50:00-05:00,78.4000015258789,78.56999969482422,78.37999725341797,78.38500213623047,78.38500213623047,53383
2023-02-09 15:55:00-05:00,78.37999725341797,78.37999725341797,78.0999984741211,78.19000244140625,78.19000244140625,158828
2023-02-10 09:30:00-05:00,78.4800033569336,78.61000061035156,78.20999908447266,78.33000183105469,78.33000183105469,13124
2023-02-10 09:35:00-05:00,78.36000061035156,78.36000061035156,78.05999755859375,78.19000244140625,78.19000244140625,3641
2023-02-10 09:40:00-05:00,78.13999938964844,78.34500122070312,78.13999938964844,78.33000183105469,78.33000183105469,11620
2023-02-10 09:45:00-05:00,78.26000213623047,78.4800033569336,78.26000213623047,78.4800033569336,78.4800033569336,5475
2023-02-10 09:50:00-05:00,78.4749984741211,78.7699966430664,78.44000244140625,78.7699966430664,78.7699966430664,6598
2023-02-10 09:55:00-05:00,78.72000122070312,78.7699966430664,78.58000183105469,78.75,78.75,5387
2023-02-10 10:00:00-05:00,78.66999816894531,78.8499984741211,78.62000274658203,78.77999877929688,78.77999877929688,5849
2023-02-10 10:05:00-05:00,78.79000091552734,78.9800033569336,78.79000091552734,78.97000122070312,78.97000122070312,13450
2023-02-10 10:10:00-05:00,78.99500274658203,79.25,78.99500274658203,79.19999694824219,79.19999694824219,25710
2023-02-10 10:15:00-05:00,79.19999694824219,79.52999877929688,79.19000244140625,79.5199966430664,79.5199966430664,26797
2023-02-10 10:20:00-05:00,79.55000305175781,79.63999938964844,79.5199966430664,79.62000274658203,79.62000274658203,20401
2023-02-10 10:25:00-05:00,79.63999938964844,79.75499725341797,79.5999984741211,79.75499725341797,79.75499725341797,15490
2023-02-10 10:30:00-05:00,79.75,79.80500030517578,79.55000305175781,79.6449966430664,79.6449966430664,13664
2023-02-10 10:35:00-05:00,79.58499908447266,79.76000213623047,79.55999755859375,79.72000122070312,79.72000122070312,7626
2023-02-10 10:40:00-05:00,79.72000122070312,79.73999786376953,79.63999938964844,79.7249984741211,79.7249984741211,9878
2023-02-10 10:45:00-05:00,79.68000030517578,79.70999908447266,79.5199966430664,79.61499786376953,79.61499786376953,67864
2023-02-10 10:50:00-05:00,79.58999633789062,79.62999725341797,79.44999694824219,79.52999877929688,79.52999877929688,46203
2023-02-10 10:55:00-05:00,79.54000091552734,79.55999755859375,79.30000305175781,79.33999633789062,79.33999633789062,22449
2023-02-10 11:00:00-05:00,79.33000183105469,79.44999694824219,79.30999755859375,79.42500305175781,79.42500305175781,9903
2023-02-10 11:05:00-05:00,79.41000366210938,79.46499633789062,79.2300033569336,79.27999877929688,79.27999877929688,9327
2023-02-10 11:10:00-05:00,79.2699966430664,79.3499984741211,79.19999694824219,79.25,79.25,7013
2023-02-10 11:15:00-05:00,79.2699966430664,79.27999877929688,79.1500015258789,79.24500274658203,79.24500274658203,9306
2023-02-10 11:20:00-05:00,79.2300033569336,79.3499984741211,79.2300033569336,79.2300033569336,79.2300033569336,6295
2023-02-10 11:25:00-05:00,79.21499633789062,79.29000091552734,79.19499969482422,79.27999877929688,79.27999877929688,11039
2023-02-10 11:30:00-05:00,79.26000213623047,79.30000305175781,79.20999908447266,79.2750015258789,79.2750015258789,9822
2023-02-10 11:35:00-05:00,79.25,79.31999969482422,79.23999786376953,79.26000213623047,79.26000213623047,6813
2023-02-10 11:40:00-05:00,79.22000122070312,79.31999969482422,79.19999694824219,79.29000091552734,79.29000091552734,8091
2023-02-10 11:45:00-05:00,79.30999755859375,79.4000015258789,79.23999786376953,79.26000213623047,79.26000213623047,8823
2023-02-10 11:50:00-05:00,79.27999877929688,79.37000274658203,79.2750015258789,79.3499984741211,79.3499984741211,6660
2023-02-10 11:55:00-05:00,79.41000366210938,79.49500274658203,79.33999633789062,79.49500274658203,79.49500274658203,12075
2023-02-10 12:00:00-05:00,79.5,79.5250015258789,79.40499877929688,79.42500305175781,79.42500305175781,14267
2023-02-10 12:05:00-05:00,79.43000030517578,79.62999725341797,79.42500305175781,79.57499694824219,79.57499694824219,63315
2023-02-10 12:10:00-05:00,79.57499694824219,79.62000274658203,79.4800033569336,79.54499816894531,79.54499816894531,33436
2023-02-10 12:15:00-05:00,79.52999877929688,79.69000244140625,79.5199966430664,79.67500305175781,79.67500305175781,12526
2023-02-10 12:20:00-05:00,79.69000244140625,79.70999908447266,79.62000274658203,79.6449966430664,79.6449966430664,10945
2023-02-10 12:25:00-05:00,79.625,79.66999816894531,79.58000183105469,79.65499877929688,79.65499877929688,9979
2023-02-10 12:30:00-05:00,79.6500015258789,79.86000061035156,79.6500015258789,79.80500030517578,79.80500030517578,5884
2023-02-10 12:35:00-05:00,79.80000305175781,79.80000305175781,79.61470031738281,79.62000274658203,79.62000274658203,5362
2023-02-10 12:40:00-05:00,79.62000274658203,79.63500213623047,79.4800033569336,79.48999786376953,79.48999786376953,6503
2023-02-10 12:45:00-05:00,79.48500061035156,79.61000061035156,79.48500061035156,79.55000305175781,79.55000305175781,6588
2023-02-10 12:50:00-05:00,79.54000091552734,79.55999755859375,79.5199966430664,79.54000091552734,79.54000091552734,6365
2023-02-10 12:55:00-05:00,79.55000305175781,79.69999694824219,79.54000091552734,79.69499969482422,79.69499969482422,11654
2023-02-10 13:00:00-05:00,79.69000244140625,79.73500061035156,79.62000274658203,79.73500061035156,79.73500061035156,46125
2023-02-10 13:05:00-05:00,79.72000122070312,79.7699966430664,79.68000030517578,79.69999694824219,79.69999694824219,6032
2023-02-10 13:10:00-05:00,79.70999908447266,79.88999938964844,79.70999908447266,79.88999938964844,79.88999938964844,20305
2023-02-10 13:15:00-05:00,79.9000015258789,80.0199966430664,79.81999969482422,79.99500274658203,79.99500274658203,24856
2023-02-10 13:20:00-05:00,79.9800033569336,80.0999984741211,79.91999816894531,79.94000244140625,79.94000244140625,18825
2023-02-10 13:25:00-05:00,79.93000030517578,79.93000030517578,79.76000213623047,79.77999877929688,79.77999877929688,6570
2023-02-10 13:30:00-05:00,79.76000213623047,79.7699966430664,79.69000244140625,79.75,79.75,7353
2023-02-10 13:35:00-05:00,79.76000213623047,79.77999877929688,79.68000030517578,79.7300033569336,79.7300033569336,13727
2023-02-10 13:40:00-05:00,79.73999786376953,79.7699966430664,79.68000030517578,79.72000122070312,79.72000122070312,7551
2023-02-10 13:45:00-05:00,79.69999694824219,79.69999694824219,79.63999938964844,79.63999938964844,79.63999938964844,9513
2023-02-10 13:50:00-05:00,79.63999938964844,79.6500015258789,79.51000213623047,79.5250015258789,79.5250015258789,6660
2023-02-10 13:55:00-05:00,79.5199966430664,79.62000274658203,79.5199966430664,79.55000305175781,79.55000305175781,6412
2023-02-10 14:00:00-05:00,79.55999755859375,79.56999969482422,79.45999908447266,79.45999908447266,79.45999908447266,5967
2023-02-10 14:05:00-05:00,79.47000122070312,79.54000091552734,79.47000122070312,79.5199966430664,79.5199966430664,7679
2023-02-10 14:10:00-05:00,79.51000213623047,79.51000213623047,79.45999908447266,79.48500061035156,79.48500061035156,7523
2023-02-10 14:15:00-05:00,79.5,79.56999969482422,79.48999786376953,79.5199966430664,79.5199966430664,12127
2023-02-10 14:20:00-05:00,79.51000213623047,79.58989715576172,79.51000213623047,79.58989715576172,79.58989715576172,6181
2023-02-10 14:25:00-05:00,79.55999755859375,79.56999969482422,79.5,79.5,79.5,5919
2023-02-10 14:30:00-05:00,79.5199966430664,79.6500015258789,79.50499725341797,79.6500015258789,79.6500015258789,6411
2023-02-10 14:35:00-05:00,79.66999816894531,79.68499755859375,79.61000061035156,79.62999725341797,79.62999725341797,6135
2023-02-10 14:40:00-05:00,79.63999938964844,79.63999938964844,79.56500244140625,79.63999938964844,79.63999938964844,6817
2023-02-10 14:45:00-05:00,79.63999938964844,79.72000122070312,79.63999938964844,79.69000244140625,79.69000244140625,9026
2023-02-10 14:50:00-05:00,79.69499969482422,79.73999786376953,79.66000366210938,79.73999786376953,79.73999786376953,6985
2023-02-10 14:55:00-05:00,79.72000122070312,79.78500366210938,79.70999908447266,79.7300033569336,79.7300033569336,6405
2023-02-10 15:00:00-05:00,79.73999786376953,79.83000183105469,79.73999786376953,79.75,79.75,7492
2023-02-10 15:05:00-05:00,79.76000213623047,79.8499984741211,79.73999786376953,79.7699966430664,79.7699966430664,13707
2023-02-10 15:10:00-05:00,79.76000213623047,79.7750015258789,79.70999908447266,79.74500274658203,79.74500274658203,11255
2023-02-10 15:15:00-05:00,79.75,79.8499984741211,79.70999908447266,79.8499984741211,79.8499984741211,17637
2023-02-10 15:20:00-05:00,79.8499984741211,79.8499984741211,79.66999816894531,79.66999816894531,79.66999816894531,12277
2023-02-10 15:25:00-05:00,79.69000244140625,79.76000213623047,79.68000030517578,79.73999786376953,79.73999786376953,13094
2023-02-10 15:30:00-05:00,79.73999786376953,79.87000274658203,79.73999786376953,79.87000274658203,79.87000274658203,17255
2023-02-10 15:35:00-05:00,79.86000061035156,79.97000122070312,79.8499984741211,79.94999694824219,79.94999694824219,16890
2023-02-10 15:40:00-05:00,79.97000122070312,79.97000122070312,79.9000015258789,79.93000030517578,79.93000030517578,17463
2023-02-10 15:45:00-05:00,79.93000030517578,80.01000213623047,79.93000030517578,80.01000213623047,80.01000213623047,22719
2023-02-10 15:50:00-05:00,80.0199966430664,80.12000274658203,79.94999694824219,80.0,80.0,66088
2023-02-10 15:55:00-05:00,80.01000213623047,80.08999633789062,79.9749984741211,80.06999969482422,80.06999969482422,90978
2023-02-13 09:30:00-05:00,80.08000183105469,80.52999877929688,80.0250015258789,80.37999725341797,80.37999725341797,29677
2023-02-13 09:35:00-05:00,80.30999755859375,80.41999816894531,80.2300033569336,80.4000015258789,80.4000015258789,7905
2023-02-13 09:40:00-05:00,80.3499984741211,80.43000030517578,80.2699966430664,80.37000274658203,80.37000274658203,7799
2023-02-13 09:45:00-05:00,80.33000183105469,80.45999908447266,80.24710083007812,80.28500366210938,80.28500366210938,5359
2023-02-13 09:50:00-05:00,80.31999969482422,80.43000030517578,80.1050033569336,80.18499755859375,80.18499755859375,11737
2023-02-13 09:55:00-05:00,80.18499755859375,80.23999786376953,80.05999755859375,80.08999633789062,80.08999633789062,6993
2023-02-13 10:00:00-05:00,80.08499908447266,80.2300033569336,80.05000305175781,80.19499969482422,80.19499969482422,13777
2023-02-13 10:05:00-05:00,80.20999908447266,80.27999877929688,80.07369995117188,80.13999938964844,80.13999938964844,18095
2023-02-13 10:10:00-05:00,80.12000274658203,80.26000213623047,80.09500122070312,80.25,80.25,8639
2023-02-13 10:15:00-05:00,80.23999786376953,80.41000366210938,80.19000244140625,80.41000366210938,80.41000366210938,17740
2023-02-13 10:20:00-05:00,80.43000030517578,80.4800033569336,80.34010314941406,80.45500183105469,80.45500183105469,10145
2023-02-13 10:25:00-05:00,80.45999908447266,80.55000305175781,80.45999908447266,80.54000091552734,80.54000091552734,15527
2023-02-13 10:30:00-05:00,80.58000183105469,80.62000274658203,80.41500091552734,80.41500091552734,80.41500091552734,32443
2023-02-13 10:35:00-05:00,80.41500091552734,80.5,80.37000274658203,80.41000366210938,80.41000366210938,8822
2023-02-13 10:40:00-05:00,80.41999816894531,80.50499725341797,80.3949966430664,80.47000122070312,80.47000122070312,17289
2023-02-13 10:45:00-05:00,80.4749984741211,80.58499908447266,80.3949966430664,80.56999969482422,80.56999969482422,56447
2023-02-13 10:50:00-05:00,80.55999755859375,80.62999725341797,80.5,80.55999755859375,80.55999755859375,14532
2023-02-13 10:55:00-05:00,80.55000305175781,80.70899963378906,80.55000305175781,80.58000183105469,80.58000183105469,12213
2023-02-13 11:00:00-05:00,80.58999633789062,80.61000061035156,80.46499633789062,80.47000122070312,80.47000122070312,9542
2023-02-13 11:05:00-05:00,80.41999816894531,80.5199966430664,80.41999816894531,80.47000122070312,80.47000122070312,5890
2023-02-13 11:10:00-05:00,80.41000366210938,80.4800033569336,80.38999938964844,80.40499877929688,80.40499877929688,6188
2023-02-13 11:15:00-05:00,80.44499969482422,80.45999908447266,80.33000183105469,80.33000183105469,80.33000183105469,6287
2023-02-13 11:20:00-05:00,80.3499984741211,80.41500091552734,80.3499984741211,80.41000366210938,80.41000366210938,8323
2023-02-13 11:25:00-05:00,80.38999938964844,80.41999816894531,80.33000183105469,80.36000061035156,80.36000061035156,6149
2023-02-13 11:30:00-05:00,80.37000274658203,80.38999938964844,80.25,80.2699966430664,80.2699966430664,9999
2023-02-13 11:35:00-05:00,80.2699966430664,80.34500122070312,80.25499725341797,80.31999969482422,80.31999969482422,7063
2023-02-13 11:40:00-05:00,80.33000183105469,80.47000122070312,80.29000091552734,80.41000366210938,80.41000366210938,9067
2023-02-13 11:45:00-05:00,80.4000015258789,80.4749984741211,80.38999938964844,80.38999938964844,80.38999938964844,4522
2023-02-13 11:50:00-05:00,80.40599822998047,80.40599822998047,80.30000305175781,80.33000183105469,80.33000183105469,9662
2023-02-13 11:55:00-05:00,80.34500122070312,80.38500213623047,80.33000183105469,80.37000274658203,80.37000274658203,5023
2023-02-13 12:00:00-05:00,80.3499984741211,80.37000274658203,80.31999969482422,80.33999633789062,80.33999633789062,5348
2023-02-13 12:05:00-05:00,80.33000183105469,80.43000030517578,80.33000183105469,80.4000015258789,80.4000015258789,5839
2023-02-13 12:10:00-05:00,80.375,80.38999938964844,80.32499694824219,80.3499984741211,80.3499984741211,6003
2023-02-13 12:15:00-05:00,80.3499984741211,80.38999938964844,80.2750015258789,80.33999633789062,80.33999633789062,5998
2023-02-13 12:20:00-05:00,80.33529663085938,80.41000366210938,80.33000183105469,80.375,80.375,6421
2023-02-13 12:25:00-05:00,80.36000061035156,80.41999816894531,80.3499984741211,80.37000274658203,80.37000274658203,5634
2023-02-13 12:30:00-05:00,80.37000274658203,80.41000366210938,80.3499984741211,80.36000061035156,80.36000061035156,7855
2023-02-13 12:35:00-05:00,80.36090087890625,80.38999938964844,80.34709930419922,80.3550033569336,80.3550033569336,7197
2023-02-13 12:40:00-05:00,80.3499984741211,80.3499984741211,80.31999969482422,80.3499984741211,80.3499984741211,5836
2023-02-13 12:45:00-05:00,80.37000274658203,80.41999816894531,80.36499786376953,80.41999816894531,80.41999816894531,8259
2023-02-13 12:50:00-05:00,80.41500091552734,80.41999816894531,80.33999633789062,80.37000274658203,80.37000274658203,6572
2023-02-13 12:55:00-05:00,80.3499984741211,80.41999816894531,80.3499984741211,80.38500213623047,80.38500213623047,5830
2023-02-13 13:00:00-05:00,80.40499877929688,80.41999816894531,80.37999725341797,80.37999725341797,80.37999725341797,6184
2023-02-13 13:05:00-05:00,80.3949966430664,80.3949966430664,80.29000091552734,80.30999755859375,80.30999755859375,8481
2023-02-13 13:10:00-05:00,80.30000305175781,80.33999633789062,80.2699966430664,80.2699966430664,80.2699966430664,5377
2023-02-13 13:15:00-05:00,80.29499816894531,80.3499984741211,80.29499816894531,80.30999755859375,80.30999755859375,4933
2023-02-13 13:20:00-05:00,80.31999969482422,80.3499984741211,80.31999969482422,80.3499984741211,80.3499984741211,6306
2023-02-13 13:25:00-05:00,80.34500122070312,80.46499633789062,80.33000183105469,80.37000274658203,80.37000274658203,21067
2023-02-13 13:30:00-05:00,80.3949966430664,80.48500061035156,80.3949966430664,80.44000244140625,80.44000244140625,7787
2023-02-13 13:35:00-05:00,80.44000244140625,80.4800033569336,80.41000366210938,80.43000030517578,80.43000030517578,7137
2023-02-13 13:40:00-05:00,80.41999816894531,80.5,80.4000015258789,80.48999786376953,80.48999786376953,11268
2023-02-13 13:45:00-05:00,80.47000122070312,80.58000183105469,80.47000122070312,80.56500244140625,80.56500244140625,8372
2023-02-13 13:50:00-05:00,80.56500244140625,80.6500015258789,80.54000091552734,80.59500122070312,80.59500122070312,20174
2023-02-13 13:55:00-05:00,80.62000274658203,80.62999725341797,80.58999633789062,80.5999984741211,80.5999984741211,11842
2023-02-13 14:00:00-05:00,80.62999725341797,80.66000366210938,80.55000305175781,80.55000305175781,80.55000305175781,11825
2023-02-13 14:05:00-05:00,80.54000091552734,80.54000091552734,80.45999908447266,80.47000122070312,80.47000122070312,9574
2023-02-13 14:10:00-05:00,80.47000122070312,80.56999969482422,80.44999694824219,80.53279876708984,80.53279876708984,10819
2023-02-13 14:15:00-05:00,80.5199966430664,80.52999877929688,80.44999694824219,80.49500274658203,80.49500274658203,10787
2023-02-13 14:20:00-05:00,80.4800033569336,80.4800033569336,80.38999938964844,80.38999938964844,80.38999938964844,12243
2023-02-13 14:25:00-05:00,80.37999725341797,80.37999725341797,80.26000213623047,80.29000091552734,80.29000091552734,9385
2023-02-13 14:30:00-05:00,80.29000091552734,80.33499908447266,80.20500183105469,80.21499633789062,80.21499633789062,13498
2023-02-13 14:35:00-05:00,80.19499969482422,80.23999786376953,80.13500213623047,80.16999816894531,80.16999816894531,10599
2023-02-13 14:40:00-05:00,80.13999938964844,80.2699966430664,80.13999938964844,80.25,80.25,13180
2023-02-13 14:45:00-05:00,80.26000213623047,80.2699966430664,80.12000274658203,80.18000030517578,80.18000030517578,12496
2023-02-13 14:50:00-05:00,80.16999816894531,80.18000030517578,80.13999938964844,80.17500305175781,80.17500305175781,8462
2023-02-13 14:55:00-05:00,80.16999816894531,80.16999816894531,80.05999755859375,80.05999755859375,80.05999755859375,10917
2023-02-13 15:00:00-05:00,80.05000305175781,80.05999755859375,80.0,80.04000091552734,80.04000091552734,15495
2023-02-13 15:05:00-05:00,80.05999755859375,80.06999969482422,79.9800033569336,80.02999877929688,80.02999877929688,16366
2023-02-13 15:10:00-05:00,80.05000305175781,80.08999633789062,79.94999694824219,79.95999908447266,79.95999908447266,24157
2023-02-13 15:15:00-05:00,79.94999694824219,80.07499694824219,79.94999694824219,80.07499694824219,80.07499694824219,14701
2023-02-13 15:20:00-05:00,80.06999969482422,80.13999938964844,80.05999755859375,80.13999938964844,80.13999938964844,14112
2023-02-13 15:25:00-05:00,80.16500091552734,80.23999786376953,80.13999938964844,80.16999816894531,80.16999816894531,14887
2023-02-13 15:30:00-05:00,80.18000030517578,80.26000213623047,80.16000366210938,80.18000030517578,80.18000030517578,20993
2023-02-13 15:35:00-05:00,80.19999694824219,80.27999877929688,80.19000244140625,80.24500274658203,80.24500274658203,28032
2023-02-13 15:40:00-05:00,80.23999786376953,80.2699966430664,80.13999938964844,80.16000366210938,80.16000366210938,32129
2023-02-13 15:45:00-05:00,80.13999938964844,80.16000366210938,79.95999908447266,80.05000305175781,80.05000305175781,49174
2023-02-13 15:50:00-05:00,80.05000305175781,80.23999786376953,80.05000305175781,80.08000183105469,80.08000183105469,97919
2023-02-13 15:55:00-05:00,80.08000183105469,80.30000305175781,80.04000091552734,80.30000305175781,80.30000305175781,213352
2023-02-14 09:30:00-05:00,81.2300033569336,81.2300033569336,78.73999786376953,78.9800033569336,78.9800033569336,80559
2023-02-14 09:35:00-05:00,79.0,79.12999725341797,78.77999877929688,79.0999984741211,79.0999984741211,26524
2023-02-14 09:40:00-05:00,79.12000274658203,79.30500030517578,79.01499938964844,79.30500030517578,79.30500030517578,10491
2023-02-14 09:45:00-05:00,79.30000305175781,79.7300033569336,79.19999694824219,79.50499725341797,79.50499725341797,41469
2023-02-14 09:50:00-05:00,79.55999755859375,80.08000183105469,79.54000091552734,79.91000366210938,79.91000366210938,70113
2023-02-14 09:55:00-05:00,79.91000366210938,79.92500305175781,79.5199966430664,79.74500274658203,79.74500274658203,26203
2023-02-14 10:00:00-05:00,79.74500274658203,79.74500274658203,79.2300033569336,79.33999633789062,79.33999633789062,37514
2023-02-14 10:05:00-05:00,79.26000213623047,79.69999694824219,79.16000366210938,79.47000122070312,79.47000122070312,22493
2023-02-14 10:10:00-05:00,79.47000122070312,79.8949966430664,79.44999694824219,79.76499938964844,79.76499938964844,24697
2023-02-14 10:15:00-05:00,79.77999877929688,79.86000061035156,79.54000091552734,79.55000305175781,79.55000305175781,17914
2023-02-14 10:20:00-05:00,79.55999755859375,79.6698989868164,79.4000015258789,79.47000122070312,79.47000122070312,17284
2023-02-14 10:25:00-05:00,79.41000366210938,79.80000305175781,79.41000366210938,79.45999908447266,79.45999908447266,16568
2023-02-14 10:30:00-05:00,79.47000122070312,79.54499816894531,79.41999816894531,79.48999786376953,79.48999786376953,7722
2023-02-14 10:35:00-05:00,79.4000015258789,79.4000015258789,79.01000213623047,79.05000305175781,79.05000305175781,10648
2023-02-14 10:40:00-05:00,79.0,79.31999969482422,78.9800033569336,79.2699966430664,79.2699966430664,13225
2023-02-14 10:45:00-05:00,79.30500030517578,79.31999969482422,79.0999984741211,79.15499877929688,79.15499877929688,22747
2023-02-14 10:50:00-05:00,79.12999725341797,79.12999725341797,78.97000122070312,79.12999725341797,79.12999725341797,20471
2023-02-14 10:55:00-05:00,79.16000366210938,79.31999969482422,79.11000061035156,79.22000122070312,79.22000122070312,12054
2023-02-14 11:00:00-05:00,79.2699966430664,79.62000274658203,79.25,79.591796875,79.591796875,7812
2023-02-14 11:05:00-05:00,79.58000183105469,79.7249984741211,79.54000091552734,79.66999816894531,79.66999816894531,16989
2023-02-14 11:10:00-05:00,79.69999694824219,79.73999786376953,79.3550033569336,79.36000061035156,79.36000061035156,13935
2023-02-14 11:15:00-05:00,79.38999938964844,79.61000061035156,79.29000091552734,79.6050033569336,79.6050033569336,12295
2023-02-14 11:20:00-05:00,79.6050033569336,79.61000061035156,79.48999786376953,79.58999633789062,79.58999633789062,11712
2023-02-14 11:25:00-05:00,79.58999633789062,79.62000274658203,79.22000122070312,79.2300033569336,79.2300033569336,14342
2023-02-14 11:30:00-05:00,79.22000122070312,79.22000122070312,78.97000122070312,79.06999969482422,79.06999969482422,14397
2023-02-14 11:35:00-05:00,79.02999877929688,79.13999938964844,79.0,79.05999755859375,79.05999755859375,10441
2023-02-14 11:40:00-05:00,79.08000183105469,79.20999908447266,79.05999755859375,79.18499755859375,79.18499755859375,11054
2023-02-14 11:45:00-05:00,79.16000366210938,79.19999694824219,79.12999725341797,79.1500015258789,79.1500015258789,17178
2023-02-14 11:50:00-05:00,79.1500015258789,79.30000305175781,79.12000274658203,79.30000305175781,79.30000305175781,16706
2023-02-14 11:55:00-05:00,79.27999877929688,79.28500366210938,79.05999755859375,79.15499877929688,79.15499877929688,14855
2023-02-14 12:00:00-05:00,79.12999725341797,79.19000244140625,79.08000183105469,79.125,79.125,11709
2023-02-14 12:05:00-05:00,79.13999938964844,79.22000122070312,79.13999938964844,79.20999908447266,79.20999908447266,11166
2023-02-14 12:10:00-05:00,79.2699966430664,79.47000122070312,79.2699966430664,79.44999694824219,79.44999694824219,15044
2023-02-14 12:15:00-05:00,79.44000244140625,79.44000244140625,79.27999877929688,79.31999969482422,79.31999969482422,17730
2023-02-14 12:20:00-05:00,79.33000183105469,79.3499984741211,79.18000030517578,79.2699966430664,79.2699966430664,12234
2023-02-14 12:25:00-05:00,79.2699966430664,79.41000366210938,79.2699966430664,79.30500030517578,79.30500030517578,8375
2023-02-14 12:30:00-05:00,79.31999969482422,79.37000274658203,79.26000213623047,79.3499984741211,79.3499984741211,9545
2023-02-14 12:35:00-05:00,79.3499984741211,79.38500213623047,79.29000091552734,79.31999969482422,79.31999969482422,6879
2023-02-14 12:40:00-05:00,79.33999633789062,79.37000274658203,79.27999877929688,79.3396987915039,79.3396987915039,19415
2023-02-14 12:45:00-05:00,79.3499984741211,79.51000213623047,79.33999633789062,79.46499633789062,79.46499633789062,14094
2023-02-14 12:50:00-05:00,79.45999908447266,79.48999786376953,79.36849975585938,79.375,79.375,10513
2023-02-14 12:55:00-05:00,79.37000274658203,79.58499908447266,79.33499908447266,79.55500030517578,79.55500030517578,7647
2023-02-14 13:00:00-05:00,79.56500244140625,79.72000122070312,79.52999877929688,79.72000122070312,79.72000122070312,14811
2023-02-14 13:05:00-05:00,79.7300033569336,79.7699966430664,79.69499969482422,79.7249984741211,79.7249984741211,17866
2023-02-14 13:10:00-05:00,79.73500061035156,79.8499984741211,79.68000030517578,79.8499984741211,79.8499984741211,9399
2023-02-14 13:15:00-05:00,79.81999969482422,79.91999816894531,79.77999877929688,79.87999725341797,79.87999725341797,16560
2023-02-14 13:20:00-05:00,79.93499755859375,79.9800033569336,79.87000274658203,79.88999938964844,79.88999938964844,12792
2023-02-14 13:25:00-05:00,79.87000274658203,79.87000274658203,79.62000274658203,79.62000274658203,79.62000274658203,18787
2023-02-14 13:30:00-05:00,79.62000274658203,79.70500183105469,79.58000183105469,79.61000061035156,79.61000061035156,17698
2023-02-14 13:35:00-05:00,79.62750244140625,79.62999725341797,79.51000213623047,79.58000183105469,79.58000183105469,7884
2023-02-14 13:40:00-05:00,79.59249877929688,79.5999984741211,79.48999786376953,79.5,79.5,10542
2023-02-14 13:45:00-05:00,79.5250015258789,79.61000061035156,79.5250015258789,79.58999633789062,79.58999633789062,6786
2023-02-14 13:50:00-05:00,79.5999984741211,79.79000091552734,79.5999984741211,79.76499938964844,79.76499938964844,9963
2023-02-14 13:55:00-05:00,79.76000213623047,79.77999877929688,79.65499877929688,79.70999908447266,79.70999908447266,11415
2023-02-14 14:00:00-05:00,79.75,79.77999877929688,79.6500015258789,79.77999877929688,79.77999877929688,15550
2023-02-14 14:05:00-05:00,79.7699966430664,79.7699966430664,79.62999725341797,79.66000366210938,79.66000366210938,17504
2023-02-14 14:10:00-05:00,79.68000030517578,79.68000030517578,79.62999725341797,79.6449966430664,79.6449966430664,9639
2023-02-14 14:15:00-05:00,79.6500015258789,79.7699966430664,79.62000274658203,79.7699966430664,79.7699966430664,10407
2023-02-14 14:20:00-05:00,79.7699966430664,79.8499984741211,79.69999694824219,79.70999908447266,79.70999908447266,18291
2023-02-14 14:25:00-05:00,79.69999694824219,79.88999938964844,79.69000244140625,79.87000274658203,79.87000274658203,8699
2023-02-14 14:30:00-05:00,79.88500213623047,79.93000030517578,79.83999633789062,79.87999725341797,79.87999725341797,14459
2023-02-14 14:35:00-05:00,79.91000366210938,79.93000030517578,79.87000274658203,79.9000015258789,79.9000015258789,11054
2023-02-14 14:40:00-05:00,79.91000366210938,79.94999694824219,79.80000305175781,79.8499984741211,79.8499984741211,14319
2023-02-14 14:45:00-05:00,79.8550033569336,79.87000274658203,79.70999908447266,79.70999908447266,79.70999908447266,13509
2023-02-14 14:50:00-05:00,79.69999694824219,79.7699966430664,79.68170166015625,79.68170166015625,79.68170166015625,11009
2023-02-14 14:55:00-05:00,79.69999694824219,79.79499816894531,79.68499755859375,79.76000213623047,79.76000213623047,17044
2023-02-14 15:00:00-05:00,79.76000213623047,79.83000183105469,79.66500091552734,79.66999816894531,79.66999816894531,14569
2023-02-14 15:05:00-05:00,79.65499877929688,79.68000030517578,79.5999984741211,79.66000366210938,79.66000366210938,15233
2023-02-14 15:10:00-05:00,79.6500015258789,79.69999694824219,79.61000061035156,79.69000244140625,79.69000244140625,16233
2023-02-14 15:15:00-05:00,79.68000030517578,79.68000030517578,79.51000213623047,79.55000305175781,79.55000305175781,20421
2023-02-14 15:20:00-05:00,79.52999877929688,79.58499908447266,79.47000122070312,79.48500061035156,79.48500061035156,13963
2023-02-14 15:25:00-05:00,79.47000122070312,79.61000061035156,79.43000030517578,79.61000061035156,79.61000061035156,26494
2023-02-14 15:30:00-05:00,79.5999984741211,79.62999725341797,79.54000091552734,79.55999755859375,79.55999755859375,45920
2023-02-14 15:35:00-05:00,79.55999755859375,79.55999755859375,79.30000305175781,79.37999725341797,79.37999725341797,32237
2023-02-14 15:40:00-05:00,79.37000274658203,79.38999938964844,79.31999969482422,79.36000061035156,79.36000061035156,43439
2023-02-14 15:45:00-05:00,79.3499984741211,79.41000366210938,79.33000183105469,79.4000015258789,79.4000015258789,53999
2023-02-14 15:50:00-05:00,79.37999725341797,79.37999725341797,79.22000122070312,79.29000091552734,79.29000091552734,93340
2023-02-14 15:55:00-05:00,79.28500366210938,79.30000305175781,78.81999969482422,78.87999725341797,78.87999725341797,236031
2023-02-15 09:30:00-05:00,78.51000213623047,78.88999938964844,78.4000015258789,78.80999755859375,78.80999755859375,26470
2023-02-15 09:35:00-05:00,78.80000305175781,78.83000183105469,78.59020233154297,78.76000213623047,78.76000213623047,13037
2023-02-15 09:40:00-05:00,78.80000305175781,78.83999633789062,78.69999694824219,78.80500030517578,78.80500030517578,11622
2023-02-15 09:45:00-05:00,78.79000091552734,78.88999938964844,78.7699966430664,78.88999938964844,78.88999938964844,15341
2023-02-15 09:50:00-05:00,78.9000015258789,79.03500366210938,78.83000183105469,79.03500366210938,79.03500366210938,17349
2023-02-15 09:55:00-05:00,79.03500366210938,79.16000366210938,78.94999694824219,79.12999725341797,79.12999725341797,13456
2023-02-15 10:00:00-05:00,79.12000274658203,79.16999816894531,79.0,79.05000305175781,79.05000305175781,26745
2023-02-15 10:05:00-05:00,79.05500030517578,79.05500030517578,78.72000122070312,78.72000122070312,78.72000122070312,29728
2023-02-15 10:10:00-05:00,78.72000122070312,78.79989624023438,78.5999984741211,78.61000061035156,78.61000061035156,13029
2023-02-15 10:15:00-05:00,78.61000061035156,78.80999755859375,78.54000091552734,78.75,78.75,12829
2023-02-15 10:20:00-05:00,78.75499725341797,78.76000213623047,78.58999633789062,78.63999938964844,78.63999938964844,10083
2023-02-15 10:25:00-05:00,78.63500213623047,78.70999908447266,78.62000274658203,78.70999908447266,78.70999908447266,9039
2023-02-15 10:30:00-05:00,78.7300033569336,78.95999908447266,78.7300033569336,78.9552001953125,78.9552001953125,8783
2023-02-15 10:35:00-05:00,78.93000030517578,78.94000244140625,78.80000305175781,78.80000305175781,78.80000305175781,13280
2023-02-15 10:40:00-05:00,78.80000305175781,78.80000305175781,78.62999725341797,78.62999725341797,78.62999725341797,9370
2023-02-15 10:45:00-05:00,78.63999938964844,78.80999755859375,78.63999938964844,78.80000305175781,78.80000305175781,8197
2023-02-15 10:50:00-05:00,78.80000305175781,78.86000061035156,78.79000091552734,78.81500244140625,78.81500244140625,10049
2023-02-15 10:55:00-05:00,78.79000091552734,78.84500122070312,78.73999786376953,78.76499938964844,78.76499938964844,7870
2023-02-15 11:00:00-05:00,78.76499938964844,78.76499938964844,78.5999984741211,78.66500091552734,78.66500091552734,11502
2023-02-15 11:05:00-05:00,78.6500015258789,78.83000183105469,78.62999725341797,78.81999969482422,78.81999969482422,13127
2023-02-15 11:10:00-05:00,78.83000183105469,78.87000274658203,78.7699966430664,78.7699966430664,78.7699966430664,9773
2023-02-15 11:15:00-05:00,78.76000213623047,78.82499694824219,78.69999694824219,78.82499694824219,78.82499694824219,7437
2023-02-15 11:20:00-05:00,78.86000061035156,78.87000274658203,78.77999877929688,78.8499984741211,78.8499984741211,8229
2023-02-15 11:25:00-05:00,78.87000274658203,78.9749984741211,78.83999633789062,78.91999816894531,78.91999816894531,15175
2023-02-15 11:30:00-05:00,78.91999816894531,78.95999908447266,78.86000061035156,78.86000061035156,78.86000061035156,9535
2023-02-15 11:35:00-05:00,78.86000061035156,78.88999938964844,78.76000213623047,78.86000061035156,78.86000061035156,28082
2023-02-15 11:40:00-05:00,78.87000274658203,78.9749984741211,78.87000274658203,78.94999694824219,78.94999694824219,9805
2023-02-15 11:45:00-05:00,78.95999908447266,79.03500366210938,78.95500183105469,78.98999786376953,78.98999786376953,8643
2023-02-15 11:50:00-05:00,78.99500274658203,79.05000305175781,78.93499755859375,78.97000122070312,78.97000122070312,10246
2023-02-15 11:55:00-05:00,78.99500274658203,79.05000305175781,78.98999786376953,79.0199966430664,79.0199966430664,10321
2023-02-15 12:00:00-05:00,79.01000213623047,79.01000213623047,78.93499755859375,78.9800033569336,78.9800033569336,4398
2023-02-15 12:05:00-05:00,78.95999908447266,78.95999908447266,78.81999969482422,78.87000274658203,78.87000274658203,9687
2023-02-15 12:10:00-05:00,78.88999938964844,78.95999908447266,78.87000274658203,78.91999816894531,78.91999816894531,15164
2023-02-15 12:15:00-05:00,78.93000030517578,78.9800033569336,78.87000274658203,78.9800033569336,78.9800033569336,10997
2023-02-15 12:20:00-05:00,78.97000122070312,79.01000213623047,78.94999694824219,79.0,79.0,11683
2023-02-15 12:25:00-05:00,79.02970123291016,79.0999984741211,79.0199966430664,79.05999755859375,79.05999755859375,27303
2023-02-15 12:30:00-05:00,79.05999755859375,79.13999938964844,79.05999755859375,79.13999938964844,79.13999938964844,12682
2023-02-15 12:35:00-05:00,79.16000366210938,79.23999786376953,79.12999725341797,79.23999786376953,79.23999786376953,14641
2023-02-15 12:40:00-05:00,79.25,79.25,79.18499755859375,79.23999786376953,79.23999786376953,9453
2023-02-15 12:45:00-05:00,79.2406005859375,79.30999755859375,79.2300033569336,79.29000091552734,79.29000091552734,10857
2023-02-15 12:50:00-05:00,79.28500366210938,79.33000183105469,79.26000213623047,79.33000183105469,79.33000183105469,10172
2023-02-15 12:55:00-05:00,79.33999633789062,79.3499984741211,79.30000305175781,79.33000183105469,79.33000183105469,10235
2023-02-15 13:00:00-05:00,79.3499984741211,79.4800033569336,79.33999633789062,79.43000030517578,79.43000030517578,12920
2023-02-15 13:05:00-05:00,79.44000244140625,79.47000122070312,79.38999938964844,79.47000122070312,79.47000122070312,14481
2023-02-15 13:10:00-05:00,79.47000122070312,79.5,79.41000366210938,79.5,79.5,10628
2023-02-15 13:15:00-05:00,79.5199966430664,79.52999877929688,79.47000122070312,79.5,79.5,10114
2023-02-15 13:20:00-05:00,79.48999786376953,79.52999877929688,79.4800033569336,79.52999877929688,79.52999877929688,6406
2023-02-15 13:25:00-05:00,79.51000213623047,79.63999938964844,79.51000213623047,79.63999938964844,79.63999938964844,8051
2023-02-15 13:30:00-05:00,79.6449966430664,79.6449966430664,79.51000213623047,79.58000183105469,79.58000183105469,14680
2023-02-15 13:35:00-05:00,79.58999633789062,79.62000274658203,79.53500366210938,79.61000061035156,79.61000061035156,9934
2023-02-15 13:40:00-05:00,79.62000274658203,79.66000366210938,79.5999984741211,79.66000366210938,79.66000366210938,10547
2023-02-15 13:45:00-05:00,79.63999938964844,79.69000244140625,79.58000183105469,79.63999938964844,79.63999938964844,44545
2023-02-15 13:50:00-05:00,79.66999816894531,79.79499816894531,79.63999938964844,79.7300033569336,79.7300033569336,10476
2023-02-15 13:55:00-05:00,79.72000122070312,79.7300033569336,79.6500015258789,79.66000366210938,79.66000366210938,15392
2023-02-15 14:00:00-05:00,79.66999816894531,79.66999816894531,79.42500305175781,79.48999786376953,79.48999786376953,23407
2023-02-15 14:05:00-05:00,79.48999786376953,79.52999877929688,79.43000030517578,79.52999877929688,79.52999877929688,8688
2023-02-15 14:10:00-05:00,79.5199966430664,79.5199966430664,79.44750213623047,79.51000213623047,79.51000213623047,17141
2023-02-15 14:15:00-05:00,79.51000213623047,79.5199966430664,79.44000244140625,79.44000244140625,79.44000244140625,18369
2023-02-15 14:20:00-05:00,79.43000030517578,79.53500366210938,79.41000366210938,79.41000366210938,79.41000366210938,11132
2023-02-15 14:25:00-05:00,79.4000015258789,79.43000030517578,79.32499694824219,79.41000366210938,79.41000366210938,10546
2023-02-15 14:30:00-05:00,79.41999816894531,79.54000091552734,79.37999725341797,79.54000091552734,79.54000091552734,12841
2023-02-15 14:35:00-05:00,79.52999877929688,79.69000244140625,79.52999877929688,79.69000244140625,79.69000244140625,16820
2023-02-15 14:40:00-05:00,79.69999694824219,79.74500274658203,79.68000030517578,79.7300033569336,79.7300033569336,11235
2023-02-15 14:45:00-05:00,79.7300033569336,79.76000213623047,79.7300033569336,79.75,79.75,6922
2023-02-15 14:50:00-05:00,79.7699966430664,79.83999633789062,79.75,79.75,79.75,18198
2023-02-15 14:55:00-05:00,79.7699966430664,79.7699966430664,79.68000030517578,79.70999908447266,79.70999908447266,15575
2023-02-15 15:00:00-05:00,79.72000122070312,79.83000183105469,79.72000122070312,79.79000091552734,79.79000091552734,21154
2023-02-15 15:05:00-05:00,79.80999755859375,79.87000274658203,79.80000305175781,79.87000274658203,79.87000274658203,13704
2023-02-15 15:10:00-05:00,79.87000274658203,79.88500213623047,79.81999969482422,79.8499984741211,79.8499984741211,22503
2023-02-15 15:15:00-05:00,79.8499984741211,79.91960144042969,79.81999969482422,79.9000015258789,79.9000015258789,23212
2023-02-15 15:20:00-05:00,79.9000015258789,79.95999908447266,79.9000015258789,79.92500305175781,79.92500305175781,21378
2023-02-15 15:25:00-05:00,79.9000015258789,80.05999755859375,79.88999938964844,80.02999877929688,80.02999877929688,23350
2023-02-15 15:30:00-05:00,80.0250015258789,80.08000183105469,79.9749984741211,80.0199966430664,80.0199966430664,37827
2023-02-15 15:35:00-05:00,80.01000213623047,80.12000274658203,79.98500061035156,80.12000274658203,80.12000274658203,35797
2023-02-15 15:40:00-05:00,80.12000274658203,80.12000274658203,80.04000091552734,80.06999969482422,80.06999969482422,45873
2023-02-15 15:45:00-05:00,80.05999755859375,80.13999938964844,80.02999877929688,80.05999755859375,80.05999755859375,55430
2023-02-15 15:50:00-05:00,80.08999633789062,80.16999816894531,80.0,80.04000091552734,80.04000091552734,89123
2023-02-15 15:55:00-05:00,80.04000091552734,80.04000091552734,79.83999633789062,79.9000015258789,79.9000015258789,213083
2023-02-16 09:30:00-05:00,78.95999908447266,79.16000366210938,78.875,79.11000061035156,79.11000061035156,25365
2023-02-16 09:35:00-05:00,79.08999633789062,79.2300033569336,79.08000183105469,79.08999633789062,79.08999633789062,5977
2023-02-16 09:40:00-05:00,79.06999969482422,79.0999984741211,78.76000213623047,78.83000183105469,78.83000183105469,11993
2023-02-16 09:45:00-05:00,78.8499984741211,78.8550033569336,78.74500274658203,78.77999877929688,78.77999877929688,7403
2023-02-16 09:50:00-05:00,78.7699966430664,79.0199966430664,78.73999786376953,78.9000015258789,78.9000015258789,12177
2023-02-16 09:55:00-05:00,78.80999755859375,78.80999755859375,78.62000274658203,78.63999938964844,78.63999938964844,13268
2023-02-16 10:00:00-05:00,78.70999908447266,78.94999694824219,78.66000366210938,78.93499755859375,78.93499755859375,11185
2023-02-16 10:05:00-05:00,78.91000366210938,79.0199966430664,78.83999633789062,78.88999938964844,78.88999938964844,10770
2023-02-16 10:10:00-05:00,78.91000366210938,79.01000213623047,78.86000061035156,78.88999938964844,78.88999938964844,24809
2023-02-16 10:15:00-05:00,78.90499877929688,79.18000030517578,78.87999725341797,79.18000030517578,79.18000030517578,19974
2023-02-16 10:20:00-05:00,79.2300033569336,79.2300033569336,79.0199966430664,79.125,79.125,16183
2023-02-16 10:25:00-05:00,79.1500015258789,79.16999816894531,79.0,79.12999725341797,79.12999725341797,10396
2023-02-16 10:30:00-05:00,79.1500015258789,79.18990325927734,79.06999969482422,79.1500015258789,79.1500015258789,11231
2023-02-16 10:35:00-05:00,79.15499877929688,79.18000030517578,79.11000061035156,79.1500015258789,79.1500015258789,9697
2023-02-16 10:40:00-05:00,79.13999938964844,79.27999877929688,79.08999633789062,79.13999938964844,79.13999938964844,28293
2023-02-16 10:45:00-05:00,79.1500015258789,79.19999694824219,79.0199966430664,79.05999755859375,79.05999755859375,12673
2023-02-16 10:50:00-05:00,79.05000305175781,79.05999755859375,78.88999938964844,78.94999694824219,78.94999694824219,14355
2023-02-16 10:55:00-05:00,78.93000030517578,79.02999877929688,78.87999725341797,79.02999877929688,79.02999877929688,12289
2023-02-16 11:00:00-05:00,79.02999877929688,79.05999755859375,78.9800033569336,79.02999877929688,79.02999877929688,12012
2023-02-16 11:05:00-05:00,79.0,79.0,78.79000091552734,78.87000274658203,78.87000274658203,27789
2023-02-16 11:10:00-05:00,78.91999816894531,78.98999786376953,78.91000366210938,78.93000030517578,78.93000030517578,15851
2023-02-16 11:15:00-05:00,78.93000030517578,79.11000061035156,78.91999816894531,79.1050033569336,79.1050033569336,12347
2023-02-16 11:20:00-05:00,79.1050033569336,79.1050033569336,78.98999786376953,79.02999877929688,79.02999877929688,14764
2023-02-16 11:25:00-05:00,79.04000091552734,79.16999816894531,79.04000091552734,79.13500213623047,79.13500213623047,13165
2023-02-16 11:30:00-05:00,79.13999938964844,79.21499633789062,79.12200164794922,79.20500183105469,79.20500183105469,16292
2023-02-16 11:35:00-05:00,79.20999908447266,79.20999908447266,79.02999877929688,79.0999984741211,79.0999984741211,16477
2023-02-16 11:40:00-05:00,79.1050033569336,79.11000061035156,78.91999816894531,78.94499969482422,78.94499969482422,18762
2023-02-16 11:45:00-05:00,78.94000244140625,78.98500061035156,78.8499984741211,78.87000274658203,78.87000274658203,19893
2023-02-16 11:50:00-05:00,78.86499786376953,78.95999908447266,78.83999633789062,78.91999816894531,78.91999816894531,17816
2023-02-16 11:55:00-05:00,78.93499755859375,78.96499633789062,78.87000274658203,78.88999938964844,78.88999938964844,10424
2023-02-16 12:00:00-05:00,78.91000366210938,78.97000122070312,78.86000061035156,78.90499877929688,78.90499877929688,17283
2023-02-16 12:05:00-05:00,78.9000015258789,78.9800033569336,78.86000061035156,78.94999694824219,78.94999694824219,13101
2023-02-16 12:10:00-05:00,78.95500183105469,79.06999969482422,78.95500183105469,79.06999969482422,79.06999969482422,9139
2023-02-16 12:15:00-05:00,79.06999969482422,79.16000366210938,79.05999755859375,79.0999984741211,79.0999984741211,15790
2023-02-16 12:20:00-05:00,79.0999984741211,79.2750015258789,79.0999984741211,79.2699966430664,79.2699966430664,10513
2023-02-16 12:25:00-05:00,79.2699966430664,79.30000305175781,79.23999786376953,79.26000213623047,79.26000213623047,14441
2023-02-16 12:30:00-05:00,79.25,79.27999877929688,79.16999816894531,79.26000213623047,79.26000213623047,10903
2023-02-16 12:35:00-05:00,79.26000213623047,79.31500244140625,79.25,79.30000305175781,79.30000305175781,5952
2023-02-16 12:40:00-05:00,79.27999877929688,79.3499984741211,79.2699966430664,79.27999877929688,79.27999877929688,9317
2023-02-16 12:45:00-05:00,79.29000091552734,79.31999969482422,79.26000213623047,79.30999755859375,79.30999755859375,8353
2023-02-16 12:50:00-05:00,79.31999969482422,79.31999969482422,79.23999786376953,79.29499816894531,79.29499816894531,13333
2023-02-16 12:55:00-05:00,79.27999877929688,79.30000305175781,79.19499969482422,79.22000122070312,79.22000122070312,13946
2023-02-16 13:00:00-05:00,79.2300033569336,79.31500244140625,79.18000030517578,79.21499633789062,79.21499633789062,13082
2023-02-16 13:05:00-05:00,79.22000122070312,79.30000305175781,79.22000122070312,79.30000305175781,79.30000305175781,7449
2023-02-16 13:10:00-05:00,79.29000091552734,79.33999633789062,79.25,79.33999633789062,79.33999633789062,12503
2023-02-16 13:15:00-05:00,79.33000183105469,79.33000183105469,79.20999908447266,79.26000213623047,79.26000213623047,18692
2023-02-16 13:20:00-05:00,79.26000213623047,79.30999755859375,79.19999694824219,79.30000305175781,79.30000305175781,13824
2023-02-16 13:25:00-05:00,79.29000091552734,79.30999755859375,79.22000122070312,79.22000122070312,79.22000122070312,7445
2023-02-16 13:30:00-05:00,79.21499633789062,79.25,79.19999694824219,79.25,79.25,8644
2023-02-16 13:35:00-05:00,79.2699966430664,79.37000274658203,79.26000213623047,79.36000061035156,79.36000061035156,8145
2023-02-16 13:40:00-05:00,79.3550033569336,79.36000061035156,79.25,79.25,79.25,19538
2023-02-16 13:45:00-05:00,79.23999786376953,79.23999786376953,79.12570190429688,79.15499877929688,79.15499877929688,26277
2023-02-16 13:50:00-05:00,79.16999816894531,79.18000030517578,79.11000061035156,79.1500015258789,79.1500015258789,10951
2023-02-16 13:55:00-05:00,79.13999938964844,79.18000030517578,79.12000274658203,79.16999816894531,79.16999816894531,10996
2023-02-16 14:00:00-05:00,79.18000030517578,79.2699966430664,79.16999816894531,79.2699966430664,79.2699966430664,11990
2023-02-16 14:05:00-05:00,79.2750015258789,79.2750015258789,79.08000183105469,79.0999984741211,79.0999984741211,18669
2023-02-16 14:10:00-05:00,79.1050033569336,79.2300033569336,79.0999984741211,79.22000122070312,79.22000122070312,13044
2023-02-16 14:15:00-05:00,79.19999694824219,79.2249984741211,79.12999725341797,79.22000122070312,79.22000122070312,46432
2023-02-16 14:20:00-05:00,79.22000122070312,79.2300033569336,78.98999786376953,79.02999877929688,79.02999877929688,74647
2023-02-16 14:25:00-05:00,79.04499816894531,79.0999984741211,79.02999877929688,79.04000091552734,79.04000091552734,19377
2023-02-16 14:30:00-05:00,79.04000091552734,79.12969970703125,79.0,79.0999984741211,79.0999984741211,42016
2023-02-16 14:35:00-05:00,79.0999984741211,79.0999984741211,78.95249938964844,78.97000122070312,78.97000122070312,25671
2023-02-16 14:40:00-05:00,78.9749984741211,78.9749984741211,78.8499984741211,78.86750030517578,78.86750030517578,19202
2023-02-16 14:45:00-05:00,78.86499786376953,78.875,78.72000122070312,78.72000122070312,78.72000122070312,23648
2023-02-16 14:50:00-05:00,78.7300033569336,78.80000305175781,78.72000122070312,78.79499816894531,78.79499816894531,29283
2023-02-16 14:55:00-05:00,78.80000305175781,78.8550033569336,78.72000122070312,78.73999786376953,78.73999786376953,50810
2023-02-16 15:00:00-05:00,78.7300033569336,78.7874984741211,78.64720153808594,78.68000030517578,78.68000030517578,26453
2023-02-16 15:05:00-05:00,78.68000030517578,78.7249984741211,78.55999755859375,78.69000244140625,78.69000244140625,42262
2023-02-16 15:10:00-05:00,78.68000030517578,78.7300033569336,78.66000366210938,78.71499633789062,78.71499633789062,24641
2023-02-16 15:15:00-05:00,78.69999694824219,78.72000122070312,78.6500015258789,78.66999816894531,78.66999816894531,24906
2023-02-16 15:20:00-05:00,78.66500091552734,78.68000030517578,78.58499908447266,78.63999938964844,78.63999938964844,27797
2023-02-16 15:25:00-05:00,78.63999938964844,78.63999938964844,78.53500366210938,78.62999725341797,78.62999725341797,33225
2023-02-16 15:30:00-05:00,78.63500213623047,78.69999694824219,78.55000305175781,78.69999694824219,78.69999694824219,52295
2023-02-16 15:35:00-05:00,78.70999908447266,78.91999816894531,78.70999908447266,78.83999633789062,78.83999633789062,34028
2023-02-16 15:40:00-05:00,78.83000183105469,78.8499984741211,78.68000030517578,78.72000122070312,78.72000122070312,56237
2023-02-16 15:45:00-05:00,78.72000122070312,78.74500274658203,78.62000274658203,78.63999938964844,78.63999938964844,43162
2023-02-16 15:50:00-05:00,78.62999725341797,78.81999969482422,78.61000061035156,78.72000122070312,78.72000122070312,118680
2023-02-16 15:55:00-05:00,78.7300033569336,78.76499938964844,78.58999633789062,78.70999908447266,78.70999908447266,199211
2023-02-17 09:30:00-05:00,78.94999694824219,78.94999694824219,78.66999816894531,78.79000091552734,78.79000091552734,45175
2023-02-17 09:35:00-05:00,78.86499786376953,79.12000274658203,78.75,79.11499786376953,79.11499786376953,7152
2023-02-17 09:40:00-05:00,79.12999725341797,79.2300033569336,79.05999755859375,79.16000366210938,79.16000366210938,11197
2023-02-17 09:45:00-05:00,79.12000274658203,79.27999877929688,79.04000091552734,79.04000091552734,79.04000091552734,21596
2023-02-17 09:50:00-05:00,79.05500030517578,79.08000183105469,78.7300033569336,78.86000061035156,78.86000061035156,12739
2023-02-17 09:55:00-05:00,78.80999755859375,78.81999969482422,78.48999786376953,78.48999786376953,78.48999786376953,12424
2023-02-17 10:00:00-05:00,78.48999786376953,78.91500091552734,78.48999786376953,78.86000061035156,78.86000061035156,14491
2023-02-17 10:05:00-05:00,78.8949966430664,79.0,78.86000061035156,78.93499755859375,78.93499755859375,11279
2023-02-17 10:10:00-05:00,78.95999908447266,79.20500183105469,78.94499969482422,79.12000274658203,79.12000274658203,7931
2023-02-17 10:15:00-05:00,79.16000366210938,79.41000366210938,79.1449966430664,79.36000061035156,79.36000061035156,10496
2023-02-17 10:20:00-05:00,79.3499984741211,79.4800033569336,79.3499984741211,79.36000061035156,79.36000061035156,11739
2023-02-17 10:25:00-05:00,79.375,79.48999786376953,79.375,79.43000030517578,79.43000030517578,9800
2023-02-17 10:30:00-05:00,79.44999694824219,79.55000305175781,79.38999938964844,79.54000091552734,79.54000091552734,7837
2023-02-17 10:35:00-05:00,79.58000183105469,79.61000061035156,79.54000091552734,79.58000183105469,79.58000183105469,6577
2023-02-17 10:40:00-05:00,79.55999755859375,79.55999755859375,79.41000366210938,79.43000030517578,79.43000030517578,6614
2023-02-17 10:45:00-05:00,79.44999694824219,79.5,79.44000244140625,79.45999908447266,79.45999908447266,6599
2023-02-17 10:50:00-05:00,79.44999694824219,79.45999908447266,79.37999725341797,79.38999938964844,79.38999938964844,9380
2023-02-17 10:55:00-05:00,79.41000366210938,79.4749984741211,79.37000274658203,79.45500183105469,79.45500183105469,7816
2023-02-17 11:00:00-05:00,79.45500183105469,79.58000183105469,79.40499877929688,79.44499969482422,79.44499969482422,44360
2023-02-17 11:05:00-05:00,79.44000244140625,79.5199966430664,79.43000030517578,79.47000122070312,79.47000122070312,7074
2023-02-17 11:10:00-05:00,79.4800033569336,79.54000091552734,79.45999908447266,79.48999786376953,79.48999786376953,7825
2023-02-17 11:15:00-05:00,79.5199966430664,79.5199966430664,79.36000061035156,79.50499725341797,79.50499725341797,9499
2023-02-17 11:20:00-05:00,79.4800033569336,79.55999755859375,79.4800033569336,79.5,79.5,6503
2023-02-17 11:25:00-05:00,79.4800033569336,79.5,79.4000015258789,79.41999816894531,79.41999816894531,9719
2023-02-17 11:30:00-05:00,79.44000244140625,79.44000244140625,79.30999755859375,79.36499786376953,79.36499786376953,14791
2023-02-17 11:35:00-05:00,79.38999938964844,79.47000122070312,79.37000274658203,79.44499969482422,79.44499969482422,7817
2023-02-17 11:40:00-05:00,79.44999694824219,79.5199966430664,79.44000244140625,79.47000122070312,79.47000122070312,7891
2023-02-17 11:45:00-05:00,79.47000122070312,79.51000213623047,79.43000030517578,79.5,79.5,8934
2023-02-17 11:50:00-05:00,79.5,79.58999633789062,79.5,79.5199966430664,79.5199966430664,15410
2023-02-17 11:55:00-05:00,79.52999877929688,79.58000183105469,79.4800033569336,79.5,79.5,8488
2023-02-17 12:00:00-05:00,79.5,79.61000061035156,79.45999908447266,79.58999633789062,79.58999633789062,17367
2023-02-17 12:05:00-05:00,79.5999984741211,79.97000122070312,79.5999984741211,79.97000122070312,79.97000122070312,72611
2023-02-17 12:10:00-05:00,79.97000122070312,80.19999694824219,79.97000122070312,80.13999938964844,80.13999938964844,11931
2023-02-17 12:15:00-05:00,80.13999938964844,80.13999938964844,80.05000305175781,80.09500122070312,80.09500122070312,8818
2023-02-17 12:20:00-05:00,80.11000061035156,80.18000030517578,80.08000183105469,80.16999816894531,80.16999816894531,13155
2023-02-17 12:25:00-05:00,80.1500015258789,80.19000244140625,80.11000061035156,80.18000030517578,80.18000030517578,9263
2023-02-17 12:30:00-05:00,80.16999816894531,80.19999694824219,80.10130310058594,80.11499786376953,80.11499786376953,14103
2023-02-17 12:35:00-05:00,80.12999725341797,80.1449966430664,80.0199966430664,80.02999877929688,80.02999877929688,9304
2023-02-17 12:40:00-05:00,80.01000213623047,80.04000091552734,79.93000030517578,79.97000122070312,79.97000122070312,23407
2023-02-17 12:45:00-05:00,80.01000213623047,80.02999877929688,79.9800033569336,79.98999786376953,79.98999786376953,6530
2023-02-17 12:50:00-05:00,79.98999786376953,79.98999786376953,79.8499984741211,79.875,79.875,12456
2023-02-17 12:55:00-05:00,79.86000061035156,79.94999694824219,79.84500122070312,79.91999816894531,79.91999816894531,7696
2023-02-17 13:00:00-05:00,79.91999816894531,79.91999816894531,79.83000183105469,79.83000183105469,79.83000183105469,9521
2023-02-17 13:05:00-05:00,79.83999633789062,79.86499786376953,79.7699966430664,79.86000061035156,79.86000061035156,10642
2023-02-17 13:10:00-05:00,79.91999816894531,79.91999816894531,79.83000183105469,79.86000061035156,79.86000061035156,10963
2023-02-17 13:15:00-05:00,79.875,79.91000366210938,79.80000305175781,79.80000305175781,79.80000305175781,9239
2023-02-17 13:20:00-05:00,79.78500366210938,79.81999969482422,79.7750015258789,79.80000305175781,79.80000305175781,9390
2023-02-17 13:25:00-05:00,79.80999755859375,79.9000015258789,79.79000091552734,79.83000183105469,79.83000183105469,9539
2023-02-17 13:30:00-05:00,79.82499694824219,79.83999633789062,79.7699966430664,79.83999633789062,79.83999633789062,11317
2023-02-17 13:35:00-05:00,79.86000061035156,79.875,79.80000305175781,79.81999969482422,79.81999969482422,11539
2023-02-17 13:40:00-05:00,79.80500030517578,79.875,79.72000122070312,79.72000122070312,79.72000122070312,11639
2023-02-17 13:45:00-05:00,79.70999908447266,79.76000213623047,79.68000030517578,79.75,79.75,13279
2023-02-17 13:50:00-05:00,79.73999786376953,79.81999969482422,79.7300033569336,79.77999877929688,79.77999877929688,6802
2023-02-17 13:55:00-05:00,79.7699966430664,79.95999908447266,79.7699966430664,79.94999694824219,79.94999694824219,9252
2023-02-17 14:00:00-05:00,79.97000122070312,80.12000274658203,79.95999908447266,80.12000274658203,80.12000274658203,9642
2023-02-17 14:05:00-05:00,80.13999938964844,80.1791000366211,80.12000274658203,80.13999938964844,80.13999938964844,10908
2023-02-17 14:10:00-05:00,80.13999938964844,80.19000244140625,80.05000305175781,80.06999969482422,80.06999969482422,13931
2023-02-17 14:15:00-05:00,80.08000183105469,80.16500091552734,80.06999969482422,80.12860107421875,80.12860107421875,10830
2023-02-17 14:20:00-05:00,80.125,80.34500122070312,80.12000274658203,80.33499908447266,80.33499908447266,14191
2023-02-17 14:25:00-05:00,80.33999633789062,80.37999725341797,80.31500244140625,80.31999969482422,80.31999969482422,14169
2023-02-17 14:30:00-05:00,80.33999633789062,80.37000274658203,80.25,80.2699966430664,80.2699966430664,13852
2023-02-17 14:35:00-05:00,80.25,80.38999938964844,80.25,80.38330078125,80.38330078125,10587
2023-02-17 14:40:00-05:00,80.37000274658203,80.37000274658203,80.22000122070312,80.22000122070312,80.22000122070312,18352
2023-02-17 14:45:00-05:00,80.22000122070312,80.33000183105469,80.18560028076172,80.27999877929688,80.27999877929688,14564
2023-02-17 14:50:00-05:00,80.27999877929688,80.33999633789062,80.25,80.27999877929688,80.27999877929688,14025
2023-02-17 14:55:00-05:00,80.2699966430664,80.30999755859375,80.19000244140625,80.21499633789062,80.21499633789062,15837
2023-02-17 15:00:00-05:00,80.21499633789062,80.33999633789062,80.19499969482422,80.30000305175781,80.30000305175781,18899
2023-02-17 15:05:00-05:00,80.30999755859375,80.4000015258789,80.23999786376953,80.38999938964844,80.38999938964844,16286
2023-02-17 15:10:00-05:00,80.3949966430664,80.41000366210938,80.33000183105469,80.37000274658203,80.37000274658203,16620
2023-02-17 15:15:00-05:00,80.36499786376953,80.41000366210938,80.29000091552734,80.30500030517578,80.30500030517578,23902
2023-02-17 15:20:00-05:00,80.30500030517578,80.4000015258789,80.30500030517578,80.38999938964844,80.38999938964844,25709
2023-02-17 15:25:00-05:00,80.38999938964844,80.43000030517578,80.36000061035156,80.40499877929688,80.40499877929688,22944
2023-02-17 15:30:00-05:00,80.41000366210938,80.47000122070312,80.3499984741211,80.45999908447266,80.45999908447266,28063
2023-02-17 15:35:00-05:00,80.45999908447266,80.56500244140625,80.33999633789062,80.36000061035156,80.36000061035156,25531
2023-02-17 15:40:00-05:00,80.3499984741211,80.41999816894531,80.3010025024414,80.3010025024414,80.3010025024414,32828
2023-02-17 15:45:00-05:00,80.30500030517578,80.30500030517578,80.05000305175781,80.05999755859375,80.05999755859375,70907
2023-02-17 15:50:00-05:00,80.05999755859375,80.2699966430664,80.05999755859375,80.13500213623047,80.13500213623047,60728
2023-02-17 15:55:00-05:00,80.13999938964844,80.29000091552734,80.08999633789062,80.23999786376953,80.23999786376953,142639
2023-02-21 09:30:00-05:00,79.48999786376953,79.68000030517578,78.80999755859375,78.81999969482422,78.81999969482422,62162
2023-02-21 09:35:00-05:00,78.94999694824219,78.97000122070312,78.62000274658203,78.73999786376953,78.73999786376953,8527
2023-02-21 09:40:00-05:00,78.69999694824219,78.75,78.58999633789062,78.69000244140625,78.69000244140625,26295
2023-02-21 09:45:00-05:00,78.62000274658203,78.7699966430664,78.6050033569336,78.69000244140625,78.69000244140625,13922
2023-02-21 09:50:00-05:00,78.75499725341797,78.9000015258789,78.75499725341797,78.80000305175781,78.80000305175781,7219
2023-02-21 09:55:00-05:00,78.77999877929688,78.8499984741211,78.68000030517578,78.68499755859375,78.68499755859375,6383
2023-02-21 10:00:00-05:00,78.70999908447266,78.91000366210938,78.69000244140625,78.91000366210938,78.91000366210938,14424
2023-02-21 10:05:00-05:00,78.94999694824219,79.16999816894531,78.94999694824219,79.16999816894531,79.16999816894531,23172
2023-02-21 10:10:00-05:00,79.17500305175781,79.19999694824219,79.0999984741211,79.12000274658203,79.12000274658203,19880
2023-02-21 10:15:00-05:00,79.0999984741211,79.33000183105469,79.07499694824219,79.1500015258789,79.1500015258789,27975
2023-02-21 10:20:00-05:00,79.19000244140625,79.2699966430664,79.1500015258789,79.2300033569336,79.2300033569336,10665
2023-02-21 10:25:00-05:00,79.2249984741211,79.44000244140625,79.2249984741211,79.43000030517578,79.43000030517578,13027
2023-02-21 10:30:00-05:00,79.41999816894531,79.41999816894531,79.20999908447266,79.20999908447266,79.20999908447266,11719
2023-02-21 10:35:00-05:00,79.23999786376953,79.26000213623047,79.11000061035156,79.12000274658203,79.12000274658203,10715
2023-02-21 10:40:00-05:00,79.12999725341797,79.4000015258789,79.12000274658203,79.30999755859375,79.30999755859375,10312
2023-02-21 10:45:00-05:00,79.27999877929688,79.30000305175781,79.16999816894531,79.23999786376953,79.23999786376953,14041
2023-02-21 10:50:00-05:00,79.2300033569336,79.2300033569336,79.0999984741211,79.1500015258789,79.1500015258789,12591
2023-02-21 10:55:00-05:00,79.12999725341797,79.12999725341797,79.0999984741211,79.12000274658203,79.12000274658203,3896
2023-02-21 11:00:00-05:00,79.0199966430664,79.04570007324219,78.94000244140625,79.01000213623047,79.01000213623047,24803
2023-02-21 11:05:00-05:00,78.98590087890625,79.0199966430664,78.94000244140625,79.0,79.0,8000
2023-02-21 11:10:00-05:00,78.99500274658203,79.1500015258789,78.99500274658203,79.1500015258789,79.1500015258789,9541
2023-02-21 11:15:00-05:00,79.1500015258789,79.20999908447266,79.0999984741211,79.16999816894531,79.16999816894531,8339
2023-02-21 11:20:00-05:00,79.15149688720703,79.1626968383789,79.08000183105469,79.11000061035156,79.11000061035156,8999
2023-02-21 11:25:00-05:00,79.10900115966797,79.21499633789062,79.04499816894531,79.12000274658203,79.12000274658203,13531
2023-02-21 11:30:00-05:00,79.12000274658203,79.19999694824219,79.08000183105469,79.13999938964844,79.13999938964844,23540
2023-02-21 11:35:00-05:00,79.1500015258789,79.19499969482422,79.05500030517578,79.08000183105469,79.08000183105469,12766
2023-02-21 11:40:00-05:00,79.07499694824219,79.19999694824219,79.07499694824219,79.18000030517578,79.18000030517578,10212
2023-02-21 11:45:00-05:00,79.19999694824219,79.19999694824219,79.11499786376953,79.1500015258789,79.1500015258789,9881
2023-02-21 11:50:00-05:00,79.13999938964844,79.20999908447266,79.12000274658203,79.19000244140625,79.19000244140625,9141
2023-02-21 11:55:00-05:00,79.18499755859375,79.33999633789062,79.18000030517578,79.33000183105469,79.33000183105469,9917
2023-02-21 12:00:00-05:00,79.33000183105469,79.33000183105469,79.19000244140625,79.27999877929688,79.27999877929688,9730
2023-02-21 12:05:00-05:00,79.2699966430664,79.2699966430664,79.1500015258789,79.1500015258789,79.1500015258789,6555
2023-02-21 12:10:00-05:00,79.12000274658203,79.18000030517578,79.08499908447266,79.08999633789062,79.08999633789062,11188
2023-02-21 12:15:00-05:00,79.0999984741211,79.16999816894531,79.0999984741211,79.16999816894531,79.16999816894531,9891
2023-02-21 12:20:00-05:00,79.18000030517578,79.19999694824219,79.08999633789062,79.12000274658203,79.12000274658203,11750
2023-02-21 12:25:00-05:00,79.12000274658203,79.19999694824219,79.11000061035156,79.19999694824219,79.19999694824219,13623
2023-02-21 12:30:00-05:00,79.18000030517578,79.19499969482422,79.12000274658203,79.18000030517578,79.18000030517578,8011
2023-02-21 12:35:00-05:00,79.22000122070312,79.22000122070312,79.11499786376953,79.16500091552734,79.16500091552734,10993
2023-02-21 12:40:00-05:00,79.18000030517578,79.19999694824219,79.08769989013672,79.13999938964844,79.13999938964844,10432
2023-02-21 12:45:00-05:00,79.12999725341797,79.12999725341797,79.01000213623047,79.03630065917969,79.03630065917969,35723
2023-02-21 12:50:00-05:00,79.02999877929688,79.07499694824219,79.0,79.04000091552734,79.04000091552734,8206
2023-02-21 12:55:00-05:00,79.0199966430664,79.05000305175781,78.9583969116211,78.97000122070312,78.97000122070312,12268
2023-02-21 13:00:00-05:00,78.96499633789062,78.97000122070312,78.88999938964844,78.88999938964844,78.88999938964844,10961
2023-02-21 13:05:00-05:00,78.88500213623047,79.02999877929688,78.88500213623047,78.97200012207031,78.97200012207031,7397
2023-02-21 13:10:00-05:00,78.95999908447266,78.95999908447266,78.79000091552734,78.81999969482422,78.81999969482422,10625
2023-02-21 13:15:00-05:00,78.80999755859375,78.81500244140625,78.69000244140625,78.70999908447266,78.70999908447266,9105
2023-02-21 13:20:00-05:00,78.69000244140625,78.70999908447266,78.66000366210938,78.66000366210938,78.66000366210938,9837
2023-02-21 13:25:00-05:00,78.66500091552734,78.66500091552734,78.61000061035156,78.62999725341797,78.62999725341797,8313
2023-02-21 13:30:00-05:00,78.63999938964844,78.66000366210938,78.55500030517578,78.58000183105469,78.58000183105469,12739
2023-02-21 13:35:00-05:00,78.54000091552734,78.54000091552734,78.44999694824219,78.5,78.5,10484
2023-02-21 13:40:00-05:00,78.51000213623047,78.66000366210938,78.4800033569336,78.58000183105469,78.58000183105469,10580
2023-02-21 13:45:00-05:00,78.56999969482422,78.6500015258789,78.55999755859375,78.5999984741211,78.5999984741211,11679
2023-02-21 13:50:00-05:00,78.5999984741211,78.5999984741211,78.48999786376953,78.52899932861328,78.52899932861328,10645
2023-02-21 13:55:00-05:00,78.52999877929688,78.55000305175781,78.5199966430664,78.54000091552734,78.54000091552734,21577
2023-02-21 14:00:00-05:00,78.54000091552734,78.5999984741211,78.5199966430664,78.58000183105469,78.58000183105469,12804
2023-02-21 14:05:00-05:00,78.58000183105469,78.58000183105469,78.43000030517578,78.44000244140625,78.44000244140625,10563
2023-02-21 14:10:00-05:00,78.41999816894531,78.43499755859375,78.33000183105469,78.41000366210938,78.41000366210938,9303
2023-02-21 14:15:00-05:00,78.41000366210938,78.45999908447266,78.38999938964844,78.41000366210938,78.41000366210938,9725
2023-02-21 14:20:00-05:00,78.38999938964844,78.47000122070312,78.38999938964844,78.4000015258789,78.4000015258789,10571
2023-02-21 14:25:00-05:00,78.4000015258789,78.55999755859375,78.4000015258789,78.55000305175781,78.55000305175781,10040
2023-02-21 14:30:00-05:00,78.55000305175781,78.63999938964844,78.52999877929688,78.61000061035156,78.61000061035156,14173
2023-02-21 14:35:00-05:00,78.62000274658203,78.625,78.55000305175781,78.56999969482422,78.56999969482422,8284
2023-02-21 14:40:00-05:00,78.56999969482422,78.62999725341797,78.5250015258789,78.5999984741211,78.5999984741211,19555
2023-02-21 14:45:00-05:00,78.59500122070312,78.62999725341797,78.56500244140625,78.5999984741211,78.5999984741211,12912
2023-02-21 14:50:00-05:00,78.5999984741211,78.6500015258789,78.58000183105469,78.6500015258789,78.6500015258789,12203
2023-02-21 14:55:00-05:00,78.66000366210938,78.66000366210938,78.56999969482422,78.62999725341797,78.62999725341797,12810
2023-02-21 15:00:00-05:00,78.62000274658203,78.72000122070312,78.62000274658203,78.72000122070312,78.72000122070312,9874
2023-02-21 15:05:00-05:00,78.7300033569336,78.7300033569336,78.62000274658203,78.68000030517578,78.68000030517578,13898
2023-02-21 15:10:00-05:00,78.6500015258789,78.69999694824219,78.5999984741211,78.68000030517578,78.68000030517578,10385
2023-02-21 15:15:00-05:00,78.68000030517578,78.72000122070312,78.66999816894531,78.71549987792969,78.71549987792969,14097
2023-02-21 15:20:00-05:00,78.69999694824219,78.7750015258789,78.63999938964844,78.7300033569336,78.7300033569336,14464
2023-02-21 15:25:00-05:00,78.7249984741211,78.80000305175781,78.68000030517578,78.79000091552734,78.79000091552734,15654
2023-02-21 15:30:00-05:00,78.80000305175781,78.8499984741211,78.79000091552734,78.81999969482422,78.81999969482422,17925
2023-02-21 15:35:00-05:00,78.83000183105469,78.83000183105469,78.62999725341797,78.6500015258789,78.6500015258789,16764
2023-02-21 15:40:00-05:00,78.6500015258789,78.68000030517578,78.54000091552734,78.54000091552734,78.54000091552734,24554
2023-02-21 15:45:00-05:00,78.55000305175781,78.58999633789062,78.51499938964844,78.52999877929688,78.52999877929688,35724
2023-02-21 15:50:00-05:00,78.52999877929688,78.54000091552734,78.25,78.29000091552734,78.29000091552734,75788
2023-02-21 15:55:00-05:00,78.31999969482422,78.44999694824219,78.30000305175781,78.33999633789062,78.33999633789062,141035
2023-02-22 09:30:00-05:00,78.44000244140625,78.61000061035156,78.27999877929688,78.5,78.5,34322
2023-02-22 09:35:00-05:00,78.49500274658203,78.49500274658203,78.13999938964844,78.2300033569336,78.2300033569336,5324
2023-02-22 09:40:00-05:00,78.19999694824219,78.37999725341797,78.19999694824219,78.30000305175781,78.30000305175781,9139
2023-02-22 09:45:00-05:00,78.36000061035156,78.54000091552734,78.33000183105469,78.5199966430664,78.5199966430664,11467
2023-02-22 09:50:00-05:00,78.52999877929688,78.52999877929688,78.30999755859375,78.39700317382812,78.39700317382812,8281
2023-02-22 09:55:00-05:00,78.43000030517578,78.66999816894531,78.43000030517578,78.58999633789062,78.58999633789062,18927
2023-02-22 10:00:00-05:00,78.58999633789062,78.76000213623047,78.55000305175781,78.76000213623047,78.76000213623047,22788
2023-02-22 10:05:00-05:00,78.77999877929688,78.80999755859375,78.6449966430664,78.68000030517578,78.68000030517578,21969
2023-02-22 10:10:00-05:00,78.73999786376953,78.80999755859375,78.72000122070312,78.77999877929688,78.77999877929688,8503
2023-02-22 10:15:00-05:00,78.76000213623047,78.78500366210938,78.69999694824219,78.73999786376953,78.73999786376953,10148
2023-02-22 10:20:00-05:00,78.7699966430664,78.91999816894531,78.7699966430664,78.91999816894531,78.91999816894531,13137
2023-02-22 10:25:00-05:00,78.91000366210938,79.06999969482422,78.88999938964844,79.0199966430664,79.0199966430664,18635
2023-02-22 10:30:00-05:00,78.95999908447266,78.98999786376953,78.8499984741211,78.8499984741211,78.8499984741211,12697
2023-02-22 10:35:00-05:00,78.8499984741211,78.87999725341797,78.66500091552734,78.66500091552734,78.66500091552734,19048
2023-02-22 10:40:00-05:00,78.66999816894531,78.80999755859375,78.66999816894531,78.80999755859375,78.80999755859375,12840
2023-02-22 10:45:00-05:00,78.80989837646484,78.94000244140625,78.8030014038086,78.93000030517578,78.93000030517578,8563
2023-02-22 10:50:00-05:00,78.93000030517578,78.97000122070312,78.93000030517578,78.94000244140625,78.94000244140625,10823
2023-02-22 10:55:00-05:00,78.94999694824219,79.02999877929688,78.9000015258789,78.94999694824219,78.94999694824219,10382
2023-02-22 11:00:00-05:00,78.94999694824219,79.05999755859375,78.94000244140625,79.02999877929688,79.02999877929688,9871
2023-02-22 11:05:00-05:00,79.02999877929688,79.0999984741211,79.0199966430664,79.06999969482422,79.06999969482422,10003
2023-02-22 11:10:00-05:00,79.05999755859375,79.11000061035156,78.98500061035156,79.0,79.0,9324
2023-02-22 11:15:00-05:00,79.01000213623047,79.05000305175781,78.93000030517578,78.95999908447266,78.95999908447266,10639
2023-02-22 11:20:00-05:00,78.95999908447266,79.05000305175781,78.95999908447266,79.02999877929688,79.02999877929688,11929
2023-02-22 11:25:00-05:00,79.05000305175781,79.08999633789062,78.98999786376953,79.08499908447266,79.08499908447266,10938
2023-02-22 11:30:00-05:00,79.08999633789062,79.16000366210938,79.08999633789062,79.11000061035156,79.11000061035156,15534
2023-02-22 11:35:00-05:00,79.12999725341797,79.26000213623047,79.12999725341797,79.18000030517578,79.18000030517578,18589
2023-02-22 11:40:00-05:00,79.19499969482422,79.19999694824219,79.125,79.125,79.125,8003
2023-02-22 11:45:00-05:00,79.12999725341797,79.22000122070312,79.0999984741211,79.0999984741211,79.0999984741211,9694
2023-02-22 11:50:00-05:00,79.0999984741211,79.19999694824219,79.0999984741211,79.13999938964844,79.13999938964844,10274
2023-02-22 11:55:00-05:00,79.12999725341797,79.19000244140625,79.08999633789062,79.19000244140625,79.19000244140625,9577
2023-02-22 12:00:00-05:00,79.20500183105469,79.26000213623047,79.14520263671875,79.26000213623047,79.26000213623047,10759
2023-02-22 12:05:00-05:00,79.2699966430664,79.30999755859375,79.24500274658203,79.26000213623047,79.26000213623047,9624
2023-02-22 12:10:00-05:00,79.2699966430664,79.2699966430664,79.18000030517578,79.20500183105469,79.20500183105469,17343
2023-02-22 12:15:00-05:00,79.23999786376953,79.30000305175781,79.23999786376953,79.29000091552734,79.29000091552734,9163
2023-02-22 12:20:00-05:00,79.27999877929688,79.30000305175781,79.20999908447266,79.20999908447266,79.20999908447266,14673
2023-02-22 12:25:00-05:00,79.2300033569336,79.29000091552734,79.2249984741211,79.23999786376953,79.23999786376953,9271
2023-02-22 12:30:00-05:00,79.23999786376953,79.26000213623047,79.16000366210938,79.16000366210938,79.16000366210938,10096
2023-02-22 12:35:00-05:00,79.19499969482422,79.26499938964844,79.18000030517578,79.25879669189453,79.25879669189453,14510
2023-02-22 12:40:00-05:00,79.26000213623047,79.2750015258789,79.19999694824219,79.2249984741211,79.2249984741211,16890
2023-02-22 12:45:00-05:00,79.2300033569336,79.30000305175781,79.12999725341797,79.1500015258789,79.1500015258789,14055
2023-02-22 12:50:00-05:00,79.15499877929688,79.24259948730469,79.125,79.24259948730469,79.24259948730469,13051
2023-02-22 12:55:00-05:00,79.25,79.29000091552734,79.15499877929688,79.16999816894531,79.16999816894531,20298
2023-02-22 13:00:00-05:00,79.18000030517578,79.2300033569336,79.1500015258789,79.22000122070312,79.22000122070312,20381
2023-02-22 13:05:00-05:00,79.2249984741211,79.26499938964844,79.19000244140625,79.2300033569336,79.2300033569336,9897
2023-02-22 13:10:00-05:00,79.2300033569336,79.2699966430664,79.1500015258789,79.19999694824219,79.19999694824219,9575
2023-02-22 13:15:00-05:00,79.19000244140625,79.30000305175781,79.19000244140625,79.26499938964844,79.26499938964844,8190
2023-02-22 13:20:00-05:00,79.2699966430664,79.33000183105469,79.25,79.30000305175781,79.30000305175781,9827
2023-02-22 13:25:00-05:00,79.31999969482422,79.36000061035156,79.29000091552734,79.29000091552734,79.29000091552734,8287
2023-02-22 13:30:00-05:00,79.29499816894531,79.32499694824219,79.22599792480469,79.26000213623047,79.26000213623047,10627
2023-02-22 13:35:00-05:00,79.26000213623047,79.29000091552734,79.21189880371094,79.23999786376953,79.23999786376953,11370
2023-02-22 13:40:00-05:00,79.26000213623047,79.31999969482422,79.25,79.30000305175781,79.30000305175781,9379
2023-02-22 13:45:00-05:00,79.29499816894531,79.29499816894531,79.19000244140625,79.20500183105469,79.20500183105469,12821
2023-02-22 13:50:00-05:00,79.20500183105469,79.20500183105469,79.05999755859375,79.08000183105469,79.08000183105469,16375
2023-02-22 13:55:00-05:00,79.09500122070312,79.11000061035156,79.04000091552734,79.0425033569336,79.0425033569336,18023
2023-02-22 14:00:00-05:00,79.06320190429688,79.2699966430664,79.01000213623047,79.19999694824219,79.19999694824219,39856
2023-02-22 14:05:00-05:00,79.19999694824219,79.2699966430664,79.05999755859375,79.1449966430664,79.1449966430664,19078
2023-02-22 14:10:00-05:00,79.16000366210938,79.18000030517578,78.94999694824219,78.98999786376953,78.98999786376953,15216
2023-02-22 14:15:00-05:00,78.95999908447266,79.0,78.75499725341797,78.9800033569336,78.9800033569336,12123
2023-02-22 14:20:00-05:00,79.01820373535156,79.08000183105469,78.91999816894531,78.94000244140625,78.94000244140625,17669
2023-02-22 14:25:00-05:00,78.94000244140625,78.95999908447266,78.88089752197266,78.88999938964844,78.88999938964844,12557
2023-02-22 14:30:00-05:00,78.87000274658203,78.9000015258789,78.66999816894531,78.72000122070312,78.72000122070312,19807
2023-02-22 14:35:00-05:00,78.7300033569336,78.75,78.5,78.53500366210938,78.53500366210938,23589
2023-02-22 14:40:00-05:00,78.56999969482422,78.56999969482422,78.44999694824219,78.56999969482422,78.56999969482422,12190
2023-02-22 14:45:00-05:00,78.55999755859375,78.7300033569336,78.5,78.70999908447266,78.70999908447266,11980
2023-02-22 14:50:00-05:00,78.72000122070312,78.73999786376953,78.54000091552734,78.54000091552734,78.54000091552734,20554
2023-02-22 14:55:00-05:00,78.5250015258789,78.69000244140625,78.4800033569336,78.6500015258789,78.6500015258789,15508
2023-02-22 15:00:00-05:00,78.63999938964844,78.7052001953125,78.61000061035156,78.66500091552734,78.66500091552734,14358
2023-02-22 15:05:00-05:00,78.66999816894531,78.75,78.6500015258789,78.66999816894531,78.66999816894531,14039
2023-02-22 15:10:00-05:00,78.66999816894531,78.73999786376953,78.47000122070312,78.5,78.5,31722
2023-02-22 15:15:00-05:00,78.52999877929688,78.56999969482422,78.4800033569336,78.52999877929688,78.52999877929688,16966
2023-02-22 15:20:00-05:00,78.52999877929688,78.58999633789062,78.47000122070312,78.54000091552734,78.54000091552734,17443
2023-02-22 15:25:00-05:00,78.51000213623047,78.58999633789062,78.48999786376953,78.49500274658203,78.49500274658203,17248
2023-02-22 15:30:00-05:00,78.49500274658203,78.51000213623047,78.36499786376953,78.4000015258789,78.4000015258789,23717
2023-02-22 15:35:00-05:00,78.43000030517578,78.44999694824219,78.16000366210938,78.23100280761719,78.23100280761719,24769
2023-02-22 15:40:00-05:00,78.25,78.31999969482422,78.21099853515625,78.2699966430664,78.2699966430664,27151
2023-02-22 15:45:00-05:00,78.26000213623047,78.37999725341797,78.25,78.32099914550781,78.32099914550781,40510
2023-02-22 15:50:00-05:00,78.31999969482422,78.41500091552734,78.19999694824219,78.36000061035156,78.36000061035156,79986
2023-02-22 15:55:00-05:00,78.36000061035156,78.5,78.30000305175781,78.44999694824219,78.44999694824219,200321
2023-02-23 09:30:00-05:00,78.91999816894531,78.9800033569336,78.43000030517578,78.76000213623047,78.76000213623047,180554
2023-02-23 09:35:00-05:00,78.77999877929688,79.03990173339844,78.77999877929688,78.94999694824219,78.94999694824219,12114
2023-02-23 09:40:00-05:00,78.93499755859375,78.95999908447266,78.75,78.91999816894531,78.91999816894531,24658
2023-02-23 09:45:00-05:00,78.87999725341797,79.06999969482422,78.87000274658203,78.94999694824219,78.94999694824219,13625
2023-02-23 09:50:00-05:00,78.91999816894531,78.95999908447266,78.80999755859375,78.87999725341797,78.87999725341797,18287
2023-02-23 09:55:00-05:00,78.87000274658203,79.16999816894531,78.80999755859375,79.13999938964844,79.13999938964844,11723
2023-02-23 10:00:00-05:00,79.1500015258789,79.1500015258789,79.0,79.04000091552734,79.04000091552734,10539
2023-02-23 10:05:00-05:00,79.08999633789062,79.08999633789062,78.90499877929688,79.03500366210938,79.03500366210938,8015
2023-02-23 10:10:00-05:00,79.04000091552734,79.0999984741211,78.94999694824219,79.0999984741211,79.0999984741211,10191
2023-02-23 10:15:00-05:00,79.08999633789062,79.18000030517578,79.05000305175781,79.13999938964844,79.13999938964844,12410
2023-02-23 10:20:00-05:00,79.1500015258789,79.23999786376953,79.11000061035156,79.18000030517578,79.18000030517578,16351
2023-02-23 10:25:00-05:00,79.17500305175781,79.17500305175781,78.94000244140625,78.96499633789062,78.96499633789062,16995
2023-02-23 10:30:00-05:00,78.95999908447266,79.11000061035156,78.91000366210938,79.08999633789062,79.08999633789062,19132
2023-02-23 10:35:00-05:00,79.08000183105469,79.12000274658203,79.04499816894531,79.08000183105469,79.08000183105469,19079
2023-02-23 10:40:00-05:00,79.08000183105469,79.1500015258789,79.06999969482422,79.0999984741211,79.0999984741211,11290
2023-02-23 10:45:00-05:00,79.08999633789062,79.08999633789062,78.86000061035156,78.875,78.875,14716
2023-02-23 10:50:00-05:00,78.86000061035156,79.05000305175781,78.84500122070312,79.01000213623047,79.01000213623047,21148
2023-02-23 10:55:00-05:00,79.04000091552734,79.125,79.02999877929688,79.05999755859375,79.05999755859375,13279
2023-02-23 11:00:00-05:00,79.06999969482422,79.22000122070312,79.06999969482422,79.13500213623047,79.13500213623047,19684
2023-02-23 11:05:00-05:00,79.12999725341797,79.12999725341797,79.05500030517578,79.08499908447266,79.08499908447266,7389
2023-02-23 11:10:00-05:00,78.98999786376953,78.99500274658203,78.91999816894531,78.94999694824219,78.94999694824219,23265
2023-02-23 11:15:00-05:00,78.95999908447266,78.95999908447266,78.88999938964844,78.9000015258789,78.9000015258789,8307
2023-02-23 11:20:00-05:00,78.9000015258789,78.93000030517578,78.83000183105469,78.87000274658203,78.87000274658203,17776
2023-02-23 11:25:00-05:00,78.87999725341797,78.87999725341797,78.69999694824219,78.73999786376953,78.73999786376953,10796
2023-02-23 11:30:00-05:00,78.70999908447266,78.77999877929688,78.70999908447266,78.77999877929688,78.77999877929688,9178
2023-02-23 11:35:00-05:00,78.79000091552734,78.86000061035156,78.7699966430664,78.83000183105469,78.83000183105469,14373
2023-02-23 11:40:00-05:00,78.83999633789062,78.83999633789062,78.6500015258789,78.70999908447266,78.70999908447266,12946
2023-02-23 11:45:00-05:00,78.69999694824219,78.73999786376953,78.66000366210938,78.66000366210938,78.66000366210938,7960
2023-02-23 11:50:00-05:00,78.6500015258789,78.67500305175781,78.61000061035156,78.63500213623047,78.63500213623047,11659
2023-02-23 11:55:00-05:00,78.63500213623047,78.63999938964844,78.51000213623047,78.54000091552734,78.54000091552734,7645
2023-02-23 12:00:00-05:00,78.52999877929688,78.63999938964844,78.5,78.62999725341797,78.62999725341797,7773
2023-02-23 12:05:00-05:00,78.6500015258789,78.6500015258789,78.55999755859375,78.58999633789062,78.58999633789062,7807
2023-02-23 12:10:00-05:00,78.58999633789062,78.625,78.55000305175781,78.61199951171875,78.61199951171875,7920
2023-02-23 12:15:00-05:00,78.62000274658203,78.66999816894531,78.56999969482422,78.62000274658203,78.62000274658203,13728
2023-02-23 12:20:00-05:00,78.62000274658203,78.62000274658203,78.48999786376953,78.5199966430664,78.5199966430664,6992
2023-02-23 12:25:00-05:00,78.54000091552734,78.55000305175781,78.43000030517578,78.44000244140625,78.44000244140625,6894
2023-02-23 12:30:00-05:00,78.43000030517578,78.4800033569336,78.38770294189453,78.4800033569336,78.4800033569336,6401
2023-02-23 12:35:00-05:00,78.47000122070312,78.49500274658203,78.36000061035156,78.4000015258789,78.4000015258789,9042
2023-02-23 12:40:00-05:00,78.42839813232422,78.45500183105469,78.3499984741211,78.41000366210938,78.41000366210938,10536
2023-02-23 12:45:00-05:00,78.38999938964844,78.45999908447266,78.33740234375,78.37999725341797,78.37999725341797,10615
2023-02-23 12:50:00-05:00,78.37000274658203,78.43499755859375,78.31999969482422,78.3949966430664,78.3949966430664,6743
2023-02-23 12:55:00-05:00,78.38999938964844,78.47000122070312,78.38999938964844,78.44499969482422,78.44499969482422,5158
2023-02-23 13:00:00-05:00,78.44999694824219,78.5199966430664,78.43000030517578,78.47000122070312,78.47000122070312,20531
2023-02-23 13:05:00-05:00,78.46499633789062,78.46499633789062,78.39009857177734,78.41999816894531,78.41999816894531,6460
2023-02-23 13:10:00-05:00,78.41000366210938,78.43000030517578,78.3949966430664,78.41000366210938,78.41000366210938,2927
2023-02-23 13:15:00-05:00,78.41000366210938,78.44999694824219,78.37000274658203,78.44999694824219,78.44999694824219,3965
2023-02-23 13:20:00-05:00,78.47000122070312,78.4800033569336,78.30999755859375,78.30999755859375,78.30999755859375,12077
2023-02-23 13:25:00-05:00,78.33000183105469,78.36000061035156,78.30000305175781,78.31999969482422,78.31999969482422,5382
2023-02-23 13:30:00-05:00,78.33000183105469,78.37000274658203,78.30000305175781,78.37000274658203,78.37000274658203,3214
2023-02-23 13:35:00-05:00,78.36499786376953,78.36499786376953,78.27999877929688,78.27999877929688,78.27999877929688,6159
2023-02-23 13:40:00-05:00,78.27999877929688,78.30000305175781,78.1500015258789,78.16000366210938,78.16000366210938,9581
2023-02-23 13:45:00-05:00,78.1500015258789,78.16999816894531,78.04000091552734,78.16999816894531,78.16999816894531,6734
2023-02-23 13:50:00-05:00,78.16239929199219,78.20999908447266,78.13999938964844,78.1500015258789,78.1500015258789,5385
2023-02-23 13:55:00-05:00,78.11499786376953,78.1500015258789,78.08999633789062,78.08999633789062,78.08999633789062,4645
2023-02-23 14:00:00-05:00,78.06999969482422,78.06999969482422,78.00499725341797,78.0199966430664,78.0199966430664,7493
2023-02-23 14:05:00-05:00,78.0199966430664,78.02999877929688,77.9000015258789,77.9000015258789,77.9000015258789,13001
2023-02-23 14:10:00-05:00,77.88999938964844,77.88999938964844,77.74500274658203,77.80000305175781,77.80000305175781,15008
2023-02-23 14:15:00-05:00,77.80000305175781,77.93450164794922,77.80000305175781,77.88999938964844,77.88999938964844,14365
2023-02-23 14:20:00-05:00,77.88999938964844,78.0199966430664,77.88999938964844,77.99929809570312,77.99929809570312,9333
2023-02-23 14:25:00-05:00,77.98999786376953,78.01000213623047,77.94000244140625,77.98500061035156,77.98500061035156,8378
2023-02-23 14:30:00-05:00,77.98500061035156,78.08000183105469,77.95999908447266,78.06999969482422,78.06999969482422,9906
2023-02-23 14:35:00-05:00,78.08499908447266,78.08499908447266,77.9800033569336,77.99500274658203,77.99500274658203,15459
2023-02-23 14:40:00-05:00,77.97830200195312,78.02999877929688,77.87999725341797,77.91000366210938,77.91000366210938,13623
2023-02-23 14:45:00-05:00,77.91000366210938,78.0199966430664,77.91000366210938,78.0199966430664,78.0199966430664,10000
2023-02-23 14:50:00-05:00,78.0199966430664,78.03579711914062,77.93000030517578,78.0199966430664,78.0199966430664,10091
2023-02-23 14:55:00-05:00,78.02999877929688,78.05000305175781,77.94999694824219,77.94999694824219,77.94999694824219,37602
2023-02-23 15:00:00-05:00,77.94499969482422,78.13999938964844,77.94499969482422,78.12999725341797,78.12999725341797,10430
2023-02-23 15:05:00-05:00,78.13999938964844,78.24500274658203,78.13500213623047,78.2300033569336,78.2300033569336,10808
2023-02-23 15:10:00-05:00,78.2300033569336,78.33999633789062,78.2300033569336,78.30000305175781,78.30000305175781,19292
2023-02-23 15:15:00-05:00,78.30000305175781,78.33799743652344,78.1500015258789,78.1500015258789,78.1500015258789,9882
2023-02-23 15:20:00-05:00,78.13999938964844,78.20999908447266,78.05999755859375,78.19999694824219,78.19999694824219,8763
2023-02-23 15:25:00-05:00,78.2300033569336,78.33000183105469,78.22000122070312,78.2699966430664,78.2699966430664,12880
2023-02-23 15:30:00-05:00,78.2699966430664,78.31999969482422,78.23500061035156,78.30500030517578,78.30500030517578,15936
2023-02-23 15:35:00-05:00,78.29000091552734,78.30000305175781,78.21499633789062,78.23999786376953,78.23999786376953,14087
2023-02-23 15:40:00-05:00,78.24500274658203,78.27999877929688,78.08999633789062,78.12000274658203,78.12000274658203,16751
2023-02-23 15:45:00-05:00,78.12999725341797,78.13500213623047,78.0,78.02999877929688,78.02999877929688,25041
2023-02-23 15:50:00-05:00,78.02999877929688,78.16000366210938,78.01000213623047,78.02999877929688,78.02999877929688,52859
2023-02-23 15:55:00-05:00,78.04000091552734,78.18000030517578,77.98999786376953,78.05000305175781,78.05000305175781,112189
2023-02-24 09:30:00-05:00,77.25,77.25,76.88999938964844,77.16999816894531,77.16999816894531,25652
2023-02-24 09:35:00-05:00,77.23999786376953,77.44999694824219,77.2300033569336,77.38999938964844,77.38999938964844,8429
2023-02-24 09:40:00-05:00,77.36000061035156,77.52999877929688,77.36000061035156,77.37000274658203,77.37000274658203,6431
2023-02-24 09:45:00-05:00,77.36000061035156,77.38999938964844,77.02999877929688,77.2605972290039,77.2605972290039,7980
2023-02-24 09:50:00-05:00,77.2300033569336,77.23999786376953,76.7300033569336,76.81999969482422,76.81999969482422,13847
2023-02-24 09:55:00-05:00,76.83000183105469,76.83499908447266,76.66999816894531,76.7300033569336,76.7300033569336,13365
2023-02-24 10:00:00-05:00,76.72000122070312,77.0199966430664,76.66000366210938,77.01000213623047,77.01000213623047,11643
2023-02-24 10:05:00-05:00,77.05999755859375,77.16999816894531,77.05999755859375,77.16999816894531,77.16999816894531,10519
2023-02-24 10:10:00-05:00,77.18000030517578,77.2686996459961,77.13140106201172,77.2686996459961,77.2686996459961,6473
2023-02-24 10:15:00-05:00,77.30000305175781,77.30000305175781,77.08499908447266,77.1500015258789,77.1500015258789,9647
2023-02-24 10:20:00-05:00,77.12000274658203,77.27999877929688,77.11000061035156,77.12000274658203,77.12000274658203,9460
2023-02-24 10:25:00-05:00,77.05999755859375,77.160400390625,76.9800033569336,77.02999877929688,77.02999877929688,7123
2023-02-24 10:30:00-05:00,77.02999877929688,77.02999877929688,76.87999725341797,76.87999725341797,76.87999725341797,8328
2023-02-24 10:35:00-05:00,76.8550033569336,76.97000122070312,76.83999633789062,76.97000122070312,76.97000122070312,6254
2023-02-24 10:40:00-05:00,76.98999786376953,77.05000305175781,76.95999908447266,77.04000091552734,77.04000091552734,6435
2023-02-24 10:45:00-05:00,77.05000305175781,77.0999984741211,76.94999694824219,76.94999694824219,76.94999694824219,6514
2023-02-24 10:50:00-05:00,76.94999694824219,76.98999786376953,76.9000015258789,76.98999786376953,76.98999786376953,5941
2023-02-24 10:55:00-05:00,76.94000244140625,76.96029663085938,76.86000061035156,76.89900207519531,76.89900207519531,6040
2023-02-24 11:00:00-05:00,76.9000015258789,76.9000015258789,76.86000061035156,76.875,76.875,5085
2023-02-24 11:05:00-05:00,76.87999725341797,76.94000244140625,76.87999725341797,76.91000366210938,76.91000366210938,12725
2023-02-24 11:10:00-05:00,76.91999816894531,77.0,76.91000366210938,76.91699981689453,76.91699981689453,6400
2023-02-24 11:15:00-05:00,76.87999725341797,76.94999694824219,76.86000061035156,76.9000015258789,76.9000015258789,3218
2023-02-24 11:20:00-05:00,76.9000015258789,76.9000015258789,76.76000213623047,76.76000213623047,76.76000213623047,4821
2023-02-24 11:25:00-05:00,76.7699966430664,76.87999725341797,76.7699966430664,76.85820007324219,76.85820007324219,7135
2023-02-24 11:30:00-05:00,76.8499984741211,77.02100372314453,76.83499908447266,76.93000030517578,76.93000030517578,8159
2023-02-24 11:35:00-05:00,76.91999816894531,76.97000122070312,76.91500091552734,76.94000244140625,76.94000244140625,7160
2023-02-24 11:40:00-05:00,76.94999694824219,77.13999938964844,76.94999694824219,77.08999633789062,77.08999633789062,4828
2023-02-24 11:45:00-05:00,77.12000274658203,77.16999816894531,77.0999984741211,77.1500015258789,77.1500015258789,23064
2023-02-24 11:50:00-05:00,77.1500015258789,77.16000366210938,77.05999755859375,77.05999755859375,77.05999755859375,8365
2023-02-24 11:55:00-05:00,77.08000183105469,77.08999633789062,76.87000274658203,76.87000274658203,76.87000274658203,6153
2023-02-24 12:00:00-05:00,76.875,77.0,76.86499786376953,76.94499969482422,76.94499969482422,8085
2023-02-24 12:05:00-05:00,76.95999908447266,77.02999877929688,76.95999908447266,76.97000122070312,76.97000122070312,7070
2023-02-24 12:10:00-05:00,76.98999786376953,77.08999633789062,76.98999786376953,77.08999633789062,77.08999633789062,10524
2023-02-24 12:15:00-05:00,77.0999984741211,77.26000213623047,77.09500122070312,77.26000213623047,77.26000213623047,11779
2023-02-24 12:20:00-05:00,77.25,77.33999633789062,77.23999786376953,77.30000305175781,77.30000305175781,7807
2023-02-24 12:25:00-05:00,77.30000305175781,77.30000305175781,77.19000244140625,77.29830169677734,77.29830169677734,9638
2023-02-24 12:30:00-05:00,77.26499938964844,77.31999969482422,77.23999786376953,77.2699966430664,77.2699966430664,6386
2023-02-24 12:35:00-05:00,77.2499008178711,77.2499008178711,77.1500015258789,77.18000030517578,77.18000030517578,10523
2023-02-24 12:40:00-05:00,77.19000244140625,77.23999786376953,77.1500015258789,77.20999908447266,77.20999908447266,5664
2023-02-24 12:45:00-05:00,77.20999908447266,77.23999786376953,77.16999816894531,77.2300033569336,77.2300033569336,13773
2023-02-24 12:50:00-05:00,77.22000122070312,77.25559997558594,77.19000244140625,77.19400024414062,77.19400024414062,6017
2023-02-24 12:55:00-05:00,77.19999694824219,77.19999694824219,77.0999984741211,77.12999725341797,77.12999725341797,7115
2023-02-24 13:00:00-05:00,77.13999938964844,77.19999694824219,77.12000274658203,77.19000244140625,77.19000244140625,5695
2023-02-24 13:05:00-05:00,77.19000244140625,77.25,77.17900085449219,77.23999786376953,77.23999786376953,7732
2023-02-24 13:10:00-05:00,77.26000213623047,77.30999755859375,77.25,77.30999755859375,77.30999755859375,5994
2023-02-24 13:15:00-05:00,77.30999755859375,77.375,77.27999877929688,77.37000274658203,77.37000274658203,7474
2023-02-24 13:20:00-05:00,77.37000274658203,77.41999816894531,77.3499984741211,77.4000015258789,77.4000015258789,8604
2023-02-24 13:25:00-05:00,77.41999816894531,77.48999786376953,77.41999816894531,77.44999694824219,77.44999694824219,10235
2023-02-24 13:30:00-05:00,77.44000244140625,77.44000244140625,77.27999877929688,77.29000091552734,77.29000091552734,9099
2023-02-24 13:35:00-05:00,77.29000091552734,77.33999633789062,77.25,77.33000183105469,77.33000183105469,7912
2023-02-24 13:40:00-05:00,77.31999969482422,77.33999633789062,77.30000305175781,77.30619812011719,77.30619812011719,5499
2023-02-24 13:45:00-05:00,77.30999755859375,77.36000061035156,77.29389953613281,77.31999969482422,77.31999969482422,5169
2023-02-24 13:50:00-05:00,77.33999633789062,77.41000366210938,77.33999633789062,77.41000366210938,77.41000366210938,7503
2023-02-24 13:55:00-05:00,77.4000015258789,77.44000244140625,77.37000274658203,77.4000015258789,77.4000015258789,6962
2023-02-24 14:00:00-05:00,77.38999938964844,77.38999938964844,77.3499984741211,77.38999938964844,77.38999938964844,4246
2023-02-24 14:05:00-05:00,77.375,77.38999938964844,77.30000305175781,77.38999938964844,77.38999938964844,13955
2023-02-24 14:10:00-05:00,77.38999938964844,77.44999694824219,77.37999725341797,77.44000244140625,77.44000244140625,7870
2023-02-24 14:15:00-05:00,77.44999694824219,77.54000091552734,77.44999694824219,77.54000091552734,77.54000091552734,8581
2023-02-24 14:20:00-05:00,77.52999877929688,77.58999633789062,77.4800033569336,77.5,77.5,14237
2023-02-24 14:25:00-05:00,77.5199966430664,77.56999969482422,77.5199966430664,77.52999877929688,77.52999877929688,7265
2023-02-24 14:30:00-05:00,77.5199966430664,77.52149963378906,77.37999725341797,77.37999725341797,77.37999725341797,6367
2023-02-24 14:35:00-05:00,77.3499984741211,77.41999816894531,77.33000183105469,77.41000366210938,77.41000366210938,8042
2023-02-24 14:40:00-05:00,77.41000366210938,77.41000366210938,77.25,77.2699966430664,77.2699966430664,6513
2023-02-24 14:45:00-05:00,77.2699966430664,77.4800033569336,77.2699966430664,77.4800033569336,77.4800033569336,7441
2023-02-24 14:50:00-05:00,77.4800033569336,77.55999755859375,77.4800033569336,77.54000091552734,77.54000091552734,8509
2023-02-24 14:55:00-05:00,77.54000091552734,77.6500015258789,77.53500366210938,77.58499908447266,77.58499908447266,18866
2023-02-24 15:00:00-05:00,77.58999633789062,77.67500305175781,77.56999969482422,77.58000183105469,77.58000183105469,16050
2023-02-24 15:05:00-05:00,77.56999969482422,77.62000274658203,77.55999755859375,77.5999984741211,77.5999984741211,11372
2023-02-24 15:10:00-05:00,77.5999984741211,77.5999984741211,77.44999694824219,77.45999908447266,77.45999908447266,13534
2023-02-24 15:15:00-05:00,77.47000122070312,77.58000183105469,77.41999816894531,77.56999969482422,77.56999969482422,10974
2023-02-24 15:20:00-05:00,77.59500122070312,77.625,77.572998046875,77.62000274658203,77.62000274658203,12176
2023-02-24 15:25:00-05:00,77.5999984741211,77.66000366210938,77.52999877929688,77.54000091552734,77.54000091552734,11970
2023-02-24 15:30:00-05:00,77.53500366210938,77.53500366210938,77.30000305175781,77.30999755859375,77.30999755859375,17836
2023-02-24 15:35:00-05:00,77.2699966430664,77.30999755859375,77.18000030517578,77.25499725341797,77.25499725341797,17072
2023-02-24 15:40:00-05:00,77.2249984741211,77.30999755859375,77.19000244140625,77.29399871826172,77.29399871826172,18527
2023-02-24 15:45:00-05:00,77.29000091552734,77.29499816894531,77.2300033569336,77.26499938964844,77.26499938964844,25296
2023-02-24 15:50:00-05:00,77.2699966430664,77.31500244140625,77.0999984741211,77.31500244140625,77.31500244140625,53628
2023-02-24 15:55:00-05:00,77.31999969482422,77.44000244140625,77.30999755859375,77.37999725341797,77.37999725341797,81109
2023-02-27 09:30:00-05:00,77.76000213623047,77.79000091552734,77.63999938964844,77.69499969482422,77.69499969482422,15941
2023-02-27 09:35:00-05:00,77.6500015258789,77.83000183105469,77.625,77.80000305175781,77.80000305175781,7389
2023-02-27 09:40:00-05:00,77.81999969482422,77.95999908447266,77.72000122070312,77.95999908447266,77.95999908447266,9456
2023-02-27 09:45:00-05:00,77.98500061035156,78.12999725341797,77.94000244140625,78.125,78.125,10407
2023-02-27 09:50:00-05:00,78.13999938964844,78.37000274658203,78.0999984741211,78.33499908447266,78.33499908447266,11585
2023-02-27 09:55:00-05:00,78.38999938964844,78.3949966430664,78.16999816894531,78.24500274658203,78.24500274658203,8137
2023-02-27 10:00:00-05:00,78.2300033569336,78.27999877929688,78.16000366210938,78.25,78.25,7995
2023-02-27 10:05:00-05:00,78.23999786376953,78.30999755859375,78.19999694824219,78.2300033569336,78.2300033569336,6113
2023-02-27 10:10:00-05:00,78.2300033569336,78.29000091552734,78.13960266113281,78.29000091552734,78.29000091552734,4869
2023-02-27 10:15:00-05:00,78.29000091552734,78.31999969482422,78.19499969482422,78.29000091552734,78.29000091552734,6371
2023-02-27 10:20:00-05:00,78.30000305175781,78.36000061035156,78.25,78.34100341796875,78.34100341796875,4879
2023-02-27 10:25:00-05:00,78.33999633789062,78.47000122070312,78.30999755859375,78.31999969482422,78.31999969482422,8356
2023-02-27 10:30:00-05:00,78.33999633789062,78.41729736328125,78.33999633789062,78.36000061035156,78.36000061035156,12663
2023-02-27 10:35:00-05:00,78.33999633789062,78.3499984741211,77.97000122070312,77.97000122070312,77.97000122070312,8041
2023-02-27 10:40:00-05:00,77.94999694824219,78.00180053710938,77.88999938964844,77.9800033569336,77.9800033569336,8230
2023-02-27 10:45:00-05:00,77.94499969482422,77.97000122070312,77.80000305175781,77.80000305175781,77.80000305175781,7915
2023-02-27 10:50:00-05:00,77.84500122070312,77.9291000366211,77.83000183105469,77.87000274658203,77.87000274658203,6897
2023-02-27 10:55:00-05:00,77.86000061035156,77.88999938964844,77.80999755859375,77.8499984741211,77.8499984741211,11282
2023-02-27 11:00:00-05:00,77.88999938964844,77.93000030517578,77.88999938964844,77.91999816894531,77.91999816894531,4933
2023-02-27 11:05:00-05:00,77.87999725341797,77.94999694824219,77.87010192871094,77.91000366210938,77.91000366210938,6759
2023-02-27 11:10:00-05:00,77.92009735107422,77.95999908447266,77.76000213623047,77.76000213623047,77.76000213623047,13899
2023-02-27 11:15:00-05:00,77.7300033569336,77.75,77.62999725341797,77.66000366210938,77.66000366210938,13747
2023-02-27 11:20:00-05:00,77.66000366210938,77.75,77.6500015258789,77.66999816894531,77.66999816894531,7668
2023-02-27 11:25:00-05:00,77.66999816894531,77.7300033569336,77.58999633789062,77.58999633789062,77.58999633789062,5806
2023-02-27 11:30:00-05:00,77.57499694824219,77.5999984741211,77.43000030517578,77.4800033569336,77.4800033569336,9291
2023-02-27 11:35:00-05:00,77.5,77.55999755859375,77.48500061035156,77.52999877929688,77.52999877929688,9223
2023-02-27 11:40:00-05:00,77.48999786376953,77.48999786376953,77.34500122070312,77.34500122070312,77.34500122070312,7843
2023-02-27 11:45:00-05:00,77.34500122070312,77.36000061035156,77.26000213623047,77.30999755859375,77.30999755859375,10307
2023-02-27 11:50:00-05:00,77.30999755859375,77.40499877929688,77.29499816894531,77.37999725341797,77.37999725341797,14568
2023-02-27 11:55:00-05:00,77.38999938964844,77.41000366210938,77.33000183105469,77.37000274658203,77.37000274658203,10179
2023-02-27 12:00:00-05:00,77.36000061035156,77.36000061035156,77.25,77.30999755859375,77.30999755859375,15764
2023-02-27 12:05:00-05:00,77.30000305175781,77.30999755859375,77.23999786376953,77.26000213623047,77.26000213623047,6110
2023-02-27 12:10:00-05:00,77.20999908447266,77.2699966430664,77.16999816894531,77.23999786376953,77.23999786376953,12359
2023-02-27 12:15:00-05:00,77.20999908447266,77.22000122070312,77.18000030517578,77.19999694824219,77.19999694824219,6418
2023-02-27 12:20:00-05:00,77.16000366210938,77.16999816894531,76.9000015258789,76.98999786376953,76.98999786376953,12806
2023-02-27 12:25:00-05:00,77.0,77.0199966430664,76.94999694824219,77.01000213623047,77.01000213623047,14510
2023-02-27 12:30:00-05:00,76.9800033569336,77.19000244140625,76.94999694824219,77.1500015258789,77.1500015258789,24863
2023-02-27 12:35:00-05:00,77.16500091552734,77.30000305175781,77.12449645996094,77.30000305175781,77.30000305175781,13240
2023-02-27 12:40:00-05:00,77.33999633789062,77.3499984741211,77.16400146484375,77.16999816894531,77.16999816894531,8846
2023-02-27 12:45:00-05:00,77.16000366210938,77.18499755859375,77.12999725341797,77.18499755859375,77.18499755859375,5278
2023-02-27 12:50:00-05:00,77.18000030517578,77.22000122070312,77.05000305175781,77.12000274658203,77.12000274658203,14349
2023-02-27 12:55:00-05:00,77.11000061035156,77.15499877929688,77.08000183105469,77.0999984741211,77.0999984741211,6986
2023-02-27 13:00:00-05:00,77.11000061035156,77.23500061035156,77.11000061035156,77.1500015258789,77.1500015258789,7250
2023-02-27 13:05:00-05:00,77.13999938964844,77.2249984741211,77.11000061035156,77.2249984741211,77.2249984741211,6444
2023-02-27 13:10:00-05:00,77.23500061035156,77.29000091552734,77.21499633789062,77.27999877929688,77.27999877929688,8407
2023-02-27 13:15:00-05:00,77.26499938964844,77.375,77.26499938964844,77.3499984741211,77.3499984741211,9080
2023-02-27 13:20:00-05:00,77.33000183105469,77.44000244140625,77.33000183105469,77.37999725341797,77.37999725341797,13957
2023-02-27 13:25:00-05:00,77.4000015258789,77.45999908447266,77.37249755859375,77.45999908447266,77.45999908447266,9370
2023-02-27 13:30:00-05:00,77.45999908447266,77.48999786376953,77.36000061035156,77.37000274658203,77.37000274658203,8660
2023-02-27 13:35:00-05:00,77.36000061035156,77.41999816894531,77.32499694824219,77.34500122070312,77.34500122070312,8943
2023-02-27 13:40:00-05:00,77.31999969482422,77.31999969482422,77.27999877929688,77.31999969482422,77.31999969482422,6621
2023-02-27 13:45:00-05:00,77.30000305175781,77.30000305175781,77.2249984741211,77.2699966430664,77.2699966430664,9316
2023-02-27 13:50:00-05:00,77.25,77.36000061035156,77.25,77.3499984741211,77.3499984741211,4561
2023-02-27 13:55:00-05:00,77.33999633789062,77.45999908447266,77.33999633789062,77.38999938964844,77.38999938964844,5933
2023-02-27 14:00:00-05:00,77.4000015258789,77.41999816894531,77.375,77.41000366210938,77.41000366210938,9989
2023-02-27 14:05:00-05:00,77.44999694824219,77.46499633789062,77.43000030517578,77.43499755859375,77.43499755859375,5758
2023-02-27 14:10:00-05:00,77.44999694824219,77.51000213623047,77.43000030517578,77.43000030517578,77.43000030517578,8183
2023-02-27 14:15:00-05:00,77.41999816894531,77.41999816894531,77.30000305175781,77.30000305175781,77.30000305175781,11651
2023-02-27 14:20:00-05:00,77.27999877929688,77.27999877929688,77.16999816894531,77.16999816894531,77.16999816894531,8585
2023-02-27 14:25:00-05:00,77.18000030517578,77.19999694824219,77.1500015258789,77.18000030517578,77.18000030517578,10893
2023-02-27 14:30:00-05:00,77.17500305175781,77.22000122070312,77.12000274658203,77.16999816894531,77.16999816894531,9254
2023-02-27 14:35:00-05:00,77.16000366210938,77.16000366210938,77.06999969482422,77.06999969482422,77.06999969482422,8399
2023-02-27 14:40:00-05:00,77.06999969482422,77.0999984741211,76.98999786376953,77.0,77.0,7659
2023-02-27 14:45:00-05:00,76.98500061035156,77.0999984741211,76.94999694824219,77.06999969482422,77.06999969482422,9677
2023-02-27 14:50:00-05:00,77.06999969482422,77.12999725341797,77.05999755859375,77.08999633789062,77.08999633789062,5706
2023-02-27 14:55:00-05:00,77.08999633789062,77.0999984741211,77.04000091552734,77.05000305175781,77.05000305175781,15138
2023-02-27 15:00:00-05:00,77.02999877929688,77.03500366210938,76.94000244140625,77.0199966430664,77.0199966430664,10274
2023-02-27 15:05:00-05:00,77.0,77.0,76.87999725341797,76.88500213623047,76.88500213623047,6883
2023-02-27 15:10:00-05:00,76.87999725341797,76.94499969482422,76.8499984741211,76.94499969482422,76.94499969482422,10134
2023-02-27 15:15:00-05:00,76.97000122070312,76.9719009399414,76.77999877929688,76.81999969482422,76.81999969482422,11267
2023-02-27 15:20:00-05:00,76.8124008178711,76.8124008178711,76.7300033569336,76.77999877929688,76.77999877929688,9572
2023-02-27 15:25:00-05:00,76.7699966430664,76.83000183105469,76.73999786376953,76.79000091552734,76.79000091552734,11959
2023-02-27 15:30:00-05:00,76.8499984741211,76.9000015258789,76.80000305175781,76.82499694824219,76.82499694824219,16959
2023-02-27 15:35:00-05:00,76.83000183105469,76.83000183105469,76.72000122070312,76.77999877929688,76.77999877929688,13071
2023-02-27 15:40:00-05:00,76.77999877929688,76.9800033569336,76.75,76.92500305175781,76.92500305175781,16203
2023-02-27 15:45:00-05:00,76.92500305175781,76.95999908447266,76.875,76.88500213623047,76.88500213623047,22376
2023-02-27 15:50:00-05:00,76.88999938964844,77.08999633789062,76.87999725341797,77.03500366210938,77.03500366210938,61162
2023-02-27 15:55:00-05:00,77.03500366210938,77.0999984741211,76.97000122070312,77.08999633789062,77.08999633789062,98738
2023-02-28 09:30:00-05:00,76.72000122070312,76.75,76.37999725341797,76.5999984741211,76.5999984741211,59359
2023-02-28 09:35:00-05:00,76.62999725341797,76.66000366210938,76.38990020751953,76.41999816894531,76.41999816894531,24519
2023-02-28 09:40:00-05:00,76.4000015258789,76.55999755859375,76.37000274658203,76.5199966430664,76.5199966430664,21861
2023-02-28 09:45:00-05:00,76.5250015258789,76.66999816894531,76.44999694824219,76.6500015258789,76.6500015258789,31162
2023-02-28 09:50:00-05:00,76.6500015258789,76.6500015258789,76.47000122070312,76.55999755859375,76.55999755859375,16776
2023-02-28 09:55:00-05:00,76.58000183105469,76.63999938964844,76.3499984741211,76.37740325927734,76.37740325927734,36850
2023-02-28 10:00:00-05:00,76.33000183105469,76.62000274658203,76.29000091552734,76.5999984741211,76.5999984741211,15459
2023-02-28 10:05:00-05:00,76.62999725341797,76.80000305175781,76.56500244140625,76.56500244140625,76.56500244140625,14480
2023-02-28 10:10:00-05:00,76.56999969482422,76.58999633789062,76.29000091552734,76.29000091552734,76.29000091552734,20159
2023-02-28 10:15:00-05:00,76.30999755859375,76.31999969482422,76.12000274658203,76.19989776611328,76.19989776611328,11630
2023-02-28 10:20:00-05:00,76.23999786376953,76.37000274658203,76.23999786376953,76.37000274658203,76.37000274658203,80842
2023-02-28 10:25:00-05:00,76.3949966430664,76.51000213623047,76.3949966430664,76.5,76.5,16669
2023-02-28 10:30:00-05:00,76.48999786376953,76.48999786376953,76.38999938964844,76.44999694824219,76.44999694824219,13632
2023-02-28 10:35:00-05:00,76.44000244140625,76.52999877929688,76.33000183105469,76.43499755859375,76.43499755859375,22058
2023-02-28 10:40:00-05:00,76.47000122070312,76.58999633789062,76.44999694824219,76.58000183105469,76.58000183105469,12866
2023-02-28 10:45:00-05:00,76.58000183105469,76.58999633789062,76.44999694824219,76.5199966430664,76.5199966430664,9364
2023-02-28 10:50:00-05:00,76.47000122070312,76.4800033569336,76.41000366210938,76.44999694824219,76.44999694824219,7213
2023-02-28 10:55:00-05:00,76.43000030517578,76.4800033569336,76.4000015258789,76.44999694824219,76.44999694824219,7327
2023-02-28 11:00:00-05:00,76.47000122070312,76.58499908447266,76.45999908447266,76.58000183105469,76.58000183105469,10484
2023-02-28 11:05:00-05:00,76.58999633789062,76.7249984741211,76.58999633789062,76.62000274658203,76.62000274658203,10654
2023-02-28 11:10:00-05:00,76.62000274658203,76.66999816894531,76.58999633789062,76.66999816894531,76.66999816894531,11694
2023-02-28 11:15:00-05:00,76.68000030517578,76.73999786376953,76.65499877929688,76.69999694824219,76.69999694824219,13337
2023-02-28 11:20:00-05:00,76.68000030517578,76.72000122070312,76.66000366210938,76.66999816894531,76.66999816894531,8980
2023-02-28 11:25:00-05:00,76.66000366210938,76.73999786376953,76.66000366210938,76.69000244140625,76.69000244140625,10957
2023-02-28 11:30:00-05:00,76.68000030517578,76.74500274658203,76.65499877929688,76.68000030517578,76.68000030517578,12455
2023-02-28 11:35:00-05:00,76.66999816894531,76.66999816894531,76.58000183105469,76.625,76.625,10958
2023-02-28 11:40:00-05:00,76.625,76.66999816894531,76.5999984741211,76.6500015258789,76.6500015258789,7849
2023-02-28 11:45:00-05:00,76.6500015258789,76.7699966430664,76.5999984741211,76.7699966430664,76.7699966430664,9840
2023-02-28 11:50:00-05:00,76.76000213623047,76.7750015258789,76.69000244140625,76.76000213623047,76.76000213623047,7328
2023-02-28 11:55:00-05:00,76.7699966430664,76.88999938964844,76.7699966430664,76.86000061035156,76.86000061035156,6944
2023-02-28 12:00:00-05:00,76.8499984741211,76.8949966430664,76.81500244140625,76.83999633789062,76.83999633789062,5962
2023-02-28 12:05:00-05:00,76.83999633789062,76.93000030517578,76.83999633789062,76.92990112304688,76.92990112304688,8350
2023-02-28 12:10:00-05:00,76.93000030517578,76.95999908447266,76.86499786376953,76.95500183105469,76.95500183105469,7607
2023-02-28 12:15:00-05:00,76.96499633789062,77.04000091552734,76.94999694824219,77.04000091552734,77.04000091552734,8042
2023-02-28 12:20:00-05:00,77.04000091552734,77.08999633789062,77.0199966430664,77.05999755859375,77.05999755859375,17937
2023-02-28 12:25:00-05:00,77.05999755859375,77.13999938964844,77.0199966430664,77.12999725341797,77.12999725341797,13390
2023-02-28 12:30:00-05:00,77.11000061035156,77.11000061035156,77.03500366210938,77.06999969482422,77.06999969482422,8919
2023-02-28 12:35:00-05:00,77.0199966430664,77.05000305175781,76.95999908447266,76.96499633789062,76.96499633789062,11925
2023-02-28 12:40:00-05:00,76.94999694824219,77.02999877929688,76.94499969482422,77.0199966430664,77.0199966430664,9873
2023-02-28 12:45:00-05:00,77.04000091552734,77.12999725341797,77.04000091552734,77.12999725341797,77.12999725341797,9413
2023-02-28 12:50:00-05:00,77.12999725341797,77.1686019897461,77.08000183105469,77.12999725341797,77.12999725341797,10106
2023-02-28 12:55:00-05:00,77.12999725341797,77.12999725341797,77.03500366210938,77.04000091552734,77.04000091552734,8318
2023-02-28 13:00:00-05:00,77.0199966430664,77.02999877929688,76.93000030517578,76.94999694824219,76.94999694824219,5184
2023-02-28 13:05:00-05:00,76.94999694824219,76.98999786376953,76.87999725341797,76.97000122070312,76.97000122070312,6898
2023-02-28 13:10:00-05:00,76.93000030517578,76.93000030517578,76.81999969482422,76.81999969482422,76.81999969482422,10051
2023-02-28 13:15:00-05:00,76.80500030517578,76.83999633789062,76.75,76.79000091552734,76.79000091552734,7205
2023-02-28 13:20:00-05:00,76.78600311279297,76.9000015258789,76.78600311279297,76.87000274658203,76.87000274658203,7060
2023-02-28 13:25:00-05:00,76.81500244140625,76.83000183105469,76.77999877929688,76.79000091552734,76.79000091552734,4494
2023-02-28 13:30:00-05:00,76.80000305175781,76.80999755859375,76.66999816894531,76.72000122070312,76.72000122070312,7546
2023-02-28 13:35:00-05:00,76.69000244140625,76.70989990234375,76.6500015258789,76.69000244140625,76.69000244140625,4905
2023-02-28 13:40:00-05:00,76.69999694824219,76.75,76.66000366210938,76.69000244140625,76.69000244140625,7642
2023-02-28 13:45:00-05:00,76.68000030517578,76.7300033569336,76.6500015258789,76.6500015258789,76.6500015258789,5822
2023-02-28 13:50:00-05:00,76.6500015258789,76.66999816894531,76.63500213623047,76.6500015258789,76.6500015258789,5757
2023-02-28 13:55:00-05:00,76.6449966430664,76.6449966430664,76.54000091552734,76.55999755859375,76.55999755859375,5675
2023-02-28 14:00:00-05:00,76.58000183105469,76.58000183105469,76.44000244140625,76.44000244140625,76.44000244140625,6181
2023-02-28 14:05:00-05:00,76.43000030517578,76.44999694824219,76.33000183105469,76.41999816894531,76.41999816894531,25112
2023-02-28 14:10:00-05:00,76.40499877929688,76.44999694824219,76.38999938964844,76.44999694824219,76.44999694824219,8969
2023-02-28 14:15:00-05:00,76.45999908447266,76.47000122070312,76.37000274658203,76.41000366210938,76.41000366210938,8081
2023-02-28 14:20:00-05:00,76.37999725341797,76.47000122070312,76.37999725341797,76.41999816894531,76.41999816894531,7560
2023-02-28 14:25:00-05:00,76.44000244140625,76.44000244140625,76.37999725341797,76.41000366210938,76.41000366210938,6301
2023-02-28 14:30:00-05:00,76.41500091552734,76.43000030517578,76.27999877929688,76.27999877929688,76.27999877929688,5366
2023-02-28 14:35:00-05:00,76.27999877929688,76.30999755859375,76.23999786376953,76.30000305175781,76.30000305175781,7434
2023-02-28 14:40:00-05:00,76.27999877929688,76.27999877929688,76.16999816894531,76.2249984741211,76.2249984741211,11971
2023-02-28 14:45:00-05:00,76.24690246582031,76.30999755859375,76.18000030517578,76.2699966430664,76.2699966430664,10778
2023-02-28 14:50:00-05:00,76.26000213623047,76.2699966430664,76.01499938964844,76.05999755859375,76.05999755859375,34829
2023-02-28 14:55:00-05:00,76.04000091552734,76.1050033569336,75.94000244140625,75.95500183105469,75.95500183105469,21285
2023-02-28 15:00:00-05:00,75.94999694824219,75.96499633789062,75.75,75.7750015258789,75.7750015258789,35755
2023-02-28 15:05:00-05:00,75.77999877929688,75.83999633789062,75.69999694824219,75.69999694824219,75.69999694824219,26534
2023-02-28 15:10:00-05:00,75.69999694824219,75.8550033569336,75.66999816894531,75.7699966430664,75.7699966430664,20922
2023-02-28 15:15:00-05:00,75.73999786376953,75.7791976928711,75.63999938964844,75.6500015258789,75.6500015258789,21916
2023-02-28 15:20:00-05:00,75.63999938964844,75.72000122070312,75.63999938964844,75.68000030517578,75.68000030517578,24531
2023-02-28 15:25:00-05:00,75.70999908447266,75.73500061035156,75.56999969482422,75.58999633789062,75.58999633789062,21390
2023-02-28 15:30:00-05:00,75.61000061035156,75.69000244140625,75.5,75.51000213623047,75.51000213623047,26789
2023-02-28 15:35:00-05:00,75.51000213623047,75.58999633789062,75.37000274658203,75.44000244140625,75.44000244140625,29918
2023-02-28 15:40:00-05:00,75.44999694824219,75.48999786376953,75.38999938964844,75.42500305175781,75.42500305175781,36242
2023-02-28 15:45:00-05:00,75.41999816894531,75.51000213623047,75.37999725341797,75.4749984741211,75.4749984741211,41191
2023-02-28 15:50:00-05:00,75.47000122070312,75.58999633789062,75.43000030517578,75.56500244140625,75.56500244140625,109585
2023-02-28 15:55:00-05:00,75.55999755859375,75.55999755859375,75.30999755859375,75.3499984741211,75.3499984741211,319277
2023-03-01 09:30:00-05:00,74.0199966430664,74.67500305175781,74.0,74.43000030517578,74.43000030517578,56625
2023-03-01 09:35:00-05:00,74.48500061035156,74.48500061035156,74.05000305175781,74.11000061035156,74.11000061035156,14991
2023-03-01 09:40:00-05:00,74.10540008544922,74.16490173339844,73.91999816894531,73.91999816894531,73.91999816894531,19960
2023-03-01 09:45:00-05:00,73.90499877929688,74.19000244140625,73.83999633789062,74.18000030517578,74.18000030517578,30704
2023-03-01 09:50:00-05:00,74.16999816894531,74.16999816894531,73.94999694824219,73.95999908447266,73.95999908447266,15783
2023-03-01 09:55:00-05:00,73.9800033569336,74.13999938964844,73.83000183105469,73.83000183105469,73.83000183105469,45865
2023-03-01 10:00:00-05:00,73.8499984741211,73.91000366210938,73.69999694824219,73.7699966430664,73.7699966430664,22720
2023-03-01 10:05:00-05:00,73.75,73.91500091552734,73.69999694824219,73.87999725341797,73.87999725341797,15849
2023-03-01 10:10:00-05:00,73.79000091552734,73.79000091552734,73.5999984741211,73.69000244140625,73.69000244140625,13051
2023-03-01 10:15:00-05:00,73.67500305175781,73.79499816894531,73.62000274658203,73.66999816894531,73.66999816894531,8908
2023-03-01 10:20:00-05:00,73.68000030517578,73.79000091552734,73.51000213623047,73.52999877929688,73.52999877929688,21864
2023-03-01 10:25:00-05:00,73.52999877929688,73.61000061035156,73.41000366210938,73.52999877929688,73.52999877929688,14269
2023-03-01 10:30:00-05:00,73.48999786376953,73.63999938964844,73.41500091552734,73.62000274658203,73.62000274658203,15952
2023-03-01 10:35:00-05:00,73.5999984741211,73.69999694824219,73.52999877929688,73.63999938964844,73.63999938964844,15906
2023-03-01 10:40:00-05:00,73.62999725341797,73.62999725341797,73.5199966430664,73.56999969482422,73.56999969482422,14411
2023-03-01 10:45:00-05:00,73.58499908447266,73.5999984741211,73.5,73.56060028076172,73.56060028076172,10037
2023-03-01 10:50:00-05:00,73.54499816894531,73.55999755859375,73.38999938964844,73.4000015258789,73.4000015258789,8201
2023-03-01 10:55:00-05:00,73.43000030517578,73.45600128173828,73.33000183105469,73.37999725341797,73.37999725341797,14353
2023-03-01 11:00:00-05:00,73.4000015258789,73.41000366210938,73.27999877929688,73.2927017211914,73.2927017211914,13050
2023-03-01 11:05:00-05:00,73.30000305175781,73.31999969482422,73.02999877929688,73.06999969482422,73.06999969482422,17981
2023-03-01 11:10:00-05:00,73.08000183105469,73.16999816894531,73.0199966430664,73.0999984741211,73.0999984741211,14713
2023-03-01 11:15:00-05:00,73.11000061035156,73.11000061035156,72.94999694824219,72.9800033569336,72.9800033569336,15036
2023-03-01 11:20:00-05:00,73.0,73.05000305175781,72.92500305175781,73.02899932861328,73.02899932861328,16276
2023-03-01 11:25:00-05:00,73.0199966430664,73.16000366210938,72.95500183105469,73.12000274658203,73.12000274658203,19528
2023-03-01 11:30:00-05:00,73.12000274658203,73.2699966430664,73.0999984741211,73.26000213623047,73.26000213623047,12028
2023-03-01 11:35:00-05:00,73.29000091552734,73.37000274658203,73.2500991821289,73.27999877929688,73.27999877929688,11156
2023-03-01 11:40:00-05:00,73.30000305175781,73.38999938964844,73.27999877929688,73.33000183105469,73.33000183105469,15221
2023-03-01 11:45:00-05:00,73.33999633789062,73.52999877929688,73.31999969482422,73.51000213623047,73.51000213623047,12676
2023-03-01 11:50:00-05:00,73.5199966430664,73.55000305175781,73.45999908447266,73.4800033569336,73.4800033569336,9268
2023-03-01 11:55:00-05:00,73.4800033569336,73.55999755859375,73.47000122070312,73.49710083007812,73.49710083007812,7103
2023-03-01 12:00:00-05:00,73.5,73.61499786376953,73.48999786376953,73.5199966430664,73.5199966430664,10990
2023-03-01 12:05:00-05:00,73.51499938964844,73.58000183105469,73.43000030517578,73.58000183105469,73.58000183105469,8515
2023-03-01 12:10:00-05:00,73.58000183105469,73.63600158691406,73.45999908447266,73.5,73.5,12838
2023-03-01 12:15:00-05:00,73.55000305175781,73.55000305175781,73.44000244140625,73.45999908447266,73.45999908447266,12800
2023-03-01 12:20:00-05:00,73.47000122070312,73.54499816894531,73.44999694824219,73.44999694824219,73.44999694824219,12331
2023-03-01 12:25:00-05:00,73.45999908447266,73.58999633789062,73.44999694824219,73.51000213623047,73.51000213623047,29944
2023-03-01 12:30:00-05:00,73.52999877929688,73.57499694824219,73.47000122070312,73.4800033569336,73.4800033569336,10912
2023-03-01 12:35:00-05:00,73.4800033569336,73.50399780273438,73.4489974975586,73.45600128173828,73.45600128173828,9272
2023-03-01 12:40:00-05:00,73.46900177001953,73.5199966430664,73.44999694824219,73.4800033569336,73.4800033569336,21620
2023-03-01 12:45:00-05:00,73.45999908447266,73.47000122070312,73.36499786376953,73.41000366210938,73.41000366210938,10224
2023-03-01 12:50:00-05:00,73.43000030517578,73.43000030517578,73.36000061035156,73.36000061035156,73.36000061035156,5655
2023-03-01 12:55:00-05:00,73.37000274658203,73.4198989868164,73.33999633789062,73.3499984741211,73.3499984741211,7957
2023-03-01 13:00:00-05:00,73.3499984741211,73.38999938964844,73.23999786376953,73.25,73.25,17793
2023-03-01 13:05:00-05:00,73.26000213623047,73.26000213623047,73.12000274658203,73.12000274658203,73.12000274658203,8826
2023-03-01 13:10:00-05:00,73.13999938964844,73.19499969482422,73.11499786376953,73.16000366210938,73.16000366210938,10182
2023-03-01 13:15:00-05:00,73.16999816894531,73.2300033569336,73.11000061035156,73.18000030517578,73.18000030517578,19966
2023-03-01 13:20:00-05:00,73.16000366210938,73.25,73.16000366210938,73.25,73.25,7696
2023-03-01 13:25:00-05:00,73.26000213623047,73.33000183105469,73.2300033569336,73.25,73.25,15937
2023-03-01 13:30:00-05:00,73.23829650878906,73.23999786376953,73.19000244140625,73.20999908447266,73.20999908447266,8209
2023-03-01 13:35:00-05:00,73.19999694824219,73.33000183105469,73.19999694824219,73.29000091552734,73.29000091552734,7856
2023-03-01 13:40:00-05:00,73.29000091552734,73.33000183105469,73.2300033569336,73.2300033569336,73.2300033569336,5598
2023-03-01 13:45:00-05:00,73.22000122070312,73.2699966430664,73.13500213623047,73.2699966430664,73.2699966430664,7176
2023-03-01 13:50:00-05:00,73.30000305175781,73.33999633789062,73.29000091552734,73.33300018310547,73.33300018310547,5273
2023-03-01 13:55:00-05:00,73.3499984741211,73.4000015258789,73.31999969482422,73.4000015258789,73.4000015258789,9402
2023-03-01 14:00:00-05:00,73.4000015258789,73.4000015258789,73.31999969482422,73.37000274658203,73.37000274658203,17805
2023-03-01 14:05:00-05:00,73.37000274658203,73.37000274658203,73.25,73.33000183105469,73.33000183105469,15674
2023-03-01 14:10:00-05:00,73.3499984741211,73.41000366210938,73.3499984741211,73.38999938964844,73.38999938964844,8527
2023-03-01 14:15:00-05:00,73.38999938964844,73.38999938964844,73.2249984741211,73.25,73.25,18414
2023-03-01 14:20:00-05:00,73.25,73.27999877929688,73.16999816894531,73.20999908447266,73.20999908447266,26068
2023-03-01 14:25:00-05:00,73.22000122070312,73.25499725341797,73.1449966430664,73.16999816894531,73.16999816894531,25645
2023-03-01 14:30:00-05:00,73.16000366210938,73.16999816894531,73.06999969482422,73.1500015258789,73.1500015258789,34914
2023-03-01 14:35:00-05:00,73.13999938964844,73.19000244140625,73.08999633789062,73.18000030517578,73.18000030517578,17938
2023-03-01 14:40:00-05:00,73.16999816894531,73.16999816894531,73.05999755859375,73.12999725341797,73.12999725341797,27302
2023-03-01 14:45:00-05:00,73.12000274658203,73.1500015258789,73.05000305175781,73.08499908447266,73.08499908447266,32262
2023-03-01 14:50:00-05:00,73.08000183105469,73.16000366210938,73.03500366210938,73.13500213623047,73.13500213623047,34182
2023-03-01 14:55:00-05:00,73.13500213623047,73.16000366210938,73.0999984741211,73.13999938964844,73.13999938964844,18638
2023-03-01 15:00:00-05:00,73.0999984741211,73.19999694824219,73.09500122070312,73.09500122070312,73.09500122070312,20830
2023-03-01 15:05:00-05:00,73.08999633789062,73.19999694824219,73.08999633789062,73.18000030517578,73.18000030517578,18323
2023-03-01 15:10:00-05:00,73.19000244140625,73.29000091552734,73.16999816894531,73.21910095214844,73.21910095214844,30270
2023-03-01 15:15:00-05:00,73.2300033569336,73.33999633789062,73.20500183105469,73.33999633789062,73.33999633789062,19558
2023-03-01 15:20:00-05:00,73.3489990234375,73.41000366210938,73.26000213623047,73.2699966430664,73.2699966430664,18299
2023-03-01 15:25:00-05:00,73.25,73.33999633789062,73.2249984741211,73.26000213623047,73.26000213623047,17554
2023-03-01 15:30:00-05:00,73.25499725341797,73.33000183105469,73.25,73.30000305175781,73.30000305175781,24353
2023-03-01 15:35:00-05:00,73.30000305175781,73.33999633789062,73.2300033569336,73.30000305175781,73.30000305175781,49328
2023-03-01 15:40:00-05:00,73.29000091552734,73.38999938964844,73.27999877929688,73.37000274658203,73.37000274658203,29390
2023-03-01 15:45:00-05:00,73.375,73.50499725341797,73.33000183105469,73.50499725341797,73.50499725341797,43423
2023-03-01 15:50:00-05:00,73.48999786376953,73.48999786376953,73.22000122070312,73.23999786376953,73.23999786376953,92910
2023-03-01 15:55:00-05:00,73.23999786376953,73.25,73.16000366210938,73.16999816894531,73.16999816894531,212256
2023-03-02 09:30:00-05:00,73.0,73.22000122070312,72.94000244140625,73.12999725341797,73.12999725341797,28119
2023-03-02 09:35:00-05:00,73.16999816894531,73.30999755859375,73.11640167236328,73.19000244140625,73.19000244140625,13540
2023-03-02 09:40:00-05:00,73.19000244140625,73.27999877929688,73.17500305175781,73.2697982788086,73.2697982788086,21080
2023-03-02 09:45:00-05:00,73.2300033569336,73.37999725341797,73.05999755859375,73.37000274658203,73.37000274658203,55635
2023-03-02 09:50:00-05:00,73.3499984741211,73.47000122070312,73.18000030517578,73.18399810791016,73.18399810791016,327086
2023-03-02 09:55:00-05:00,73.12999725341797,73.12999725341797,72.87000274658203,72.94000244140625,72.94000244140625,25102
2023-03-02 10:00:00-05:00,72.93000030517578,73.2699966430664,72.83999633789062,73.2699966430664,73.2699966430664,44891
2023-03-02 10:05:00-05:00,73.29000091552734,73.3499984741211,73.16000366210938,73.31999969482422,73.31999969482422,32118
2023-03-02 10:10:00-05:00,73.30999755859375,73.37000274658203,73.19000244140625,73.19999694824219,73.19999694824219,21621
2023-03-02 10:15:00-05:00,73.16999816894531,73.27999877929688,73.12000274658203,73.27999877929688,73.27999877929688,23868
2023-03-02 10:20:00-05:00,73.27999877929688,73.44000244140625,73.22000122070312,73.36000061035156,73.36000061035156,40819
2023-03-02 10:25:00-05:00,73.3499984741211,73.48500061035156,73.25499725341797,73.44000244140625,73.44000244140625,30679
2023-03-02 10:30:00-05:00,73.44999694824219,73.5199966430664,73.43000030517578,73.45999908447266,73.45999908447266,50917
2023-03-02 10:35:00-05:00,73.45999908447266,73.5199966430664,73.41000366210938,73.41500091552734,73.41500091552734,29867
2023-03-02 10:40:00-05:00,73.43499755859375,73.4884033203125,73.36000061035156,73.41999816894531,73.41999816894531,29441
2023-03-02 10:45:00-05:00,73.41000366210938,73.53500366210938,73.4000015258789,73.45999908447266,73.45999908447266,38567
2023-03-02 10:50:00-05:00,73.44999694824219,73.62999725341797,73.43499755859375,73.61000061035156,73.61000061035156,17174
2023-03-02 10:55:00-05:00,73.5999984741211,73.61499786376953,73.5,73.56999969482422,73.56999969482422,14971
2023-03-02 11:00:00-05:00,73.55999755859375,73.58000183105469,73.40499877929688,73.41000366210938,73.41000366210938,44861
2023-03-02 11:05:00-05:00,73.43000030517578,73.48999786376953,73.3499984741211,73.3499984741211,73.3499984741211,18212
2023-03-02 11:10:00-05:00,73.3550033569336,73.48999786376953,73.3550033569336,73.4800033569336,73.4800033569336,13047
2023-03-02 11:15:00-05:00,73.47380065917969,73.59500122070312,73.47380065917969,73.48999786376953,73.48999786376953,17455
2023-03-02 11:20:00-05:00,73.4800033569336,73.48500061035156,73.30000305175781,73.30999755859375,73.30999755859375,21422
2023-03-02 11:25:00-05:00,73.30000305175781,73.37000274658203,73.2300033569336,73.26000213623047,73.26000213623047,29280
2023-03-02 11:30:00-05:00,73.25,73.33000183105469,73.25,73.29000091552734,73.29000091552734,14479
2023-03-02 11:35:00-05:00,73.27999877929688,73.29000091552734,73.16500091552734,73.2300033569336,73.2300033569336,28077
2023-03-02 11:40:00-05:00,73.22000122070312,73.31500244140625,73.21499633789062,73.29000091552734,73.29000091552734,16370
2023-03-02 11:45:00-05:00,73.30000305175781,73.38999938964844,73.27999877929688,73.3550033569336,73.3550033569336,15783
2023-03-02 11:50:00-05:00,73.3499984741211,73.45999908447266,73.3499984741211,73.43499755859375,73.43499755859375,18308
2023-03-02 11:55:00-05:00,73.43499755859375,73.52999877929688,73.3499984741211,73.52999877929688,73.52999877929688,28000
2023-03-02 12:00:00-05:00,73.55000305175781,73.63999938964844,73.5250015258789,73.62999725341797,73.62999725341797,14230
2023-03-02 12:05:00-05:00,73.62999725341797,73.68000030517578,73.58000183105469,73.63999938964844,73.63999938964844,25564
2023-03-02 12:10:00-05:00,73.66000366210938,73.66999816894531,73.56999969482422,73.56999969482422,73.56999969482422,8233
2023-03-02 12:15:00-05:00,73.56999969482422,73.6500015258789,73.54000091552734,73.63999938964844,73.63999938964844,16430
2023-03-02 12:20:00-05:00,73.625,73.62999725341797,73.5199966430664,73.56999969482422,73.56999969482422,14344
2023-03-02 12:25:00-05:00,73.57879638671875,73.66999816894531,73.52999877929688,73.6500015258789,73.6500015258789,34939
2023-03-02 12:30:00-05:00,73.6500015258789,73.73999786376953,73.6500015258789,73.72000122070312,73.72000122070312,18950
2023-03-02 12:35:00-05:00,73.7300033569336,73.76000213623047,73.69000244140625,73.69000244140625,73.69000244140625,26867
2023-03-02 12:40:00-05:00,73.69000244140625,73.69000244140625,73.58999633789062,73.63999938964844,73.63999938964844,18551
2023-03-02 12:45:00-05:00,73.63500213623047,73.73999786376953,73.62999725341797,73.69000244140625,73.69000244140625,11949
2023-03-02 12:50:00-05:00,73.69000244140625,73.69499969482422,73.61499786376953,73.66999816894531,73.66999816894531,9106
2023-03-02 12:55:00-05:00,73.6500015258789,73.70999908447266,73.61979675292969,73.69999694824219,73.69999694824219,7298
2023-03-02 13:00:00-05:00,73.69400024414062,73.70999908447266,73.62999725341797,73.62999725341797,73.62999725341797,6239
2023-03-02 13:05:00-05:00,73.62000274658203,73.6500015258789,73.53279876708984,73.55000305175781,73.55000305175781,12372
2023-03-02 13:10:00-05:00,73.55999755859375,73.66999816894531,73.55000305175781,73.63999938964844,73.63999938964844,9087
2023-03-02 13:15:00-05:00,73.63999938964844,73.73999786376953,73.5999984741211,73.73999786376953,73.73999786376953,12954
2023-03-02 13:20:00-05:00,73.7300033569336,73.77999877929688,73.72000122070312,73.76000213623047,73.76000213623047,15587
2023-03-02 13:25:00-05:00,73.75,73.76000213623047,73.66999816894531,73.68000030517578,73.68000030517578,20113
2023-03-02 13:30:00-05:00,73.66999816894531,73.70500183105469,73.62000274658203,73.66000366210938,73.66000366210938,11491
2023-03-02 13:35:00-05:00,73.68000030517578,73.91999816894531,73.68000030517578,73.83000183105469,73.83000183105469,45154
2023-03-02 13:40:00-05:00,73.87000274658203,73.87000274658203,73.76000213623047,73.77999877929688,73.77999877929688,13993
2023-03-02 13:45:00-05:00,73.77999877929688,73.81999969482422,73.73999786376953,73.73999786376953,73.73999786376953,18320
2023-03-02 13:50:00-05:00,73.73999786376953,73.83999633789062,73.7300033569336,73.83000183105469,73.83000183105469,11439
2023-03-02 13:55:00-05:00,73.81999969482422,74.0,73.81999969482422,73.95500183105469,73.95500183105469,21394
2023-03-02 14:00:00-05:00,73.95999908447266,74.08000183105469,73.95999908447266,74.03009796142578,74.03009796142578,24944
2023-03-02 14:05:00-05:00,74.02999877929688,74.04000091552734,73.9000015258789,73.91999816894531,73.91999816894531,29388
2023-03-02 14:10:00-05:00,73.92500305175781,73.95999908447266,73.84500122070312,73.8499984741211,73.8499984741211,19082
2023-03-02 14:15:00-05:00,73.87999725341797,74.05999755859375,73.87000274658203,74.05999755859375,74.05999755859375,9403
2023-03-02 14:20:00-05:00,74.05999755859375,74.19000244140625,74.04499816894531,74.16000366210938,74.16000366210938,13580
2023-03-02 14:25:00-05:00,74.16000366210938,74.16999816894531,74.0999984741211,74.12999725341797,74.12999725341797,16521
2023-03-02 14:30:00-05:00,74.13999938964844,74.13999938964844,74.0199966430664,74.04000091552734,74.04000091552734,10565
2023-03-02 14:35:00-05:00,74.04000091552734,74.0999984741211,74.01000213623047,74.08999633789062,74.08999633789062,9964
2023-03-02 14:40:00-05:00,74.08999633789062,74.19000244140625,74.08000183105469,74.18000030517578,74.18000030517578,12940
2023-03-02 14:45:00-05:00,74.16999816894531,74.26000213623047,74.0999984741211,74.26000213623047,74.26000213623047,247244
2023-03-02 14:50:00-05:00,74.27999877929688,74.31999969482422,74.26499938964844,74.27999877929688,74.27999877929688,21176
2023-03-02 14:55:00-05:00,74.2750015258789,74.27999877929688,74.19499969482422,74.23999786376953,74.23999786376953,27281
2023-03-02 15:00:00-05:00,74.2300033569336,74.33999633789062,74.19999694824219,74.19999694824219,74.19999694824219,18675
2023-03-02 15:05:00-05:00,74.19000244140625,74.25499725341797,74.17500305175781,74.18000030517578,74.18000030517578,13197
2023-03-02 15:10:00-05:00,74.22000122070312,74.2699966430664,74.12000274658203,74.12979888916016,74.12979888916016,32422
2023-03-02 15:15:00-05:00,74.13999938964844,74.26499938964844,74.12000274658203,74.12000274658203,74.12000274658203,16089
2023-03-02 15:20:00-05:00,74.11000061035156,74.15499877929688,74.06999969482422,74.14600372314453,74.14600372314453,17147
2023-03-02 15:25:00-05:00,74.1449966430664,74.16000366210938,74.08999633789062,74.13999938964844,74.13999938964844,23244
2023-03-02 15:30:00-05:00,74.16500091552734,74.23999786376953,74.1050033569336,74.22000122070312,74.22000122070312,28816
2023-03-02 15:35:00-05:00,74.22000122070312,74.3499984741211,74.16999816894531,74.26000213623047,74.26000213623047,46607
2023-03-02 15:40:00-05:00,74.29000091552734,74.29000091552734,74.15399932861328,74.15399932861328,74.15399932861328,29228
2023-03-02 15:45:00-05:00,74.1500015258789,74.25,74.12999725341797,74.20999908447266,74.20999908447266,42063
2023-03-02 15:50:00-05:00,74.19999694824219,74.2249984741211,74.06999969482422,74.12000274658203,74.12000274658203,83911
2023-03-02 15:55:00-05:00,74.12000274658203,74.2699966430664,74.0199966430664,74.1500015258789,74.1500015258789,227800
2023-03-03 09:30:00-05:00,74.48999786376953,74.61000061035156,74.02999877929688,74.37999725341797,74.37999725341797,19801
2023-03-03 09:35:00-05:00,74.3949966430664,74.4000015258789,74.1500015258789,74.19000244140625,74.19000244140625,20704
2023-03-03 09:40:00-05:00,74.20999908447266,74.25,74.1500015258789,74.23500061035156,74.23500061035156,11114
2023-03-03 09:45:00-05:00,74.20999908447266,74.35469818115234,74.20999908447266,74.28500366210938,74.28500366210938,41408
2023-03-03 09:50:00-05:00,74.29000091552734,74.30000305175781,74.18000030517578,74.2300033569336,74.2300033569336,17645
2023-03-03 09:55:00-05:00,74.25,74.2699966430664,74.16999816894531,74.18000030517578,74.18000030517578,21239
2023-03-03 10:00:00-05:00,74.19000244140625,74.20999908447266,73.41000366210938,73.51000213623047,73.51000213623047,28081
2023-03-03 10:05:00-05:00,73.54000091552734,73.70999908447266,73.52999877929688,73.63999938964844,73.63999938964844,19944
2023-03-03 10:10:00-05:00,73.62999725341797,73.87000274658203,73.62000274658203,73.87000274658203,73.87000274658203,19462
2023-03-03 10:15:00-05:00,73.88999938964844,73.99500274658203,73.86000061035156,73.97000122070312,73.97000122070312,41703
2023-03-03 10:20:00-05:00,73.97000122070312,74.25,73.94000244140625,74.16999816894531,74.16999816894531,70416
2023-03-03 10:25:00-05:00,74.18000030517578,74.4000015258789,74.18000030517578,74.32499694824219,74.32499694824219,15730
2023-03-03 10:30:00-05:00,74.30999755859375,74.42500305175781,74.26000213623047,74.33000183105469,74.33000183105469,13992
2023-03-03 10:35:00-05:00,74.31999969482422,74.33000183105469,74.18000030517578,74.19999694824219,74.19999694824219,10127
2023-03-03 10:40:00-05:00,74.22000122070312,74.41000366210938,74.0999984741211,74.33999633789062,74.33999633789062,305224
2023-03-03 10:45:00-05:00,74.31999969482422,74.44999694824219,74.25,74.33000183105469,74.33000183105469,50578
2023-03-03 10:50:00-05:00,74.31999969482422,74.47000122070312,74.30000305175781,74.47000122070312,74.47000122070312,23768
2023-03-03 10:55:00-05:00,74.47000122070312,74.52999877929688,74.44999694824219,74.47000122070312,74.47000122070312,37525
2023-03-03 11:00:00-05:00,74.45999908447266,74.68499755859375,74.45999908447266,74.56999969482422,74.56999969482422,32481
2023-03-03 11:05:00-05:00,74.58000183105469,74.75,74.55000305175781,74.70999908447266,74.70999908447266,21207
2023-03-03 11:10:00-05:00,74.69499969482422,74.76000213623047,74.63500213623047,74.68000030517578,74.68000030517578,21110
2023-03-03 11:15:00-05:00,74.68000030517578,74.77999877929688,74.66000366210938,74.7300033569336,74.7300033569336,63004
2023-03-03 11:20:00-05:00,74.72000122070312,74.72000122070312,74.5999984741211,74.6500015258789,74.6500015258789,14603
2023-03-03 11:25:00-05:00,74.63500213623047,74.69999694824219,74.63500213623047,74.66999816894531,74.66999816894531,21250
2023-03-03 11:30:00-05:00,74.66000366210938,74.72000122070312,74.5999984741211,74.62999725341797,74.62999725341797,52151
2023-03-03 11:35:00-05:00,74.63999938964844,74.69999694824219,74.57499694824219,74.58499908447266,74.58499908447266,16610
2023-03-03 11:40:00-05:00,74.58999633789062,74.62000274658203,74.5199966430664,74.5199966430664,74.5199966430664,13433
2023-03-03 11:45:00-05:00,74.51499938964844,74.5999984741211,74.49500274658203,74.56999969482422,74.56999969482422,12626
2023-03-03 11:50:00-05:00,74.56999969482422,74.68000030517578,74.56999969482422,74.58999633789062,74.58999633789062,18172
2023-03-03 11:55:00-05:00,74.58999633789062,74.70999908447266,74.57499694824219,74.63999938964844,74.63999938964844,17749
2023-03-03 12:00:00-05:00,74.6500015258789,74.66999816894531,74.5999984741211,74.66999816894531,74.66999816894531,11307
2023-03-03 12:05:00-05:00,74.66500091552734,74.66500091552734,74.58000183105469,74.62999725341797,74.62999725341797,11009
2023-03-03 12:10:00-05:00,74.625,74.66000366210938,74.56999969482422,74.57499694824219,74.57499694824219,22543
2023-03-03 12:15:00-05:00,74.56999969482422,74.58000183105469,74.5199966430664,74.55999755859375,74.55999755859375,26217
2023-03-03 12:20:00-05:00,74.56500244140625,74.58999633789062,74.5,74.52999877929688,74.52999877929688,52210
2023-03-03 12:25:00-05:00,74.54000091552734,74.55999755859375,74.47000122070312,74.55000305175781,74.55000305175781,34557
2023-03-03 12:30:00-05:00,74.54000091552734,74.62999725341797,74.5,74.62000274658203,74.62000274658203,63690
2023-03-03 12:35:00-05:00,74.61000061035156,74.6500015258789,74.47000122070312,74.50749969482422,74.50749969482422,29153
2023-03-03 12:40:00-05:00,74.5,74.5999984741211,74.47000122070312,74.58000183105469,74.58000183105469,15469
2023-03-03 12:45:00-05:00,74.58999633789062,74.6449966430664,74.52999877929688,74.54000091552734,74.54000091552734,40963
2023-03-03 12:50:00-05:00,74.54000091552734,74.58999633789062,74.5,74.52999877929688,74.52999877929688,37972
2023-03-03 12:55:00-05:00,74.5250015258789,74.56999969482422,74.4800033569336,74.55000305175781,74.55000305175781,22504
2023-03-03 13:00:00-05:00,74.57499694824219,74.68000030517578,74.55999755859375,74.5999984741211,74.5999984741211,14188
2023-03-03 13:05:00-05:00,74.5999984741211,74.61000061035156,74.56999969482422,74.59500122070312,74.59500122070312,14131
2023-03-03 13:10:00-05:00,74.58999633789062,74.5999984741211,74.56999969482422,74.57499694824219,74.57499694824219,29064
2023-03-03 13:15:00-05:00,74.5999984741211,74.66999816894531,74.53500366210938,74.55000305175781,74.55000305175781,79629
2023-03-03 13:20:00-05:00,74.53500366210938,74.69999694824219,74.53500366210938,74.61000061035156,74.61000061035156,47969
2023-03-03 13:25:00-05:00,74.62999725341797,74.73500061035156,74.62999725341797,74.72000122070312,74.72000122070312,16862
2023-03-03 13:30:00-05:00,74.73500061035156,74.7854995727539,74.7300033569336,74.76000213623047,74.76000213623047,27314
2023-03-03 13:35:00-05:00,74.76000213623047,74.82499694824219,74.73500061035156,74.77890014648438,74.77890014648438,29720
2023-03-03 13:40:00-05:00,74.7699966430664,74.80000305175781,74.73999786376953,74.75499725341797,74.75499725341797,12312
2023-03-03 13:45:00-05:00,74.75,74.77999877929688,74.68499755859375,74.7750015258789,74.7750015258789,9772
2023-03-03 13:50:00-05:00,74.77999877929688,74.81999969482422,74.77999877929688,74.81999969482422,74.81999969482422,7689
2023-03-03 13:55:00-05:00,74.83000183105469,74.86000061035156,74.79499816894531,74.83999633789062,74.83999633789062,16099
2023-03-03 14:00:00-05:00,74.84500122070312,74.84500122070312,74.75499725341797,74.75499725341797,74.75499725341797,9652
2023-03-03 14:05:00-05:00,74.75,74.7699966430664,74.72000122070312,74.76000213623047,74.76000213623047,6376
2023-03-03 14:10:00-05:00,74.7699966430664,74.8499984741211,74.70999908447266,74.80000305175781,74.80000305175781,19398
2023-03-03 14:15:00-05:00,74.79000091552734,74.87999725341797,74.78500366210938,74.8499984741211,74.8499984741211,9367
2023-03-03 14:20:00-05:00,74.87000274658203,74.94000244140625,74.87000274658203,74.92500305175781,74.92500305175781,10276
2023-03-03 14:25:00-05:00,74.93000030517578,74.94499969482422,74.88999938964844,74.88999938964844,74.88999938964844,17418
2023-03-03 14:30:00-05:00,74.88999938964844,74.97000122070312,74.88999938964844,74.95999908447266,74.95999908447266,11695
2023-03-03 14:35:00-05:00,74.95999908447266,74.95999908447266,74.83999633789062,74.87999725341797,74.87999725341797,13479
2023-03-03 14:40:00-05:00,74.87999725341797,74.98999786376953,74.87999725341797,74.91999816894531,74.91999816894531,14381
2023-03-03 14:45:00-05:00,74.91999816894531,74.98999786376953,74.91000366210938,74.91449737548828,74.91449737548828,8909
2023-03-03 14:50:00-05:00,74.91500091552734,74.91999816894531,74.875,74.9000015258789,74.9000015258789,9693
2023-03-03 14:55:00-05:00,74.9000015258789,74.94499969482422,74.87999725341797,74.94499969482422,74.94499969482422,13700
2023-03-03 15:00:00-05:00,74.94999694824219,74.97000122070312,74.91000366210938,74.97000122070312,74.97000122070312,9593
2023-03-03 15:05:00-05:00,74.9800033569336,75.0999984741211,74.9800033569336,75.08999633789062,75.08999633789062,13199
2023-03-03 15:10:00-05:00,75.07099914550781,75.13999938964844,75.04499816894531,75.04499816894531,75.04499816894531,13823
2023-03-03 15:15:00-05:00,75.05000305175781,75.05000305175781,74.98500061035156,75.0199966430664,75.0199966430664,14731
2023-03-03 15:20:00-05:00,75.02850341796875,75.09989929199219,75.0199966430664,75.04499816894531,75.04499816894531,15490
2023-03-03 15:25:00-05:00,75.04000091552734,75.08000183105469,74.9800033569336,75.05500030517578,75.05500030517578,16509
2023-03-03 15:30:00-05:00,75.05500030517578,75.05500030517578,74.94999694824219,74.94999694824219,74.94999694824219,19169
2023-03-03 15:35:00-05:00,74.94999694824219,74.99500274658203,74.91000366210938,74.9800033569336,74.9800033569336,24558
2023-03-03 15:40:00-05:00,74.97000122070312,75.0199966430664,74.94000244140625,74.99500274658203,74.99500274658203,28565
2023-03-03 15:45:00-05:00,74.98999786376953,75.11000061035156,74.95999908447266,75.08000183105469,75.08000183105469,41285
2023-03-03 15:50:00-05:00,75.0999984741211,75.30999755859375,75.05999755859375,75.30000305175781,75.30000305175781,129533
2023-03-03 15:55:00-05:00,75.30000305175781,75.47000122070312,75.19999694824219,75.44999694824219,75.44999694824219,202918
2023-03-06 09:30:00-05:00,75.55999755859375,75.83999633789062,75.55999755859375,75.73500061035156,75.73500061035156,73750
2023-03-06 09:35:00-05:00,75.69999694824219,75.69999694824219,75.55999755859375,75.58999633789062,75.58999633789062,13910
2023-03-06 09:40:00-05:00,75.5999984741211,75.72000122070312,75.3499984741211,75.54000091552734,75.54000091552734,21677
2023-03-06 09:45:00-05:00,75.54000091552734,75.68000030517578,75.47000122070312,75.62999725341797,75.62999725341797,22209
2023-03-06 09:50:00-05:00,75.6500015258789,75.80999755859375,75.63999938964844,75.69000244140625,75.69000244140625,27567
2023-03-06 09:55:00-05:00,75.68000030517578,75.83999633789062,75.68000030517578,75.7699966430664,75.7699966430664,23235
2023-03-06 10:00:00-05:00,75.73999786376953,75.80999755859375,75.66000366210938,75.73999786376953,75.73999786376953,48025
2023-03-06 10:05:00-05:00,75.72000122070312,75.91000366210938,75.66999816894531,75.8550033569336,75.8550033569336,44538
2023-03-06 10:10:00-05:00,75.87000274658203,75.87000274658203,75.58999633789062,75.73500061035156,75.73500061035156,33550
2023-03-06 10:15:00-05:00,75.76000213623047,75.80999755859375,75.63999938964844,75.70999908447266,75.70999908447266,18115
2023-03-06 10:20:00-05:00,75.69999694824219,75.69999694824219,75.58000183105469,75.6449966430664,75.6449966430664,62675
2023-03-06 10:25:00-05:00,75.63999938964844,75.63999938964844,75.5,75.52999877929688,75.52999877929688,11733
2023-03-06 10:30:00-05:00,75.52999877929688,75.52999877929688,75.43000030517578,75.5199966430664,75.5199966430664,9716
2023-03-06 10:35:00-05:00,75.55999755859375,75.58000183105469,75.37999725341797,75.44000244140625,75.44000244140625,28311
2023-03-06 10:40:00-05:00,75.44000244140625,75.50360107421875,75.37000274658203,75.50360107421875,75.50360107421875,14532
2023-03-06 10:45:00-05:00,75.4800033569336,75.51000213623047,75.30000305175781,75.30000305175781,75.30000305175781,16753
2023-03-06 10:50:00-05:00,75.30000305175781,75.3499984741211,75.23999786376953,75.30000305175781,75.30000305175781,28698
2023-03-06 10:55:00-05:00,75.30000305175781,75.30999755859375,75.16999816894531,75.22000122070312,75.22000122070312,12221
2023-03-06 11:00:00-05:00,75.20999908447266,75.27999877929688,75.20999908447266,75.25499725341797,75.25499725341797,1989
2023-03-06 11:05:00-05:00,75.2699966430664,75.31999969482422,75.26000213623047,75.30000305175781,75.30000305175781,24199
2023-03-06 11:10:00-05:00,75.30999755859375,75.38999938964844,75.23500061035156,75.31999969482422,75.31999969482422,18022
2023-03-06 11:15:00-05:00,75.30999755859375,75.31999969482422,75.23899841308594,75.27999877929688,75.27999877929688,9248
2023-03-06 11:20:00-05:00,75.2750015258789,75.2750015258789,75.16999816894531,75.20999908447266,75.20999908447266,16001
2023-03-06 11:25:00-05:00,75.20999908447266,75.25,75.15499877929688,75.23500061035156,75.23500061035156,10613
2023-03-06 11:30:00-05:00,75.26000213623047,75.26000213623047,75.16999816894531,75.20500183105469,75.20500183105469,10700
2023-03-06 11:35:00-05:00,75.20999908447266,75.26000213623047,75.17500305175781,75.23999786376953,75.23999786376953,18306
2023-03-06 11:40:00-05:00,75.23999786376953,75.23999786376953,75.13999938964844,75.19000244140625,75.19000244140625,9881
2023-03-06 11:45:00-05:00,75.18000030517578,75.18000030517578,74.95999908447266,74.9800033569336,74.9800033569336,18778
2023-03-06 11:50:00-05:00,74.9800033569336,75.02999877929688,74.97000122070312,75.02999877929688,75.02999877929688,3512
2023-03-06 11:55:00-05:00,75.0999984741211,75.12999725341797,75.0822982788086,75.08999633789062,75.08999633789062,20673
2023-03-06 12:00:00-05:00,75.08000183105469,75.13999938964844,75.02999877929688,75.1050033569336,75.1050033569336,10031
2023-03-06 12:05:00-05:00,75.12999725341797,75.20999908447266,75.11499786376953,75.20999908447266,75.20999908447266,6875
2023-03-06 12:10:00-05:00,75.21499633789062,75.30999755859375,75.18000030517578,75.30999755859375,75.30999755859375,12795
2023-03-06 12:15:00-05:00,75.31500244140625,75.31500244140625,75.22000122070312,75.25,75.25,14731
2023-03-06 12:20:00-05:00,75.25,75.2699966430664,75.21499633789062,75.21499633789062,75.21499633789062,13828
2023-03-06 12:25:00-05:00,75.20999908447266,75.2249984741211,75.16000366210938,75.18000030517578,75.18000030517578,12305
2023-03-06 12:30:00-05:00,75.19999694824219,75.19999694824219,75.12000274658203,75.13999938964844,75.13999938964844,7225
2023-03-06 12:35:00-05:00,75.13999938964844,75.13999938964844,75.08999633789062,75.08999633789062,75.08999633789062,21321
2023-03-06 12:40:00-05:00,75.08999633789062,75.16000366210938,75.08000183105469,75.11000061035156,75.11000061035156,11113
2023-03-06 12:45:00-05:00,75.0999984741211,75.12000274658203,75.01499938964844,75.12000274658203,75.12000274658203,21652
2023-03-06 12:50:00-05:00,75.13480377197266,75.13500213623047,75.08000183105469,75.08999633789062,75.08999633789062,9211
2023-03-06 12:55:00-05:00,75.08000183105469,75.22000122070312,75.08000183105469,75.19000244140625,75.19000244140625,5944
2023-03-06 13:00:00-05:00,75.16999816894531,75.18000030517578,75.08999633789062,75.0999984741211,75.0999984741211,7627
2023-03-06 13:05:00-05:00,75.12999725341797,75.16000366210938,75.02999877929688,75.08999633789062,75.08999633789062,6555
2023-03-06 13:10:00-05:00,75.07009887695312,75.08999633789062,74.99500274658203,75.08000183105469,75.08000183105469,9342
2023-03-06 13:15:00-05:00,75.09500122070312,75.0999984741211,75.05000305175781,75.07499694824219,75.07499694824219,7863
2023-03-06 13:20:00-05:00,75.08000183105469,75.16999816894531,75.08000183105469,75.1500015258789,75.1500015258789,9112
2023-03-06 13:25:00-05:00,75.1572036743164,75.19999694824219,75.12000274658203,75.17250061035156,75.17250061035156,19233
2023-03-06 13:30:00-05:00,75.17500305175781,75.31500244140625,75.17500305175781,75.26000213623047,75.26000213623047,20827
2023-03-06 13:35:00-05:00,75.2699966430664,75.45999908447266,75.2699966430664,75.45999908447266,75.45999908447266,15414
2023-03-06 13:40:00-05:00,75.46499633789062,75.56500244140625,75.44999694824219,75.56500244140625,75.56500244140625,14146
2023-03-06 13:45:00-05:00,75.55999755859375,75.56500244140625,75.42500305175781,75.45230102539062,75.45230102539062,38741
2023-03-06 13:50:00-05:00,75.44000244140625,75.44000244140625,75.26000213623047,75.26000213623047,75.26000213623047,26954
2023-03-06 13:55:00-05:00,75.24500274658203,75.37999725341797,75.2300033569336,75.36000061035156,75.36000061035156,11779
2023-03-06 14:00:00-05:00,75.37000274658203,75.44000244140625,75.36000061035156,75.41999816894531,75.41999816894531,10682
2023-03-06 14:05:00-05:00,75.43000030517578,75.44000244140625,75.37999725341797,75.40499877929688,75.40499877929688,16692
2023-03-06 14:10:00-05:00,75.4000015258789,75.55999755859375,75.4000015258789,75.55999755859375,75.55999755859375,12191
2023-03-06 14:15:00-05:00,75.58000183105469,75.58000183105469,75.4800033569336,75.51000213623047,75.51000213623047,13860
2023-03-06 14:20:00-05:00,75.51000213623047,75.56999969482422,75.47000122070312,75.54000091552734,75.54000091552734,11185
2023-03-06 14:25:00-05:00,75.55999755859375,75.56999969482422,75.47000122070312,75.55999755859375,75.55999755859375,10777
2023-03-06 14:30:00-05:00,75.57499694824219,75.62000274658203,75.55999755859375,75.5999984741211,75.5999984741211,8506
2023-03-06 14:35:00-05:00,75.58999633789062,75.61499786376953,75.53500366210938,75.58999633789062,75.58999633789062,9449
2023-03-06 14:40:00-05:00,75.58999633789062,75.62000274658203,75.56999969482422,75.60810089111328,75.60810089111328,14742
2023-03-06 14:45:00-05:00,75.5999984741211,75.62999725341797,75.58000183105469,75.6050033569336,75.6050033569336,11893
2023-03-06 14:50:00-05:00,75.5999984741211,75.60359954833984,75.56999969482422,75.59500122070312,75.59500122070312,8250
2023-03-06 14:55:00-05:00,75.58999633789062,75.6050033569336,75.5199966430664,75.55999755859375,75.55999755859375,14480
2023-03-06 15:00:00-05:00,75.55999755859375,75.62000274658203,75.52999877929688,75.52999877929688,75.52999877929688,10523
2023-03-06 15:05:00-05:00,75.48999786376953,75.62000274658203,75.48999786376953,75.62000274658203,75.62000274658203,14092
2023-03-06 15:10:00-05:00,75.5999984741211,75.6500015258789,75.52999877929688,75.54000091552734,75.54000091552734,21722
2023-03-06 15:15:00-05:00,75.55000305175781,75.6050033569336,75.54499816894531,75.58999633789062,75.58999633789062,21809
2023-03-06 15:20:00-05:00,75.58999633789062,75.63500213623047,75.52999877929688,75.54000091552734,75.54000091552734,21000
2023-03-06 15:25:00-05:00,75.52999877929688,75.61000061035156,75.52899932861328,75.56999969482422,75.56999969482422,18217
2023-03-06 15:30:00-05:00,75.55000305175781,75.6500015258789,75.55000305175781,75.61000061035156,75.61000061035156,16321
2023-03-06 15:35:00-05:00,75.5999984741211,75.77999877929688,75.58999633789062,75.75,75.75,16731
2023-03-06 15:40:00-05:00,75.73500061035156,75.81900024414062,75.7249984741211,75.81900024414062,75.81900024414062,25804
2023-03-06 15:45:00-05:00,75.81999969482422,75.83499908447266,75.7750015258789,75.83000183105469,75.83000183105469,32831
2023-03-06 15:50:00-05:00,75.83999633789062,75.86000061035156,75.76499938964844,75.81009674072266,75.81009674072266,56677
2023-03-06 15:55:00-05:00,75.81999969482422,75.81999969482422,75.69000244140625,75.69000244140625,75.69000244140625,108668
2023-03-07 09:30:00-05:00,75.73999786376953,76.01000213623047,75.55999755859375,75.69000244140625,75.69000244140625,38786
2023-03-07 09:35:00-05:00,75.6500015258789,75.72000122070312,75.55000305175781,75.61000061035156,75.61000061035156,18681
2023-03-07 09:40:00-05:00,75.61000061035156,75.81990051269531,75.48999786376953,75.76499938964844,75.76499938964844,16359
2023-03-07 09:45:00-05:00,75.77999877929688,75.97000122070312,75.73999786376953,75.91999816894531,75.91999816894531,12481
2023-03-07 09:50:00-05:00,75.97000122070312,75.9800033569336,75.8499984741211,75.8499984741211,75.8499984741211,7543
2023-03-07 09:55:00-05:00,75.87000274658203,75.87000274658203,75.76000213623047,75.83999633789062,75.83999633789062,5479
2023-03-07 10:00:00-05:00,75.81999969482422,75.81999969482422,75.4000015258789,75.4800033569336,75.4800033569336,10129
2023-03-07 10:05:00-05:00,75.43000030517578,75.48999786376953,75.26000213623047,75.26000213623047,75.26000213623047,13959
2023-03-07 10:10:00-05:00,75.30000305175781,75.30000305175781,75.06999969482422,75.12000274658203,75.12000274658203,8696
2023-03-07 10:15:00-05:00,75.11000061035156,75.29499816894531,75.05999755859375,75.19000244140625,75.19000244140625,10274
2023-03-07 10:20:00-05:00,75.18000030517578,75.20999908447266,74.98999786376953,74.98999786376953,74.98999786376953,35773
2023-03-07 10:25:00-05:00,74.9800033569336,75.07959747314453,74.80999755859375,74.88999938964844,74.88999938964844,9625
2023-03-07 10:30:00-05:00,74.86499786376953,75.06999969482422,74.86499786376953,75.0199966430664,75.0199966430664,9748
2023-03-07 10:35:00-05:00,75.0,75.05000305175781,74.81999969482422,74.83000183105469,74.83000183105469,5450
2023-03-07 10:40:00-05:00,74.83999633789062,74.8499984741211,74.62999725341797,74.66000366210938,74.66000366210938,9902
2023-03-07 10:45:00-05:00,74.66999816894531,74.875,74.66999816894531,74.80999755859375,74.80999755859375,8002
2023-03-07 10:50:00-05:00,74.83989715576172,74.83989715576172,74.63999938964844,74.63999938964844,74.63999938964844,4238
2023-03-07 10:55:00-05:00,74.56999969482422,74.5999984741211,74.47000122070312,74.49909973144531,74.49909973144531,9844
2023-03-07 11:00:00-05:00,74.47000122070312,74.63839721679688,74.47000122070312,74.63839721679688,74.63839721679688,5158
2023-03-07 11:05:00-05:00,74.63999938964844,74.63999938964844,74.47000122070312,74.47000122070312,74.47000122070312,5744
2023-03-07 11:10:00-05:00,74.48999786376953,74.55000305175781,74.4000015258789,74.41000366210938,74.41000366210938,6281
2023-03-07 11:15:00-05:00,74.41000366210938,74.47000122070312,74.36000061035156,74.47000122070312,74.47000122070312,6804
2023-03-07 11:20:00-05:00,74.4800033569336,74.4800033569336,74.31999969482422,74.31999969482422,74.31999969482422,4752
2023-03-07 11:25:00-05:00,74.33999633789062,74.44000244140625,74.31999969482422,74.31999969482422,74.31999969482422,8084
2023-03-07 11:30:00-05:00,74.38999938964844,74.38999938964844,74.33000183105469,74.38999938964844,74.38999938964844,5896
2023-03-07 11:35:00-05:00,74.37999725341797,74.41000366210938,74.29000091552734,74.30000305175781,74.30000305175781,25843
2023-03-07 11:40:00-05:00,74.30000305175781,74.31999969482422,74.0999984741211,74.30999755859375,74.30999755859375,29684
2023-03-07 11:45:00-05:00,74.2699966430664,74.29000091552734,74.20999908447266,74.24500274658203,74.24500274658203,9110
2023-03-07 11:50:00-05:00,74.25,74.28500366210938,74.08999633789062,74.0999984741211,74.0999984741211,16882
2023-03-07 11:55:00-05:00,74.0999984741211,74.0999984741211,73.95999908447266,74.0,74.0,13614
2023-03-07 12:00:00-05:00,74.01000213623047,74.05000305175781,73.94999694824219,73.94999694824219,73.94999694824219,5866
2023-03-07 12:05:00-05:00,73.91000366210938,73.9800033569336,73.91000366210938,73.94000244140625,73.94000244140625,5971
2023-03-07 12:10:00-05:00,73.94000244140625,73.97000122070312,73.88999938964844,73.94000244140625,73.94000244140625,8130
2023-03-07 12:15:00-05:00,73.91999816894531,74.08000183105469,73.91000366210938,74.08000183105469,74.08000183105469,8186
2023-03-07 12:20:00-05:00,74.0999984741211,74.25,73.95999908447266,73.99500274658203,73.99500274658203,33439
2023-03-07 12:25:00-05:00,74.0,74.12000274658203,73.98500061035156,74.01000213623047,74.01000213623047,9517
2023-03-07 12:30:00-05:00,74.0,74.04000091552734,73.94999694824219,74.04000091552734,74.04000091552734,7931
2023-03-07 12:35:00-05:00,74.05000305175781,74.12000274658203,74.0,74.0999984741211,74.0999984741211,10076
2023-03-07 12:40:00-05:00,74.08999633789062,74.08999633789062,73.94000244140625,74.0,74.0,24162
2023-03-07 12:45:00-05:00,74.0,74.0999984741211,73.98999786376953,74.0999984741211,74.0999984741211,16015
2023-03-07 12:50:00-05:00,74.08000183105469,74.0999984741211,73.97000122070312,73.97000122070312,73.97000122070312,19417
2023-03-07 12:55:00-05:00,73.95999908447266,73.9800033569336,73.88999938964844,73.91999816894531,73.91999816894531,6488
2023-03-07 13:00:00-05:00,73.87999725341797,73.91000366210938,73.83999633789062,73.87000274658203,73.87000274658203,7279
2023-03-07 13:05:00-05:00,73.81999969482422,73.8550033569336,73.80999755859375,73.83519744873047,73.83519744873047,13584
2023-03-07 13:10:00-05:00,73.81999969482422,73.91000366210938,73.80999755859375,73.88999938964844,73.88999938964844,9931
2023-03-07 13:15:00-05:00,73.9000015258789,73.95899963378906,73.88999938964844,73.94000244140625,73.94000244140625,7576
2023-03-07 13:20:00-05:00,73.94000244140625,74.01000213623047,73.93000030517578,73.93000030517578,73.93000030517578,8954
2023-03-07 13:25:00-05:00,73.91999816894531,73.97000122070312,73.91999816894531,73.94000244140625,73.94000244140625,7661
2023-03-07 13:30:00-05:00,73.93000030517578,73.98500061035156,73.87000274658203,73.87000274658203,73.87000274658203,9697
2023-03-07 13:35:00-05:00,73.8499984741211,73.94999694824219,73.83999633789062,73.93000030517578,73.93000030517578,10709
2023-03-07 13:40:00-05:00,73.93499755859375,73.94000244140625,73.88999938964844,73.91000366210938,73.91000366210938,8221
2023-03-07 13:45:00-05:00,73.91000366210938,74.0,73.8949966430664,73.97000122070312,73.97000122070312,37730
2023-03-07 13:50:00-05:00,73.97000122070312,73.97969818115234,73.8499984741211,73.8499984741211,73.8499984741211,11739
2023-03-07 13:55:00-05:00,73.83999633789062,73.88500213623047,73.80000305175781,73.81999969482422,73.81999969482422,18641
2023-03-07 14:00:00-05:00,73.80999755859375,73.88999938964844,73.79000091552734,73.80999755859375,73.80999755859375,17405
2023-03-07 14:05:00-05:00,73.81999969482422,73.86000061035156,73.80999755859375,73.83999633789062,73.83999633789062,12394
2023-03-07 14:10:00-05:00,73.83000183105469,73.875,73.81999969482422,73.86000061035156,73.86000061035156,9081
2023-03-07 14:15:00-05:00,73.8499984741211,73.91500091552734,73.82499694824219,73.87999725341797,73.87999725341797,8296
2023-03-07 14:20:00-05:00,73.8499984741211,73.87999725341797,73.80999755859375,73.81999969482422,73.81999969482422,10402
2023-03-07 14:25:00-05:00,73.83999633789062,73.8499984741211,73.80999755859375,73.83999633789062,73.83999633789062,8740
2023-03-07 14:30:00-05:00,73.83999633789062,73.8550033569336,73.80120086669922,73.83000183105469,73.83000183105469,9784
2023-03-07 14:35:00-05:00,73.81999969482422,73.8499984741211,73.80999755859375,73.81999969482422,73.81999969482422,7793
2023-03-07 14:40:00-05:00,73.81999969482422,73.90609741210938,73.81999969482422,73.86499786376953,73.86499786376953,8926
2023-03-07 14:45:00-05:00,73.87000274658203,73.95770263671875,73.87000274658203,73.94999694824219,73.94999694824219,11917
2023-03-07 14:50:00-05:00,73.93000030517578,73.98999786376953,73.91000366210938,73.91000366210938,73.91000366210938,10946
2023-03-07 14:55:00-05:00,73.91000366210938,73.93000030517578,73.8949966430664,73.91999816894531,73.91999816894531,8829
2023-03-07 15:00:00-05:00,73.91909790039062,73.97000122070312,73.91000366210938,73.91500091552734,73.91500091552734,13302
2023-03-07 15:05:00-05:00,73.91999816894531,74.0,73.91999816894531,73.91999816894531,73.91999816894531,15118
2023-03-07 15:10:00-05:00,73.91999816894531,74.05000305175781,73.9000015258789,74.04000091552734,74.04000091552734,13730
2023-03-07 15:15:00-05:00,74.04000091552734,74.08000183105469,73.98999786376953,74.03500366210938,74.03500366210938,16761
2023-03-07 15:20:00-05:00,74.02999877929688,74.04000091552734,73.98680114746094,74.0199966430664,74.0199966430664,17021
2023-03-07 15:25:00-05:00,74.0199966430664,74.08000183105469,74.01000213623047,74.08000183105469,74.08000183105469,19421
2023-03-07 15:30:00-05:00,74.12000274658203,74.30000305175781,74.08999633789062,74.30000305175781,74.30000305175781,19321
2023-03-07 15:35:00-05:00,74.31999969482422,74.4000015258789,74.2699966430664,74.2750015258789,74.2750015258789,32029
2023-03-07 15:40:00-05:00,74.2699966430664,74.30999755859375,74.21990203857422,74.22100067138672,74.22100067138672,43246
2023-03-07 15:45:00-05:00,74.2300033569336,74.2750015258789,74.19999694824219,74.2699966430664,74.2699966430664,29232
2023-03-07 15:50:00-05:00,74.2699966430664,74.38999938964844,74.19000244140625,74.31999969482422,74.31999969482422,65329
2023-03-07 15:55:00-05:00,74.30999755859375,74.33000183105469,74.01000213623047,74.05000305175781,74.05000305175781,259464
2023-03-08 09:30:00-05:00,74.12000274658203,74.29000091552734,73.98999786376953,74.13999938964844,74.13999938964844,66968
2023-03-08 09:35:00-05:00,74.18499755859375,74.22000122070312,73.93000030517578,73.93000030517578,73.93000030517578,14912
2023-03-08 09:40:00-05:00,73.95999908447266,73.9999008178711,73.80500030517578,73.84100341796875,73.84100341796875,22163
2023-03-08 09:45:00-05:00,73.8499984741211,73.91999816894531,73.79000091552734,73.83000183105469,73.83000183105469,17578
2023-03-08 09:50:00-05:00,73.87000274658203,73.94999694824219,73.80000305175781,73.91000366210938,73.91000366210938,29132
2023-03-08 09:55:00-05:00,73.91999816894531,73.94999694824219,73.81999969482422,73.82499694824219,73.82499694824219,12538
2023-03-08 10:00:00-05:00,73.83000183105469,73.86000061035156,73.5199966430664,73.81500244140625,73.81500244140625,32238
2023-03-08 10:05:00-05:00,73.81500244140625,73.94000244140625,73.7249984741211,73.94000244140625,73.94000244140625,53076
2023-03-08 10:10:00-05:00,73.93000030517578,74.04000091552734,73.86499786376953,73.88999938964844,73.88999938964844,14852
2023-03-08 10:15:00-05:00,73.87000274658203,74.0,73.81999969482422,73.93000030517578,73.93000030517578,16870
2023-03-08 10:20:00-05:00,73.94000244140625,74.15499877929688,73.88999938964844,74.12999725341797,74.12999725341797,25141
2023-03-08 10:25:00-05:00,74.12000274658203,74.12999725341797,73.91999816894531,73.97000122070312,73.97000122070312,13404
2023-03-08 10:30:00-05:00,73.95999908447266,74.17500305175781,73.94999694824219,74.17500305175781,74.17500305175781,18564
2023-03-08 10:35:00-05:00,74.19000244140625,74.2300033569336,74.04000091552734,74.05999755859375,74.05999755859375,17240
2023-03-08 10:40:00-05:00,74.08000183105469,74.16000366210938,74.08000183105469,74.1500015258789,74.1500015258789,14218
2023-03-08 10:45:00-05:00,74.12999725341797,74.18000030517578,74.06999969482422,74.0999984741211,74.0999984741211,14630
2023-03-08 10:50:00-05:00,74.08999633789062,74.16999816894531,74.08999633789062,74.16000366210938,74.16000366210938,12680
2023-03-08 10:55:00-05:00,74.13999938964844,74.19999694824219,74.13999938964844,74.19930267333984,74.19930267333984,22591
2023-03-08 11:00:00-05:00,74.20999908447266,74.23999786376953,74.13999938964844,74.19999694824219,74.19999694824219,16573
2023-03-08 11:05:00-05:00,74.19999694824219,74.31999969482422,74.19999694824219,74.31999969482422,74.31999969482422,21007
2023-03-08 11:10:00-05:00,74.36000061035156,74.36000061035156,74.26000213623047,74.27999877929688,74.27999877929688,14455
2023-03-08 11:15:00-05:00,74.27999877929688,74.48999786376953,74.27999877929688,74.41000366210938,74.41000366210938,13628
2023-03-08 11:20:00-05:00,74.41000366210938,74.41000366210938,74.33999633789062,74.33999633789062,74.33999633789062,17375
2023-03-08 11:25:00-05:00,74.33000183105469,74.44999694824219,74.31999969482422,74.4000015258789,74.4000015258789,24932
2023-03-08 11:30:00-05:00,74.40499877929688,74.41999816894531,74.29000091552734,74.30999755859375,74.30999755859375,22847
2023-03-08 11:35:00-05:00,74.29000091552734,74.33000183105469,74.25,74.31500244140625,74.31500244140625,15206
2023-03-08 11:40:00-05:00,74.31999969482422,74.37999725341797,74.30500030517578,74.30500030517578,74.30500030517578,13507
2023-03-08 11:45:00-05:00,74.29499816894531,74.5,74.29499816894531,74.44999694824219,74.44999694824219,15982
2023-03-08 11:50:00-05:00,74.45999908447266,74.61000061035156,74.44999694824219,74.56999969482422,74.56999969482422,16780
2023-03-08 11:55:00-05:00,74.57499694824219,74.63999938964844,74.56999969482422,74.62999725341797,74.62999725341797,22536
2023-03-08 12:00:00-05:00,74.6500015258789,74.73500061035156,74.6449966430664,74.7300033569336,74.7300033569336,17339
2023-03-08 12:05:00-05:00,74.73999786376953,74.79000091552734,74.63999938964844,74.6500015258789,74.6500015258789,20706
2023-03-08 12:10:00-05:00,74.63999938964844,74.63999938964844,74.54000091552734,74.55000305175781,74.55000305175781,14484
2023-03-08 12:15:00-05:00,74.54000091552734,74.69000244140625,74.51499938964844,74.68000030517578,74.68000030517578,16488
2023-03-08 12:20:00-05:00,74.69000244140625,74.72000122070312,74.66999816894531,74.70500183105469,74.70500183105469,11439
2023-03-08 12:25:00-05:00,74.69999694824219,74.72000122070312,74.5999984741211,74.62000274658203,74.62000274658203,28210
2023-03-08 12:30:00-05:00,74.62000274658203,74.65499877929688,74.55999755859375,74.5999984741211,74.5999984741211,13382
2023-03-08 12:35:00-05:00,74.61000061035156,74.69000244140625,74.5999984741211,74.66999816894531,74.66999816894531,13278
2023-03-08 12:40:00-05:00,74.69000244140625,74.75,74.69000244140625,74.70999908447266,74.70999908447266,11482
2023-03-08 12:45:00-05:00,74.69999694824219,74.72000122070312,74.6500015258789,74.69999694824219,74.69999694824219,14648
2023-03-08 12:50:00-05:00,74.71499633789062,74.71499633789062,74.63099670410156,74.68499755859375,74.68499755859375,10144
2023-03-08 12:55:00-05:00,74.68499755859375,74.68499755859375,74.58000183105469,74.58999633789062,74.58999633789062,22628
2023-03-08 13:00:00-05:00,74.58000183105469,74.63999938964844,74.47000122070312,74.4800033569336,74.4800033569336,14408
2023-03-08 13:05:00-05:00,74.4800033569336,74.52999877929688,74.43000030517578,74.45999908447266,74.45999908447266,11563
2023-03-08 13:10:00-05:00,74.44999694824219,74.5199966430664,74.44999694824219,74.5,74.5,10610
2023-03-08 13:15:00-05:00,74.4800033569336,74.48500061035156,74.44000244140625,74.4749984741211,74.4749984741211,12460
2023-03-08 13:20:00-05:00,74.47000122070312,74.5199966430664,74.45999908447266,74.48999786376953,74.48999786376953,15199
2023-03-08 13:25:00-05:00,74.4800033569336,74.48500061035156,74.41999816894531,74.43499755859375,74.43499755859375,11020
2023-03-08 13:30:00-05:00,74.43499755859375,74.44999694824219,74.38999938964844,74.4000015258789,74.4000015258789,15093
2023-03-08 13:35:00-05:00,74.38999938964844,74.43000030517578,74.37999725341797,74.38999938964844,74.38999938964844,16974
2023-03-08 13:40:00-05:00,74.38999938964844,74.48999786376953,74.38999938964844,74.4800033569336,74.4800033569336,11408
2023-03-08 13:45:00-05:00,74.47000122070312,74.51000213623047,74.44999694824219,74.48999786376953,74.48999786376953,14261
2023-03-08 13:50:00-05:00,74.48999786376953,74.62999725341797,74.4800033569336,74.62999725341797,74.62999725341797,13747
2023-03-08 13:55:00-05:00,74.62999725341797,74.6500015258789,74.52999877929688,74.58999633789062,74.58999633789062,16575
2023-03-08 14:00:00-05:00,74.58999633789062,74.66999816894531,74.58000183105469,74.6500015258789,74.6500015258789,10782
2023-03-08 14:05:00-05:00,74.6500015258789,74.7300033569336,74.63999938964844,74.72000122070312,74.72000122070312,14918
2023-03-08 14:10:00-05:00,74.7300033569336,74.80500030517578,74.72000122070312,74.7249984741211,74.7249984741211,13698
2023-03-08 14:15:00-05:00,74.72000122070312,74.76000213623047,74.70500183105469,74.73999786376953,74.73999786376953,16459
2023-03-08 14:20:00-05:00,74.74500274658203,74.81999969482422,74.73999786376953,74.81999969482422,74.81999969482422,12101
2023-03-08 14:25:00-05:00,74.80999755859375,74.91999816894531,74.80999755859375,74.88999938964844,74.88999938964844,18115
2023-03-08 14:30:00-05:00,74.9000015258789,74.94499969482422,74.8499984741211,74.8499984741211,74.8499984741211,17983
2023-03-08 14:35:00-05:00,74.8499984741211,74.8499984741211,74.80999755859375,74.83999633789062,74.83999633789062,13829
2023-03-08 14:40:00-05:00,74.83999633789062,74.93499755859375,74.83999633789062,74.91000366210938,74.91000366210938,12218
2023-03-08 14:45:00-05:00,74.91000366210938,74.91529846191406,74.83000183105469,74.8499984741211,74.8499984741211,15912
2023-03-08 14:50:00-05:00,74.8499984741211,74.87000274658203,74.83000183105469,74.84500122070312,74.84500122070312,12916
2023-03-08 14:55:00-05:00,74.84500122070312,74.91500091552734,74.83999633789062,74.87999725341797,74.87999725341797,15121
2023-03-08 15:00:00-05:00,74.87999725341797,74.9000015258789,74.83760070800781,74.87999725341797,74.87999725341797,14769
2023-03-08 15:05:00-05:00,74.87100219726562,74.87999725341797,74.81999969482422,74.87999725341797,74.87999725341797,13574
2023-03-08 15:10:00-05:00,74.875,74.93000030517578,74.86000061035156,74.91999816894531,74.91999816894531,13811
2023-03-08 15:15:00-05:00,74.93000030517578,74.94999694824219,74.91999816894531,74.93499755859375,74.93499755859375,12355
2023-03-08 15:20:00-05:00,74.94000244140625,75.01000213623047,74.88999938964844,74.88999938964844,74.88999938964844,16129
2023-03-08 15:25:00-05:00,74.88999938964844,74.91500091552734,74.83000183105469,74.87999725341797,74.87999725341797,14280
2023-03-08 15:30:00-05:00,74.88999938964844,74.94999694824219,74.87999725341797,74.91999816894531,74.91999816894531,17538
2023-03-08 15:35:00-05:00,74.9000015258789,74.93000030517578,74.83000183105469,74.83999633789062,74.83999633789062,26193
2023-03-08 15:40:00-05:00,74.83499908447266,74.94000244140625,74.83000183105469,74.94000244140625,74.94000244140625,24580
2023-03-08 15:45:00-05:00,74.93499755859375,75.0199966430664,74.93000030517578,74.95999908447266,74.95999908447266,35614
2023-03-08 15:50:00-05:00,74.95999908447266,74.97000122070312,74.83000183105469,74.83000183105469,74.83000183105469,64604
2023-03-08 15:55:00-05:00,74.83999633789062,75.01000213623047,74.83999633789062,74.94000244140625,74.94000244140625,148842
2023-03-09 09:30:00-05:00,75.19000244140625,75.4800033569336,74.97000122070312,75.23999786376953,75.23999786376953,17056
2023-03-09 09:35:00-05:00,75.19000244140625,75.20999908447266,75.0,75.07499694824219,75.07499694824219,11986
2023-03-09 09:40:00-05:00,75.16000366210938,75.27999877929688,75.0999984741211,75.16999816894531,75.16999816894531,9667
2023-03-09 09:45:00-05:00,75.1500015258789,75.37000274658203,75.1500015258789,75.29499816894531,75.29499816894531,9089
2023-03-09 09:50:00-05:00,75.33000183105469,75.37999725341797,75.19999694824219,75.22000122070312,75.22000122070312,13118
2023-03-09 09:55:00-05:00,75.23999786376953,75.24189758300781,75.0,75.11000061035156,75.11000061035156,8499
2023-03-09 10:00:00-05:00,75.12999725341797,75.19000244140625,75.0,75.19000244140625,75.19000244140625,6958
2023-03-09 10:05:00-05:00,75.19999694824219,75.20500183105469,75.0,75.06999969482422,75.06999969482422,11223
2023-03-09 10:10:00-05:00,75.11499786376953,75.12999725341797,75.0199966430664,75.08000183105469,75.08000183105469,14143
2023-03-09 10:15:00-05:00,75.06999969482422,75.08999633789062,74.99500274658203,75.01000213623047,75.01000213623047,5578
2023-03-09 10:20:00-05:00,75.0,75.08999633789062,74.9800033569336,75.08999633789062,75.08999633789062,6289
2023-03-09 10:25:00-05:00,75.06999969482422,75.06999969482422,74.94000244140625,74.94999694824219,74.94999694824219,5747
2023-03-09 10:30:00-05:00,74.98999786376953,75.19999694824219,74.98999786376953,75.18000030517578,75.18000030517578,8419
2023-03-09 10:35:00-05:00,75.18499755859375,75.19999694824219,75.1500015258789,75.18000030517578,75.18000030517578,7568
2023-03-09 10:40:00-05:00,75.19000244140625,75.22000122070312,75.08000183105469,75.08999633789062,75.08999633789062,9744
2023-03-09 10:45:00-05:00,75.08999633789062,75.0999984741211,75.08999633789062,75.0999984741211,75.0999984741211,736
2023-03-09 10:50:00-05:00,75.0999984741211,75.1449966430664,75.05999755859375,75.1449966430664,75.1449966430664,13748
2023-03-09 10:55:00-05:00,75.12999725341797,75.13999938964844,75.04000091552734,75.11000061035156,75.11000061035156,6869
2023-03-09 11:00:00-05:00,75.12000274658203,75.12000274658203,75.0999984741211,75.0999984741211,75.0999984741211,10263
2023-03-09 11:05:00-05:00,75.12000274658203,75.12000274658203,75.04000091552734,75.11000061035156,75.11000061035156,6516
2023-03-09 11:10:00-05:00,75.0999984741211,75.0999984741211,75.0,75.0,75.0,8807
2023-03-09 11:15:00-05:00,75.01840209960938,75.08000183105469,74.9800033569336,75.08000183105469,75.08000183105469,11668
2023-03-09 11:20:00-05:00,75.08999633789062,75.08999633789062,75.02999877929688,75.04499816894531,75.04499816894531,7872
2023-03-09 11:25:00-05:00,75.04000091552734,75.08999633789062,75.0,75.08999633789062,75.08999633789062,7220
2023-03-09 11:30:00-05:00,75.1500015258789,75.16999816894531,75.08000183105469,75.08000183105469,75.08000183105469,6198
2023-03-09 11:35:00-05:00,75.08999633789062,75.1500015258789,75.06999969482422,75.08999633789062,75.08999633789062,6108
2023-03-09 11:40:00-05:00,75.08499908447266,75.12000274658203,75.08499908447266,75.12000274658203,75.12000274658203,4733
2023-03-09 11:45:00-05:00,75.12809753417969,75.16500091552734,75.1050033569336,75.13999938964844,75.13999938964844,7599
2023-03-09 11:50:00-05:00,75.15509796142578,75.22000122070312,75.12999725341797,75.16999816894531,75.16999816894531,10080
2023-03-09 11:55:00-05:00,75.20999908447266,75.30000305175781,75.20999908447266,75.26000213623047,75.26000213623047,10991
2023-03-09 12:00:00-05:00,75.2699966430664,75.30999755859375,75.18000030517578,75.22000122070312,75.22000122070312,11452
2023-03-09 12:05:00-05:00,75.20999908447266,75.37000274658203,75.20500183105469,75.36000061035156,75.36000061035156,8490
2023-03-09 12:10:00-05:00,75.38999938964844,75.50499725341797,75.36000061035156,75.5,75.5,64328
2023-03-09 12:15:00-05:00,75.51000213623047,75.5199966430664,75.44999694824219,75.50499725341797,75.50499725341797,18834
2023-03-09 12:20:00-05:00,75.5199966430664,75.66999816894531,75.5199966430664,75.66999816894531,75.66999816894531,11356
2023-03-09 12:25:00-05:00,75.66999816894531,75.72000122070312,75.62999725341797,75.72000122070312,75.72000122070312,8886
2023-03-09 12:30:00-05:00,75.72000122070312,75.73999786376953,75.66000366210938,75.67500305175781,75.67500305175781,10574
2023-03-09 12:35:00-05:00,75.66999816894531,75.75,75.6500015258789,75.7300033569336,75.7300033569336,13160
2023-03-09 12:40:00-05:00,75.7300033569336,75.8333969116211,75.7300033569336,75.83000183105469,75.83000183105469,11040
2023-03-09 12:45:00-05:00,75.8499984741211,75.88999938964844,75.68000030517578,75.70999908447266,75.70999908447266,13219
2023-03-09 12:50:00-05:00,75.70999908447266,75.75050354003906,75.68080139160156,75.68080139160156,75.68080139160156,8997
2023-03-09 12:55:00-05:00,75.66999816894531,75.75,75.66000366210938,75.66999816894531,75.66999816894531,9038
2023-03-09 13:00:00-05:00,75.66999816894531,75.69000244140625,75.58000183105469,75.63999938964844,75.63999938964844,10636
2023-03-09 13:05:00-05:00,75.63999938964844,75.66000366210938,75.58999633789062,75.62000274658203,75.62000274658203,13041
2023-03-09 13:10:00-05:00,75.6050033569336,75.69000244140625,75.58999633789062,75.68000030517578,75.68000030517578,9719
2023-03-09 13:15:00-05:00,75.69000244140625,75.7699966430664,75.69000244140625,75.7300033569336,75.7300033569336,8954
2023-03-09 13:20:00-05:00,75.7750015258789,75.77899932861328,75.58999633789062,75.58999633789062,75.58999633789062,8640
2023-03-09 13:25:00-05:00,75.58000183105469,75.58000183105469,75.47000122070312,75.54209899902344,75.54209899902344,11432
2023-03-09 13:30:00-05:00,75.54000091552734,75.55999755859375,75.47000122070312,75.5199966430664,75.5199966430664,19082
2023-03-09 13:35:00-05:00,75.51000213623047,75.51000213623047,75.37999725341797,75.47000122070312,75.47000122070312,9726
2023-03-09 13:40:00-05:00,75.5,75.625,75.48999786376953,75.625,75.625,10705
2023-03-09 13:45:00-05:00,75.62000274658203,75.625,75.5,75.5199966430664,75.5199966430664,15704
2023-03-09 13:50:00-05:00,75.48999786376953,75.51000213623047,75.44499969482422,75.5,75.5,9499
2023-03-09 13:55:00-05:00,75.51000213623047,75.58000183105469,75.4800033569336,75.48999786376953,75.48999786376953,9225
2023-03-09 14:00:00-05:00,75.4749984741211,75.4749984741211,75.16999816894531,75.16999816894531,75.16999816894531,13932
2023-03-09 14:05:00-05:00,75.16999816894531,75.19999694824219,75.08000183105469,75.08999633789062,75.08999633789062,13095
2023-03-09 14:10:00-05:00,75.08000183105469,75.16000366210938,74.93000030517578,75.02999877929688,75.02999877929688,9887
2023-03-09 14:15:00-05:00,75.02999877929688,75.05999755859375,74.93000030517578,74.94999694824219,74.94999694824219,6827
2023-03-09 14:20:00-05:00,74.95999908447266,74.9749984741211,74.87999725341797,74.94000244140625,74.94000244140625,11300
2023-03-09 14:25:00-05:00,74.94999694824219,74.98999786376953,74.83499908447266,74.83499908447266,74.83499908447266,8397
2023-03-09 14:30:00-05:00,74.81999969482422,74.83999633789062,74.61000061035156,74.61000061035156,74.61000061035156,11807
2023-03-09 14:35:00-05:00,74.62000274658203,74.69000244140625,74.54000091552734,74.54000091552734,74.54000091552734,8914
2023-03-09 14:40:00-05:00,74.5199966430664,74.61000061035156,74.5199966430664,74.52999877929688,74.52999877929688,6853
2023-03-09 14:45:00-05:00,74.5199966430664,74.66000366210938,74.48999786376953,74.5199966430664,74.5199966430664,15666
2023-03-09 14:50:00-05:00,74.5199966430664,74.54000091552734,74.4000015258789,74.41000366210938,74.41000366210938,11664
2023-03-09 14:55:00-05:00,74.4000015258789,74.45500183105469,74.26000213623047,74.2699966430664,74.2699966430664,8375
2023-03-09 15:00:00-05:00,74.2699966430664,74.36000061035156,74.2699966430664,74.31500244140625,74.31500244140625,8789
2023-03-09 15:05:00-05:00,74.30000305175781,74.30000305175781,74.22000122070312,74.26000213623047,74.26000213623047,11411
2023-03-09 15:10:00-05:00,74.28170013427734,74.33000183105469,74.22899627685547,74.30999755859375,74.30999755859375,16546
2023-03-09 15:15:00-05:00,74.27999877929688,74.28500366210938,74.16000366210938,74.16000366210938,74.16000366210938,13450
2023-03-09 15:20:00-05:00,74.1500015258789,74.2300033569336,74.01000213623047,74.12999725341797,74.12999725341797,15219
2023-03-09 15:25:00-05:00,74.12000274658203,74.375,74.12000274658203,74.29499816894531,74.29499816894531,12286
2023-03-09 15:30:00-05:00,74.29000091552734,74.52999877929688,74.26000213623047,74.5,74.5,25399
2023-03-09 15:35:00-05:00,74.48500061035156,74.55000305175781,74.36000061035156,74.55000305175781,74.55000305175781,18626
2023-03-09 15:40:00-05:00,74.54000091552734,74.63999938964844,74.50499725341797,74.54000091552734,74.54000091552734,26073
2023-03-09 15:45:00-05:00,74.54000091552734,74.55000305175781,74.41999816894531,74.4655990600586,74.4655990600586,29505
2023-03-09 15:50:00-05:00,74.44999694824219,74.52999877929688,74.36000061035156,74.44999694824219,74.44999694824219,55660
2023-03-09 15:55:00-05:00,74.47000122070312,74.48999786376953,74.19000244140625,74.29000091552734,74.29000091552734,111141
2023-03-10 09:30:00-05:00,74.44000244140625,74.55000305175781,74.33000183105469,74.50499725341797,74.50499725341797,14644
2023-03-10 09:35:00-05:00,74.48999786376953,74.58000183105469,74.40160369873047,74.40160369873047,74.40160369873047,7942
2023-03-10 09:40:00-05:00,74.37449645996094,74.45999908447266,74.0,74.0,74.0,8728
2023-03-10 09:45:00-05:00,73.9000015258789,74.12000274658203,73.87000274658203,73.96499633789062,73.96499633789062,11990
2023-03-10 09:50:00-05:00,73.88999938964844,73.88999938964844,73.61000061035156,73.63999938964844,73.63999938964844,5011
2023-03-10 09:55:00-05:00,73.65499877929688,73.70999908447266,73.47000122070312,73.55000305175781,73.55000305175781,7287
2023-03-10 10:00:00-05:00,73.56999969482422,73.63999938964844,73.51000213623047,73.58000183105469,73.58000183105469,8354
2023-03-10 10:05:00-05:00,73.5199966430664,73.59629821777344,73.29000091552734,73.3499984741211,73.3499984741211,17558
2023-03-10 10:10:00-05:00,73.33499908447266,73.4000015258789,73.08999633789062,73.26000213623047,73.26000213623047,82793
2023-03-10 10:15:00-05:00,73.25,73.2699966430664,73.13500213623047,73.19000244140625,73.19000244140625,24896
2023-03-10 10:20:00-05:00,73.19000244140625,73.33999633789062,72.87999725341797,72.88999938964844,72.88999938964844,18100
2023-03-10 10:25:00-05:00,72.93000030517578,73.11000061035156,72.87000274658203,73.05999755859375,73.05999755859375,12632
2023-03-10 10:30:00-05:00,73.06999969482422,73.38999938964844,73.06999969482422,73.2699966430664,73.2699966430664,10691
2023-03-10 10:35:00-05:00,73.37999725341797,73.38999938964844,73.29000091552734,73.38500213623047,73.38500213623047,7843
2023-03-10 10:40:00-05:00,73.4000015258789,73.48500061035156,73.3499984741211,73.3499984741211,73.3499984741211,9691
2023-03-10 10:45:00-05:00,73.33000183105469,73.38990020751953,73.30500030517578,73.36000061035156,73.36000061035156,8440
2023-03-10 10:50:00-05:00,73.41999816894531,73.41999816894531,73.18000030517578,73.30999755859375,73.30999755859375,6365
2023-03-10 10:55:00-05:00,73.38999938964844,73.68000030517578,73.38999938964844,73.5999984741211,73.5999984741211,13658
2023-03-10 11:00:00-05:00,73.5199966430664,73.5199966430664,73.51000213623047,73.5199966430664,73.5199966430664,8724
2023-03-10 11:05:00-05:00,73.51000213623047,73.61000061035156,73.51000213623047,73.54000091552734,73.54000091552734,8228
2023-03-10 11:10:00-05:00,73.55000305175781,73.63999938964844,73.5250015258789,73.55999755859375,73.55999755859375,8569
2023-03-10 11:15:00-05:00,73.52999877929688,73.58999633789062,73.4800033569336,73.58999633789062,73.58999633789062,12253
2023-03-10 11:20:00-05:00,73.58999633789062,73.76000213623047,73.56999969482422,73.66999816894531,73.66999816894531,9269
2023-03-10 11:25:00-05:00,73.69999694824219,73.90499877929688,73.69999694824219,73.87999725341797,73.87999725341797,12231
2023-03-10 11:30:00-05:00,73.9000015258789,73.93499755859375,73.83000183105469,73.93000030517578,73.93000030517578,6147
2023-03-10 11:35:00-05:00,73.95999908447266,73.98999786376953,73.75,73.75,73.75,13297
2023-03-10 11:40:00-05:00,73.77999877929688,73.80750274658203,73.66999816894531,73.68000030517578,73.68000030517578,7562
2023-03-10 11:45:00-05:00,73.69000244140625,73.69000244140625,73.48999786376953,73.56999969482422,73.56999969482422,11023
2023-03-10 11:50:00-05:00,73.55999755859375,73.56999969482422,73.44000244140625,73.48999786376953,73.48999786376953,12791
2023-03-10 11:55:00-05:00,73.47000122070312,73.51499938964844,73.40499877929688,73.44000244140625,73.44000244140625,9889
2023-03-10 12:00:00-05:00,73.44000244140625,73.44999694824219,73.30999755859375,73.31999969482422,73.31999969482422,9996
2023-03-10 12:05:00-05:00,73.33000183105469,73.36499786376953,73.19000244140625,73.19000244140625,73.19000244140625,11204
2023-03-10 12:10:00-05:00,73.20999908447266,73.23999786376953,73.06500244140625,73.08999633789062,73.08999633789062,9553
2023-03-10 12:15:00-05:00,73.0999984741211,73.2020034790039,73.08000183105469,73.1500015258789,73.1500015258789,16080
2023-03-10 12:20:00-05:00,73.12000274658203,73.20999908447266,73.11100006103516,73.16000366210938,73.16000366210938,6213
2023-03-10 12:25:00-05:00,73.16999816894531,73.19999694824219,73.06999969482422,73.12000274658203,73.12000274658203,7041
2023-03-10 12:30:00-05:00,73.19000244140625,73.4000015258789,73.12000274658203,73.375,73.375,8028
2023-03-10 12:35:00-05:00,73.37000274658203,73.4800033569336,73.30999755859375,73.44999694824219,73.44999694824219,13128
2023-03-10 12:40:00-05:00,73.47000122070312,73.5199966430664,73.41000366210938,73.5199966430664,73.5199966430664,5831
2023-03-10 12:45:00-05:00,73.54000091552734,73.55000305175781,73.41000366210938,73.41000366210938,73.41000366210938,9346
2023-03-10 12:50:00-05:00,73.41999816894531,73.44000244140625,73.33999633789062,73.37000274658203,73.37000274658203,9425
2023-03-10 12:55:00-05:00,73.37999725341797,73.37999725341797,73.2699966430664,73.2699966430664,73.2699966430664,6555
2023-03-10 13:00:00-05:00,73.27999877929688,73.4000015258789,73.27999877929688,73.37999725341797,73.37999725341797,7420
2023-03-10 13:05:00-05:00,73.37000274658203,73.3949966430664,73.2699966430664,73.27999877929688,73.27999877929688,6319
2023-03-10 13:10:00-05:00,73.31999969482422,73.33499908447266,73.25,73.25,73.25,6577
2023-03-10 13:15:00-05:00,73.2300033569336,73.2300033569336,72.98999786376953,72.98999786376953,72.98999786376953,14909
2023-03-10 13:20:00-05:00,72.9800033569336,73.0199966430664,72.76000213623047,72.83499908447266,72.83499908447266,17020
2023-03-10 13:25:00-05:00,72.83499908447266,72.83499908447266,72.6500015258789,72.80999755859375,72.80999755859375,36376
2023-03-10 13:30:00-05:00,72.83000183105469,72.9000015258789,72.7300033569336,72.7300033569336,72.7300033569336,13714
2023-03-10 13:35:00-05:00,72.72000122070312,72.7699966430664,72.66999816894531,72.69999694824219,72.69999694824219,8433
2023-03-10 13:40:00-05:00,72.73500061035156,72.80999755859375,72.7300033569336,72.80999755859375,72.80999755859375,10001
2023-03-10 13:45:00-05:00,72.80999755859375,72.83999633789062,72.63999938964844,72.63999938964844,72.63999938964844,8654
2023-03-10 13:50:00-05:00,72.62000274658203,72.63999938964844,72.48999786376953,72.5199966430664,72.5199966430664,12737
2023-03-10 13:55:00-05:00,72.51000213623047,72.55000305175781,72.45999908447266,72.55000305175781,72.55000305175781,9038
2023-03-10 14:00:00-05:00,72.56999969482422,72.86000061035156,72.56999969482422,72.83000183105469,72.83000183105469,15359
2023-03-10 14:05:00-05:00,72.83999633789062,72.9800033569336,72.76499938964844,72.9800033569336,72.9800033569336,12940
2023-03-10 14:10:00-05:00,73.0,73.12000274658203,72.8499984741211,72.86000061035156,72.86000061035156,10622
2023-03-10 14:15:00-05:00,72.86000061035156,72.90019989013672,72.76000213623047,72.87999725341797,72.87999725341797,8805
2023-03-10 14:20:00-05:00,72.875,72.91000366210938,72.7699966430664,72.80000305175781,72.80000305175781,8446
2023-03-10 14:25:00-05:00,72.7699966430664,72.77999877929688,72.63999938964844,72.66999816894531,72.66999816894531,8927
2023-03-10 14:30:00-05:00,72.68000030517578,72.80999755859375,72.68000030517578,72.7699966430664,72.7699966430664,8689
2023-03-10 14:35:00-05:00,72.76000213623047,72.99500274658203,72.76000213623047,72.94999694824219,72.94999694824219,8356
2023-03-10 14:40:00-05:00,72.94000244140625,73.0,72.80000305175781,72.80999755859375,72.80999755859375,10907
2023-03-10 14:45:00-05:00,72.83999633789062,73.12999725341797,72.83000183105469,73.12999725341797,73.12999725341797,15488
2023-03-10 14:50:00-05:00,73.12000274658203,73.1500015258789,73.02459716796875,73.06999969482422,73.06999969482422,13311
2023-03-10 14:55:00-05:00,73.12000274658203,73.22000122070312,73.0,73.06999969482422,73.06999969482422,16201
2023-03-10 15:00:00-05:00,73.06500244140625,73.07499694824219,72.9000015258789,73.03500366210938,73.03500366210938,14112
2023-03-10 15:05:00-05:00,73.02999877929688,73.06999969482422,72.8499984741211,73.05999755859375,73.05999755859375,13878
2023-03-10 15:10:00-05:00,73.05000305175781,73.18009948730469,72.97000122070312,73.0,73.0,18175
2023-03-10 15:15:00-05:00,72.97000122070312,73.1500015258789,72.94999694824219,72.94999694824219,72.94999694824219,14344
2023-03-10 15:20:00-05:00,72.93000030517578,73.04000091552734,72.91999816894531,73.0199966430664,73.0199966430664,14050
2023-03-10 15:25:00-05:00,73.02999877929688,73.12000274658203,73.0199966430664,73.11000061035156,73.11000061035156,14256
2023-03-10 15:30:00-05:00,73.08499908447266,73.13999938964844,72.9800033569336,72.9800033569336,72.9800033569336,20977
2023-03-10 15:35:00-05:00,72.95999908447266,72.9800033569336,72.81999969482422,72.83000183105469,72.83000183105469,13269
2023-03-10 15:40:00-05:00,72.83000183105469,72.83000183105469,72.69999694824219,72.69999694824219,72.69999694824219,18371
2023-03-10 15:45:00-05:00,72.69999694824219,72.77999877929688,72.63999938964844,72.72000122070312,72.72000122070312,27798
2023-03-10 15:50:00-05:00,72.72000122070312,72.87999725341797,72.62000274658203,72.80000305175781,72.80000305175781,47136
2023-03-10 15:55:00-05:00,72.79499816894531,72.94999694824219,72.75499725341797,72.88999938964844,72.88999938964844,91617
2023-03-13 09:30:00-04:00,73.12000274658203,73.3949966430664,72.83000183105469,73.23999786376953,73.23999786376953,29249
2023-03-13 09:35:00-04:00,73.29499816894531,73.66000366210938,73.25,73.66000366210938,73.66000366210938,37079
2023-03-13 09:40:00-04:00,73.7300033569336,73.86000061035156,73.61000061035156,73.81999969482422,73.81999969482422,40407
2023-03-13 09:45:00-04:00,73.81999969482422,74.30000305175781,73.81999969482422,74.22000122070312,74.22000122070312,18518
2023-03-13 09:50:00-04:00,74.2750015258789,74.80000305175781,74.2750015258789,74.77999877929688,74.77999877929688,11442
2023-03-13 09:55:00-04:00,74.81999969482422,74.94000244140625,74.69000244140625,74.9000015258789,74.9000015258789,9236
2023-03-13 10:00:00-04:00,74.94129943847656,75.37999725341797,74.83999633789062,75.27999877929688,75.27999877929688,16575
2023-03-13 10:05:00-04:00,75.2699966430664,75.51000213623047,75.04000091552734,75.41000366210938,75.41000366210938,22100
2023-03-13 10:10:00-04:00,75.41999816894531,75.48999786376953,75.16000366210938,75.27999877929688,75.27999877929688,21093
2023-03-13 10:15:00-04:00,75.30000305175781,75.37000274658203,75.0999984741211,75.29000091552734,75.29000091552734,178937
2023-03-13 10:20:00-04:00,75.27999877929688,75.54000091552734,75.19000244140625,75.25,75.25,22122
2023-03-13 10:25:00-04:00,75.25,75.38999938964844,75.0999984741211,75.37999725341797,75.37999725341797,23866
2023-03-13 10:30:00-04:00,75.4000015258789,75.62999725341797,75.37000274658203,75.56999969482422,75.56999969482422,20124
2023-03-13 10:35:00-04:00,75.63999938964844,75.76000213623047,75.52999877929688,75.72000122070312,75.72000122070312,18835
2023-03-13 10:40:00-04:00,75.7699966430664,76.05999755859375,75.68000030517578,76.00499725341797,76.00499725341797,18413
2023-03-13 10:45:00-04:00,76.04000091552734,76.0999984741211,75.86000061035156,76.04000091552734,76.04000091552734,21140
2023-03-13 10:50:00-04:00,76.05999755859375,76.05999755859375,75.5999984741211,75.86499786376953,75.86499786376953,20067
2023-03-13 10:55:00-04:00,75.8949966430664,76.31999969482422,75.8949966430664,76.2697982788086,76.2697982788086,29260
2023-03-13 11:00:00-04:00,76.29000091552734,76.55999755859375,76.26000213623047,76.31999969482422,76.31999969482422,29936
2023-03-13 11:05:00-04:00,76.30000305175781,76.4800033569336,76.19999694824219,76.37999725341797,76.37999725341797,39443
2023-03-13 11:10:00-04:00,76.37000274658203,76.63999938964844,76.33499908447266,76.38999938964844,76.38999938964844,0
2023-03-13 11:15:00-04:00,76.44000244140625,76.63500213623047,76.37999725341797,76.44000244140625,76.44000244140625,31627
2023-03-13 11:20:00-04:00,76.48999786376953,76.61000061035156,76.29000091552734,76.47250366210938,76.47250366210938,27718
2023-03-13 11:25:00-04:00,76.5,76.79000091552734,76.44999694824219,76.69400024414062,76.69400024414062,41465
2023-03-13 11:30:00-04:00,76.73999786376953,76.74500274658203,76.20999908447266,76.2300033569336,76.2300033569336,105422
2023-03-13 11:35:00-04:00,76.2300033569336,76.2300033569336,75.98999786376953,76.04000091552734,76.04000091552734,56332
2023-03-13 11:40:00-04:00,76.0199966430664,76.19000244140625,75.875,76.04000091552734,76.04000091552734,28894
2023-03-13 11:45:00-04:00,76.03500366210938,76.05000305175781,75.7300033569336,75.91999816894531,75.91999816894531,21092
2023-03-13 11:50:00-04:00,75.9000015258789,75.91000366210938,75.63999938964844,75.63999938964844,75.63999938964844,17118
2023-03-13 11:55:00-04:00,75.47000122070312,75.91000366210938,75.43000030517578,75.84500122070312,75.84500122070312,42669
2023-03-13 12:00:00-04:00,75.87000274658203,76.19499969482422,75.55999755859375,75.72000122070312,75.72000122070312,48574
2023-03-13 12:05:00-04:00,75.72000122070312,75.91000366210938,75.68000030517578,75.77999877929688,75.77999877929688,76890
2023-03-13 12:10:00-04:00,75.7750015258789,75.80500030517578,75.5,75.62000274658203,75.62000274658203,28400
2023-03-13 12:15:00-04:00,75.5999984741211,75.73999786376953,75.55999755859375,75.69499969482422,75.69499969482422,28399
2023-03-13 12:20:00-04:00,75.69999694824219,75.7300033569336,75.52999877929688,75.52999877929688,75.52999877929688,64861
2023-03-13 12:25:00-04:00,75.51000213623047,75.88999938964844,75.51000213623047,75.81999969482422,75.81999969482422,27083
2023-03-13 12:30:00-04:00,75.8499984741211,75.8499984741211,75.5199966430664,75.5199966430664,75.5199966430664,22233
2023-03-13 12:35:00-04:00,75.5,75.66999816894531,75.4000015258789,75.58000183105469,75.58000183105469,18267
2023-03-13 12:40:00-04:00,75.56999969482422,75.68000030517578,75.51000213623047,75.51000213623047,75.51000213623047,168536
2023-03-13 12:45:00-04:00,75.48999786376953,75.48999786376953,75.12000274658203,75.17500305175781,75.17500305175781,14357
2023-03-13 12:50:00-04:00,75.20999908447266,75.36000061035156,75.16000366210938,75.3499984741211,75.3499984741211,25678
2023-03-13 12:55:00-04:00,75.36000061035156,75.47000122070312,75.30000305175781,75.41999816894531,75.41999816894531,23012
2023-03-13 13:00:00-04:00,75.43000030517578,75.44000244140625,75.01000213623047,75.01000213623047,75.01000213623047,34687
2023-03-13 13:05:00-04:00,75.01000213623047,75.26000213623047,74.96499633789062,75.23999786376953,75.23999786376953,90660
2023-03-13 13:10:00-04:00,75.25,75.30999755859375,75.18000030517578,75.29000091552734,75.29000091552734,23032
2023-03-13 13:15:00-04:00,75.2699966430664,75.38999938964844,75.20500183105469,75.29000091552734,75.29000091552734,11695
2023-03-13 13:20:00-04:00,75.27999877929688,75.33999633789062,75.19999694824219,75.20999908447266,75.20999908447266,15022
2023-03-13 13:25:00-04:00,75.20500183105469,75.26000213623047,75.11499786376953,75.23999786376953,75.23999786376953,16176
2023-03-13 13:30:00-04:00,75.2300033569336,75.2699966430664,75.19000244140625,75.19000244140625,75.19000244140625,20986
2023-03-13 13:35:00-04:00,75.18000030517578,75.44999694824219,75.16999816894531,75.4000015258789,75.4000015258789,36934
2023-03-13 13:40:00-04:00,75.41999816894531,75.58999633789062,75.33999633789062,75.55999755859375,75.55999755859375,31124
2023-03-13 13:45:00-04:00,75.5999984741211,75.5999984741211,75.43000030517578,75.45999908447266,75.45999908447266,25683
2023-03-13 13:50:00-04:00,75.44499969482422,75.49500274658203,75.38999938964844,75.41000366210938,75.41000366210938,22964
2023-03-13 13:55:00-04:00,75.37999725341797,75.5,75.29499816894531,75.3499984741211,75.3499984741211,25009
2023-03-13 14:00:00-04:00,75.29499816894531,75.44999694824219,75.25499725341797,75.33999633789062,75.33999633789062,34200
2023-03-13 14:05:00-04:00,75.33999633789062,75.41000366210938,75.1500015258789,75.20999908447266,75.20999908447266,27799
2023-03-13 14:10:00-04:00,75.19999694824219,75.27999877929688,75.08000183105469,75.08000183105469,75.08000183105469,26515
2023-03-13 14:15:00-04:00,75.0999984741211,75.28500366210938,75.0999984741211,75.1500015258789,75.1500015258789,36916
2023-03-13 14:20:00-04:00,75.1500015258789,75.16999816894531,75.06999969482422,75.16999816894531,75.16999816894531,18827
2023-03-13 14:25:00-04:00,75.22000122070312,75.23999786376953,75.04000091552734,75.09500122070312,75.09500122070312,29172
2023-03-13 14:30:00-04:00,75.11000061035156,75.2699966430664,75.08000183105469,75.19999694824219,75.19999694824219,25064
2023-03-13 14:35:00-04:00,75.16999816894531,75.19000244140625,75.06999969482422,75.12000274658203,75.12000274658203,16104
2023-03-13 14:40:00-04:00,75.12999725341797,75.31999969482422,75.06999969482422,75.22000122070312,75.22000122070312,21524
2023-03-13 14:45:00-04:00,75.23999786376953,75.27999877929688,75.18000030517578,75.2300033569336,75.2300033569336,17478
2023-03-13 14:50:00-04:00,75.20999908447266,75.2699966430664,75.06999969482422,75.08999633789062,75.08999633789062,15256
2023-03-13 14:55:00-04:00,75.11000061035156,75.11000061035156,74.98999786376953,75.04000091552734,75.04000091552734,16884
2023-03-13 15:00:00-04:00,75.0,75.08999633789062,74.87000274658203,74.87999725341797,74.87999725341797,11781
2023-03-13 15:05:00-04:00,74.87000274658203,75.06999969482422,74.83000183105469,74.88500213623047,74.88500213623047,21208
2023-03-13 15:10:00-04:00,74.8656997680664,75.0,74.86499786376953,74.9800033569336,74.9800033569336,12357
2023-03-13 15:15:00-04:00,74.98999786376953,75.06999969482422,74.94999694824219,74.98999786376953,74.98999786376953,62453
2023-03-13 15:20:00-04:00,74.9800033569336,74.98999786376953,74.76499938964844,74.78500366210938,74.78500366210938,23501
2023-03-13 15:25:00-04:00,74.77999877929688,74.77999877929688,74.58000183105469,74.7699966430664,74.7699966430664,27467
2023-03-13 15:30:00-04:00,74.7699966430664,74.88999938964844,74.73500061035156,74.81999969482422,74.81999969482422,41975
2023-03-13 15:35:00-04:00,74.83000183105469,74.91999816894531,74.7699966430664,74.9000015258789,74.9000015258789,77703
2023-03-13 15:40:00-04:00,74.93000030517578,74.97039794921875,74.81999969482422,74.9000015258789,74.9000015258789,31301
2023-03-13 15:45:00-04:00,74.91999816894531,74.96499633789062,74.80500030517578,74.8499984741211,74.8499984741211,34268
2023-03-13 15:50:00-04:00,74.83999633789062,74.94999694824219,74.7699966430664,74.87999725341797,74.87999725341797,79077
2023-03-13 15:55:00-04:00,74.9000015258789,74.94000244140625,74.66999816894531,74.80000305175781,74.80000305175781,133665
2023-03-14 09:30:00-04:00,75.12000274658203,75.94989776611328,75.12000274658203,75.69999694824219,75.69999694824219,33848
2023-03-14 09:35:00-04:00,75.69000244140625,75.81999969482422,75.62999725341797,75.62999725341797,75.62999725341797,18312
2023-03-14 09:40:00-04:00,75.63999938964844,75.70999908447266,75.40499877929688,75.5199966430664,75.5199966430664,22213
2023-03-14 09:45:00-04:00,75.51000213623047,75.58000183105469,75.38999938964844,75.38999938964844,75.38999938964844,17492
2023-03-14 09:50:00-04:00,75.42500305175781,75.70999908447266,75.41999816894531,75.63999938964844,75.63999938964844,16795
2023-03-14 09:55:00-04:00,75.62999725341797,75.72000122070312,75.55999755859375,75.62999725341797,75.62999725341797,19358
2023-03-14 10:00:00-04:00,75.62000274658203,75.87999725341797,75.58000183105469,75.87999725341797,75.87999725341797,17194
2023-03-14 10:05:00-04:00,75.87000274658203,76.08999633789062,75.83999633789062,76.06999969482422,76.06999969482422,19332
2023-03-14 10:10:00-04:00,76.08999633789062,76.30000305175781,75.9124984741211,76.29000091552734,76.29000091552734,22210
2023-03-14 10:15:00-04:00,76.26000213623047,76.30999755859375,76.1500015258789,76.25,76.25,22295
2023-03-14 10:20:00-04:00,76.2750015258789,76.3550033569336,76.2699966430664,76.30999755859375,76.30999755859375,19948
2023-03-14 10:25:00-04:00,76.29000091552734,76.30000305175781,76.0999984741211,76.1500015258789,76.1500015258789,21807
2023-03-14 10:30:00-04:00,76.20999908447266,76.36000061035156,76.13999938964844,76.19999694824219,76.19999694824219,35037
2023-03-14 10:35:00-04:00,76.2300033569336,76.375,76.18000030517578,76.20999908447266,76.20999908447266,19233
2023-03-14 10:40:00-04:00,76.1500015258789,76.19000244140625,76.06999969482422,76.0999984741211,76.0999984741211,16822
2023-03-14 10:45:00-04:00,76.11000061035156,76.27999877929688,76.11000061035156,76.23500061035156,76.23500061035156,15398
2023-03-14 10:50:00-04:00,76.24500274658203,76.33000183105469,76.22000122070312,76.27999877929688,76.27999877929688,17881
2023-03-14 10:55:00-04:00,76.2699966430664,76.35140228271484,76.26000213623047,76.30000305175781,76.30000305175781,16712
2023-03-14 11:00:00-04:00,76.31999969482422,76.37999725341797,76.23500061035156,76.3499984741211,76.3499984741211,14568
2023-03-14 11:05:00-04:00,76.3550033569336,76.58000183105469,76.3499984741211,76.51499938964844,76.51499938964844,144869
2023-03-14 11:10:00-04:00,76.54000091552734,76.55999755859375,76.29000091552734,76.37000274658203,76.37000274658203,24462
2023-03-14 11:15:00-04:00,76.37999725341797,76.41000366210938,76.30000305175781,76.375,76.375,11756
2023-03-14 11:20:00-04:00,76.37000274658203,76.37999725341797,76.25,76.2699966430664,76.2699966430664,10680
2023-03-14 11:25:00-04:00,76.2699966430664,76.33499908447266,76.16500091552734,76.16500091552734,76.16500091552734,15443
2023-03-14 11:30:00-04:00,76.1500015258789,76.26000213623047,76.13500213623047,76.19999694824219,76.19999694824219,16473
2023-03-14 11:35:00-04:00,76.19000244140625,76.2249984741211,76.11000061035156,76.16999816894531,76.16999816894531,12856
2023-03-14 11:40:00-04:00,76.18000030517578,76.18000030517578,76.08999633789062,76.1500015258789,76.1500015258789,37337
2023-03-14 11:45:00-04:00,76.1449966430664,76.1449966430664,76.0,76.04000091552734,76.04000091552734,19790
2023-03-14 11:50:00-04:00,76.05999755859375,76.19000244140625,76.05999755859375,76.16000366210938,76.16000366210938,13207
2023-03-14 11:55:00-04:00,76.18499755859375,76.19999694824219,76.11000061035156,76.13999938964844,76.13999938964844,14088
2023-03-14 12:00:00-04:00,76.1500015258789,76.16000366210938,76.05999755859375,76.08000183105469,76.08000183105469,14469
2023-03-14 12:05:00-04:00,76.06700134277344,76.1449966430664,76.04000091552734,76.11000061035156,76.11000061035156,14903
2023-03-14 12:10:00-04:00,76.12999725341797,76.18000030517578,76.06999969482422,76.12999725341797,76.12999725341797,14057
2023-03-14 12:15:00-04:00,76.12000274658203,76.16000366210938,76.06999969482422,76.12999725341797,76.12999725341797,17198
2023-03-14 12:20:00-04:00,76.12999725341797,76.18499755859375,76.08000183105469,76.11000061035156,76.11000061035156,12854
2023-03-14 12:25:00-04:00,76.0999984741211,76.0999984741211,75.94920349121094,75.94999694824219,75.94999694824219,14511
2023-03-14 12:30:00-04:00,75.94999694824219,76.06999969482422,75.91999816894531,76.05999755859375,76.05999755859375,14439
2023-03-14 12:35:00-04:00,76.06999969482422,76.16000366210938,76.04000091552734,76.12999725341797,76.12999725341797,18587
2023-03-14 12:40:00-04:00,76.1500015258789,76.1500015258789,76.02999877929688,76.1500015258789,76.1500015258789,13769
2023-03-14 12:45:00-04:00,76.1500015258789,76.23999786376953,76.13999938964844,76.22000122070312,76.22000122070312,14039
2023-03-14 12:50:00-04:00,76.22000122070312,76.2300033569336,76.08000183105469,76.12000274658203,76.12000274658203,14858
2023-03-14 12:55:00-04:00,76.12000274658203,76.1500015258789,76.06999969482422,76.11000061035156,76.11000061035156,13745
2023-03-14 13:00:00-04:00,76.1050033569336,76.12999725341797,75.94000244140625,75.94000244140625,75.94000244140625,12179
2023-03-14 13:05:00-04:00,75.91999816894531,75.91999816894531,75.7300033569336,75.76000213623047,75.76000213623047,13370
2023-03-14 13:10:00-04:00,75.73999786376953,75.75,75.55000305175781,75.55999755859375,75.55999755859375,16452
2023-03-14 13:15:00-04:00,75.54000091552734,75.62000274658203,75.41000366210938,75.52999877929688,75.52999877929688,17442
2023-03-14 13:20:00-04:00,75.5199966430664,75.5199966430664,75.31999969482422,75.48999786376953,75.48999786376953,16686
2023-03-14 13:25:00-04:00,75.5250015258789,75.56800079345703,75.43000030517578,75.43000030517578,75.43000030517578,19537
2023-03-14 13:30:00-04:00,75.37999725341797,75.4000015258789,75.33000183105469,75.3550033569336,75.3550033569336,14959
2023-03-14 13:35:00-04:00,75.37000274658203,75.43299865722656,75.3550033569336,75.41999816894531,75.41999816894531,15665
2023-03-14 13:40:00-04:00,75.41000366210938,75.41999816894531,75.20500183105469,75.22000122070312,75.22000122070312,12432
2023-03-14 13:45:00-04:00,75.19999694824219,75.30000305175781,75.19999694824219,75.23999786376953,75.23999786376953,12523
2023-03-14 13:50:00-04:00,75.2699966430664,75.29000091552734,75.18000030517578,75.2699966430664,75.2699966430664,14136
2023-03-14 13:55:00-04:00,75.25,75.33999633789062,75.19999694824219,75.33999633789062,75.33999633789062,14200
2023-03-14 14:00:00-04:00,75.3499984741211,75.48999786376953,75.3499984741211,75.4000015258789,75.4000015258789,16294
2023-03-14 14:05:00-04:00,75.41000366210938,75.44999694824219,75.29000091552734,75.38999938964844,75.38999938964844,14286
2023-03-14 14:10:00-04:00,75.39350128173828,75.45999908447266,75.37999725341797,75.38999938964844,75.38999938964844,12007
2023-03-14 14:15:00-04:00,75.37010192871094,75.38999938964844,75.20999908447266,75.26000213623047,75.26000213623047,15219
2023-03-14 14:20:00-04:00,75.25,75.27999877929688,75.16000366210938,75.2300033569336,75.2300033569336,12679
2023-03-14 14:25:00-04:00,75.20999908447266,75.47000122070312,75.20999908447266,75.43499755859375,75.43499755859375,13494
2023-03-14 14:30:00-04:00,75.41799926757812,75.5199966430664,75.4000015258789,75.47000122070312,75.47000122070312,14277
2023-03-14 14:35:00-04:00,75.47000122070312,75.48999786376953,75.41999816894531,75.44999694824219,75.44999694824219,12465
2023-03-14 14:40:00-04:00,75.47000122070312,75.47000122070312,75.37000274658203,75.43000030517578,75.43000030517578,12364
2023-03-14 14:45:00-04:00,75.44000244140625,75.6500015258789,75.44000244140625,75.55000305175781,75.55000305175781,14288
2023-03-14 14:50:00-04:00,75.54000091552734,75.63500213623047,75.50499725341797,75.58000183105469,75.58000183105469,15730
2023-03-14 14:55:00-04:00,75.55000305175781,75.55999755859375,75.41999816894531,75.44000244140625,75.44000244140625,13436
2023-03-14 15:00:00-04:00,75.45999908447266,75.61000061035156,75.45999908447266,75.48999786376953,75.48999786376953,19319
2023-03-14 15:05:00-04:00,75.48999786376953,75.54499816894531,75.3499984741211,75.38999938964844,75.38999938964844,17343
2023-03-14 15:10:00-04:00,75.38999938964844,75.38999938964844,75.29000091552734,75.30000305175781,75.30000305175781,20882
2023-03-14 15:15:00-04:00,75.30000305175781,75.4800033569336,75.29000091552734,75.44999694824219,75.44999694824219,23899
2023-03-14 15:20:00-04:00,75.47000122070312,75.47000122070312,75.24099731445312,75.26000213623047,75.26000213623047,78881
2023-03-14 15:25:00-04:00,75.26000213623047,75.46829986572266,75.26000213623047,75.45999908447266,75.45999908447266,23573
2023-03-14 15:30:00-04:00,75.45099639892578,75.6449966430664,75.45099639892578,75.63999938964844,75.63999938964844,65337
2023-03-14 15:35:00-04:00,75.6500015258789,75.80000305175781,75.6500015258789,75.66000366210938,75.66000366210938,31563
2023-03-14 15:40:00-04:00,75.66999816894531,75.75,75.62999725341797,75.69000244140625,75.69000244140625,37767
2023-03-14 15:45:00-04:00,75.69999694824219,75.76000213623047,75.5999984741211,75.74500274658203,75.74500274658203,93476
2023-03-14 15:50:00-04:00,75.76000213623047,75.90499877929688,75.68000030517578,75.73999786376953,75.73999786376953,185956
2023-03-14 15:55:00-04:00,75.75,76.01000213623047,75.75,75.91000366210938,75.91000366210938,167957
2023-03-15 09:30:00-04:00,75.80000305175781,75.83999633789062,75.1500015258789,75.68000030517578,75.68000030517578,29776
2023-03-15 09:35:00-04:00,75.62999725341797,75.93000030517578,75.38500213623047,75.93000030517578,75.93000030517578,14317
2023-03-15 09:40:00-04:00,75.9800033569336,76.4000015258789,75.9800033569336,76.37999725341797,76.37999725341797,9683
2023-03-15 09:45:00-04:00,76.41000366210938,76.5999984741211,76.3499984741211,76.58000183105469,76.58000183105469,21090
2023-03-15 09:50:00-04:00,76.55000305175781,76.7300033569336,76.42500305175781,76.69000244140625,76.69000244140625,14192
2023-03-15 09:55:00-04:00,76.66000366210938,76.66999816894531,76.08999633789062,76.11000061035156,76.11000061035156,16735
2023-03-15 10:00:00-04:00,76.11000061035156,76.20999908447266,75.93000030517578,76.20999908447266,76.20999908447266,18176
2023-03-15 10:05:00-04:00,76.26000213623047,76.7300033569336,76.2300033569336,76.5999984741211,76.5999984741211,17655
2023-03-15 10:10:00-04:00,76.63999938964844,76.75,76.55999755859375,76.58999633789062,76.58999633789062,15338
2023-03-15 10:15:00-04:00,76.48999786376953,76.52999877929688,76.33999633789062,76.52999877929688,76.52999877929688,11828
2023-03-15 10:20:00-04:00,76.55000305175781,76.6500015258789,76.5,76.56999969482422,76.56999969482422,16310
2023-03-15 10:25:00-04:00,76.54499816894531,76.58000183105469,76.30000305175781,76.33999633789062,76.33999633789062,30665
2023-03-15 10:30:00-04:00,76.3499984741211,76.55999755859375,76.30000305175781,76.44000244140625,76.44000244140625,44810
2023-03-15 10:35:00-04:00,76.41000366210938,76.5999984741211,76.3499984741211,76.54499816894531,76.54499816894531,16923
2023-03-15 10:40:00-04:00,76.55999755859375,76.55999755859375,76.3499984741211,76.41000366210938,76.41000366210938,19832
2023-03-15 10:45:00-04:00,76.4000015258789,76.62999725341797,76.38999938964844,76.61000061035156,76.61000061035156,30055
2023-03-15 10:50:00-04:00,76.62999725341797,76.88999938964844,76.5,76.87000274658203,76.87000274658203,39721
2023-03-15 10:55:00-04:00,76.87999725341797,77.08999633789062,76.86000061035156,76.94000244140625,76.94000244140625,38070
2023-03-15 11:00:00-04:00,76.95999908447266,77.12999725341797,76.86000061035156,76.88999938964844,76.88999938964844,25191
2023-03-15 11:05:00-04:00,76.87999725341797,76.98999786376953,76.83999633789062,76.94000244140625,76.94000244140625,26399
2023-03-15 11:10:00-04:00,76.91999816894531,76.94000244140625,76.77999877929688,76.84500122070312,76.84500122070312,21558
2023-03-15 11:15:00-04:00,76.81999969482422,76.86000061035156,76.66000366210938,76.72000122070312,76.72000122070312,20667
2023-03-15 11:20:00-04:00,76.70500183105469,76.76000213623047,76.4800033569336,76.54000091552734,76.54000091552734,29637
2023-03-15 11:25:00-04:00,76.54000091552734,76.66110229492188,76.5199966430664,76.59500122070312,76.59500122070312,20162
2023-03-15 11:30:00-04:00,76.62999725341797,76.69999694824219,76.62000274658203,76.68000030517578,76.68000030517578,14380
2023-03-15 11:35:00-04:00,76.66999816894531,76.72000122070312,76.54000091552734,76.54000091552734,76.54000091552734,13595
2023-03-15 11:40:00-04:00,76.55999755859375,76.80000305175781,76.55999755859375,76.74500274658203,76.74500274658203,13924
2023-03-15 11:45:00-04:00,76.7300033569336,76.86499786376953,76.62000274658203,76.69000244140625,76.69000244140625,20298
2023-03-15 11:50:00-04:00,76.68000030517578,76.68000030517578,76.55999755859375,76.63999938964844,76.63999938964844,12409
2023-03-15 11:55:00-04:00,76.72000122070312,76.82420349121094,76.63999938964844,76.80000305175781,76.80000305175781,13746
2023-03-15 12:00:00-04:00,76.80999755859375,76.87000274658203,76.62999725341797,76.66000366210938,76.66000366210938,11169
2023-03-15 12:05:00-04:00,76.58000183105469,76.66999816894531,76.57499694824219,76.6500015258789,76.6500015258789,8758
2023-03-15 12:10:00-04:00,76.7300033569336,76.77999877929688,76.62999725341797,76.77999877929688,76.77999877929688,20583
2023-03-15 12:15:00-04:00,76.7699966430664,76.93000030517578,76.7699966430664,76.83000183105469,76.83000183105469,15367
2023-03-15 12:20:00-04:00,76.83000183105469,76.94000244140625,76.81999969482422,76.94000244140625,76.94000244140625,17407
2023-03-15 12:25:00-04:00,76.92500305175781,77.0,76.83499908447266,76.94999694824219,76.94999694824219,12937
2023-03-15 12:30:00-04:00,76.98999786376953,77.20999908447266,76.97000122070312,77.13500213623047,77.13500213623047,10931
2023-03-15 12:35:00-04:00,77.0999984741211,77.19000244140625,77.05000305175781,77.18000030517578,77.18000030517578,16519
2023-03-15 12:40:00-04:00,77.17500305175781,77.17500305175781,77.01499938964844,77.04499816894531,77.04499816894531,16551
2023-03-15 12:45:00-04:00,77.04000091552734,77.08999633789062,76.98999786376953,77.02999877929688,77.02999877929688,12939
2023-03-15 12:50:00-04:00,77.0199966430664,77.0199966430664,76.77999877929688,76.77999877929688,76.77999877929688,11350
2023-03-15 12:55:00-04:00,76.75,76.7699966430664,76.62999725341797,76.62999725341797,76.62999725341797,19839
2023-03-15 13:00:00-04:00,76.61000061035156,76.63999938964844,76.5,76.58999633789062,76.58999633789062,26133
2023-03-15 13:05:00-04:00,76.59500122070312,76.68000030517578,76.5,76.5,76.5,18226
2023-03-15 13:10:00-04:00,76.5,76.5999984741211,76.41999816894531,76.44000244140625,76.44000244140625,14587
2023-03-15 13:15:00-04:00,76.44999694824219,76.61000061035156,76.41500091552734,76.56999969482422,76.56999969482422,15090
2023-03-15 13:20:00-04:00,76.55000305175781,76.72000122070312,76.51000213623047,76.72000122070312,76.72000122070312,19937
2023-03-15 13:25:00-04:00,76.70999908447266,76.80999755859375,76.68000030517578,76.80000305175781,76.80000305175781,18451
2023-03-15 13:30:00-04:00,76.7699966430664,76.7699966430664,76.55999755859375,76.66999816894531,76.66999816894531,12929
2023-03-15 13:35:00-04:00,76.69000244140625,76.73999786376953,76.65499877929688,76.69000244140625,76.69000244140625,22654
2023-03-15 13:40:00-04:00,76.69000244140625,76.72000122070312,76.63999938964844,76.69999694824219,76.69999694824219,15322
2023-03-15 13:45:00-04:00,76.69000244140625,76.80000305175781,76.66999816894531,76.7300033569336,76.7300033569336,16693
2023-03-15 13:50:00-04:00,76.7300033569336,76.93000030517578,76.7300033569336,76.93000030517578,76.93000030517578,23967
2023-03-15 13:55:00-04:00,76.93000030517578,76.97000122070312,76.8499984741211,76.95999908447266,76.95999908447266,23210
2023-03-15 14:00:00-04:00,76.94000244140625,76.94000244140625,76.83000183105469,76.9000015258789,76.9000015258789,12451
2023-03-15 14:05:00-04:00,76.88999938964844,76.94499969482422,76.81500244140625,76.93000030517578,76.93000030517578,16201
2023-03-15 14:10:00-04:00,76.93000030517578,77.02999877929688,76.93000030517578,77.02999877929688,77.02999877929688,10292
2023-03-15 14:15:00-04:00,77.0,77.33999633789062,76.97000122070312,77.30500030517578,77.30500030517578,28919
2023-03-15 14:20:00-04:00,77.30999755859375,77.36000061035156,77.16000366210938,77.33000183105469,77.33000183105469,26727
2023-03-15 14:25:00-04:00,77.31999969482422,77.63999938964844,77.31500244140625,77.3499984741211,77.3499984741211,28385
2023-03-15 14:30:00-04:00,77.37000274658203,77.42500305175781,77.23999786376953,77.41000366210938,77.41000366210938,21981
2023-03-15 14:35:00-04:00,77.37000274658203,77.5,77.33999633789062,77.3550033569336,77.3550033569336,15993
2023-03-15 14:40:00-04:00,77.3499984741211,77.38999938964844,77.2699966430664,77.33000183105469,77.33000183105469,17757
2023-03-15 14:45:00-04:00,77.33999633789062,77.33999633789062,76.93499755859375,76.94000244140625,76.94000244140625,32594
2023-03-15 14:50:00-04:00,76.93000030517578,77.05500030517578,76.87999725341797,76.9800033569336,76.9800033569336,34578
2023-03-15 14:55:00-04:00,76.95999908447266,77.01499938964844,76.87999725341797,76.94000244140625,76.94000244140625,12799
2023-03-15 15:00:00-04:00,76.98500061035156,77.0199966430664,76.76000213623047,76.81500244140625,76.81500244140625,14139
2023-03-15 15:05:00-04:00,76.79000091552734,76.91500091552734,76.66999816894531,76.66999816894531,76.66999816894531,41519
2023-03-15 15:10:00-04:00,76.66000366210938,76.9000015258789,76.62999725341797,76.81999969482422,76.81999969482422,21054
2023-03-15 15:15:00-04:00,76.83999633789062,76.9800033569336,76.83999633789062,76.91000366210938,76.91000366210938,21143
2023-03-15 15:20:00-04:00,76.87999725341797,77.12999725341797,76.87999725341797,77.06999969482422,77.06999969482422,24231
2023-03-15 15:25:00-04:00,77.05999755859375,77.18000030517578,77.01000213623047,77.05000305175781,77.05000305175781,21121
2023-03-15 15:30:00-04:00,77.04000091552734,77.12000274658203,76.98999786376953,77.00499725341797,77.00499725341797,22187
2023-03-15 15:35:00-04:00,77.01000213623047,77.01000213623047,76.74500274658203,76.87000274658203,76.87000274658203,27661
2023-03-15 15:40:00-04:00,76.83999633789062,76.9000015258789,76.70999908447266,76.88999938964844,76.88999938964844,25099
2023-03-15 15:45:00-04:00,76.88999938964844,76.94999694824219,76.77999877929688,76.83999633789062,76.83999633789062,43004
2023-03-15 15:50:00-04:00,76.83000183105469,76.84500122070312,76.61000061035156,76.66999816894531,76.66999816894531,125627
2023-03-15 15:55:00-04:00,76.68000030517578,76.875,76.65499877929688,76.83000183105469,76.83000183105469,270834
2023-03-16 09:30:00-04:00,76.5199966430664,76.87999725341797,76.26000213623047,76.8499984741211,76.8499984741211,19996
2023-03-16 09:35:00-04:00,76.88999938964844,76.88999938964844,76.42500305175781,76.5875015258789,76.5875015258789,14346
2023-03-16 09:40:00-04:00,76.58999633789062,76.9800033569336,76.50499725341797,76.66500091552734,76.66500091552734,15348
2023-03-16 09:45:00-04:00,76.69000244140625,76.9800033569336,76.69000244140625,76.88999938964844,76.88999938964844,27316
2023-03-16 09:50:00-04:00,76.97000122070312,76.98999786376953,76.66000366210938,76.79000091552734,76.79000091552734,15947
2023-03-16 09:55:00-04:00,76.73999786376953,76.95999908447266,76.66069793701172,76.87000274658203,76.87000274658203,10184
2023-03-16 10:00:00-04:00,76.86000061035156,76.93000030517578,76.78489685058594,76.83000183105469,76.83000183105469,11281
2023-03-16 10:05:00-04:00,76.83000183105469,76.86000061035156,76.63500213623047,76.67500305175781,76.67500305175781,44444
2023-03-16 10:10:00-04:00,76.66999816894531,76.70999908447266,76.41999816894531,76.54000091552734,76.54000091552734,20150
2023-03-16 10:15:00-04:00,76.56999969482422,76.81999969482422,76.56999969482422,76.76000213623047,76.76000213623047,29764
2023-03-16 10:20:00-04:00,76.69000244140625,76.83000183105469,76.58999633789062,76.81500244140625,76.81500244140625,9974
2023-03-16 10:25:00-04:00,76.80000305175781,76.9000015258789,76.79000091552734,76.86000061035156,76.86000061035156,11800
2023-03-16 10:30:00-04:00,76.83999633789062,76.93000030517578,76.83000183105469,76.9000015258789,76.9000015258789,10904
2023-03-16 10:35:00-04:00,76.87000274658203,76.89600372314453,76.7699966430664,76.77999877929688,76.77999877929688,11000
2023-03-16 10:40:00-04:00,76.78500366210938,76.94999694824219,76.78500366210938,76.88999938964844,76.88999938964844,23746
2023-03-16 10:45:00-04:00,76.88999938964844,77.01000213623047,76.80000305175781,76.91999816894531,76.91999816894531,24178
2023-03-16 10:50:00-04:00,76.87999725341797,77.05000305175781,76.80999755859375,77.02999877929688,77.02999877929688,18821
2023-03-16 10:55:00-04:00,77.05000305175781,77.27999877929688,77.05000305175781,77.1050033569336,77.1050033569336,17417
2023-03-16 11:00:00-04:00,77.12000274658203,77.12999725341797,77.0199966430664,77.11000061035156,77.11000061035156,12206
2023-03-16 11:05:00-04:00,77.12000274658203,77.33000183105469,77.08999633789062,77.2699966430664,77.2699966430664,20068
2023-03-16 11:10:00-04:00,77.26000213623047,77.4800033569336,77.16999816894531,77.45999908447266,77.45999908447266,21713
2023-03-16 11:15:00-04:00,77.47000122070312,77.5999984741211,77.4301986694336,77.59750366210938,77.59750366210938,37879
2023-03-16 11:20:00-04:00,77.62000274658203,77.7300033569336,77.56999969482422,77.56999969482422,77.56999969482422,28881
2023-03-16 11:25:00-04:00,77.55999755859375,77.79000091552734,77.54000091552734,77.72000122070312,77.72000122070312,32958
2023-03-16 11:30:00-04:00,77.75,77.81999969482422,77.63999938964844,77.6500015258789,77.6500015258789,35583
2023-03-16 11:35:00-04:00,77.63999938964844,77.7699966430664,77.63999938964844,77.66000366210938,77.66000366210938,13896
2023-03-16 11:40:00-04:00,77.66500091552734,77.87999725341797,77.66500091552734,77.80999755859375,77.80999755859375,13681
2023-03-16 11:45:00-04:00,77.80000305175781,77.80000305175781,77.52999877929688,77.54000091552734,77.54000091552734,11737
2023-03-16 11:50:00-04:00,77.5199966430664,77.54000091552734,77.4260025024414,77.4260025024414,77.4260025024414,15555
2023-03-16 11:55:00-04:00,77.43000030517578,77.47000122070312,77.30999755859375,77.30999755859375,77.30999755859375,19574
2023-03-16 12:00:00-04:00,77.29000091552734,77.30000305175781,76.82499694824219,76.83999633789062,76.83999633789062,18209
2023-03-16 12:05:00-04:00,76.81999969482422,77.02999877929688,76.79000091552734,76.97000122070312,76.97000122070312,42549
2023-03-16 12:10:00-04:00,76.94000244140625,77.01000213623047,76.93499755859375,77.01000213623047,77.01000213623047,6272
2023-03-16 12:15:00-04:00,77.0363998413086,77.0999984741211,76.98999786376953,77.01000213623047,77.01000213623047,9747
2023-03-16 12:20:00-04:00,77.02999877929688,77.04000091552734,76.95999908447266,76.95999908447266,76.95999908447266,13464
2023-03-16 12:25:00-04:00,76.97000122070312,77.05999755859375,76.93000030517578,76.94999694824219,76.94999694824219,19378
2023-03-16 12:30:00-04:00,76.93000030517578,76.93000030517578,76.6449966430664,76.73500061035156,76.73500061035156,17493
2023-03-16 12:35:00-04:00,76.7300033569336,76.7750015258789,76.54499816894531,76.68499755859375,76.68499755859375,13103
2023-03-16 12:40:00-04:00,76.69499969482422,76.72000122070312,76.30000305175781,76.3499984741211,76.3499984741211,17307
2023-03-16 12:45:00-04:00,76.40499877929688,76.54000091552734,76.40499877929688,76.5199966430664,76.5199966430664,11399
2023-03-16 12:50:00-04:00,76.55000305175781,76.72000122070312,76.37999725341797,76.4000015258789,76.4000015258789,33417
2023-03-16 12:55:00-04:00,76.43000030517578,76.52999877929688,76.38999938964844,76.45999908447266,76.45999908447266,13290
2023-03-16 13:00:00-04:00,76.44000244140625,76.66999816894531,76.41000366210938,76.62999725341797,76.62999725341797,15332
2023-03-16 13:05:00-04:00,76.63999938964844,76.68000030517578,76.55999755859375,76.55999755859375,76.55999755859375,11724
2023-03-16 13:10:00-04:00,76.56999969482422,76.66999816894531,76.54000091552734,76.56999969482422,76.56999969482422,10434
2023-03-16 13:15:00-04:00,76.55000305175781,76.56500244140625,76.37000274658203,76.41000366210938,76.41000366210938,14606
2023-03-16 13:20:00-04:00,76.43000030517578,76.51000213623047,76.4000015258789,76.44000244140625,76.44000244140625,16386
2023-03-16 13:25:00-04:00,76.43499755859375,76.47000122070312,76.37000274658203,76.45999908447266,76.45999908447266,15361
2023-03-16 13:30:00-04:00,76.45999908447266,76.52999877929688,76.38999938964844,76.44000244140625,76.44000244140625,13973
2023-03-16 13:35:00-04:00,76.43499755859375,76.58000183105469,76.43499755859375,76.56999969482422,76.56999969482422,17705
2023-03-16 13:40:00-04:00,76.56999969482422,76.69000244140625,76.56999969482422,76.66000366210938,76.66000366210938,15693
2023-03-16 13:45:00-04:00,76.66000366210938,76.73999786376953,76.58999633789062,76.7300033569336,76.7300033569336,16330
2023-03-16 13:50:00-04:00,76.73999786376953,76.86499786376953,76.66000366210938,76.86000061035156,76.86000061035156,17177
2023-03-16 13:55:00-04:00,76.88500213623047,76.88500213623047,76.73999786376953,76.83999633789062,76.83999633789062,13895
2023-03-16 14:00:00-04:00,76.86000061035156,76.87999725341797,76.58999633789062,76.69999694824219,76.69999694824219,74779
2023-03-16 14:05:00-04:00,76.63500213623047,76.73999786376953,76.52999877929688,76.66999816894531,76.66999816894531,40688
2023-03-16 14:10:00-04:00,76.68000030517578,76.68000030517578,76.52999877929688,76.54000091552734,76.54000091552734,15445
2023-03-16 14:15:00-04:00,76.54000091552734,76.58000183105469,76.47000122070312,76.56999969482422,76.56999969482422,22206
2023-03-16 14:20:00-04:00,76.56999969482422,76.58999633789062,76.37999725341797,76.43000030517578,76.43000030517578,31291
2023-03-16 14:25:00-04:00,76.41999816894531,76.47000122070312,76.4000015258789,76.44000244140625,76.44000244140625,25065
2023-03-16 14:30:00-04:00,76.44000244140625,76.44000244140625,76.27999877929688,76.33999633789062,76.33999633789062,18235
2023-03-16 14:35:00-04:00,76.31999969482422,76.44000244140625,76.31500244140625,76.41000366210938,76.41000366210938,15910
2023-03-16 14:40:00-04:00,76.42500305175781,76.58000183105469,76.42500305175781,76.55999755859375,76.55999755859375,15183
2023-03-16 14:45:00-04:00,76.54000091552734,76.68000030517578,76.54000091552734,76.62999725341797,76.62999725341797,15697
2023-03-16 14:50:00-04:00,76.63999938964844,76.69000244140625,76.55999755859375,76.66000366210938,76.66000366210938,13379
2023-03-16 14:55:00-04:00,76.68000030517578,76.91999816894531,76.68000030517578,76.91999816894531,76.91999816894531,17838
2023-03-16 15:00:00-04:00,76.91999816894531,76.95999908447266,76.77999877929688,76.86000061035156,76.86000061035156,25783
2023-03-16 15:05:00-04:00,76.8499984741211,76.87000274658203,76.69000244140625,76.69999694824219,76.69999694824219,12815
2023-03-16 15:10:00-04:00,76.69000244140625,76.76000213623047,76.63999938964844,76.63999938964844,76.63999938964844,11197
2023-03-16 15:15:00-04:00,76.62000274658203,76.69999694824219,76.5999984741211,76.61000061035156,76.61000061035156,13510
2023-03-16 15:20:00-04:00,76.5999984741211,76.66000366210938,76.54000091552734,76.58999633789062,76.58999633789062,22360
2023-03-16 15:25:00-04:00,76.58999633789062,76.66999816894531,76.49500274658203,76.63999938964844,76.63999938964844,17254
2023-03-16 15:30:00-04:00,76.63500213623047,76.68000030517578,76.56999969482422,76.62999725341797,76.62999725341797,22006
2023-03-16 15:35:00-04:00,76.59010314941406,76.66000366210938,76.4800033569336,76.58999633789062,76.58999633789062,20121
2023-03-16 15:40:00-04:00,76.58000183105469,76.7300033569336,76.55000305175781,76.7300033569336,76.7300033569336,24525
2023-03-16 15:45:00-04:00,76.7300033569336,76.7300033569336,76.57499694824219,76.69000244140625,76.69000244140625,40755
2023-03-16 15:50:00-04:00,76.73999786376953,76.81999969482422,76.6500015258789,76.72000122070312,76.72000122070312,64806
2023-03-16 15:55:00-04:00,76.70999908447266,76.83000183105469,76.6449966430664,76.81999969482422,76.81999969482422,137614
2023-03-17 09:30:00-04:00,76.43000030517578,76.93000030517578,76.19999694824219,76.7300033569336,76.7300033569336,16301
2023-03-17 09:35:00-04:00,76.75,76.75,76.19000244140625,76.27999877929688,76.27999877929688,30240
2023-03-17 09:40:00-04:00,76.29000091552734,76.62999725341797,76.25,76.56999969482422,76.56999969482422,25000
2023-03-17 09:45:00-04:00,76.53500366210938,76.76000213623047,76.41000366210938,76.54000091552734,76.54000091552734,26955
2023-03-17 09:50:00-04:00,76.51000213623047,76.55999755859375,76.22000122070312,76.26499938964844,76.26499938964844,13316
2023-03-17 09:55:00-04:00,76.23999786376953,76.37999725341797,76.20850372314453,76.22000122070312,76.22000122070312,13853
2023-03-17 10:00:00-04:00,76.30999755859375,76.38500213623047,76.26000213623047,76.29000091552734,76.29000091552734,13811
2023-03-17 10:05:00-04:00,76.2699966430664,76.27999877929688,75.83999633789062,75.86000061035156,75.86000061035156,13645
2023-03-17 10:10:00-04:00,75.81999969482422,75.81999969482422,75.5199966430664,75.66999816894531,75.66999816894531,19585
2023-03-17 10:15:00-04:00,75.79499816894531,75.92539978027344,75.76000213623047,75.83000183105469,75.83000183105469,21617
2023-03-17 10:20:00-04:00,75.80999755859375,75.80999755859375,75.45999908447266,75.45999908447266,75.45999908447266,23151
2023-03-17 10:25:00-04:00,75.44000244140625,75.63999938964844,75.37999725341797,75.62999725341797,75.62999725341797,19645
2023-03-17 10:30:00-04:00,75.66999816894531,75.7300033569336,75.61000061035156,75.63999938964844,75.63999938964844,16436
2023-03-17 10:35:00-04:00,75.62000274658203,75.80000305175781,75.58999633789062,75.79000091552734,75.79000091552734,21407
2023-03-17 10:40:00-04:00,75.79000091552734,75.87999725341797,75.7300033569336,75.76000213623047,75.76000213623047,38088
2023-03-17 10:45:00-04:00,75.7699966430664,75.93000030517578,75.76499938964844,75.82499694824219,75.82499694824219,22451
2023-03-17 10:50:00-04:00,75.84500122070312,75.84500122070312,75.52999877929688,75.70999908447266,75.70999908447266,33133
2023-03-17 10:55:00-04:00,75.70999908447266,75.73999786376953,75.63999938964844,75.66999816894531,75.66999816894531,23416
2023-03-17 11:00:00-04:00,75.66000366210938,75.8499984741211,75.66000366210938,75.77999877929688,75.77999877929688,20501
2023-03-17 11:05:00-04:00,75.80000305175781,75.94000244140625,75.77999877929688,75.9000015258789,75.9000015258789,11182
2023-03-17 11:10:00-04:00,75.87999725341797,75.91000366210938,75.83000183105469,75.91000366210938,75.91000366210938,14145
2023-03-17 11:15:00-04:00,75.9198989868164,76.0,75.88999938964844,75.90499877929688,75.90499877929688,29273
2023-03-17 11:20:00-04:00,75.93000030517578,76.0,75.88999938964844,75.94999694824219,75.94999694824219,14924
2023-03-17 11:25:00-04:00,75.94999694824219,75.94999694824219,75.83000183105469,75.91000366210938,75.91000366210938,9559
2023-03-17 11:30:00-04:00,75.91000366210938,76.1500015258789,75.9000015258789,76.13999938964844,76.13999938964844,14940
2023-03-17 11:35:00-04:00,76.13500213623047,76.19999694824219,75.9800033569336,76.0,76.0,16652
2023-03-17 11:40:00-04:00,76.05999755859375,76.06999969482422,75.94999694824219,76.0199966430664,76.0199966430664,9615
2023-03-17 11:45:00-04:00,76.01750183105469,76.1500015258789,76.01000213623047,76.08999633789062,76.08999633789062,15094
2023-03-17 11:50:00-04:00,76.11000061035156,76.1500015258789,76.05000305175781,76.05000305175781,76.05000305175781,10295
2023-03-17 11:55:00-04:00,75.80000305175781,75.91000366210938,75.77999877929688,75.83000183105469,75.83000183105469,22008
2023-03-17 12:00:00-04:00,75.8375015258789,75.95999908447266,75.81999969482422,75.83000183105469,75.83000183105469,13926
2023-03-17 12:05:00-04:00,75.80000305175781,75.88999938964844,75.76000213623047,75.87999725341797,75.87999725341797,10957
2023-03-17 12:10:00-04:00,75.87000274658203,75.93000030517578,75.83999633789062,75.87999725341797,75.87999725341797,11466
2023-03-17 12:15:00-04:00,75.88999938964844,76.0,75.88999938964844,75.91999816894531,75.91999816894531,11706
2023-03-17 12:20:00-04:00,75.91999816894531,75.95999908447266,75.81999969482422,75.83999633789062,75.83999633789062,7895
2023-03-17 12:25:00-04:00,75.87000274658203,75.97000122070312,75.86000061035156,75.95999908447266,75.95999908447266,12883
2023-03-17 12:30:00-04:00,75.94999694824219,76.0999984741211,75.86000061035156,75.86000061035156,75.86000061035156,20762
2023-03-17 12:35:00-04:00,75.8499984741211,75.87000274658203,75.7699966430664,75.81999969482422,75.81999969482422,19019
2023-03-17 12:40:00-04:00,75.80000305175781,75.88999938964844,75.80000305175781,75.8499984741211,75.8499984741211,15018
2023-03-17 12:45:00-04:00,75.83999633789062,75.91000366210938,75.83000183105469,75.8499984741211,75.8499984741211,16664
2023-03-17 12:50:00-04:00,75.81999969482422,75.88999938964844,75.7699966430664,75.7699966430664,75.7699966430664,13189
2023-03-17 12:55:00-04:00,75.75499725341797,75.7699966430664,75.7300033569336,75.73999786376953,75.73999786376953,20617
2023-03-17 13:00:00-04:00,75.76000213623047,75.7750015258789,75.6050033569336,75.64859771728516,75.64859771728516,12274
2023-03-17 13:05:00-04:00,75.68000030517578,75.76000213623047,75.66000366210938,75.69999694824219,75.69999694824219,12203
2023-03-17 13:10:00-04:00,75.66000366210938,75.7300033569336,75.63999938964844,75.72000122070312,75.72000122070312,10988
2023-03-17 13:15:00-04:00,75.7300033569336,75.81999969482422,75.69000244140625,75.73999786376953,75.73999786376953,12468
2023-03-17 13:20:00-04:00,75.7300033569336,75.80000305175781,75.69999694824219,75.77999877929688,75.77999877929688,14610
2023-03-17 13:25:00-04:00,75.7699966430664,75.87000274658203,75.75,75.83999633789062,75.83999633789062,16941
2023-03-17 13:30:00-04:00,75.83000183105469,75.9800033569336,75.81999969482422,75.87000274658203,75.87000274658203,12436
2023-03-17 13:35:00-04:00,75.86000061035156,75.93000030517578,75.81500244140625,75.9000015258789,75.9000015258789,20907
2023-03-17 13:40:00-04:00,75.9000015258789,75.9800033569336,75.88999938964844,75.9000015258789,75.9000015258789,18220
2023-03-17 13:45:00-04:00,75.88999938964844,76.07499694824219,75.88999938964844,76.05999755859375,76.05999755859375,18680
2023-03-17 13:50:00-04:00,76.08000183105469,76.12000274658203,75.98999786376953,76.02999877929688,76.02999877929688,12038
2023-03-17 13:55:00-04:00,76.0199966430664,76.04000091552734,75.91999816894531,76.03040313720703,76.03040313720703,11206
2023-03-17 14:00:00-04:00,76.05000305175781,76.16999816894531,76.01000213623047,76.04000091552734,76.04000091552734,12989
2023-03-17 14:05:00-04:00,76.02999877929688,76.02999877929688,75.81999969482422,75.9000015258789,75.9000015258789,15684
2023-03-17 14:10:00-04:00,75.88999938964844,75.88999938964844,75.80000305175781,75.80000305175781,75.80000305175781,17433
2023-03-17 14:15:00-04:00,75.77999877929688,75.83499908447266,75.66999816894531,75.68000030517578,75.68000030517578,48493
2023-03-17 14:20:00-04:00,75.69000244140625,75.75,75.4800033569336,75.4800033569336,75.4800033569336,14896
2023-03-17 14:25:00-04:00,75.4800033569336,75.51000213623047,75.37000274658203,75.51000213623047,75.51000213623047,26266
2023-03-17 14:30:00-04:00,75.50499725341797,75.58999633789062,75.5,75.52999877929688,75.52999877929688,18400
2023-03-17 14:35:00-04:00,75.54000091552734,75.61000061035156,75.49019622802734,75.55000305175781,75.55000305175781,14487
2023-03-17 14:40:00-04:00,75.54000091552734,75.64089965820312,75.52999877929688,75.62000274658203,75.62000274658203,27912
2023-03-17 14:45:00-04:00,75.5999984741211,75.61080169677734,75.52999877929688,75.58999633789062,75.58999633789062,19673
2023-03-17 14:50:00-04:00,75.58000183105469,75.69000244140625,75.44999694824219,75.69000244140625,75.69000244140625,19592
2023-03-17 14:55:00-04:00,75.70999908447266,75.73999786376953,75.6500015258789,75.6500015258789,75.6500015258789,23994
2023-03-17 15:00:00-04:00,75.66000366210938,75.69000244140625,75.56999969482422,75.63999938964844,75.63999938964844,30020
2023-03-17 15:05:00-04:00,75.66000366210938,75.91999816894531,75.62999725341797,75.9000015258789,75.9000015258789,91515
2023-03-17 15:10:00-04:00,75.88999938964844,76.06999969482422,75.83999633789062,76.04000091552734,76.04000091552734,34584
2023-03-17 15:15:00-04:00,76.0199966430664,76.19000244140625,75.98999786376953,76.19000244140625,76.19000244140625,37002
2023-03-17 15:20:00-04:00,76.19999694824219,76.31999969482422,76.12999725341797,76.23999786376953,76.23999786376953,45894
2023-03-17 15:25:00-04:00,76.26000213623047,76.30000305175781,76.1500015258789,76.16999816894531,76.16999816894531,37337
2023-03-17 15:30:00-04:00,76.19000244140625,76.20999908447266,75.93000030517578,76.05999755859375,76.05999755859375,33753
2023-03-17 15:35:00-04:00,76.05000305175781,76.08499908447266,75.83000183105469,75.83000183105469,75.83000183105469,46679
2023-03-17 15:40:00-04:00,75.80999755859375,75.95999908447266,75.80999755859375,75.94000244140625,75.94000244140625,44562
2023-03-17 15:45:00-04:00,75.94999694824219,75.9800033569336,75.83999633789062,75.83999633789062,75.83999633789062,63767
2023-03-17 15:50:00-04:00,75.83000183105469,76.05000305175781,75.77999877929688,75.96499633789062,75.96499633789062,121696
2023-03-17 15:55:00-04:00,75.9800033569336,76.08999633789062,75.80000305175781,75.94000244140625,75.94000244140625,261315
2023-03-17 16:00:00-04:00,75.91000366210938,75.91000366210938,75.91000366210938,75.91000366210938,75.91000366210938,0
