,open,high,low,close,adjclose,volume,ticker
1991-08-15,3.8888890743255615,4.1666669845581055,3.8888890743255615,4.055555820465088,4.055555820465088,10640250,ZBRA
1991-08-16,4.0,4.111111164093018,3.944443941116333,4.0,4.0,2114550,ZBRA
1991-08-19,3.722222089767456,3.8333330154418945,3.555556058883667,3.777777910232544,3.777777910232544,1482750,ZBRA
1991-08-20,3.8333330154418945,3.8333330154418945,3.722222089767456,3.722222089767456,3.722222089767456,1048500,ZBRA
1991-08-21,3.777777910232544,4.055555820465088,3.777777910232544,4.0,4.0,1281150,ZBRA
1991-08-22,4.055555820465088,4.111111164093018,4.0,4.111111164093018,4.111111164093018,790650,ZBRA
1991-08-23,4.111111164093018,4.1666669845581055,4.0,4.111111164093018,4.111111164093018,800100,ZBRA
1991-08-26,4.055555820465088,4.194444179534912,4.0,4.0,4.0,526050,ZBRA
1991-08-27,4.0833330154418945,4.111111164093018,4.0,4.0,4.0,168750,ZBRA
1991-08-28,4.055555820465088,4.111111164093018,4.0,4.0,4.0,1263150,ZBRA
1991-08-29,4.055555820465088,4.1666669845581055,4.055555820465088,4.055555820465088,4.055555820465088,1110600,ZBRA
1991-08-30,4.055555820465088,4.222221851348877,4.055555820465088,4.111111164093018,4.111111164093018,50850,ZBRA
1991-09-03,4.1666669845581055,4.1666669845581055,4.055555820465088,4.055555820465088,4.055555820465088,342450,ZBRA
1991-09-04,4.055555820465088,4.1666669845581055,4.055555820465088,4.055555820465088,4.055555820465088,565200,ZBRA
1991-09-05,4.1666669845581055,4.1666669845581055,4.055555820465088,4.055555820465088,4.055555820465088,734400,ZBRA
1991-09-06,4.111111164093018,4.1666669845581055,3.8333330154418945,3.9166669845581055,3.9166669845581055,510300,ZBRA
1991-09-09,4.0,4.0,3.8333330154418945,3.944443941116333,3.944443941116333,25650,ZBRA
1991-09-10,3.8611109256744385,4.0,3.8333330154418945,3.8333330154418945,3.8333330154418945,476100,ZBRA
1991-09-11,3.9166669845581055,4.0,3.8333330154418945,3.9166669845581055,3.9166669845581055,246600,ZBRA
1991-09-12,4.0,4.0,3.8333330154418945,3.944443941116333,3.944443941116333,746100,ZBRA
1991-09-13,3.8333330154418945,4.0,3.8333330154418945,3.8333330154418945,3.8333330154418945,165600,ZBRA
1991-09-16,4.0,4.0,3.8333330154418945,3.972222089767456,3.972222089767456,230850,ZBRA
1991-09-17,4.0,4.0,3.8888890743255615,3.972222089767456,3.972222089767456,437850,ZBRA
1991-09-18,4.0,4.0,3.8888890743255615,3.9166669845581055,3.9166669845581055,199350,ZBRA
1991-09-19,3.8888890743255615,4.055555820465088,3.8888890743255615,3.944443941116333,3.944443941116333,216450,ZBRA
1991-09-20,3.944443941116333,4.111111164093018,3.944443941116333,4.055555820465088,4.055555820465088,127800,ZBRA
1991-09-23,4.1666669845581055,4.1666669845581055,4.055555820465088,4.1666669845581055,4.1666669845581055,137700,ZBRA
1991-09-24,4.055555820465088,4.1666669845581055,4.055555820465088,4.055555820465088,4.055555820465088,78300,ZBRA
1991-09-25,4.1666669845581055,4.1666669845581055,4.055555820465088,4.055555820465088,4.055555820465088,49050,ZBRA
1991-09-26,4.055555820465088,4.111111164093018,4.055555820465088,4.055555820465088,4.055555820465088,39150,ZBRA
1991-09-27,4.111111164093018,4.1666669845581055,4.055555820465088,4.055555820465088,4.055555820465088,37350,ZBRA
1991-09-30,4.1666669845581055,4.1666669845581055,3.8333330154418945,3.9166669845581055,3.9166669845581055,287550,ZBRA
1991-10-01,3.944443941116333,3.944443941116333,3.8333330154418945,3.8888890743255615,3.8888890743255615,99900,ZBRA
1991-10-02,3.8333330154418945,3.944443941116333,3.8333330154418945,3.944443941116333,3.944443941116333,20250,ZBRA
1991-10-03,3.8333330154418945,3.944443941116333,3.777777910232544,3.8888890743255615,3.8888890743255615,307800,ZBRA
1991-10-04,3.777777910232544,3.8888890743255615,3.6666669845581055,3.6666669845581055,3.6666669845581055,124200,ZBRA
1991-10-07,3.777777910232544,3.777777910232544,3.6111109256744385,3.722222089767456,3.722222089767456,514800,ZBRA
1991-10-08,3.6388890743255615,3.777777910232544,3.6111109256744385,3.6666669845581055,3.6666669845581055,103050,ZBRA
1991-10-09,3.777777910232544,3.777777910232544,3.6666669845581055,3.6666669845581055,3.6666669845581055,410850,ZBRA
1991-10-10,3.777777910232544,3.777777910232544,3.6666669845581055,3.722222089767456,3.722222089767456,310950,ZBRA
1991-10-11,3.777777910232544,3.777777910232544,3.6666669845581055,3.6666669845581055,3.6666669845581055,13950,ZBRA
1991-10-14,3.777777910232544,3.777777910232544,3.6666669845581055,3.6666669845581055,3.6666669845581055,22950,ZBRA
1991-10-15,3.6666669845581055,3.777777910232544,3.6111109256744385,3.6666669845581055,3.6666669845581055,142650,ZBRA
1991-10-16,3.555556058883667,3.722222089767456,3.5,3.722222089767456,3.722222089767456,255600,ZBRA
1991-10-17,3.6111109256744385,3.722222089767456,3.6111109256744385,3.6666669845581055,3.6666669845581055,517500,ZBRA
1991-10-18,3.722222089767456,3.722222089767456,3.6111109256744385,3.6111109256744385,3.6111109256744385,44100,ZBRA
1991-10-21,3.722222089767456,3.777777910232544,3.6111109256744385,3.777777910232544,3.777777910232544,109800,ZBRA
1991-10-22,3.6666669845581055,3.8888890743255615,3.6666669845581055,3.8611109256744385,3.8611109256744385,103050,ZBRA
1991-10-23,3.8888890743255615,3.8888890743255615,3.722222089767456,3.75,3.75,60300,ZBRA
1991-10-24,3.722222089767456,3.8888890743255615,3.722222089767456,3.8888890743255615,3.8888890743255615,370350,ZBRA
1991-10-25,3.8888890743255615,3.8888890743255615,3.6666669845581055,3.6666669845581055,3.6666669845581055,37350,ZBRA
1991-10-28,3.8888890743255615,3.8888890743255615,3.6666669845581055,3.8333330154418945,3.8333330154418945,37800,ZBRA
1991-10-29,3.8888890743255615,3.8888890743255615,3.722222089767456,3.722222089767456,3.722222089767456,202050,ZBRA
1991-10-30,3.722222089767456,3.8888890743255615,3.6666669845581055,3.6666669845581055,3.6666669845581055,58500,ZBRA
1991-10-31,3.6666669845581055,3.8333330154418945,3.6666669845581055,3.6666669845581055,3.6666669845581055,109350,ZBRA
1991-11-01,3.8888890743255615,3.8888890743255615,3.6666669845581055,3.805556058883667,3.805556058883667,59850,ZBRA
1991-11-04,3.8333330154418945,3.8333330154418945,3.722222089767456,3.722222089767456,3.722222089767456,31050,ZBRA
1991-11-05,3.722222089767456,3.722222089767456,3.722222089767456,3.722222089767456,3.722222089767456,21600,ZBRA
1991-11-06,3.8333330154418945,3.8333330154418945,3.722222089767456,3.722222089767456,3.722222089767456,18900,ZBRA
1991-11-07,3.722222089767456,3.8333330154418945,3.722222089767456,3.722222089767456,3.722222089767456,173700,ZBRA
1991-11-08,3.722222089767456,3.8611109256744385,3.722222089767456,3.8333330154418945,3.8333330154418945,140850,ZBRA
1991-11-11,3.722222089767456,3.8888890743255615,3.722222089767456,3.8888890743255615,3.8888890743255615,176400,ZBRA
1991-11-12,3.777777910232544,3.944443941116333,3.777777910232544,3.944443941116333,3.944443941116333,316800,ZBRA
1991-11-13,3.8333330154418945,4.0,3.8333330154418945,4.0,4.0,368550,ZBRA
1991-11-14,4.0,4.055555820465088,3.8888890743255615,3.944443941116333,3.944443941116333,111600,ZBRA
1991-11-15,4.055555820465088,4.055555820465088,3.8888890743255615,3.8888890743255615,3.8888890743255615,45000,ZBRA
1991-11-18,3.8333330154418945,4.055555820465088,3.8333330154418945,3.8333330154418945,3.8333330154418945,759600,ZBRA
1991-11-19,4.0,4.0,3.8333330154418945,3.8888890743255615,3.8888890743255615,377550,ZBRA
1991-11-20,4.0,4.0,3.8333330154418945,3.944443941116333,3.944443941116333,76950,ZBRA
1991-11-21,4.0,4.0,3.8333330154418945,3.8333330154418945,3.8333330154418945,49950,ZBRA
1991-11-22,3.8333330154418945,3.944443941116333,3.8333330154418945,3.8333330154418945,3.8333330154418945,64800,ZBRA
1991-11-25,3.8333330154418945,3.8333330154418945,3.8333330154418945,3.8333330154418945,3.8333330154418945,14400,ZBRA
1991-11-26,3.8333330154418945,3.944443941116333,3.8333330154418945,3.8333330154418945,3.8333330154418945,165150,ZBRA
1991-11-27,3.777777910232544,3.944443941116333,3.777777910232544,3.944443941116333,3.944443941116333,98100,ZBRA
1991-11-29,3.944443941116333,3.944443941116333,3.8333330154418945,3.8333330154418945,3.8333330154418945,22050,ZBRA
1991-12-02,3.777777910232544,3.8333330154418945,3.777777910232544,3.777777910232544,3.777777910232544,185400,ZBRA
1991-12-03,3.777777910232544,3.944443941116333,3.777777910232544,3.8333330154418945,3.8333330154418945,44550,ZBRA
1991-12-04,3.8333330154418945,3.8888890743255615,3.8333330154418945,3.8888890743255615,3.8888890743255615,41850,ZBRA
1991-12-05,3.8333330154418945,3.944443941116333,3.8333330154418945,3.944443941116333,3.944443941116333,23850,ZBRA
1991-12-06,3.8888890743255615,3.944443941116333,3.8333330154418945,3.8333330154418945,3.8333330154418945,25650,ZBRA
1991-12-09,3.8611109256744385,3.944443941116333,3.777777910232544,3.777777910232544,3.777777910232544,500850,ZBRA
1991-12-10,3.8333330154418945,3.8333330154418945,3.6111109256744385,3.722222089767456,3.722222089767456,653850,ZBRA
1991-12-11,3.555556058883667,3.6666669845581055,3.277777910232544,3.277777910232544,3.277777910232544,2127150,ZBRA
1991-12-12,3.444443941116333,3.444443941116333,3.3333330154418945,3.4166669845581055,3.4166669845581055,304650,ZBRA
1991-12-13,3.5,3.5,3.3333330154418945,3.3333330154418945,3.3333330154418945,727200,ZBRA
1991-12-16,3.305556058883667,3.444443941116333,3.277777910232544,3.444443941116333,3.444443941116333,236700,ZBRA
1991-12-17,3.3333330154418945,3.444443941116333,3.3333330154418945,3.444443941116333,3.444443941116333,314550,ZBRA
1991-12-18,3.3611109256744385,3.444443941116333,3.277777910232544,3.3888890743255615,3.3888890743255615,139950,ZBRA
1991-12-19,3.3888890743255615,3.3888890743255615,3.222222089767456,3.3888890743255615,3.3888890743255615,60750,ZBRA
1991-12-20,3.444443941116333,3.444443941116333,3.277777910232544,3.3888890743255615,3.3888890743255615,429750,ZBRA
1991-12-23,3.305556058883667,3.3888890743255615,3.277777910232544,3.3333330154418945,3.3333330154418945,364950,ZBRA
1991-12-24,3.3888890743255615,3.444443941116333,3.277777910232544,3.444443941116333,3.444443941116333,891900,ZBRA
1991-12-26,3.3333330154418945,3.555556058883667,3.3333330154418945,3.444443941116333,3.444443941116333,205200,ZBRA
1991-12-27,3.444443941116333,3.555556058883667,3.4166669845581055,3.555556058883667,3.555556058883667,206100,ZBRA
1991-12-30,3.555556058883667,3.6111109256744385,3.444443941116333,3.6111109256744385,3.6111109256744385,285750,ZBRA
1991-12-31,3.6111109256744385,3.722222089767456,3.555556058883667,3.722222089767456,3.722222089767456,326700,ZBRA
1992-01-02,3.6111109256744385,3.8333330154418945,3.6111109256744385,3.8333330154418945,3.8333330154418945,172350,ZBRA
1992-01-03,3.8333330154418945,3.8888890743255615,3.722222089767456,3.777777910232544,3.777777910232544,256950,ZBRA
1992-01-06,3.777777910232544,3.944443941116333,3.777777910232544,3.944443941116333,3.944443941116333,108900,ZBRA
1992-01-07,3.8333330154418945,4.055555820465088,3.8333330154418945,3.944443941116333,3.944443941116333,106650,ZBRA
1992-01-08,4.055555820465088,4.611111164093018,3.944443941116333,4.444444179534912,4.444444179534912,272250,ZBRA
1992-01-09,4.611111164093018,4.777778148651123,4.5,4.611111164093018,4.611111164093018,902700,ZBRA
1992-01-10,4.722221851348877,4.722221851348877,4.5,4.5,4.5,374850,ZBRA
1992-01-13,4.6666669845581055,4.6666669845581055,4.5,4.5,4.5,119250,ZBRA
1992-01-14,4.6666669845581055,4.6666669845581055,4.444444179534912,4.444444179534912,4.444444179534912,86850,ZBRA
1992-01-15,4.444444179534912,4.555555820465088,4.388888835906982,4.555555820465088,4.555555820465088,185400,ZBRA
1992-01-16,4.527778148651123,4.777778148651123,4.5,4.777778148651123,4.777778148651123,1507500,ZBRA
1992-01-17,4.777778148651123,4.777778148651123,4.6666669845581055,4.6666669845581055,4.6666669845581055,72450,ZBRA
1992-01-20,4.861111164093018,4.944444179534912,4.722221851348877,4.722221851348877,4.722221851348877,379350,ZBRA
1992-01-21,4.888888835906982,4.888888835906982,4.388888835906982,4.5,4.5,624150,ZBRA
1992-01-22,4.555555820465088,4.722221851348877,4.388888835906982,4.722221851348877,4.722221851348877,317700,ZBRA
1992-01-23,4.722221851348877,4.722221851348877,4.555555820465088,4.5833330154418945,4.5833330154418945,102150,ZBRA
1992-01-24,4.555555820465088,4.6666669845581055,4.555555820465088,4.6666669845581055,4.6666669845581055,44550,ZBRA
1992-01-27,4.6666669845581055,4.722221851348877,4.555555820465088,4.722221851348877,4.722221851348877,58050,ZBRA
1992-01-28,4.555555820465088,4.722221851348877,4.555555820465088,4.6666669845581055,4.6666669845581055,72450,ZBRA
1992-01-29,4.555555820465088,4.6666669845581055,4.5,4.5,4.5,179100,ZBRA
1992-01-30,4.5,4.6666669845581055,4.5,4.5,4.5,58050,ZBRA
1992-01-31,4.611111164093018,4.611111164093018,4.5,4.611111164093018,4.611111164093018,28800,ZBRA
1992-02-03,4.611111164093018,4.6666669845581055,4.5,4.611111164093018,4.611111164093018,122400,ZBRA
1992-02-04,4.5,4.6666669845581055,4.388888835906982,4.388888835906982,4.388888835906982,571500,ZBRA
1992-02-05,4.388888835906982,4.555555820465088,4.3333330154418945,4.555555820465088,4.555555820465088,1183050,ZBRA
1992-02-06,4.555555820465088,4.555555820465088,4.388888835906982,4.388888835906982,4.388888835906982,32850,ZBRA
1992-02-07,4.388888835906982,4.555555820465088,4.388888835906982,4.444444179534912,4.444444179534912,55800,ZBRA
1992-02-10,4.5,4.5,4.388888835906982,4.5,4.5,15750,ZBRA
1992-02-11,4.5,4.5,4.388888835906982,4.388888835906982,4.388888835906982,81000,ZBRA
1992-02-12,4.5,4.5,4.388888835906982,4.5,4.5,101700,ZBRA
1992-02-13,4.444444179534912,4.5,4.388888835906982,4.5,4.5,11250,ZBRA
1992-02-14,4.5,4.5,4.388888835906982,4.388888835906982,4.388888835906982,9450,ZBRA
1992-02-18,4.5,4.5,4.388888835906982,4.444444179534912,4.444444179534912,22950,ZBRA
1992-02-19,4.388888835906982,4.444444179534912,4.222221851348877,4.25,4.25,124650,ZBRA
1992-02-20,4.222221851348877,4.444444179534912,4.222221851348877,4.4166669845581055,4.4166669845581055,287550,ZBRA
1992-02-21,4.3333330154418945,4.444444179534912,4.277778148651123,4.3333330154418945,4.3333330154418945,72900,ZBRA
1992-02-24,4.3333330154418945,4.3333330154418945,4.25,4.3333330154418945,4.3333330154418945,44100,ZBRA
1992-02-25,4.222221851348877,4.277778148651123,4.1666669845581055,4.1666669845581055,4.1666669845581055,92250,ZBRA
1992-02-26,4.277778148651123,4.3333330154418945,4.1666669845581055,4.3333330154418945,4.3333330154418945,136800,ZBRA
1992-02-27,4.3333330154418945,4.388888835906982,4.277778148651123,4.3333330154418945,4.3333330154418945,216450,ZBRA
1992-02-28,4.444444179534912,4.444444179534912,4.3333330154418945,4.444444179534912,4.444444179534912,7200,ZBRA
1992-03-02,4.3333330154418945,4.444444179534912,4.3333330154418945,4.388888835906982,4.388888835906982,36900,ZBRA
1992-03-03,4.388888835906982,4.388888835906982,4.277778148651123,4.388888835906982,4.388888835906982,15750,ZBRA
1992-03-04,4.3333330154418945,4.388888835906982,4.277778148651123,4.388888835906982,4.388888835906982,43650,ZBRA
1992-03-05,4.305555820465088,4.388888835906982,4.277778148651123,4.277778148651123,4.277778148651123,129150,ZBRA
1992-03-06,4.222221851348877,4.277778148651123,4.1666669845581055,4.1666669845581055,4.1666669845581055,77850,ZBRA
1992-03-09,4.111111164093018,4.222221851348877,4.111111164093018,4.138888835906982,4.138888835906982,48150,ZBRA
1992-03-10,4.222221851348877,4.277778148651123,4.222221851348877,4.277778148651123,4.277778148651123,1800,ZBRA
1992-03-11,4.277778148651123,4.277778148651123,4.111111164093018,4.277778148651123,4.277778148651123,131400,ZBRA
1992-03-12,4.277778148651123,4.277778148651123,4.111111164093018,4.111111164093018,4.111111164093018,2250,ZBRA
1992-03-13,4.1666669845581055,4.277778148651123,4.111111164093018,4.277778148651123,4.277778148651123,108900,ZBRA
1992-03-16,4.1666669845581055,4.1666669845581055,4.111111164093018,4.1666669845581055,4.1666669845581055,165600,ZBRA
1992-03-17,4.055555820465088,4.055555820465088,4.055555820465088,4.055555820465088,4.055555820465088,1800,ZBRA
1992-03-18,4.111111164093018,4.277778148651123,4.111111164093018,4.222221851348877,4.222221851348877,54000,ZBRA
1992-03-19,4.222221851348877,4.222221851348877,4.138888835906982,4.222221851348877,4.222221851348877,157500,ZBRA
1992-03-20,4.222221851348877,4.222221851348877,4.111111164093018,4.222221851348877,4.222221851348877,26550,ZBRA
1992-03-23,4.111111164093018,4.1666669845581055,4.111111164093018,4.1666669845581055,4.1666669845581055,13950,ZBRA
1992-03-24,4.111111164093018,4.222221851348877,4.111111164093018,4.1666669845581055,4.1666669845581055,13950,ZBRA
1992-03-25,4.055555820465088,4.111111164093018,4.055555820465088,4.055555820465088,4.055555820465088,16200,ZBRA
1992-03-26,4.1666669845581055,4.1666669845581055,4.055555820465088,4.1666669845581055,4.1666669845581055,72900,ZBRA
1992-03-27,4.055555820465088,4.055555820465088,4.055555820465088,4.055555820465088,4.055555820465088,4950,ZBRA
1992-03-30,4.055555820465088,4.222221851348877,4.055555820465088,4.055555820465088,4.055555820465088,159750,ZBRA
1992-03-31,4.194444179534912,4.222221851348877,4.055555820465088,4.055555820465088,4.055555820465088,212400,ZBRA
1992-04-01,4.1666669845581055,4.1666669845581055,4.055555820465088,4.055555820465088,4.055555820465088,63000,ZBRA
1992-04-02,4.1666669845581055,4.1666669845581055,4.055555820465088,4.138888835906982,4.138888835906982,34200,ZBRA
1992-04-03,4.055555820465088,4.111111164093018,4.055555820465088,4.111111164093018,4.111111164093018,47250,ZBRA
1992-04-06,4.055555820465088,4.1666669845581055,4.055555820465088,4.055555820465088,4.055555820465088,31950,ZBRA
1992-04-07,4.055555820465088,4.055555820465088,3.6111109256744385,3.722222089767456,3.722222089767456,256050,ZBRA
1992-04-08,3.6666669845581055,3.6666669845581055,3.555556058883667,3.555556058883667,3.555556058883667,71100,ZBRA
1992-04-09,3.6666669845581055,3.722222089767456,3.5,3.722222089767456,3.722222089767456,565650,ZBRA
1992-04-10,3.8333330154418945,3.8333330154418945,3.722222089767456,3.777777910232544,3.777777910232544,29250,ZBRA
1992-04-13,3.8333330154418945,3.944443941116333,3.722222089767456,3.944443941116333,3.944443941116333,86400,ZBRA
1992-04-14,3.944443941116333,4.0,3.777777910232544,4.0,4.0,301050,ZBRA
1992-04-15,3.944443941116333,3.944443941116333,3.8333330154418945,3.944443941116333,3.944443941116333,89100,ZBRA
1992-04-16,3.944443941116333,3.944443941116333,3.8333330154418945,3.8333330154418945,3.8333330154418945,9000,ZBRA
1992-04-20,3.944443941116333,3.944443941116333,3.8333330154418945,3.8333330154418945,3.8333330154418945,240300,ZBRA
1992-04-21,3.8333330154418945,3.944443941116333,3.805556058883667,3.805556058883667,3.805556058883667,554400,ZBRA
1992-04-22,3.805556058883667,3.944443941116333,3.805556058883667,3.944443941116333,3.944443941116333,6300,ZBRA
1992-04-23,3.944443941116333,3.944443941116333,3.722222089767456,3.8333330154418945,3.8333330154418945,368550,ZBRA
1992-04-24,3.8888890743255615,4.055555820465088,3.8888890743255615,4.0,4.0,723600,ZBRA
1992-04-27,3.8888890743255615,4.0,3.8888890743255615,4.0,4.0,17550,ZBRA
1992-04-28,3.8888890743255615,4.0,3.8888890743255615,3.8888890743255615,3.8888890743255615,109800,ZBRA
1992-04-29,4.0,4.0,3.8333330154418945,3.8333330154418945,3.8333330154418945,371250,ZBRA
1992-04-30,3.8333330154418945,4.055555820465088,3.8333330154418945,3.944443941116333,3.944443941116333,28350,ZBRA
1992-05-01,4.0,4.0,3.8888890743255615,4.0,4.0,283500,ZBRA
1992-05-04,4.0,4.055555820465088,3.8888890743255615,3.944443941116333,3.944443941116333,50400,ZBRA
1992-05-05,4.055555820465088,4.3333330154418945,4.027778148651123,4.222221851348877,4.222221851348877,230400,ZBRA
1992-05-06,4.277778148651123,4.3333330154418945,4.1666669845581055,4.1666669845581055,4.1666669845581055,107550,ZBRA
1992-05-07,4.1666669845581055,4.222221851348877,4.1666669845581055,4.1666669845581055,4.1666669845581055,184950,ZBRA
1992-05-08,4.1666669845581055,4.3333330154418945,4.1666669845581055,4.222221851348877,4.222221851348877,144900,ZBRA
1992-05-11,4.3333330154418945,4.3333330154418945,4.1666669845581055,4.1666669845581055,4.1666669845581055,109800,ZBRA
1992-05-12,4.1666669845581055,4.3333330154418945,4.1666669845581055,4.222221851348877,4.222221851348877,369900,ZBRA
1992-05-13,4.3333330154418945,4.3333330154418945,4.1666669845581055,4.1666669845581055,4.1666669845581055,4950,ZBRA
1992-05-14,4.3333330154418945,4.3333330154418945,4.1666669845581055,4.1666669845581055,4.1666669845581055,461250,ZBRA
1992-05-15,4.1666669845581055,4.3333330154418945,4.1666669845581055,4.3333330154418945,4.3333330154418945,15750,ZBRA
1992-05-18,4.3333330154418945,4.3333330154418945,4.222221851348877,4.222221851348877,4.222221851348877,25200,ZBRA
1992-05-19,4.3333330154418945,4.611111164093018,4.1666669845581055,4.5,4.5,472050,ZBRA
1992-05-20,4.5,4.611111164093018,4.5,4.611111164093018,4.611111164093018,1026000,ZBRA
1992-05-21,4.611111164093018,4.611111164093018,4.5,4.5,4.5,94050,ZBRA
1992-05-22,4.5,4.611111164093018,4.5,4.5,4.5,48150,ZBRA
1992-05-26,4.611111164093018,4.611111164093018,4.3333330154418945,4.388888835906982,4.388888835906982,516150,ZBRA
1992-05-27,4.388888835906982,4.388888835906982,4.222221851348877,4.388888835906982,4.388888835906982,115650,ZBRA
1992-05-28,4.388888835906982,4.388888835906982,4.388888835906982,4.388888835906982,4.388888835906982,3600,ZBRA
1992-05-29,4.388888835906982,4.388888835906982,4.222221851348877,4.3333330154418945,4.3333330154418945,23850,ZBRA
1992-06-01,4.1666669845581055,4.277778148651123,4.1666669845581055,4.277778148651123,4.277778148651123,40050,ZBRA
1992-06-02,4.3333330154418945,4.3333330154418945,4.1666669845581055,4.1666669845581055,4.1666669845581055,11700,ZBRA
1992-06-03,4.3333330154418945,4.3333330154418945,4.1666669845581055,4.3333330154418945,4.3333330154418945,7200,ZBRA
1992-06-04,4.3333330154418945,4.3333330154418945,4.1666669845581055,4.1666669845581055,4.1666669845581055,14850,ZBRA
1992-06-05,4.3333330154418945,4.3333330154418945,4.3333330154418945,4.3333330154418945,4.3333330154418945,3150,ZBRA
1992-06-08,4.222221851348877,4.277778148651123,4.111111164093018,4.277778148651123,4.277778148651123,67500,ZBRA
1992-06-09,4.222221851348877,4.3333330154418945,4.222221851348877,4.222221851348877,4.222221851348877,58500,ZBRA
1992-06-10,4.1666669845581055,4.3333330154418945,4.1666669845581055,4.3333330154418945,4.3333330154418945,8550,ZBRA
1992-06-11,4.3333330154418945,4.3333330154418945,4.111111164093018,4.222221851348877,4.222221851348877,77850,ZBRA
1992-06-12,4.222221851348877,4.222221851348877,4.0,4.0,4.0,69750,ZBRA
1992-06-15,4.111111164093018,4.111111164093018,4.0,4.0,4.0,12150,ZBRA
1992-06-16,4.0,4.111111164093018,4.0,4.111111164093018,4.111111164093018,4950,ZBRA
1992-06-17,4.0,4.055555820465088,3.8888890743255615,3.8888890743255615,3.8888890743255615,22950,ZBRA
1992-06-18,4.0,4.0,3.6111109256744385,3.722222089767456,3.722222089767456,159750,ZBRA
1992-06-19,3.722222089767456,4.0,3.6111109256744385,3.944443941116333,3.944443941116333,304200,ZBRA
1992-06-22,3.944443941116333,3.944443941116333,3.777777910232544,3.777777910232544,3.777777910232544,54000,ZBRA
1992-06-23,3.8333330154418945,3.8888890743255615,3.777777910232544,3.777777910232544,3.777777910232544,133200,ZBRA
1992-06-24,3.777777910232544,3.8888890743255615,3.777777910232544,3.777777910232544,3.777777910232544,9000,ZBRA
1992-06-25,3.8888890743255615,3.8888890743255615,3.8888890743255615,3.8888890743255615,3.8888890743255615,1350,ZBRA
1992-06-26,3.8888890743255615,3.8888890743255615,3.5,3.555556058883667,3.555556058883667,242100,ZBRA
1992-06-29,3.5,3.8888890743255615,3.5,3.777777910232544,3.777777910232544,362250,ZBRA
1992-06-30,3.8888890743255615,4.055555820465088,3.8888890743255615,4.055555820465088,4.055555820465088,196200,ZBRA
1992-07-01,4.055555820465088,4.055555820465088,3.944443941116333,3.944443941116333,3.944443941116333,27450,ZBRA
1992-07-02,4.111111164093018,4.111111164093018,4.0,4.0,4.0,9000,ZBRA
1992-07-06,4.111111164093018,4.111111164093018,4.055555820465088,4.111111164093018,4.111111164093018,354150,ZBRA
1992-07-07,4.055555820465088,4.111111164093018,4.055555820465088,4.111111164093018,4.111111164093018,15300,ZBRA
1992-07-08,4.055555820465088,4.111111164093018,4.0,4.027778148651123,4.027778148651123,224100,ZBRA
1992-07-09,4.111111164093018,4.1666669845581055,4.055555820465088,4.055555820465088,4.055555820465088,92700,ZBRA
1992-07-10,4.1666669845581055,4.1666669845581055,4.055555820465088,4.055555820465088,4.055555820465088,8550,ZBRA
1992-07-13,4.111111164093018,4.1666669845581055,4.055555820465088,4.055555820465088,4.055555820465088,25200,ZBRA
1992-07-14,4.055555820465088,4.222221851348877,4.055555820465088,4.222221851348877,4.222221851348877,618750,ZBRA
1992-07-15,4.1666669845581055,4.222221851348877,4.1666669845581055,4.222221851348877,4.222221851348877,26550,ZBRA
1992-07-16,4.222221851348877,4.277778148651123,4.1666669845581055,4.277778148651123,4.277778148651123,69750,ZBRA
1992-07-17,4.3333330154418945,4.3333330154418945,4.1666669845581055,4.222221851348877,4.222221851348877,529200,ZBRA
1992-07-20,4.1666669845581055,4.277778148651123,4.111111164093018,4.1666669845581055,4.1666669845581055,357750,ZBRA
1992-07-21,4.1666669845581055,4.1666669845581055,4.0,4.111111164093018,4.111111164093018,226350,ZBRA
1992-07-22,4.0833330154418945,4.0833330154418945,3.8888890743255615,3.944443941116333,3.944443941116333,607950,ZBRA
1992-07-23,4.0,4.0,3.8888890743255615,3.8888890743255615,3.8888890743255615,14850,ZBRA
1992-07-24,3.8888890743255615,3.944443941116333,3.8333330154418945,3.8333330154418945,3.8333330154418945,581400,ZBRA
1992-07-27,3.8333330154418945,3.8888890743255615,3.6666669845581055,3.722222089767456,3.722222089767456,602100,ZBRA
1992-07-28,3.6666669845581055,3.944443941116333,3.6666669845581055,3.8611109256744385,3.8611109256744385,315900,ZBRA
1992-07-29,3.8888890743255615,3.8888890743255615,3.8333330154418945,3.8333330154418945,3.8333330154418945,48150,ZBRA
1992-07-30,3.8888890743255615,3.8888890743255615,3.777777910232544,3.8888890743255615,3.8888890743255615,80100,ZBRA
1992-07-31,3.8888890743255615,3.8888890743255615,3.777777910232544,3.8333330154418945,3.8333330154418945,79200,ZBRA
1992-08-03,3.8888890743255615,3.8888890743255615,3.777777910232544,3.777777910232544,3.777777910232544,65700,ZBRA
1992-08-04,3.8888890743255615,3.8888890743255615,3.5,3.6111109256744385,3.6111109256744385,439650,ZBRA
1992-08-05,3.6111109256744385,3.6666669845581055,3.444443941116333,3.444443941116333,3.444443941116333,454500,ZBRA
1992-08-06,3.3333330154418945,3.5,3.3333330154418945,3.4166669845581055,3.4166669845581055,465300,ZBRA
1992-08-07,3.444443941116333,3.5,3.222222089767456,3.277777910232544,3.277777910232544,587700,ZBRA
1992-08-10,3.3333330154418945,3.444443941116333,3.277777910232544,3.3333330154418945,3.3333330154418945,56700,ZBRA
1992-08-11,3.444443941116333,3.555556058883667,3.444443941116333,3.444443941116333,3.444443941116333,144450,ZBRA
1992-08-12,3.555556058883667,3.555556058883667,3.3888890743255615,3.555556058883667,3.555556058883667,269550,ZBRA
1992-08-13,3.444443941116333,3.555556058883667,3.444443941116333,3.555556058883667,3.555556058883667,120600,ZBRA
1992-08-14,3.555556058883667,3.6111109256744385,3.444443941116333,3.6111109256744385,3.6111109256744385,145350,ZBRA
1992-08-17,3.6111109256744385,3.6666669845581055,3.555556058883667,3.6666669845581055,3.6666669845581055,53100,ZBRA
1992-08-18,3.6666669845581055,3.722222089767456,3.555556058883667,3.722222089767456,3.722222089767456,112500,ZBRA
1992-08-19,3.722222089767456,3.8333330154418945,3.6666669845581055,3.75,3.75,130050,ZBRA
1992-08-20,3.8333330154418945,3.8333330154418945,3.722222089767456,3.777777910232544,3.777777910232544,27000,ZBRA
1992-08-21,3.722222089767456,3.777777910232544,3.6666669845581055,3.6666669845581055,3.6666669845581055,72900,ZBRA
1992-08-24,3.6111109256744385,3.722222089767456,3.5,3.527777910232544,3.527777910232544,93600,ZBRA
1992-08-25,3.5,3.6111109256744385,3.5,3.5,3.5,327600,ZBRA
1992-08-26,3.6111109256744385,3.6666669845581055,3.5,3.555556058883667,3.555556058883667,33300,ZBRA
1992-08-27,3.722222089767456,3.8333330154418945,3.6666669845581055,3.8333330154418945,3.8333330154418945,161550,ZBRA
1992-08-28,3.8333330154418945,3.8888890743255615,3.777777910232544,3.8888890743255615,3.8888890743255615,37350,ZBRA
1992-08-31,3.777777910232544,3.8888890743255615,3.777777910232544,3.777777910232544,3.777777910232544,15750,ZBRA
1992-09-01,3.777777910232544,3.8888890743255615,3.777777910232544,3.777777910232544,3.777777910232544,8550,ZBRA
1992-09-02,3.8888890743255615,4.111111164093018,3.8888890743255615,4.111111164093018,4.111111164093018,127350,ZBRA
1992-09-03,3.8888890743255615,4.111111164093018,3.8888890743255615,4.111111164093018,4.111111164093018,3150,ZBRA
1992-09-04,4.111111164093018,4.111111164093018,3.8888890743255615,3.8888890743255615,3.8888890743255615,1059750,ZBRA
1992-09-08,3.8888890743255615,4.055555820465088,3.8888890743255615,3.8888890743255615,3.8888890743255615,7200,ZBRA
1992-09-09,4.055555820465088,4.055555820465088,3.8888890743255615,3.8888890743255615,3.8888890743255615,13500,ZBRA
1992-09-10,4.055555820465088,4.111111164093018,3.8888890743255615,4.0,4.0,58050,ZBRA
1992-09-11,4.111111164093018,4.111111164093018,4.0,4.055555820465088,4.055555820465088,49050,ZBRA
1992-09-14,4.111111164093018,4.111111164093018,4.0,4.0,4.0,33750,ZBRA
1992-09-15,3.8888890743255615,4.055555820465088,3.8333330154418945,3.8333330154418945,3.8333330154418945,113400,ZBRA
1992-09-16,3.8333330154418945,3.944443941116333,3.8333330154418945,3.944443941116333,3.944443941116333,6750,ZBRA
1992-09-17,3.8333330154418945,4.055555820465088,3.8333330154418945,3.944443941116333,3.944443941116333,52200,ZBRA
1992-09-18,4.0,4.111111164093018,4.0,4.0,4.0,126900,ZBRA
1992-09-21,4.1666669845581055,4.1666669845581055,4.0,4.0,4.0,37350,ZBRA
1992-09-22,4.0,4.1666669845581055,4.0,4.111111164093018,4.111111164093018,86400,ZBRA
1992-09-23,4.0,4.111111164093018,3.944443941116333,3.944443941116333,3.944443941116333,152550,ZBRA
1992-09-24,4.111111164093018,4.111111164093018,3.944443941116333,4.111111164093018,4.111111164093018,85950,ZBRA
1992-09-25,4.111111164093018,4.1666669845581055,3.8333330154418945,3.8888890743255615,3.8888890743255615,163350,ZBRA
1992-09-28,3.8333330154418945,3.8888890743255615,3.8333330154418945,3.8888890743255615,3.8888890743255615,17550,ZBRA
1992-09-29,3.8888890743255615,3.8888890743255615,3.8333330154418945,3.8333330154418945,3.8333330154418945,13950,ZBRA
1992-09-30,3.8611109256744385,4.0,3.8333330154418945,3.944443941116333,3.944443941116333,58050,ZBRA
1992-10-01,3.8888890743255615,4.111111164093018,3.8888890743255615,3.944443941116333,3.944443941116333,104400,ZBRA
1992-10-02,3.944443941116333,4.055555820465088,3.8333330154418945,3.8333330154418945,3.8333330154418945,194850,ZBRA
1992-10-05,3.944443941116333,3.944443941116333,3.555556058883667,3.6666669845581055,3.6666669845581055,146250,ZBRA
1992-10-06,3.6111109256744385,3.8333330154418945,3.6111109256744385,3.8333330154418945,3.8333330154418945,157950,ZBRA
1992-10-07,3.944443941116333,3.944443941116333,3.722222089767456,3.722222089767456,3.722222089767456,84150,ZBRA
1992-10-08,3.722222089767456,3.722222089767456,3.5,3.5,3.5,465300,ZBRA
1992-10-09,3.5,3.6666669845581055,3.472222089767456,3.555556058883667,3.555556058883667,237600,ZBRA
1992-10-12,3.5,3.5,3.444443941116333,3.5,3.5,51300,ZBRA
1992-10-13,3.5,3.555556058883667,3.444443941116333,3.444443941116333,3.444443941116333,752850,ZBRA
1992-10-14,3.555556058883667,3.555556058883667,3.444443941116333,3.444443941116333,3.444443941116333,90900,ZBRA
1992-10-15,3.555556058883667,3.555556058883667,3.444443941116333,3.444443941116333,3.444443941116333,10800,ZBRA
1992-10-16,3.5,3.555556058883667,3.444443941116333,3.444443941116333,3.444443941116333,149400,ZBRA
1992-10-19,3.444443941116333,3.6111109256744385,3.444443941116333,3.6111109256744385,3.6111109256744385,98550,ZBRA
1992-10-20,3.6111109256744385,3.6666669845581055,3.5,3.6111109256744385,3.6111109256744385,37800,ZBRA
1992-10-21,3.555556058883667,3.6111109256744385,3.3888890743255615,3.5,3.5,178200,ZBRA
1992-10-22,3.6111109256744385,3.8333330154418945,3.5,3.6666669845581055,3.6666669845581055,598050,ZBRA
1992-10-23,3.777777910232544,3.8888890743255615,3.722222089767456,3.777777910232544,3.777777910232544,104850,ZBRA
1992-10-26,3.944443941116333,4.1666669845581055,3.944443941116333,4.111111164093018,4.111111164093018,128700,ZBRA
1992-10-27,4.055555820465088,4.1666669845581055,4.055555820465088,4.055555820465088,4.055555820465088,44550,ZBRA
1992-10-28,4.222221851348877,4.3333330154418945,4.055555820465088,4.222221851348877,4.222221851348877,146700,ZBRA
1992-10-29,4.3333330154418945,4.3333330154418945,4.1666669845581055,4.1666669845581055,4.1666669845581055,101700,ZBRA
1992-10-30,4.222221851348877,4.277778148651123,4.055555820465088,4.277778148651123,4.277778148651123,288900,ZBRA
1992-11-02,4.277778148651123,4.277778148651123,4.1666669845581055,4.25,4.25,94500,ZBRA
1992-11-03,4.222221851348877,4.277778148651123,4.1666669845581055,4.1666669845581055,4.1666669845581055,47250,ZBRA
1992-11-04,4.277778148651123,4.277778148651123,4.1666669845581055,4.1666669845581055,4.1666669845581055,40500,ZBRA
1992-11-05,4.277778148651123,4.3333330154418945,4.1666669845581055,4.222221851348877,4.222221851348877,139500,ZBRA
1992-11-06,4.3333330154418945,4.3333330154418945,4.222221851348877,4.3333330154418945,4.3333330154418945,21150,ZBRA
1992-11-09,4.3333330154418945,4.6666669845581055,4.222221851348877,4.6666669845581055,4.6666669845581055,366750,ZBRA
1992-11-10,4.6666669845581055,4.777778148651123,4.5,4.6666669845581055,4.6666669845581055,182250,ZBRA
1992-11-11,4.6666669845581055,4.777778148651123,4.6666669845581055,4.6666669845581055,4.6666669845581055,79650,ZBRA
1992-11-12,4.6666669845581055,4.777778148651123,4.611111164093018,4.611111164093018,4.611111164093018,159300,ZBRA
1992-11-13,4.6666669845581055,4.722221851348877,4.611111164093018,4.722221851348877,4.722221851348877,63000,ZBRA
1992-11-16,4.722221851348877,4.722221851348877,4.611111164093018,4.722221851348877,4.722221851348877,17100,ZBRA
1992-11-17,4.611111164093018,4.722221851348877,4.555555820465088,4.555555820465088,4.555555820465088,60750,ZBRA
1992-11-18,4.444444179534912,4.611111164093018,4.444444179534912,4.5,4.5,15300,ZBRA
1992-11-19,4.5,4.638888835906982,4.5,4.638888835906982,4.638888835906982,80550,ZBRA
1992-11-20,4.5,4.722221851348877,4.5,4.555555820465088,4.555555820465088,87750,ZBRA
1992-11-23,4.555555820465088,4.777778148651123,4.555555820465088,4.611111164093018,4.611111164093018,27450,ZBRA
1992-11-24,4.611111164093018,4.888888835906982,4.611111164093018,4.777778148651123,4.777778148651123,621000,ZBRA
1992-11-25,4.777778148651123,4.888888835906982,4.6666669845581055,4.6666669845581055,4.6666669845581055,627300,ZBRA
1992-11-27,4.6666669845581055,4.777778148651123,4.6666669845581055,4.6666669845581055,4.6666669845581055,15300,ZBRA
1992-11-30,4.777778148651123,4.777778148651123,4.6666669845581055,4.777778148651123,4.777778148651123,376200,ZBRA
1992-12-01,4.8333330154418945,4.8333330154418945,4.6666669845581055,4.6666669845581055,4.6666669845581055,10350,ZBRA
1992-12-02,4.6666669845581055,4.777778148651123,4.6666669845581055,4.6666669845581055,4.6666669845581055,23850,ZBRA
1992-12-03,4.777778148651123,4.777778148651123,4.6666669845581055,4.6666669845581055,4.6666669845581055,63000,ZBRA
1992-12-04,4.6666669845581055,4.944444179534912,4.6666669845581055,4.777778148651123,4.777778148651123,584100,ZBRA
1992-12-07,4.944444179534912,5.111111164093018,4.8333330154418945,5.111111164093018,5.111111164093018,401850,ZBRA
1992-12-08,5.111111164093018,5.111111164093018,5.0,5.0,5.0,90900,ZBRA
1992-12-09,5.111111164093018,5.111111164093018,5.0,5.0,5.0,28350,ZBRA
1992-12-10,5.111111164093018,5.111111164093018,5.0,5.111111164093018,5.111111164093018,33300,ZBRA
1992-12-11,5.111111164093018,5.111111164093018,5.0,5.111111164093018,5.111111164093018,13050,ZBRA
1992-12-14,5.111111164093018,5.222221851348877,5.0,5.055555820465088,5.055555820465088,16650,ZBRA
1992-12-15,5.222221851348877,5.222221851348877,5.055555820465088,5.055555820465088,5.055555820465088,89100,ZBRA
1992-12-16,5.222221851348877,5.222221851348877,5.055555820465088,5.055555820465088,5.055555820465088,161100,ZBRA
1992-12-17,5.111111164093018,5.111111164093018,5.055555820465088,5.055555820465088,5.055555820465088,40050,ZBRA
1992-12-18,5.111111164093018,5.111111164093018,5.055555820465088,5.111111164093018,5.111111164093018,27450,ZBRA
1992-12-21,5.111111164093018,5.1666669845581055,5.055555820465088,5.1666669845581055,5.1666669845581055,16200,ZBRA
1992-12-22,5.1666669845581055,5.277778148651123,5.111111164093018,5.277778148651123,5.277778148651123,103950,ZBRA
1992-12-23,5.3333330154418945,5.388888835906982,5.111111164093018,5.222221851348877,5.222221851348877,333900,ZBRA
1992-12-24,5.222221851348877,5.5,5.222221851348877,5.5,5.5,88200,ZBRA
1992-12-28,5.5,5.5,5.3333330154418945,5.3333330154418945,5.3333330154418945,317250,ZBRA
1992-12-29,5.388888835906982,5.388888835906982,5.222221851348877,5.222221851348877,5.222221851348877,408150,ZBRA
1992-12-30,5.3333330154418945,5.3333330154418945,5.222221851348877,5.222221851348877,5.222221851348877,289350,ZBRA
1992-12-31,5.3333330154418945,5.3333330154418945,5.222221851348877,5.3333330154418945,5.3333330154418945,240750,ZBRA
1993-01-04,5.222221851348877,5.3333330154418945,5.222221851348877,5.277778148651123,5.277778148651123,88650,ZBRA
1993-01-05,5.3333330154418945,5.3333330154418945,5.222221851348877,5.305555820465088,5.305555820465088,1017450,ZBRA
1993-01-06,5.3333330154418945,5.388888835906982,5.222221851348877,5.361111164093018,5.361111164093018,68850,ZBRA
1993-01-07,5.388888835906982,5.444444179534912,5.222221851348877,5.222221851348877,5.222221851348877,135450,ZBRA
1993-01-08,5.222221851348877,5.3333330154418945,5.111111164093018,5.222221851348877,5.222221851348877,142200,ZBRA
1993-01-11,5.111111164093018,5.222221851348877,5.111111164093018,5.111111164093018,5.111111164093018,43200,ZBRA
1993-01-12,5.222221851348877,5.277778148651123,5.111111164093018,5.222221851348877,5.222221851348877,46800,ZBRA
1993-01-13,5.222221851348877,5.277778148651123,5.1666669845581055,5.222221851348877,5.222221851348877,32400,ZBRA
1993-01-14,5.222221851348877,5.222221851348877,5.222221851348877,5.222221851348877,5.222221851348877,11250,ZBRA
1993-01-15,5.222221851348877,5.277778148651123,5.1666669845581055,5.277778148651123,5.277778148651123,20250,ZBRA
1993-01-18,5.277778148651123,5.444444179534912,5.1666669845581055,5.444444179534912,5.444444179534912,134100,ZBRA
1993-01-19,5.444444179534912,5.555555820465088,5.277778148651123,5.444444179534912,5.444444179534912,96750,ZBRA
1993-01-20,5.555555820465088,5.6666669845581055,5.388888835906982,5.555555820465088,5.555555820465088,187200,ZBRA
1993-01-21,5.6666669845581055,5.6666669845581055,5.555555820465088,5.555555820465088,5.555555820465088,269100,ZBRA
1993-01-22,5.6666669845581055,5.6666669845581055,5.555555820465088,5.555555820465088,5.555555820465088,78300,ZBRA
1993-01-25,5.722221851348877,5.722221851348877,5.555555820465088,5.722221851348877,5.722221851348877,46350,ZBRA
1993-01-26,5.722221851348877,5.722221851348877,5.555555820465088,5.722221851348877,5.722221851348877,52650,ZBRA
1993-01-27,5.722221851348877,5.777778148651123,5.555555820465088,5.555555820465088,5.555555820465088,127350,ZBRA
1993-01-28,5.444444179534912,5.611111164093018,5.388888835906982,5.388888835906982,5.388888835906982,73350,ZBRA
1993-01-29,5.444444179534912,5.444444179534912,5.388888835906982,5.388888835906982,5.388888835906982,23400,ZBRA
1993-02-01,5.388888835906982,5.555555820465088,5.388888835906982,5.444444179534912,5.444444179534912,28800,ZBRA
1993-02-02,5.555555820465088,5.555555820465088,5.444444179534912,5.444444179534912,5.444444179534912,108450,ZBRA
1993-02-03,5.555555820465088,5.555555820465088,5.444444179534912,5.555555820465088,5.555555820465088,15300,ZBRA
1993-02-04,5.555555820465088,5.555555820465088,5.388888835906982,5.388888835906982,5.388888835906982,88200,ZBRA
1993-02-05,5.388888835906982,5.555555820465088,5.222221851348877,5.222221851348877,5.222221851348877,94050,ZBRA
1993-02-08,5.1666669845581055,5.277778148651123,5.1666669845581055,5.1666669845581055,5.1666669845581055,232650,ZBRA
1993-02-09,5.222221851348877,5.222221851348877,5.111111164093018,5.111111164093018,5.111111164093018,42300,ZBRA
1993-02-10,5.222221851348877,5.222221851348877,5.0,5.0,5.0,78750,ZBRA
1993-02-11,5.055555820465088,5.111111164093018,4.944444179534912,5.111111164093018,5.111111164093018,41400,ZBRA
1993-02-12,5.111111164093018,5.111111164093018,5.055555820465088,5.055555820465088,5.055555820465088,75150,ZBRA
1993-02-16,5.111111164093018,5.111111164093018,4.861111164093018,4.888888835906982,4.888888835906982,172800,ZBRA
1993-02-17,4.944444179534912,4.944444179534912,4.5,4.555555820465088,4.555555820465088,374400,ZBRA
1993-02-18,4.611111164093018,4.6666669845581055,4.611111164093018,4.611111164093018,4.611111164093018,130500,ZBRA
1993-02-19,4.6666669845581055,4.6666669845581055,4.611111164093018,4.611111164093018,4.611111164093018,56250,ZBRA
1993-02-22,4.6666669845581055,4.6666669845581055,4.611111164093018,4.611111164093018,4.611111164093018,82800,ZBRA
1993-02-23,4.6666669845581055,4.6666669845581055,4.611111164093018,4.6666669845581055,4.6666669845581055,144000,ZBRA
1993-02-24,4.6666669845581055,4.944444179534912,4.6666669845581055,4.8333330154418945,4.8333330154418945,185400,ZBRA
1993-02-25,4.944444179534912,5.027778148651123,4.8333330154418945,4.888888835906982,4.888888835906982,82800,ZBRA
1993-02-26,5.055555820465088,5.1666669845581055,5.055555820465088,5.1666669845581055,5.1666669845581055,82350,ZBRA
1993-03-01,5.1666669845581055,5.222221851348877,5.055555820465088,5.055555820465088,5.055555820465088,74700,ZBRA
1993-03-02,5.111111164093018,5.111111164093018,5.055555820465088,5.111111164093018,5.111111164093018,16650,ZBRA
1993-03-03,5.1666669845581055,5.277778148651123,5.0,5.277778148651123,5.277778148651123,98550,ZBRA
1993-03-04,5.3333330154418945,5.3333330154418945,5.222221851348877,5.222221851348877,5.222221851348877,10350,ZBRA
1993-03-05,5.222221851348877,5.222221851348877,4.8333330154418945,4.944444179534912,4.944444179534912,527400,ZBRA
1993-03-08,4.8333330154418945,5.0,4.8333330154418945,4.888888835906982,4.888888835906982,77850,ZBRA
1993-03-09,4.8333330154418945,5.111111164093018,4.8333330154418945,5.055555820465088,5.055555820465088,273150,ZBRA
1993-03-10,5.111111164093018,5.111111164093018,5.0,5.055555820465088,5.055555820465088,90000,ZBRA
1993-03-11,5.0,5.111111164093018,5.0,5.111111164093018,5.111111164093018,24750,ZBRA
1993-03-12,5.111111164093018,5.111111164093018,4.944444179534912,5.0,5.0,209700,ZBRA
1993-03-15,5.1666669845581055,5.1666669845581055,5.0,5.027778148651123,5.027778148651123,634050,ZBRA
1993-03-16,5.111111164093018,5.111111164093018,4.944444179534912,4.972221851348877,4.972221851348877,138600,ZBRA
1993-03-17,4.777778148651123,4.944444179534912,4.777778148651123,4.944444179534912,4.944444179534912,306450,ZBRA
1993-03-18,4.888888835906982,5.1666669845581055,4.8333330154418945,4.944444179534912,4.944444179534912,134550,ZBRA
1993-03-19,4.944444179534912,5.111111164093018,4.944444179534912,5.0,5.0,67950,ZBRA
1993-03-22,5.027778148651123,5.055555820465088,4.944444179534912,5.055555820465088,5.055555820465088,48150,ZBRA
1993-03-23,5.138888835906982,5.277778148651123,5.055555820465088,5.1666669845581055,5.1666669845581055,5337450,ZBRA
1993-03-24,5.1666669845581055,5.277778148651123,5.1666669845581055,5.277778148651123,5.277778148651123,1062900,ZBRA
1993-03-25,5.3333330154418945,5.388888835906982,5.1666669845581055,5.3333330154418945,5.3333330154418945,508500,ZBRA
1993-03-26,5.388888835906982,5.388888835906982,5.222221851348877,5.222221851348877,5.222221851348877,62100,ZBRA
1993-03-29,5.222221851348877,5.6666669845581055,5.222221851348877,5.5,5.5,1146150,ZBRA
1993-03-30,5.611111164093018,5.722221851348877,5.5,5.611111164093018,5.611111164093018,844650,ZBRA
1993-03-31,5.888888835906982,5.944444179534912,5.722221851348877,5.777778148651123,5.777778148651123,960300,ZBRA
1993-04-01,5.777778148651123,5.888888835906982,5.722221851348877,5.888888835906982,5.888888835906982,318150,ZBRA
1993-04-02,5.777778148651123,5.888888835906982,5.777778148651123,5.888888835906982,5.888888835906982,1255050,ZBRA
1993-04-05,5.777778148651123,6.277778148651123,5.777778148651123,6.111111164093018,6.111111164093018,568350,ZBRA
1993-04-06,6.1666669845581055,6.3333330154418945,6.1666669845581055,6.1666669845581055,6.1666669845581055,1579950,ZBRA
1993-04-07,6.222221851348877,6.222221851348877,6.0,6.0,6.0,647550,ZBRA
1993-04-08,6.055555820465088,6.055555820465088,5.944444179534912,6.055555820465088,6.055555820465088,614250,ZBRA
1993-04-12,6.055555820465088,6.055555820465088,6.0,6.055555820465088,6.055555820465088,105300,ZBRA
1993-04-13,6.0,6.222221851348877,6.0,6.111111164093018,6.111111164093018,297000,ZBRA
1993-04-14,6.111111164093018,6.555555820465088,6.111111164093018,6.444444179534912,6.444444179534912,925650,ZBRA
1993-04-15,6.555555820465088,6.555555820465088,6.388888835906982,6.388888835906982,6.388888835906982,1405350,ZBRA
1993-04-16,6.444444179534912,6.6666669845581055,6.444444179534912,6.555555820465088,6.555555820465088,475650,ZBRA
1993-04-19,6.6666669845581055,6.777778148651123,6.555555820465088,6.6666669845581055,6.6666669845581055,354600,ZBRA
1993-04-20,6.8333330154418945,6.944444179534912,6.611111164093018,6.722221851348877,6.722221851348877,612900,ZBRA
1993-04-21,6.6666669845581055,6.777778148651123,6.611111164093018,6.611111164093018,6.611111164093018,578700,ZBRA
1993-04-22,6.611111164093018,6.722221851348877,6.611111164093018,6.6666669845581055,6.6666669845581055,432450,ZBRA
1993-04-23,6.722221851348877,6.722221851348877,6.555555820465088,6.611111164093018,6.611111164093018,260100,ZBRA
1993-04-26,6.611111164093018,6.722221851348877,6.444444179534912,6.472221851348877,6.472221851348877,651600,ZBRA
1993-04-27,6.388888835906982,6.5,6.388888835906982,6.444444179534912,6.444444179534912,396000,ZBRA
1993-04-28,6.5,6.5,6.388888835906982,6.4166669845581055,6.4166669845581055,329850,ZBRA
1993-04-29,6.388888835906982,6.5,6.277778148651123,6.444444179534912,6.444444179534912,441450,ZBRA
1993-04-30,6.5,6.777778148651123,6.388888835906982,6.722221851348877,6.722221851348877,206550,ZBRA
1993-05-03,6.6666669845581055,6.944444179534912,6.6666669845581055,6.888888835906982,6.888888835906982,234450,ZBRA
1993-05-04,6.944444179534912,7.444444179534912,6.888888835906982,7.3333330154418945,7.3333330154418945,1273050,ZBRA
1993-05-05,7.3333330154418945,7.6666669845581055,7.277778148651123,7.555555820465088,7.555555820465088,1418400,ZBRA
1993-05-06,7.611111164093018,7.944444179534912,7.555555820465088,7.6666669845581055,7.6666669845581055,1071900,ZBRA
1993-05-07,7.722221851348877,7.777778148651123,7.3333330154418945,7.3333330154418945,7.3333330154418945,779850,ZBRA
1993-05-10,7.3333330154418945,7.444444179534912,7.3333330154418945,7.3333330154418945,7.3333330154418945,212400,ZBRA
1993-05-11,7.3333330154418945,7.444444179534912,7.3333330154418945,7.3333330154418945,7.3333330154418945,104850,ZBRA
1993-05-12,7.444444179534912,7.444444179534912,7.3333330154418945,7.361111164093018,7.361111164093018,186750,ZBRA
1993-05-13,7.3333330154418945,7.444444179534912,7.1666669845581055,7.1666669845581055,7.1666669845581055,509850,ZBRA
1993-05-14,7.1666669845581055,7.277778148651123,7.1666669845581055,7.1666669845581055,7.1666669845581055,71550,ZBRA
1993-05-17,7.277778148651123,7.444444179534912,7.1666669845581055,7.444444179534912,7.444444179534912,114750,ZBRA
1993-05-18,7.444444179534912,8.055556297302246,7.3333330154418945,8.0,8.0,1005750,ZBRA
1993-05-19,8.055556297302246,8.555556297302246,7.888888835906982,8.277777671813965,8.277777671813965,1461600,ZBRA
1993-05-20,8.222222328186035,8.38888931274414,8.222222328186035,8.222222328186035,8.222222328186035,219600,ZBRA
1993-05-21,8.222222328186035,8.38888931274414,8.222222328186035,8.277777671813965,8.277777671813965,326700,ZBRA
1993-05-24,8.277777671813965,8.38888931274414,8.277777671813965,8.277777671813965,8.277777671813965,282600,ZBRA
1993-05-25,8.277777671813965,8.333333015441895,8.11111068725586,8.11111068725586,8.11111068725586,256500,ZBRA
1993-05-26,8.222222328186035,8.222222328186035,8.055556297302246,8.055556297302246,8.055556297302246,135450,ZBRA
1993-05-27,8.055556297302246,8.166666984558105,8.055556297302246,8.055556297302246,8.055556297302246,164700,ZBRA
1993-05-28,8.055556297302246,8.166666984558105,8.0,8.11111068725586,8.11111068725586,87750,ZBRA
1993-06-01,8.11111068725586,8.277777671813965,8.0,8.277777671813965,8.277777671813965,506250,ZBRA
1993-06-02,8.222222328186035,8.277777671813965,8.166666984558105,8.166666984558105,8.166666984558105,347850,ZBRA
1993-06-03,8.166666984558105,8.277777671813965,8.166666984558105,8.166666984558105,8.166666984558105,45000,ZBRA
1993-06-04,8.166666984558105,8.222222328186035,8.055556297302246,8.055556297302246,8.055556297302246,137700,ZBRA
1993-06-07,8.055556297302246,8.25,8.055556297302246,8.222222328186035,8.222222328186035,98100,ZBRA
1993-06-08,8.166666984558105,8.444443702697754,8.166666984558105,8.277777671813965,8.277777671813965,369000,ZBRA
1993-06-09,8.38888931274414,8.38888931274414,8.222222328186035,8.222222328186035,8.222222328186035,164250,ZBRA
1993-06-10,8.222222328186035,8.333333015441895,8.11111068725586,8.11111068725586,8.11111068725586,139050,ZBRA
1993-06-11,8.222222328186035,8.277777671813965,8.11111068725586,8.11111068725586,8.11111068725586,32850,ZBRA
1993-06-14,8.11111068725586,8.277777671813965,8.11111068725586,8.11111068725586,8.11111068725586,97200,ZBRA
1993-06-15,8.222222328186035,8.222222328186035,8.11111068725586,8.166666984558105,8.166666984558105,666900,ZBRA
1993-06-16,8.222222328186035,8.277777671813965,8.166666984558105,8.166666984558105,8.166666984558105,19800,ZBRA
1993-06-17,8.333333015441895,8.333333015441895,8.222222328186035,8.222222328186035,8.222222328186035,348750,ZBRA
1993-06-18,8.277777671813965,8.38888931274414,8.277777671813965,8.277777671813965,8.277777671813965,344700,ZBRA
1993-06-21,8.277777671813965,8.444443702697754,8.277777671813965,8.277777671813965,8.277777671813965,110700,ZBRA
1993-06-22,8.444443702697754,8.944443702697754,8.277777671813965,8.666666984558105,8.666666984558105,520650,ZBRA
1993-06-23,8.722222328186035,8.944443702697754,8.666666984558105,8.722222328186035,8.722222328186035,412200,ZBRA
1993-06-24,8.833333015441895,8.833333015441895,8.666666984558105,8.722222328186035,8.722222328186035,52200,ZBRA
1993-06-25,8.722222328186035,8.88888931274414,8.722222328186035,8.86111068725586,8.86111068725586,299250,ZBRA
1993-06-28,8.88888931274414,8.88888931274414,8.722222328186035,8.777777671813965,8.777777671813965,270900,ZBRA
1993-06-29,8.88888931274414,8.88888931274414,8.666666984558105,8.666666984558105,8.666666984558105,243900,ZBRA
1993-06-30,8.833333015441895,9.38888931274414,8.777777671813965,9.11111068725586,9.11111068725586,922950,ZBRA
1993-07-01,9.277777671813965,9.277777671813965,9.055556297302246,9.11111068725586,9.11111068725586,847800,ZBRA
1993-07-02,9.222222328186035,9.222222328186035,9.11111068725586,9.11111068725586,9.11111068725586,234450,ZBRA
1993-07-06,9.222222328186035,9.333333015441895,9.166666984558105,9.277777671813965,9.277777671813965,170550,ZBRA
1993-07-07,9.277777671813965,9.277777671813965,9.166666984558105,9.277777671813965,9.277777671813965,360900,ZBRA
1993-07-08,9.277777671813965,9.38888931274414,9.222222328186035,9.222222328186035,9.222222328186035,717750,ZBRA
1993-07-09,9.38888931274414,9.38888931274414,9.222222328186035,9.222222328186035,9.222222328186035,290700,ZBRA
1993-07-12,9.194443702697754,9.222222328186035,8.88888931274414,8.944443702697754,8.944443702697754,1030950,ZBRA
1993-07-13,8.666666984558105,8.722222328186035,8.5,8.61111068725586,8.61111068725586,1291500,ZBRA
1993-07-14,8.61111068725586,8.722222328186035,8.61111068725586,8.61111068725586,8.61111068725586,542250,ZBRA
1993-07-15,8.61111068725586,8.666666984558105,8.444443702697754,8.61111068725586,8.61111068725586,394650,ZBRA
1993-07-16,8.444443702697754,8.444443702697754,7.722221851348877,8.0,8.0,1328850,ZBRA
1993-07-19,7.944444179534912,8.0,7.555555820465088,7.555555820465088,7.555555820465088,1397700,ZBRA
1993-07-20,7.555555820465088,8.166666984558105,7.555555820465088,8.083333015441895,8.083333015441895,926550,ZBRA
1993-07-21,8.166666984558105,8.333333015441895,8.166666984558105,8.222222328186035,8.222222328186035,348300,ZBRA
1993-07-22,8.38888931274414,8.555556297302246,8.38888931274414,8.416666984558105,8.416666984558105,660150,ZBRA
1993-07-23,8.444443702697754,8.444443702697754,8.166666984558105,8.166666984558105,8.166666984558105,790200,ZBRA
1993-07-26,8.166666984558105,8.222222328186035,8.166666984558105,8.166666984558105,8.166666984558105,300600,ZBRA
1993-07-27,8.222222328186035,8.222222328186035,7.888888835906982,7.888888835906982,7.888888835906982,434700,ZBRA
1993-07-28,7.888888835906982,8.0,7.888888835906982,7.944444179534912,7.944444179534912,381600,ZBRA
1993-07-29,8.0,8.0,7.722221851348877,7.722221851348877,7.722221851348877,367200,ZBRA
1993-07-30,7.6666669845581055,7.6666669845581055,7.5,7.611111164093018,7.611111164093018,692550,ZBRA
1993-08-02,7.5,8.0,7.3333330154418945,7.944444179534912,7.944444179534912,556200,ZBRA
1993-08-03,7.888888835906982,8.11111068725586,7.888888835906982,7.9166669845581055,7.9166669845581055,348750,ZBRA
1993-08-04,7.888888835906982,8.38888931274414,7.888888835906982,8.277777671813965,8.277777671813965,338400,ZBRA
1993-08-05,8.38888931274414,8.555556297302246,8.277777671813965,8.555556297302246,8.555556297302246,386550,ZBRA
1993-08-06,8.444443702697754,8.555556297302246,8.277777671813965,8.333333015441895,8.333333015441895,308700,ZBRA
1993-08-09,8.5,8.666666984558105,8.333333015441895,8.555556297302246,8.555556297302246,153900,ZBRA
1993-08-10,8.666666984558105,8.833333015441895,8.555556297302246,8.666666984558105,8.666666984558105,346500,ZBRA
1993-08-11,8.833333015441895,8.833333015441895,8.666666984558105,8.666666984558105,8.666666984558105,218250,ZBRA
1993-08-12,8.666666984558105,8.75,8.61111068725586,8.61111068725586,8.61111068725586,88200,ZBRA
1993-08-13,8.777777671813965,8.833333015441895,8.61111068725586,8.61111068725586,8.61111068725586,127800,ZBRA
1993-08-16,8.61111068725586,8.88888931274414,8.61111068725586,8.722222328186035,8.722222328186035,87750,ZBRA
1993-08-17,8.722222328186035,9.5,8.722222328186035,9.333333015441895,9.333333015441895,456300,ZBRA
1993-08-18,9.444443702697754,9.944443702697754,9.444443702697754,9.777777671813965,9.777777671813965,775350,ZBRA
1993-08-19,9.777777671813965,10.11111068725586,9.5,9.5,9.5,977850,ZBRA
1993-08-20,9.5,9.61111068725586,9.055556297302246,9.055556297302246,9.055556297302246,643050,ZBRA
1993-08-23,9.055556297302246,9.166666984558105,8.833333015441895,8.88888931274414,8.88888931274414,300150,ZBRA
1993-08-24,9.0,9.11111068725586,8.88888931274414,9.0,9.0,86850,ZBRA
1993-08-25,9.11111068725586,9.277777671813965,9.0,9.11111068725586,9.11111068725586,180900,ZBRA
1993-08-26,9.055556297302246,9.166666984558105,8.777777671813965,8.944443702697754,8.944443702697754,198900,ZBRA
1993-08-27,8.88888931274414,8.88888931274414,8.38888931274414,8.61111068725586,8.61111068725586,1191600,ZBRA
1993-08-30,8.722222328186035,9.0,8.555556297302246,8.833333015441895,8.833333015441895,410850,ZBRA
1993-08-31,8.88888931274414,9.0,8.61111068725586,8.61111068725586,8.61111068725586,397350,ZBRA
1993-09-01,8.777777671813965,9.222222328186035,8.61111068725586,9.055556297302246,9.055556297302246,520200,ZBRA
1993-09-02,9.13888931274414,9.38888931274414,9.13888931274414,9.333333015441895,9.333333015441895,355950,ZBRA
1993-09-03,9.333333015441895,9.38888931274414,9.0,9.0,9.0,438750,ZBRA
1993-09-07,9.0,9.166666984558105,8.88888931274414,8.88888931274414,8.88888931274414,265950,ZBRA
1993-09-08,8.833333015441895,8.88888931274414,8.583333015441895,8.61111068725586,8.61111068725586,283500,ZBRA
1993-09-09,8.555556297302246,8.88888931274414,8.555556297302246,8.722222328186035,8.722222328186035,120600,ZBRA
1993-09-10,8.722222328186035,9.277777671813965,8.722222328186035,9.166666984558105,9.166666984558105,497700,ZBRA
1993-09-13,9.277777671813965,9.666666984558105,9.166666984558105,9.5,9.5,909000,ZBRA
1993-09-14,9.444443702697754,9.5,9.11111068725586,9.222222328186035,9.222222328186035,307350,ZBRA
1993-09-15,9.222222328186035,9.38888931274414,9.222222328186035,9.277777671813965,9.277777671813965,35100,ZBRA
1993-09-16,9.277777671813965,9.722222328186035,9.277777671813965,9.555556297302246,9.555556297302246,358200,ZBRA
1993-09-17,9.722222328186035,9.722222328186035,9.333333015441895,9.36111068725586,9.36111068725586,600750,ZBRA
1993-09-20,9.333333015441895,9.5,9.0,9.0,9.0,622350,ZBRA
1993-09-21,9.11111068725586,9.11111068725586,8.61111068725586,8.666666984558105,8.666666984558105,657000,ZBRA
1993-09-22,8.722222328186035,8.944443702697754,8.722222328186035,8.916666984558105,8.916666984558105,485550,ZBRA
1993-09-23,8.944443702697754,9.0,8.777777671813965,8.777777671813965,8.777777671813965,194400,ZBRA
1993-09-24,8.777777671813965,9.416666984558105,8.777777671813965,9.38888931274414,9.38888931274414,688500,ZBRA
1993-09-27,9.444443702697754,9.666666984558105,9.38888931274414,9.38888931274414,9.38888931274414,472950,ZBRA
1993-09-28,9.38888931274414,9.555556297302246,9.222222328186035,9.222222328186035,9.222222328186035,216000,ZBRA
1993-09-29,9.444443702697754,9.61111068725586,9.222222328186035,9.5,9.5,310500,ZBRA
1993-09-30,9.555556297302246,10.0,9.555556297302246,9.88888931274414,9.88888931274414,871200,ZBRA
1993-10-01,10.0,10.055556297302246,9.88888931274414,10.0,10.0,456750,ZBRA
1993-10-04,10.055556297302246,10.055556297302246,9.88888931274414,9.88888931274414,9.88888931274414,149850,ZBRA
1993-10-05,9.88888931274414,10.666666984558105,9.88888931274414,10.666666984558105,10.666666984558105,742050,ZBRA
1993-10-06,10.722222328186035,11.277777671813965,10.722222328186035,10.833333015441895,10.833333015441895,1885950,ZBRA
1993-10-07,10.88888931274414,10.944443702697754,10.555556297302246,10.555556297302246,10.555556297302246,590400,ZBRA
1993-10-08,10.666666984558105,10.666666984558105,10.444443702697754,10.444443702697754,10.444443702697754,770400,ZBRA
1993-10-11,10.555556297302246,10.61111068725586,10.444443702697754,10.444443702697754,10.444443702697754,231750,ZBRA
1993-10-12,10.444443702697754,10.5,10.277777671813965,10.38888931274414,10.38888931274414,554400,ZBRA
1993-10-13,10.277777671813965,10.88888931274414,10.277777671813965,10.75,10.75,467550,ZBRA
1993-10-14,10.88888931274414,10.88888931274414,10.722222328186035,10.722222328186035,10.722222328186035,290700,ZBRA
1993-10-15,10.88888931274414,11.166666984558105,10.833333015441895,10.944443702697754,10.944443702697754,810900,ZBRA
1993-10-18,10.944443702697754,11.055556297302246,10.88888931274414,10.88888931274414,10.88888931274414,292500,ZBRA
1993-10-19,11.0,11.0,10.777777671813965,10.88888931274414,10.88888931274414,413100,ZBRA
1993-10-20,11.222222328186035,11.555556297302246,11.222222328186035,11.333333015441895,11.333333015441895,1233450,ZBRA
1993-10-21,11.277777671813965,11.277777671813965,11.055556297302246,11.11111068725586,11.11111068725586,966600,ZBRA
1993-10-22,11.11111068725586,11.61111068725586,11.11111068725586,11.444443702697754,11.444443702697754,478350,ZBRA
1993-10-25,11.555556297302246,11.555556297302246,11.444443702697754,11.444443702697754,11.444443702697754,454500,ZBRA
1993-10-26,11.444443702697754,11.444443702697754,11.055556297302246,11.055556297302246,11.055556297302246,560700,ZBRA
1993-10-27,11.222222328186035,11.277777671813965,11.055556297302246,11.166666984558105,11.166666984558105,145800,ZBRA
1993-10-28,11.166666984558105,11.666666984558105,11.11111068725586,11.527777671813965,11.527777671813965,498150,ZBRA
1993-10-29,11.555556297302246,11.666666984558105,11.444443702697754,11.5,11.5,297450,ZBRA
1993-11-01,11.5,11.777777671813965,11.5,11.666666984558105,11.666666984558105,169650,ZBRA
1993-11-02,11.777777671813965,11.944443702697754,11.777777671813965,11.777777671813965,11.777777671813965,184500,ZBRA
1993-11-03,11.88888931274414,11.88888931274414,11.666666984558105,11.777777671813965,11.777777671813965,220950,ZBRA
1993-11-04,11.777777671813965,11.833333015441895,11.722222328186035,11.722222328186035,11.722222328186035,579600,ZBRA
1993-11-05,11.555556297302246,11.722222328186035,11.222222328186035,11.666666984558105,11.666666984558105,1075500,ZBRA
1993-11-08,11.61111068725586,11.777777671813965,11.5,11.666666984558105,11.666666984558105,598500,ZBRA
1993-11-09,11.833333015441895,12.333333015441895,11.777777671813965,12.222222328186035,12.222222328186035,787050,ZBRA
1993-11-10,12.222222328186035,12.722222328186035,12.166666984558105,12.555556297302246,12.555556297302246,822600,ZBRA
1993-11-11,12.722222328186035,13.5,12.555556297302246,12.944443702697754,12.944443702697754,2720250,ZBRA
1993-11-12,12.944443702697754,13.277777671813965,12.777777671813965,12.777777671813965,12.777777671813965,1465650,ZBRA
1993-11-15,12.777777671813965,12.805556297302246,12.277777671813965,12.38888931274414,12.38888931274414,374850,ZBRA
1993-11-16,12.333333015441895,12.61111068725586,12.222222328186035,12.61111068725586,12.61111068725586,599400,ZBRA
1993-11-17,12.444443702697754,12.666666984558105,12.11111068725586,12.277777671813965,12.277777671813965,613350,ZBRA
1993-11-18,12.277777671813965,12.61111068725586,11.5,11.694443702697754,11.694443702697754,865800,ZBRA
1993-11-19,11.555556297302246,11.555556297302246,11.055556297302246,11.194443702697754,11.194443702697754,1213200,ZBRA
1993-11-22,10.88888931274414,10.944443702697754,10.61111068725586,10.61111068725586,10.61111068725586,1062000,ZBRA
1993-11-23,10.833333015441895,11.722222328186035,10.61111068725586,11.38888931274414,11.38888931274414,832050,ZBRA
1993-11-24,11.38888931274414,11.722222328186035,11.166666984558105,11.722222328186035,11.722222328186035,594450,ZBRA
1993-11-26,11.555556297302246,11.722222328186035,11.555556297302246,11.555556297302246,11.555556297302246,9900,ZBRA
1993-11-29,11.88888931274414,12.722222328186035,11.88888931274414,12.666666984558105,12.666666984558105,1074150,ZBRA
1993-11-30,12.5,12.722222328186035,12.222222328186035,12.722222328186035,12.722222328186035,888750,ZBRA
1993-12-01,12.722222328186035,12.88888931274414,12.555556297302246,12.722222328186035,12.722222328186035,585450,ZBRA
1993-12-02,12.805556297302246,13.277777671813965,12.722222328186035,13.277777671813965,13.277777671813965,855000,ZBRA
1993-12-03,13.333333015441895,13.333333015441895,12.88888931274414,12.916666984558105,12.916666984558105,285300,ZBRA
1993-12-06,12.88888931274414,13.0,12.777777671813965,12.805556297302246,12.805556297302246,512550,ZBRA
1993-12-07,12.444443702697754,12.777777671813965,12.444443702697754,12.583333015441895,12.583333015441895,212400,ZBRA
1993-12-08,12.666666984558105,12.777777671813965,12.555556297302246,12.555556297302246,12.555556297302246,89100,ZBRA
1993-12-09,12.777777671813965,12.777777671813965,12.11111068725586,12.13888931274414,12.13888931274414,620100,ZBRA
1993-12-10,11.833333015441895,12.055556297302246,11.5,11.777777671813965,11.777777671813965,537750,ZBRA
1993-12-13,11.722222328186035,11.88888931274414,11.666666984558105,11.88888931274414,11.88888931274414,94050,ZBRA
1993-12-14,11.88888931274414,12.0,11.722222328186035,11.944443702697754,11.944443702697754,571050,ZBRA
1993-12-15,11.777777671813965,12.277777671813965,11.61111068725586,12.11111068725586,12.11111068725586,576000,ZBRA
1993-12-16,12.277777671813965,12.666666984558105,12.222222328186035,12.416666984558105,12.416666984558105,2408400,ZBRA
1993-12-17,12.5,12.666666984558105,12.38888931274414,12.61111068725586,12.61111068725586,364500,ZBRA
1993-12-20,12.555556297302246,12.833333015441895,12.555556297302246,12.555556297302246,12.555556297302246,229050,ZBRA
1993-12-21,12.722222328186035,12.722222328186035,12.277777671813965,12.444443702697754,12.444443702697754,673650,ZBRA
1993-12-22,12.277777671813965,12.38888931274414,12.166666984558105,12.25,12.25,626400,ZBRA
1993-12-23,12.277777671813965,12.38888931274414,12.166666984558105,12.36111068725586,12.36111068725586,321300,ZBRA
1993-12-27,12.333333015441895,12.777777671813965,12.277777671813965,12.63888931274414,12.63888931274414,388350,ZBRA
1993-12-28,12.555556297302246,12.666666984558105,12.444443702697754,12.472222328186035,12.472222328186035,263700,ZBRA
1993-12-29,12.444443702697754,12.666666984558105,12.444443702697754,12.444443702697754,12.444443702697754,121050,ZBRA
1993-12-30,12.444443702697754,12.666666984558105,12.444443702697754,12.444443702697754,12.444443702697754,162900,ZBRA
1993-12-31,12.722222328186035,12.722222328186035,12.555556297302246,12.583333015441895,12.583333015441895,84150,ZBRA
1994-01-03,12.722222328186035,12.722222328186035,12.11111068725586,12.194443702697754,12.194443702697754,360000,ZBRA
1994-01-04,12.11111068725586,12.277777671813965,11.88888931274414,11.88888931274414,11.88888931274414,184950,ZBRA
1994-01-05,11.88888931274414,12.11111068725586,11.833333015441895,12.055556297302246,12.055556297302246,213750,ZBRA
1994-01-06,12.11111068725586,12.11111068725586,11.5,11.61111068725586,11.61111068725586,419850,ZBRA
1994-01-07,11.61111068725586,11.88888931274414,11.61111068725586,11.722222328186035,11.722222328186035,198900,ZBRA
1994-01-10,11.722222328186035,12.0,11.61111068725586,11.833333015441895,11.833333015441895,349650,ZBRA
1994-01-11,12.0,12.13888931274414,11.833333015441895,12.11111068725586,12.11111068725586,164700,ZBRA
1994-01-12,12.11111068725586,12.166666984558105,11.833333015441895,12.166666984558105,12.166666984558105,538200,ZBRA
1994-01-13,12.166666984558105,12.222222328186035,12.0,12.222222328186035,12.222222328186035,59850,ZBRA
1994-01-14,12.222222328186035,12.5,12.11111068725586,12.444443702697754,12.444443702697754,299700,ZBRA
1994-01-17,12.5,12.5,12.333333015441895,12.333333015441895,12.333333015441895,30150,ZBRA
1994-01-18,12.5,12.5,12.333333015441895,12.333333015441895,12.333333015441895,135900,ZBRA
1994-01-19,12.333333015441895,12.5,12.333333015441895,12.333333015441895,12.333333015441895,573750,ZBRA
1994-01-20,12.5,12.5,11.5,11.5,11.5,482400,ZBRA
1994-01-21,11.5,11.61111068725586,10.5,11.0,11.0,1883250,ZBRA
1994-01-24,11.166666984558105,11.277777671813965,10.444443702697754,10.777777671813965,10.777777671813965,957600,ZBRA
1994-01-25,10.777777671813965,10.833333015441895,10.444443702697754,10.833333015441895,10.833333015441895,645750,ZBRA
1994-01-26,10.833333015441895,11.194443702697754,10.555556297302246,11.13888931274414,11.13888931274414,438750,ZBRA
1994-01-27,11.166666984558105,11.222222328186035,10.944443702697754,11.055556297302246,11.055556297302246,154800,ZBRA
1994-01-28,11.222222328186035,11.222222328186035,10.61111068725586,10.61111068725586,10.61111068725586,208800,ZBRA
1994-01-31,10.61111068725586,10.833333015441895,10.38888931274414,10.666666984558105,10.666666984558105,532800,ZBRA
1994-02-01,10.666666984558105,10.666666984558105,9.666666984558105,9.916666984558105,9.916666984558105,1794600,ZBRA
1994-02-02,9.777777671813965,10.0,9.5,9.555556297302246,9.555556297302246,1311750,ZBRA
1994-02-03,9.777777671813965,10.5,9.666666984558105,10.5,10.5,988650,ZBRA
1994-02-04,10.5,10.5,10.055556297302246,10.11111068725586,10.11111068725586,262800,ZBRA
1994-02-07,10.333333015441895,10.444443702697754,10.11111068725586,10.38888931274414,10.38888931274414,85050,ZBRA
1994-02-08,10.166666984558105,10.444443702697754,10.166666984558105,10.166666984558105,10.166666984558105,135000,ZBRA
1994-02-09,10.166666984558105,11.222222328186035,10.166666984558105,10.833333015441895,10.833333015441895,576900,ZBRA
1994-02-10,11.11111068725586,11.333333015441895,11.0,11.11111068725586,11.11111068725586,167400,ZBRA
1994-02-11,11.0,11.166666984558105,10.833333015441895,10.86111068725586,10.86111068725586,167850,ZBRA
1994-02-14,10.833333015441895,11.166666984558105,10.833333015441895,11.166666984558105,11.166666984558105,114300,ZBRA
1994-02-15,11.055556297302246,11.166666984558105,10.38888931274414,10.722222328186035,10.722222328186035,755100,ZBRA
1994-02-16,10.777777671813965,11.555556297302246,10.777777671813965,11.5,11.5,632250,ZBRA
1994-02-17,11.722222328186035,11.722222328186035,11.0,11.194443702697754,11.194443702697754,526950,ZBRA
1994-02-18,11.277777671813965,11.277777671813965,10.777777671813965,10.833333015441895,10.833333015441895,138600,ZBRA
1994-02-22,10.777777671813965,11.0,10.61111068725586,10.61111068725586,10.61111068725586,59400,ZBRA
1994-02-23,10.61111068725586,10.88888931274414,10.11111068725586,10.277777671813965,10.277777671813965,620550,ZBRA
1994-02-24,10.0,10.5,9.666666984558105,10.166666984558105,10.166666984558105,353250,ZBRA
1994-02-25,10.444443702697754,10.444443702697754,9.944443702697754,10.0,10.0,181800,ZBRA
1994-02-28,9.944443702697754,10.333333015441895,9.944443702697754,10.222222328186035,10.222222328186035,134100,ZBRA
1994-03-01,10.333333015441895,10.666666984558105,10.055556297302246,10.444443702697754,10.444443702697754,234900,ZBRA
1994-03-02,10.166666984558105,10.38888931274414,9.944443702697754,10.11111068725586,10.11111068725586,135000,ZBRA
1994-03-03,10.11111068725586,10.5,10.11111068725586,10.333333015441895,10.333333015441895,305550,ZBRA
1994-03-04,10.333333015441895,11.166666984558105,10.333333015441895,11.11111068725586,11.11111068725586,521550,ZBRA
1994-03-07,11.11111068725586,11.333333015441895,10.88888931274414,11.11111068725586,11.11111068725586,327600,ZBRA
1994-03-08,11.0,11.166666984558105,10.88888931274414,10.88888931274414,10.88888931274414,563400,ZBRA
1994-03-09,10.88888931274414,10.88888931274414,10.61111068725586,10.777777671813965,10.777777671813965,296550,ZBRA
1994-03-10,10.777777671813965,11.055556297302246,10.777777671813965,10.833333015441895,10.833333015441895,49950,ZBRA
1994-03-11,11.055556297302246,11.38888931274414,10.833333015441895,11.222222328186035,11.222222328186035,195750,ZBRA
1994-03-14,11.222222328186035,12.222222328186035,11.222222328186035,12.222222328186035,12.222222328186035,425250,ZBRA
1994-03-15,11.944443702697754,12.444443702697754,11.88888931274414,12.444443702697754,12.444443702697754,412200,ZBRA
1994-03-16,12.277777671813965,12.333333015441895,11.972222328186035,12.222222328186035,12.222222328186035,386100,ZBRA
1994-03-17,12.277777671813965,12.277777671813965,11.833333015441895,11.88888931274414,11.88888931274414,310500,ZBRA
1994-03-18,11.88888931274414,12.11111068725586,11.277777671813965,11.305556297302246,11.305556297302246,187200,ZBRA
1994-03-21,11.333333015441895,11.555556297302246,11.333333015441895,11.38888931274414,11.38888931274414,235350,ZBRA
1994-03-22,11.5,11.5,10.666666984558105,10.805556297302246,10.805556297302246,882450,ZBRA
1994-03-23,10.88888931274414,10.88888931274414,10.555556297302246,10.722222328186035,10.722222328186035,423450,ZBRA
1994-03-24,10.61111068725586,10.61111068725586,9.61111068725586,9.88888931274414,9.88888931274414,825300,ZBRA
1994-03-25,10.0,10.333333015441895,8.333333015441895,8.666666984558105,8.666666984558105,3760650,ZBRA
1994-03-28,8.61111068725586,8.61111068725586,8.0,8.25,8.25,2715750,ZBRA
1994-03-29,8.333333015441895,8.5,8.027777671813965,8.027777671813965,8.027777671813965,1125000,ZBRA
1994-03-30,7.722221851348877,7.944444179534912,7.611111164093018,7.861111164093018,7.861111164093018,2080350,ZBRA
1994-03-31,7.8333330154418945,8.777777671813965,7.8333330154418945,8.777777671813965,8.777777671813965,2123100,ZBRA
1994-04-04,8.0,8.38888931274414,7.777778148651123,7.888888835906982,7.888888835906982,1023300,ZBRA
1994-04-05,8.222222328186035,8.222222328186035,7.944444179534912,8.11111068725586,8.11111068725586,1159650,ZBRA
1994-04-06,8.222222328186035,8.444443702697754,8.11111068725586,8.277777671813965,8.277777671813965,617400,ZBRA
1994-04-07,8.11111068725586,8.277777671813965,8.055556297302246,8.208333015441895,8.208333015441895,99900,ZBRA
1994-04-08,8.222222328186035,8.444443702697754,8.222222328186035,8.277777671813965,8.277777671813965,789300,ZBRA
1994-04-11,8.333333015441895,8.333333015441895,8.166666984558105,8.25,8.25,266400,ZBRA
1994-04-12,8.166666984558105,8.277777671813965,8.166666984558105,8.277777671813965,8.277777671813965,131400,ZBRA
1994-04-13,8.277777671813965,8.277777671813965,7.888888835906982,8.055556297302246,8.055556297302246,304650,ZBRA
1994-04-14,7.888888835906982,8.0,7.777778148651123,7.777778148651123,7.777778148651123,357300,ZBRA
1994-04-15,7.944444179534912,7.944444179534912,7.5,7.555555820465088,7.555555820465088,2729700,ZBRA
1994-04-18,7.555555820465088,7.777778148651123,6.8333330154418945,6.861111164093018,6.861111164093018,1274400,ZBRA
1994-04-19,6.944444179534912,7.111111164093018,6.8333330154418945,7.111111164093018,7.111111164093018,2119950,ZBRA
1994-04-20,7.111111164093018,7.111111164093018,6.6666669845581055,6.888888835906982,6.888888835906982,947700,ZBRA
1994-04-21,6.888888835906982,7.5,6.6666669845581055,7.361111164093018,7.361111164093018,888750,ZBRA
1994-04-22,6.555555820465088,6.555555820465088,5.222221851348877,5.8333330154418945,5.8333330154418945,17863200,ZBRA
1994-04-25,6.055555820465088,6.388888835906982,5.888888835906982,6.111111164093018,6.111111164093018,4239000,ZBRA
1994-04-26,6.222221851348877,6.388888835906982,5.944444179534912,6.3333330154418945,6.3333330154418945,1575000,ZBRA
1994-04-28,6.388888835906982,6.388888835906982,6.1666669845581055,6.305555820465088,6.305555820465088,1401750,ZBRA
1994-04-29,6.222221851348877,6.555555820465088,6.222221851348877,6.388888835906982,6.388888835906982,1109700,ZBRA
1994-05-02,6.388888835906982,6.6666669845581055,6.3333330154418945,6.5,6.5,2270250,ZBRA
1994-05-03,6.555555820465088,6.555555820465088,6.277778148651123,6.388888835906982,6.388888835906982,410400,ZBRA
1994-05-04,6.388888835906982,6.555555820465088,6.3333330154418945,6.444444179534912,6.444444179534912,715500,ZBRA
1994-05-05,6.5,6.5,6.111111164093018,6.3333330154418945,6.3333330154418945,1338750,ZBRA
1994-05-06,6.222221851348877,6.3333330154418945,6.222221851348877,6.3333330154418945,6.3333330154418945,1543050,ZBRA
1994-05-09,6.277778148651123,6.3333330154418945,6.0,6.0,6.0,523350,ZBRA
1994-05-10,6.1666669845581055,6.1666669845581055,6.0,6.055555820465088,6.055555820465088,326700,ZBRA
1994-05-11,6.111111164093018,6.111111164093018,5.944444179534912,5.944444179534912,5.944444179534912,381150,ZBRA
1994-05-12,6.055555820465088,6.055555820465088,5.8333330154418945,5.888888835906982,5.888888835906982,1535850,ZBRA
1994-05-13,6.0,6.0,5.8333330154418945,5.944444179534912,5.944444179534912,603000,ZBRA
1994-05-16,5.944444179534912,6.222221851348877,5.8333330154418945,6.111111164093018,6.111111164093018,288900,ZBRA
1994-05-17,6.277778148651123,6.3333330154418945,6.055555820465088,6.138888835906982,6.138888835906982,128250,ZBRA
1994-05-18,6.1666669845581055,6.444444179534912,6.055555820465088,6.444444179534912,6.444444179534912,231300,ZBRA
1994-05-19,6.444444179534912,6.444444179534912,6.1666669845581055,6.388888835906982,6.388888835906982,1174050,ZBRA
1994-05-20,6.388888835906982,6.611111164093018,6.3333330154418945,6.555555820465088,6.555555820465088,309150,ZBRA
1994-05-23,6.555555820465088,6.555555820465088,6.277778148651123,6.277778148651123,6.277778148651123,294750,ZBRA
1994-05-24,6.388888835906982,6.6666669845581055,6.277778148651123,6.6666669845581055,6.6666669845581055,469350,ZBRA
1994-05-25,6.6666669845581055,7.0,6.5,6.8333330154418945,6.8333330154418945,625050,ZBRA
1994-05-26,6.8333330154418945,6.888888835906982,6.722221851348877,6.777778148651123,6.777778148651123,318600,ZBRA
1994-05-27,6.888888835906982,6.888888835906982,6.611111164093018,6.777778148651123,6.777778148651123,237600,ZBRA
1994-05-31,6.777778148651123,6.777778148651123,6.611111164093018,6.611111164093018,6.611111164093018,42300,ZBRA
1994-06-01,6.611111164093018,6.888888835906982,6.611111164093018,6.888888835906982,6.888888835906982,376650,ZBRA
1994-06-02,6.777778148651123,7.222221851348877,6.777778148651123,7.138888835906982,7.138888835906982,1870650,ZBRA
1994-06-03,7.222221851348877,8.0,7.0,7.625,7.625,938250,ZBRA
1994-06-06,7.611111164093018,7.611111164093018,7.444444179534912,7.555555820465088,7.555555820465088,753300,ZBRA
1994-06-07,7.611111164093018,7.611111164093018,7.444444179534912,7.555555820465088,7.555555820465088,637650,ZBRA
1994-06-08,7.555555820465088,7.555555820465088,7.111111164093018,7.222221851348877,7.222221851348877,400500,ZBRA
1994-06-09,7.222221851348877,7.444444179534912,7.222221851348877,7.222221851348877,7.222221851348877,57150,ZBRA
1994-06-10,7.222221851348877,7.555555820465088,7.194444179534912,7.5,7.5,199800,ZBRA
1994-06-13,7.277778148651123,7.5,7.111111164093018,7.1666669845581055,7.1666669845581055,130500,ZBRA
1994-06-14,7.277778148651123,7.388888835906982,7.1666669845581055,7.388888835906982,7.388888835906982,168300,ZBRA
1994-06-15,7.222221851348877,7.388888835906982,7.222221851348877,7.25,7.25,212850,ZBRA
1994-06-16,7.222221851348877,7.388888835906982,7.222221851348877,7.222221851348877,7.222221851348877,57150,ZBRA
1994-06-17,7.388888835906982,7.388888835906982,7.222221851348877,7.3333330154418945,7.3333330154418945,63900,ZBRA
1994-06-20,7.222221851348877,7.388888835906982,7.222221851348877,7.277778148651123,7.277778148651123,204300,ZBRA
1994-06-21,7.3333330154418945,7.388888835906982,7.055555820465088,7.1666669845581055,7.1666669845581055,373050,ZBRA
1994-06-22,7.388888835906982,7.555555820465088,7.222221851348877,7.5,7.5,306450,ZBRA
1994-06-23,7.555555820465088,7.777778148651123,7.388888835906982,7.388888835906982,7.388888835906982,842400,ZBRA
1994-06-24,7.277778148651123,7.388888835906982,6.888888835906982,7.0833330154418945,7.0833330154418945,846000,ZBRA
1994-06-27,7.222221851348877,7.222221851348877,7.055555820465088,7.111111164093018,7.111111164093018,359100,ZBRA
1994-06-28,7.1666669845581055,7.1666669845581055,6.777778148651123,6.9166669845581055,6.9166669845581055,724950,ZBRA
1994-06-29,7.0,7.1666669845581055,6.8333330154418945,7.111111164093018,7.111111164093018,182250,ZBRA
1994-06-30,7.111111164093018,7.222221851348877,6.944444179534912,7.055555820465088,7.055555820465088,537750,ZBRA
1994-07-01,7.055555820465088,7.222221851348877,7.055555820465088,7.222221851348877,7.222221851348877,233100,ZBRA
1994-07-05,7.0,7.222221851348877,7.0,7.0,7.0,686700,ZBRA
1994-07-06,7.1666669845581055,7.1666669845581055,6.888888835906982,6.888888835906982,6.888888835906982,478800,ZBRA
1994-07-07,7.055555820465088,7.277778148651123,6.944444179534912,7.222221851348877,7.222221851348877,517050,ZBRA
1994-07-08,7.111111164093018,7.388888835906982,7.111111164093018,7.388888835906982,7.388888835906982,265050,ZBRA
1994-07-11,7.222221851348877,7.638888835906982,7.222221851348877,7.611111164093018,7.611111164093018,446850,ZBRA
1994-07-12,7.8333330154418945,7.888888835906982,7.611111164093018,7.777778148651123,7.777778148651123,1029150,ZBRA
1994-07-13,7.8333330154418945,8.055556297302246,7.6666669845581055,7.944444179534912,7.944444179534912,763650,ZBRA
1994-07-14,8.0,8.277777671813965,7.888888835906982,8.222222328186035,8.222222328186035,713700,ZBRA
1994-07-15,8.222222328186035,8.333333015441895,8.0,8.13888931274414,8.13888931274414,259200,ZBRA
1994-07-18,8.166666984558105,8.222222328186035,8.0,8.222222328186035,8.222222328186035,631800,ZBRA
1994-07-19,8.222222328186035,8.277777671813965,8.11111068725586,8.277777671813965,8.277777671813965,398700,ZBRA
1994-07-20,8.277777671813965,8.277777671813965,8.055556297302246,8.166666984558105,8.166666984558105,611100,ZBRA
1994-07-21,8.166666984558105,8.166666984558105,7.944444179534912,8.055556297302246,8.055556297302246,593100,ZBRA
1994-07-22,7.944444179534912,8.055556297302246,7.611111164093018,7.8333330154418945,7.8333330154418945,329400,ZBRA
1994-07-25,7.611111164093018,7.6666669845581055,7.388888835906982,7.611111164093018,7.611111164093018,223200,ZBRA
1994-07-26,7.611111164093018,7.722221851348877,7.555555820465088,7.611111164093018,7.611111164093018,430650,ZBRA
1994-07-27,7.555555820465088,7.722221851348877,7.222221851348877,7.638888835906982,7.638888835906982,725400,ZBRA
1994-07-28,7.6666669845581055,8.0,7.5,7.777778148651123,7.777778148651123,510750,ZBRA
1994-07-29,8.0,8.166666984558105,7.777778148651123,7.944444179534912,7.944444179534912,163350,ZBRA
1994-08-01,7.8333330154418945,8.055556297302246,7.8333330154418945,7.888888835906982,7.888888835906982,104850,ZBRA
1994-08-02,8.055556297302246,8.055556297302246,7.944444179534912,8.055556297302246,8.055556297302246,190800,ZBRA
1994-08-03,7.888888835906982,8.055556297302246,7.777778148651123,8.0,8.0,231750,ZBRA
1994-08-04,7.8333330154418945,8.0,7.8333330154418945,7.8333330154418945,7.8333330154418945,9900,ZBRA
1994-08-05,7.888888835906982,8.0,7.8333330154418945,8.0,8.0,16650,ZBRA
1994-08-08,7.8333330154418945,8.0,7.8333330154418945,8.0,8.0,144450,ZBRA
1994-08-09,7.944444179534912,8.055556297302246,7.8333330154418945,8.055556297302246,8.055556297302246,236700,ZBRA
1994-08-10,7.944444179534912,8.666666984558105,7.944444179534912,8.555556297302246,8.555556297302246,954450,ZBRA
1994-08-11,8.61111068725586,8.666666984558105,8.38888931274414,8.38888931274414,8.38888931274414,677700,ZBRA
1994-08-12,8.38888931274414,8.555556297302246,8.38888931274414,8.475693702697754,8.475693702697754,312750,ZBRA
1994-08-15,8.555556297302246,8.666666984558105,8.38888931274414,8.555556297302246,8.555556297302246,659700,ZBRA
1994-08-16,8.555556297302246,8.722222328186035,8.555556297302246,8.63888931274414,8.63888931274414,483750,ZBRA
1994-08-17,8.833333015441895,8.833333015441895,8.555556297302246,8.722222328186035,8.722222328186035,221400,ZBRA
1994-08-18,8.666666984558105,8.722222328186035,8.555556297302246,8.722222328186035,8.722222328186035,363600,ZBRA
1994-08-19,8.722222328186035,8.722222328186035,8.555556297302246,8.63888931274414,8.63888931274414,1224450,ZBRA
1994-08-22,8.75,8.833333015441895,8.61111068725586,8.61111068725586,8.61111068725586,231300,ZBRA
1994-08-23,8.833333015441895,9.0,8.61111068725586,8.722222328186035,8.722222328186035,1080450,ZBRA
1994-08-24,8.722222328186035,8.944443702697754,8.722222328186035,8.722222328186035,8.722222328186035,265950,ZBRA
1994-08-25,8.722222328186035,8.88888931274414,8.555556297302246,8.555556297302246,8.555556297302246,299700,ZBRA
1994-08-26,8.555556297302246,8.88888931274414,8.555556297302246,8.88888931274414,8.88888931274414,499050,ZBRA
1994-08-29,8.722222328186035,8.944443702697754,8.722222328186035,8.722222328186035,8.722222328186035,94500,ZBRA
1994-08-30,8.722222328186035,8.944443702697754,8.722222328186035,8.722222328186035,8.722222328186035,83250,ZBRA
1994-08-31,8.722222328186035,8.944443702697754,8.722222328186035,8.722222328186035,8.722222328186035,304200,ZBRA
1994-09-01,8.722222328186035,8.944443702697754,8.722222328186035,8.833333015441895,8.833333015441895,195750,ZBRA
1994-09-02,8.944443702697754,8.944443702697754,8.722222328186035,8.833333015441895,8.833333015441895,245250,ZBRA
1994-09-06,8.833333015441895,8.944443702697754,8.722222328186035,8.722222328186035,8.722222328186035,120150,ZBRA
1994-09-07,8.722222328186035,9.055556297302246,8.722222328186035,8.833333015441895,8.833333015441895,452700,ZBRA
1994-09-08,8.833333015441895,9.0,8.722222328186035,8.833333015441895,8.833333015441895,941850,ZBRA
1994-09-09,8.444443702697754,8.666666984558105,8.444443702697754,8.61111068725586,8.61111068725586,141300,ZBRA
1994-09-12,8.555556297302246,8.666666984558105,8.444443702697754,8.61111068725586,8.61111068725586,68400,ZBRA
1994-09-13,8.722222328186035,8.88888931274414,8.11111068725586,8.11111068725586,8.11111068725586,695250,ZBRA
1994-09-14,8.11111068725586,8.333333015441895,8.055556297302246,8.333333015441895,8.333333015441895,334350,ZBRA
1994-09-15,8.333333015441895,8.333333015441895,8.166666984558105,8.305556297302246,8.305556297302246,364500,ZBRA
1994-09-16,8.222222328186035,8.333333015441895,8.166666984558105,8.166666984558105,8.166666984558105,293850,ZBRA
1994-09-19,8.277777671813965,8.333333015441895,8.166666984558105,8.333333015441895,8.333333015441895,9541800,ZBRA
1994-09-20,8.333333015441895,8.444443702697754,8.222222328186035,8.277777671813965,8.277777671813965,288000,ZBRA
1994-09-21,8.444443702697754,8.444443702697754,8.027777671813965,8.027777671813965,8.027777671813965,123300,ZBRA
1994-09-22,8.0,8.222222328186035,7.722221851348877,7.805555820465088,7.805555820465088,233100,ZBRA
1994-09-23,7.944444179534912,7.944444179534912,7.5,7.6666669845581055,7.6666669845581055,396450,ZBRA
1994-09-26,7.527778148651123,7.722221851348877,7.388888835906982,7.6666669845581055,7.6666669845581055,419850,ZBRA
1994-09-27,7.722221851348877,7.944444179534912,7.722221851348877,7.888888835906982,7.888888835906982,193950,ZBRA
1994-09-28,7.888888835906982,8.333333015441895,7.722221851348877,8.222222328186035,8.222222328186035,320400,ZBRA
1994-09-29,8.277777671813965,8.277777671813965,8.0,8.166666984558105,8.166666984558105,329400,ZBRA
1994-09-30,7.944444179534912,8.166666984558105,7.944444179534912,8.166666984558105,8.166666984558105,166950,ZBRA
1994-10-03,7.944444179534912,8.055556297302246,7.8333330154418945,8.0,8.0,219150,ZBRA
1994-10-04,7.8333330154418945,7.944444179534912,7.5,7.6666669845581055,7.6666669845581055,187200,ZBRA
1994-10-05,7.5,8.333333015441895,7.5,8.222222328186035,8.222222328186035,316350,ZBRA
1994-10-06,8.38888931274414,8.38888931274414,8.11111068725586,8.11111068725586,8.11111068725586,403200,ZBRA
1994-10-07,8.11111068725586,8.11111068725586,7.944444179534912,8.0,8.0,194400,ZBRA
1994-10-10,8.055556297302246,8.11111068725586,8.0,8.11111068725586,8.11111068725586,284400,ZBRA
1994-10-11,8.0,8.055556297302246,7.8333330154418945,8.055556297302246,8.055556297302246,93150,ZBRA
1994-10-12,7.888888835906982,8.11111068725586,7.888888835906982,8.0,8.0,469350,ZBRA
1994-10-13,7.888888835906982,8.166666984558105,7.888888835906982,8.0,8.0,270000,ZBRA
1994-10-14,8.166666984558105,8.166666984558105,8.0,8.055556297302246,8.055556297302246,144900,ZBRA
1994-10-17,7.944444179534912,8.11111068725586,7.888888835906982,7.944444179534912,7.944444179534912,129600,ZBRA
1994-10-18,7.888888835906982,8.055556297302246,7.888888835906982,7.888888835906982,7.888888835906982,61650,ZBRA
1994-10-19,7.888888835906982,8.055556297302246,7.888888835906982,7.888888835906982,7.888888835906982,90450,ZBRA
1994-10-20,7.888888835906982,8.0,7.888888835906982,8.0,8.0,113850,ZBRA
1994-10-21,8.166666984558105,8.166666984558105,7.888888835906982,7.888888835906982,7.888888835906982,189450,ZBRA
1994-10-24,7.888888835906982,8.055556297302246,7.888888835906982,8.055556297302246,8.055556297302246,349650,ZBRA
1994-10-25,8.0,8.055556297302246,7.888888835906982,7.888888835906982,7.888888835906982,126900,ZBRA
1994-10-26,7.944444179534912,8.277777671813965,7.944444179534912,8.055556297302246,8.055556297302246,261900,ZBRA
1994-10-27,8.222222328186035,8.444443702697754,8.194443702697754,8.444443702697754,8.444443702697754,189000,ZBRA
1994-10-28,8.38888931274414,8.722222328186035,8.277777671813965,8.555556297302246,8.555556297302246,730800,ZBRA
1994-10-31,8.555556297302246,9.166666984558105,8.555556297302246,8.944443702697754,8.944443702697754,496800,ZBRA
1994-11-01,9.0,9.0,8.833333015441895,8.833333015441895,8.833333015441895,743400,ZBRA
1994-11-02,8.777777671813965,9.583333015441895,8.777777671813965,9.38888931274414,9.38888931274414,751500,ZBRA
1994-11-03,9.555556297302246,9.555556297302246,9.166666984558105,9.194443702697754,9.194443702697754,1444950,ZBRA
1994-11-04,9.277777671813965,9.277777671813965,9.166666984558105,9.222222328186035,9.222222328186035,455400,ZBRA
1994-11-07,9.166666984558105,9.222222328186035,8.944443702697754,9.055556297302246,9.055556297302246,1023750,ZBRA
1994-11-08,8.944443702697754,9.055556297302246,8.944443702697754,8.944443702697754,8.944443702697754,360000,ZBRA
1994-11-09,9.055556297302246,9.055556297302246,8.944443702697754,9.027777671813965,9.027777671813965,630900,ZBRA
1994-11-10,9.055556297302246,9.11111068725586,9.0,9.0,9.0,26100,ZBRA
1994-11-11,9.11111068725586,9.11111068725586,9.0,9.0,9.0,20250,ZBRA
1994-11-14,9.11111068725586,9.11111068725586,9.0,9.11111068725586,9.11111068725586,101700,ZBRA
1994-11-15,9.0,9.11111068725586,9.0,9.083333015441895,9.083333015441895,384300,ZBRA
1994-11-16,9.0,9.11111068725586,8.833333015441895,8.916666984558105,8.916666984558105,394650,ZBRA
1994-11-17,8.833333015441895,9.0,8.777777671813965,8.777777671813965,8.777777671813965,254700,ZBRA
1994-11-18,8.777777671813965,8.805556297302246,8.666666984558105,8.722222328186035,8.722222328186035,72000,ZBRA
1994-11-21,8.833333015441895,8.833333015441895,8.555556297302246,8.555556297302246,8.555556297302246,83250,ZBRA
1994-11-22,8.555556297302246,8.666666984558105,7.944444179534912,8.0,8.0,390150,ZBRA
1994-11-23,7.944444179534912,8.277777671813965,7.8333330154418945,8.11111068725586,8.11111068725586,327600,ZBRA
1994-11-25,8.277777671813965,8.277777671813965,8.166666984558105,8.277777671813965,8.277777671813965,46800,ZBRA
1994-11-28,8.277777671813965,8.722222328186035,8.222222328186035,8.722222328186035,8.722222328186035,213750,ZBRA
1994-11-29,8.777777671813965,8.777777671813965,8.277777671813965,8.722222328186035,8.722222328186035,545850,ZBRA
1994-11-30,8.555556297302246,8.61111068725586,8.333333015441895,8.333333015441895,8.333333015441895,759150,ZBRA
1994-12-01,8.5,8.5,8.277777671813965,8.333333015441895,8.333333015441895,102600,ZBRA
1994-12-02,8.277777671813965,8.444443702697754,8.277777671813965,8.277777671813965,8.277777671813965,60300,ZBRA
1994-12-05,8.416666984558105,8.444443702697754,8.222222328186035,8.333333015441895,8.333333015441895,132750,ZBRA
1994-12-06,8.444443702697754,8.5,8.166666984558105,8.166666984558105,8.166666984558105,105300,ZBRA
1994-12-07,8.0,8.222222328186035,7.944444179534912,8.11111068725586,8.11111068725586,77850,ZBRA
1994-12-08,8.055556297302246,8.055556297302246,7.6666669845581055,7.805555820465088,7.805555820465088,184950,ZBRA
1994-12-09,7.888888835906982,7.888888835906982,7.6666669845581055,7.8333330154418945,7.8333330154418945,142200,ZBRA
1994-12-12,7.611111164093018,7.8333330154418945,7.611111164093018,7.638888835906982,7.638888835906982,391950,ZBRA
1994-12-13,7.777778148651123,7.777778148651123,7.611111164093018,7.777778148651123,7.777778148651123,372600,ZBRA
1994-12-14,7.6666669845581055,7.777778148651123,7.611111164093018,7.611111164093018,7.611111164093018,75150,ZBRA
1994-12-15,7.611111164093018,8.222222328186035,7.611111164093018,8.222222328186035,8.222222328186035,412650,ZBRA
1994-12-16,8.222222328186035,8.222222328186035,8.0,8.11111068725586,8.11111068725586,117450,ZBRA
1994-12-19,8.11111068725586,8.11111068725586,8.0,8.055556297302246,8.055556297302246,180900,ZBRA
1994-12-20,8.11111068725586,8.166666984558105,8.0,8.11111068725586,8.11111068725586,337050,ZBRA
1994-12-21,7.944444179534912,8.055556297302246,7.888888835906982,7.888888835906982,7.888888835906982,77400,ZBRA
1994-12-22,7.888888835906982,8.055556297302246,7.8333330154418945,7.9166669845581055,7.9166669845581055,118350,ZBRA
1994-12-23,7.888888835906982,8.166666984558105,7.888888835906982,8.083333015441895,8.083333015441895,178200,ZBRA
1994-12-27,8.166666984558105,8.61111068725586,8.166666984558105,8.444443702697754,8.444443702697754,342900,ZBRA
1994-12-28,8.444443702697754,8.61111068725586,8.38888931274414,8.444443702697754,8.444443702697754,112050,ZBRA
1994-12-29,8.38888931274414,8.777777671813965,8.38888931274414,8.75,8.75,383400,ZBRA
1994-12-30,8.666666984558105,8.88888931274414,8.666666984558105,8.680556297302246,8.680556297302246,259200,ZBRA
1995-01-03,8.666666984558105,8.666666984558105,8.277777671813965,8.333333015441895,8.333333015441895,359550,ZBRA
1995-01-04,8.333333015441895,8.5,8.222222328186035,8.222222328186035,8.222222328186035,36000,ZBRA
1995-01-05,8.222222328186035,8.333333015441895,8.222222328186035,8.222222328186035,8.222222328186035,16200,ZBRA
1995-01-06,8.444443702697754,8.444443702697754,8.222222328186035,8.222222328186035,8.222222328186035,52200,ZBRA
1995-01-09,8.25,8.444443702697754,8.222222328186035,8.305556297302246,8.305556297302246,21600,ZBRA
1995-01-10,8.222222328186035,8.444443702697754,8.222222328186035,8.277777671813965,8.277777671813965,23850,ZBRA
1995-01-11,8.277777671813965,8.5,8.277777671813965,8.5,8.5,34650,ZBRA
1995-01-12,8.5,8.555556297302246,8.277777671813965,8.555556297302246,8.555556297302246,86850,ZBRA
1995-01-13,8.555556297302246,8.555556297302246,8.26388931274414,8.277777671813965,8.277777671813965,467100,ZBRA
1995-01-16,8.222222328186035,8.444443702697754,8.222222328186035,8.277777671813965,8.277777671813965,92250,ZBRA
1995-01-17,8.277777671813965,8.444443702697754,8.277777671813965,8.444443702697754,8.444443702697754,29250,ZBRA
1995-01-18,8.444443702697754,8.88888931274414,8.277777671813965,8.88888931274414,8.88888931274414,351000,ZBRA
1995-01-19,8.88888931274414,9.333333015441895,8.61111068725586,9.166666984558105,9.166666984558105,515700,ZBRA
1995-01-20,9.166666984558105,9.166666984558105,8.777777671813965,9.166666984558105,9.166666984558105,342450,ZBRA
1995-01-23,8.944443702697754,9.055556297302246,8.833333015441895,9.0,9.0,469350,ZBRA
1995-01-24,8.944443702697754,9.166666984558105,8.88888931274414,8.88888931274414,8.88888931274414,291150,ZBRA
1995-01-25,8.88888931274414,8.88888931274414,8.722222328186035,8.722222328186035,8.722222328186035,235800,ZBRA
1995-01-26,8.722222328186035,8.944443702697754,8.694443702697754,8.722222328186035,8.722222328186035,154350,ZBRA
1995-01-27,8.944443702697754,8.944443702697754,8.722222328186035,8.722222328186035,8.722222328186035,21600,ZBRA
1995-01-30,8.88888931274414,9.0,8.722222328186035,9.0,9.0,80100,ZBRA
1995-01-31,8.777777671813965,9.0,8.777777671813965,8.88888931274414,8.88888931274414,164250,ZBRA
1995-02-01,9.11111068725586,9.166666984558105,8.88888931274414,9.166666984558105,9.166666984558105,491400,ZBRA
1995-02-02,9.055556297302246,9.277777671813965,9.055556297302246,9.222222328186035,9.222222328186035,743400,ZBRA
1995-02-03,9.11111068725586,9.5,9.11111068725586,9.5,9.5,395550,ZBRA
1995-02-06,9.333333015441895,9.5,9.277777671813965,9.277777671813965,9.277777671813965,156600,ZBRA
1995-02-07,9.277777671813965,9.333333015441895,9.166666984558105,9.166666984558105,9.166666984558105,172350,ZBRA
1995-02-08,9.166666984558105,9.333333015441895,9.166666984558105,9.194443702697754,9.194443702697754,37350,ZBRA
1995-02-09,9.166666984558105,9.444443702697754,9.166666984558105,9.416666984558105,9.416666984558105,157050,ZBRA
1995-02-10,9.444443702697754,9.555556297302246,9.333333015441895,9.38888931274414,9.38888931274414,31500,ZBRA
1995-02-13,9.38888931274414,9.555556297302246,9.277777671813965,9.277777671813965,9.277777671813965,203400,ZBRA
1995-02-14,9.222222328186035,9.5,9.222222328186035,9.444443702697754,9.444443702697754,766800,ZBRA
1995-02-15,9.38888931274414,9.555556297302246,9.38888931274414,9.38888931274414,9.38888931274414,187650,ZBRA
1995-02-16,9.38888931274414,9.5,9.38888931274414,9.38888931274414,9.38888931274414,113850,ZBRA
1995-02-17,9.38888931274414,9.416666984558105,9.11111068725586,9.11111068725586,9.11111068725586,361350,ZBRA
1995-02-21,9.11111068725586,9.333333015441895,8.333333015441895,8.36111068725586,8.36111068725586,308700,ZBRA
1995-02-22,8.88888931274414,9.222222328186035,8.777777671813965,8.777777671813965,8.777777671813965,601200,ZBRA
1995-02-23,8.777777671813965,8.944443702697754,8.38888931274414,8.444443702697754,8.444443702697754,772650,ZBRA
1995-02-24,8.38888931274414,8.444443702697754,8.222222328186035,8.38888931274414,8.38888931274414,256500,ZBRA
1995-02-27,8.38888931274414,8.38888931274414,8.055556297302246,8.055556297302246,8.055556297302246,338400,ZBRA
1995-02-28,8.055556297302246,8.222222328186035,8.055556297302246,8.083333015441895,8.083333015441895,246600,ZBRA
1995-03-01,8.0,8.333333015441895,8.0,8.277777671813965,8.277777671813965,1590750,ZBRA
1995-03-02,8.38888931274414,8.444443702697754,8.166666984558105,8.222222328186035,8.222222328186035,450450,ZBRA
1995-03-03,8.277777671813965,8.555556297302246,8.277777671813965,8.5,8.5,65700,ZBRA
1995-03-06,8.555556297302246,8.555556297302246,8.277777671813965,8.333333015441895,8.333333015441895,172350,ZBRA
1995-03-07,8.38888931274414,8.5,8.222222328186035,8.277777671813965,8.277777671813965,288000,ZBRA
1995-03-08,8.222222328186035,8.444443702697754,8.222222328186035,8.444443702697754,8.444443702697754,124650,ZBRA
1995-03-09,8.277777671813965,8.5,8.277777671813965,8.444443702697754,8.444443702697754,36900,ZBRA
1995-03-10,8.5,8.555556297302246,8.277777671813965,8.472222328186035,8.472222328186035,54900,ZBRA
1995-03-13,8.555556297302246,8.555556297302246,8.38888931274414,8.472222328186035,8.472222328186035,30600,ZBRA
1995-03-14,8.555556297302246,8.88888931274414,8.38888931274414,8.722222328186035,8.722222328186035,387000,ZBRA
1995-03-15,8.722222328186035,9.055556297302246,8.722222328186035,8.777777671813965,8.777777671813965,246150,ZBRA
1995-03-16,8.944443702697754,8.944443702697754,8.777777671813965,8.777777671813965,8.777777671813965,49950,ZBRA
1995-03-17,8.777777671813965,9.0,8.777777671813965,8.944443702697754,8.944443702697754,72450,ZBRA
1995-03-20,9.0,9.0,8.777777671813965,8.777777671813965,8.777777671813965,142650,ZBRA
1995-03-21,8.944443702697754,8.944443702697754,8.777777671813965,8.805556297302246,8.805556297302246,380250,ZBRA
1995-03-22,8.777777671813965,8.944443702697754,8.777777671813965,8.944443702697754,8.944443702697754,434700,ZBRA
1995-03-23,8.944443702697754,9.333333015441895,8.88888931274414,9.222222328186035,9.222222328186035,797850,ZBRA
1995-03-24,9.444443702697754,9.444443702697754,8.944443702697754,9.0,9.0,373050,ZBRA
1995-03-27,9.0,9.055556297302246,8.944443702697754,9.0,9.0,92250,ZBRA
1995-03-28,9.055556297302246,9.055556297302246,8.88888931274414,9.0,9.0,120600,ZBRA
1995-03-29,8.88888931274414,9.0,8.833333015441895,9.0,9.0,169650,ZBRA
1995-03-30,9.055556297302246,9.055556297302246,8.88888931274414,9.055556297302246,9.055556297302246,225900,ZBRA
1995-03-31,8.88888931274414,9.11111068725586,8.833333015441895,9.11111068725586,9.11111068725586,135000,ZBRA
1995-04-03,9.11111068725586,9.166666984558105,8.944443702697754,9.13888931274414,9.13888931274414,40500,ZBRA
1995-04-04,9.166666984558105,9.166666984558105,8.61111068725586,8.833333015441895,8.833333015441895,203400,ZBRA
1995-04-05,8.61111068725586,8.777777671813965,8.5,8.666666984558105,8.666666984558105,139500,ZBRA
1995-04-06,8.583333015441895,9.0,8.5,8.972222328186035,8.972222328186035,684450,ZBRA
1995-04-07,9.277777671813965,9.777777671813965,9.277777671813965,9.555556297302246,9.555556297302246,1084950,ZBRA
1995-04-10,9.555556297302246,9.722222328186035,9.5,9.527777671813965,9.527777671813965,598050,ZBRA
1995-04-11,9.666666984558105,10.222222328186035,9.5,10.11111068725586,10.11111068725586,605700,ZBRA
1995-04-12,10.11111068725586,10.38888931274414,10.055556297302246,10.055556297302246,10.055556297302246,744750,ZBRA
1995-04-13,9.833333015441895,10.055556297302246,9.833333015441895,9.98611068725586,9.98611068725586,169650,ZBRA
1995-04-17,10.055556297302246,10.277777671813965,10.0,10.055556297302246,10.055556297302246,339750,ZBRA
1995-04-18,10.11111068725586,10.277777671813965,10.0,10.0,10.0,339750,ZBRA
1995-04-19,10.0,10.222222328186035,10.0,10.11111068725586,10.11111068725586,185400,ZBRA
1995-04-20,10.11111068725586,10.333333015441895,10.11111068725586,10.166666984558105,10.166666984558105,332550,ZBRA
1995-04-21,10.333333015441895,10.38888931274414,10.166666984558105,10.333333015441895,10.333333015441895,570600,ZBRA
1995-04-24,10.277777671813965,10.444443702697754,10.277777671813965,10.277777671813965,10.277777671813965,496800,ZBRA
1995-04-25,10.38888931274414,10.38888931274414,10.222222328186035,10.277777671813965,10.277777671813965,315450,ZBRA
1995-04-26,10.222222328186035,10.333333015441895,10.055556297302246,10.055556297302246,10.055556297302246,181800,ZBRA
1995-04-27,10.166666984558105,10.222222328186035,10.0,10.11111068725586,10.11111068725586,342900,ZBRA
1995-04-28,10.13888931274414,10.277777671813965,10.11111068725586,10.194443702697754,10.194443702697754,437850,ZBRA
1995-05-01,10.11111068725586,10.166666984558105,10.11111068725586,10.11111068725586,10.11111068725586,52200,ZBRA
1995-05-02,10.11111068725586,10.277777671813965,10.055556297302246,10.166666984558105,10.166666984558105,55800,ZBRA
1995-05-03,10.222222328186035,10.222222328186035,10.0,10.194443702697754,10.194443702697754,118800,ZBRA
1995-05-04,10.055556297302246,10.222222328186035,10.0,10.0,10.0,54900,ZBRA
1995-05-05,10.0,10.11111068725586,10.0,10.0,10.0,22050,ZBRA
1995-05-08,10.0,10.166666984558105,10.0,10.0,10.0,131850,ZBRA
1995-05-09,10.0,10.166666984558105,9.666666984558105,9.777777671813965,9.777777671813965,275850,ZBRA
1995-05-10,9.944443702697754,9.944443702697754,9.833333015441895,9.833333015441895,9.833333015441895,109800,ZBRA
1995-05-11,9.777777671813965,9.88888931274414,9.722222328186035,9.722222328186035,9.722222328186035,239850,ZBRA
1995-05-12,9.722222328186035,9.88888931274414,9.722222328186035,9.88888931274414,9.88888931274414,126000,ZBRA
1995-05-15,9.722222328186035,10.11111068725586,9.722222328186035,9.944443702697754,9.944443702697754,519300,ZBRA
1995-05-16,10.11111068725586,10.11111068725586,9.88888931274414,9.916666984558105,9.916666984558105,125550,ZBRA
1995-05-17,9.88888931274414,10.222222328186035,9.88888931274414,10.055556297302246,10.055556297302246,132750,ZBRA
1995-05-18,10.222222328186035,10.222222328186035,10.0,10.0,10.0,86400,ZBRA
1995-05-19,9.722222328186035,10.11111068725586,9.722222328186035,9.88888931274414,9.88888931274414,171450,ZBRA
1995-05-22,9.88888931274414,10.222222328186035,9.88888931274414,10.222222328186035,10.222222328186035,918450,ZBRA
1995-05-23,10.11111068725586,10.277777671813965,10.055556297302246,10.083333015441895,10.083333015441895,64350,ZBRA
1995-05-24,10.277777671813965,10.277777671813965,10.055556297302246,10.055556297302246,10.055556297302246,366750,ZBRA
1995-05-25,10.055556297302246,10.277777671813965,10.055556297302246,10.055556297302246,10.055556297302246,13050,ZBRA
1995-05-26,10.11111068725586,10.277777671813965,10.055556297302246,10.11111068725586,10.11111068725586,65250,ZBRA
1995-05-30,10.055556297302246,10.277777671813965,10.055556297302246,10.166666984558105,10.166666984558105,38250,ZBRA
1995-05-31,10.055556297302246,10.277777671813965,10.0,10.0,10.0,360000,ZBRA
1995-06-01,10.0,10.222222328186035,10.0,10.166666984558105,10.166666984558105,62550,ZBRA
1995-06-02,9.972222328186035,10.11111068725586,9.944443702697754,10.11111068725586,10.11111068725586,95850,ZBRA
1995-06-05,10.166666984558105,10.777777671813965,10.11111068725586,10.777777671813965,10.777777671813965,602550,ZBRA
1995-06-06,10.666666984558105,11.11111068725586,10.666666984558105,11.0,11.0,1365300,ZBRA
1995-06-07,10.944443702697754,11.11111068725586,10.833333015441895,10.833333015441895,10.833333015441895,107550,ZBRA
1995-06-08,10.833333015441895,11.0,10.833333015441895,11.0,11.0,310050,ZBRA
1995-06-09,10.833333015441895,10.944443702697754,10.722222328186035,10.722222328186035,10.722222328186035,79650,ZBRA
1995-06-12,10.88888931274414,10.88888931274414,10.722222328186035,10.777777671813965,10.777777671813965,61200,ZBRA
1995-06-13,10.944443702697754,11.0,10.833333015441895,10.944443702697754,10.944443702697754,57600,ZBRA
1995-06-14,10.833333015441895,11.38888931274414,10.833333015441895,11.305556297302246,11.305556297302246,376650,ZBRA
1995-06-15,11.38888931274414,11.38888931274414,11.166666984558105,11.305556297302246,11.305556297302246,157500,ZBRA
1995-06-16,11.38888931274414,11.38888931274414,11.166666984558105,11.333333015441895,11.333333015441895,1587600,ZBRA
1995-06-19,11.166666984558105,11.666666984558105,11.166666984558105,11.527777671813965,11.527777671813965,367200,ZBRA
1995-06-20,11.666666984558105,12.0,11.555556297302246,12.0,12.0,513900,ZBRA
1995-06-21,11.944443702697754,12.166666984558105,11.88888931274414,11.88888931274414,11.88888931274414,292500,ZBRA
1995-06-22,11.944443702697754,12.166666984558105,11.944443702697754,12.055556297302246,12.055556297302246,399600,ZBRA
1995-06-23,12.166666984558105,12.166666984558105,11.88888931274414,11.88888931274414,11.88888931274414,581850,ZBRA
1995-06-26,11.88888931274414,12.0,11.61111068725586,11.777777671813965,11.777777671813965,542700,ZBRA
1995-06-27,11.61111068725586,11.777777671813965,11.61111068725586,11.666666984558105,11.666666984558105,72000,ZBRA
1995-06-28,11.777777671813965,11.777777671813965,11.61111068725586,11.61111068725586,11.61111068725586,51300,ZBRA
1995-06-29,11.61111068725586,11.777777671813965,11.61111068725586,11.722222328186035,11.722222328186035,273600,ZBRA
1995-06-30,11.777777671813965,12.11111068725586,11.61111068725586,11.833333015441895,11.833333015441895,235350,ZBRA
1995-07-03,11.833333015441895,12.222222328186035,11.833333015441895,12.166666984558105,12.166666984558105,99450,ZBRA
1995-07-05,12.055556297302246,12.333333015441895,12.055556297302246,12.194443702697754,12.194443702697754,197100,ZBRA
1995-07-06,12.055556297302246,12.555556297302246,12.055556297302246,12.555556297302246,12.555556297302246,346950,ZBRA
1995-07-07,12.666666984558105,13.666666984558105,12.666666984558105,13.166666984558105,13.166666984558105,1121400,ZBRA
1995-07-10,13.166666984558105,13.38888931274414,12.777777671813965,12.805556297302246,12.805556297302246,366300,ZBRA
1995-07-11,12.722222328186035,13.0,12.722222328186035,12.833333015441895,12.833333015441895,551250,ZBRA
1995-07-12,12.833333015441895,13.0,12.833333015441895,12.972222328186035,12.972222328186035,274500,ZBRA
1995-07-13,12.88888931274414,12.88888931274414,12.722222328186035,12.805556297302246,12.805556297302246,159300,ZBRA
1995-07-14,12.88888931274414,13.38888931274414,12.722222328186035,13.38888931274414,13.38888931274414,373950,ZBRA
1995-07-17,13.277777671813965,13.38888931274414,13.11111068725586,13.222222328186035,13.222222328186035,577350,ZBRA
1995-07-18,13.11111068725586,13.277777671813965,13.055556297302246,13.055556297302246,13.055556297302246,555300,ZBRA
1995-07-19,12.944443702697754,12.944443702697754,12.555556297302246,12.583333015441895,12.583333015441895,780750,ZBRA
1995-07-20,12.5,12.666666984558105,11.944443702697754,12.11111068725586,12.11111068725586,1017900,ZBRA
1995-07-21,12.166666984558105,12.194443702697754,12.055556297302246,12.166666984558105,12.166666984558105,370800,ZBRA
1995-07-24,12.083333015441895,12.555556297302246,12.083333015441895,12.555556297302246,12.555556297302246,335250,ZBRA
1995-07-25,13.222222328186035,13.444443702697754,13.0,13.222222328186035,13.222222328186035,378900,ZBRA
1995-07-26,13.333333015441895,13.444443702697754,13.166666984558105,13.333333015441895,13.333333015441895,409050,ZBRA
1995-07-27,13.444443702697754,13.61111068725586,13.333333015441895,13.555556297302246,13.555556297302246,321750,ZBRA
1995-07-28,13.444443702697754,13.833333015441895,13.444443702697754,13.61111068725586,13.61111068725586,129600,ZBRA
1995-07-31,13.61111068725586,14.0,13.61111068725586,13.944443702697754,13.944443702697754,148050,ZBRA
1995-08-01,13.833333015441895,14.0,13.777777671813965,13.944443702697754,13.944443702697754,121950,ZBRA
1995-08-02,13.833333015441895,14.222222328186035,13.833333015441895,14.222222328186035,14.222222328186035,346950,ZBRA
1995-08-03,14.11111068725586,14.11111068725586,13.88888931274414,13.916666984558105,13.916666984558105,407250,ZBRA
1995-08-04,14.055556297302246,14.055556297302246,13.88888931274414,13.88888931274414,13.88888931274414,10800,ZBRA
1995-08-07,14.055556297302246,14.055556297302246,13.88888931274414,13.88888931274414,13.88888931274414,16650,ZBRA
1995-08-08,14.055556297302246,14.055556297302246,13.833333015441895,13.88888931274414,13.88888931274414,206100,ZBRA
1995-08-09,13.833333015441895,14.0,13.777777671813965,13.777777671813965,13.777777671813965,38250,ZBRA
1995-08-10,13.777777671813965,13.88888931274414,13.333333015441895,13.333333015441895,13.333333015441895,298800,ZBRA
1995-08-11,13.277777671813965,13.444443702697754,13.11111068725586,13.11111068725586,13.11111068725586,82800,ZBRA
1995-08-14,13.11111068725586,13.333333015441895,13.11111068725586,13.11111068725586,13.11111068725586,143100,ZBRA
1995-08-15,13.277777671813965,13.277777671813965,12.88888931274414,13.11111068725586,13.11111068725586,299700,ZBRA
1995-08-16,12.833333015441895,13.11111068725586,12.833333015441895,12.833333015441895,12.833333015441895,605250,ZBRA
1995-08-17,12.86111068725586,13.11111068725586,12.777777671813965,12.819443702697754,12.819443702697754,487350,ZBRA
1995-08-18,12.722222328186035,12.833333015441895,12.722222328186035,12.722222328186035,12.722222328186035,548550,ZBRA
1995-08-21,12.722222328186035,12.944443702697754,12.722222328186035,12.73611068725586,12.73611068725586,91350,ZBRA
1995-08-22,12.722222328186035,12.944443702697754,12.722222328186035,12.777777671813965,12.777777671813965,410400,ZBRA
1995-08-23,12.777777671813965,13.333333015441895,12.722222328186035,13.333333015441895,13.333333015441895,1531350,ZBRA
1995-08-24,13.333333015441895,13.555556297302246,13.166666984558105,13.444443702697754,13.444443702697754,285300,ZBRA
1995-08-25,13.444443702697754,13.5,13.222222328186035,13.5,13.5,33300,ZBRA
1995-08-28,13.222222328186035,13.333333015441895,13.055556297302246,13.222222328186035,13.222222328186035,61200,ZBRA
1995-08-29,13.055556297302246,13.11111068725586,12.88888931274414,12.972222328186035,12.972222328186035,143100,ZBRA
1995-08-30,13.055556297302246,13.222222328186035,12.944443702697754,13.166666984558105,13.166666984558105,639900,ZBRA
1995-08-31,12.944443702697754,13.166666984558105,12.944443702697754,12.944443702697754,12.944443702697754,604350,ZBRA
1995-09-01,12.944443702697754,13.166666984558105,12.944443702697754,13.0,13.0,1495800,ZBRA
1995-09-05,13.0,13.277777671813965,13.0,13.194443702697754,13.194443702697754,1110600,ZBRA
1995-09-06,13.11111068725586,13.277777671813965,13.11111068725586,13.25,13.25,576900,ZBRA
1995-09-07,13.11111068725586,13.277777671813965,13.11111068725586,13.11111068725586,13.11111068725586,42750,ZBRA
1995-09-08,13.277777671813965,13.277777671813965,13.11111068725586,13.11111068725586,13.11111068725586,53100,ZBRA
1995-09-11,13.11111068725586,13.277777671813965,13.11111068725586,13.277777671813965,13.277777671813965,77850,ZBRA
1995-09-12,13.166666984558105,13.277777671813965,13.166666984558105,13.222222328186035,13.222222328186035,259200,ZBRA
1995-09-13,13.166666984558105,13.61111068725586,13.166666984558105,13.61111068725586,13.61111068725586,180900,ZBRA
1995-09-14,13.666666984558105,13.88888931274414,13.444443702697754,13.777777671813965,13.777777671813965,244350,ZBRA
1995-09-15,13.777777671813965,13.777777671813965,13.277777671813965,13.38888931274414,13.38888931274414,262800,ZBRA
1995-09-18,13.5,13.777777671813965,13.5,13.5,13.5,141750,ZBRA
1995-09-19,13.61111068725586,13.88888931274414,13.444443702697754,13.777777671813965,13.777777671813965,281250,ZBRA
1995-09-20,13.88888931274414,13.944443702697754,13.666666984558105,13.722222328186035,13.722222328186035,86850,ZBRA
1995-09-21,13.722222328186035,13.833333015441895,13.666666984558105,13.666666984558105,13.666666984558105,248850,ZBRA
1995-09-22,13.61111068725586,13.61111068725586,13.444443702697754,13.444443702697754,13.444443702697754,147600,ZBRA
1995-09-25,13.444443702697754,13.555556297302246,13.11111068725586,13.11111068725586,13.11111068725586,206550,ZBRA
1995-09-26,13.055556297302246,13.166666984558105,12.277777671813965,12.333333015441895,12.333333015441895,1020600,ZBRA
1995-09-27,12.277777671813965,12.333333015441895,11.5,12.11111068725586,12.11111068725586,1090800,ZBRA
1995-09-28,12.13888931274414,12.13888931274414,11.833333015441895,11.833333015441895,11.833333015441895,297000,ZBRA
1995-09-29,11.833333015441895,12.0,11.722222328186035,11.833333015441895,11.833333015441895,127350,ZBRA
1995-10-02,11.722222328186035,11.777777671813965,11.333333015441895,11.444443702697754,11.444443702697754,220500,ZBRA
1995-10-03,11.333333015441895,11.444443702697754,11.222222328186035,11.444443702697754,11.444443702697754,503100,ZBRA
1995-10-04,11.166666984558105,11.38888931274414,11.11111068725586,11.11111068725586,11.11111068725586,282600,ZBRA
1995-10-05,11.11111068725586,11.166666984558105,10.88888931274414,11.0,11.0,163350,ZBRA
1995-10-06,11.0,11.11111068725586,10.944443702697754,11.11111068725586,11.11111068725586,140850,ZBRA
1995-10-09,10.88888931274414,11.0,10.11111068725586,10.38888931274414,10.38888931274414,178200,ZBRA
1995-10-10,10.11111068725586,10.38888931274414,9.777777671813965,10.38888931274414,10.38888931274414,555750,ZBRA
1995-10-11,10.666666984558105,10.777777671813965,10.555556297302246,10.722222328186035,10.722222328186035,652050,ZBRA
1995-10-12,10.777777671813965,11.11111068725586,10.61111068725586,11.0,11.0,207000,ZBRA
1995-10-13,11.11111068725586,12.055556297302246,11.11111068725586,11.972222328186035,11.972222328186035,845550,ZBRA
1995-10-16,12.055556297302246,12.805556297302246,11.88888931274414,12.61111068725586,12.61111068725586,886050,ZBRA
1995-10-17,12.722222328186035,13.0,12.11111068725586,12.777777671813965,12.777777671813965,970650,ZBRA
1995-10-18,12.88888931274414,13.11111068725586,12.666666984558105,12.88888931274414,12.88888931274414,333000,ZBRA
1995-10-19,12.722222328186035,12.88888931274414,12.333333015441895,12.666666984558105,12.666666984558105,565200,ZBRA
1995-10-20,12.666666984558105,12.944443702697754,12.666666984558105,12.88888931274414,12.88888931274414,211950,ZBRA
1995-10-23,12.722222328186035,12.777777671813965,12.555556297302246,12.555556297302246,12.555556297302246,52200,ZBRA
1995-10-24,12.722222328186035,12.777777671813965,12.555556297302246,12.722222328186035,12.722222328186035,40500,ZBRA
1995-10-25,12.722222328186035,12.722222328186035,12.5,12.555556297302246,12.555556297302246,158850,ZBRA
1995-10-26,12.555556297302246,12.555556297302246,12.38888931274414,12.38888931274414,12.38888931274414,36900,ZBRA
1995-10-27,12.38888931274414,12.444443702697754,12.055556297302246,12.277777671813965,12.277777671813965,214650,ZBRA
1995-10-30,12.277777671813965,12.666666984558105,12.277777671813965,12.666666984558105,12.666666984558105,153900,ZBRA
1995-10-31,12.5,13.222222328186035,12.5,13.222222328186035,13.222222328186035,402750,ZBRA
1995-11-01,13.222222328186035,13.38888931274414,12.833333015441895,13.11111068725586,13.11111068725586,375750,ZBRA
1995-11-02,12.944443702697754,13.166666984558105,12.944443702697754,12.944443702697754,12.944443702697754,19350,ZBRA
1995-11-03,13.166666984558105,13.166666984558105,12.944443702697754,13.0,13.0,221850,ZBRA
1995-11-06,13.055556297302246,13.055556297302246,12.833333015441895,12.88888931274414,12.88888931274414,51300,ZBRA
1995-11-07,13.0,13.0,12.38888931274414,12.444443702697754,12.444443702697754,173700,ZBRA
1995-11-08,12.444443702697754,12.61111068725586,12.444443702697754,12.444443702697754,12.444443702697754,576000,ZBRA
1995-11-09,12.5,12.61111068725586,12.5,12.583333015441895,12.583333015441895,130950,ZBRA
1995-11-10,12.61111068725586,13.0,12.583333015441895,13.0,13.0,343800,ZBRA
1995-11-13,13.0,14.277777671813965,12.777777671813965,13.805556297302246,13.805556297302246,1268100,ZBRA
1995-11-14,13.777777671813965,14.944443702697754,13.777777671813965,14.11111068725586,14.11111068725586,1266300,ZBRA
1995-11-15,14.055556297302246,14.277777671813965,14.055556297302246,14.166666984558105,14.166666984558105,402300,ZBRA
1995-11-16,14.11111068725586,14.222222328186035,14.11111068725586,14.222222328186035,14.222222328186035,147150,ZBRA
1995-11-17,14.13888931274414,14.222222328186035,14.11111068725586,14.222222328186035,14.222222328186035,584550,ZBRA
1995-11-20,14.11111068725586,14.166666984558105,13.833333015441895,14.055556297302246,14.055556297302246,333450,ZBRA
1995-11-21,13.666666984558105,13.88888931274414,13.666666984558105,13.722222328186035,13.722222328186035,295200,ZBRA
1995-11-22,13.833333015441895,14.11111068725586,13.833333015441895,14.0,14.0,238950,ZBRA
1995-11-24,14.0,14.166666984558105,14.0,14.055556297302246,14.055556297302246,361350,ZBRA
1995-11-27,14.0,14.222222328186035,14.0,14.13888931274414,14.13888931274414,313200,ZBRA
1995-11-28,14.0,14.444443702697754,14.0,14.444443702697754,14.444443702697754,452250,ZBRA
1995-11-29,14.416666984558105,14.61111068725586,14.333333015441895,14.61111068725586,14.61111068725586,184500,ZBRA
1995-11-30,14.722222328186035,14.833333015441895,14.444443702697754,14.833333015441895,14.833333015441895,703350,ZBRA
1995-12-01,14.61111068725586,14.722222328186035,14.444443702697754,14.444443702697754,14.444443702697754,1583550,ZBRA
1995-12-04,14.555556297302246,15.055556297302246,14.5,14.86111068725586,14.86111068725586,838350,ZBRA
1995-12-05,15.0,15.0,14.722222328186035,14.777777671813965,14.777777671813965,482850,ZBRA
1995-12-06,14.666666984558105,14.722222328186035,14.61111068725586,14.666666984558105,14.666666984558105,58950,ZBRA
1995-12-07,14.722222328186035,14.777777671813965,14.61111068725586,14.666666984558105,14.666666984558105,25650,ZBRA
1995-12-08,14.666666984558105,14.777777671813965,14.5,14.555556297302246,14.555556297302246,138600,ZBRA
1995-12-11,14.666666984558105,14.666666984558105,14.5,14.666666984558105,14.666666984558105,221850,ZBRA
1995-12-12,14.444443702697754,14.666666984558105,14.444443702697754,14.444443702697754,14.444443702697754,297000,ZBRA
1995-12-13,14.666666984558105,14.666666984558105,14.444443702697754,14.444443702697754,14.444443702697754,49050,ZBRA
1995-12-14,14.444443702697754,14.555556297302246,14.333333015441895,14.38888931274414,14.38888931274414,962100,ZBRA
1995-12-15,14.5,14.583333015441895,14.166666984558105,14.444443702697754,14.444443702697754,298350,ZBRA
1995-12-18,14.444443702697754,14.583333015441895,14.0,14.055556297302246,14.055556297302246,414900,ZBRA
1995-12-19,14.055556297302246,14.222222328186035,14.055556297302246,14.166666984558105,14.166666984558105,147600,ZBRA
1995-12-20,14.222222328186035,14.222222328186035,14.055556297302246,14.222222328186035,14.222222328186035,86850,ZBRA
1995-12-21,14.222222328186035,14.38888931274414,14.055556297302246,14.38888931274414,14.38888931274414,147150,ZBRA
1995-12-22,14.166666984558105,15.222222328186035,14.166666984558105,14.944443702697754,14.944443702697754,462150,ZBRA
1995-12-26,14.88888931274414,15.38888931274414,14.88888931274414,15.333333015441895,15.333333015441895,132750,ZBRA
1995-12-27,15.38888931274414,15.555556297302246,15.277777671813965,15.444443702697754,15.444443702697754,408150,ZBRA
1995-12-28,15.333333015441895,15.5,15.277777671813965,15.38888931274414,15.38888931274414,215550,ZBRA
1995-12-29,15.555556297302246,15.666666984558105,15.11111068725586,15.11111068725586,15.11111068725586,395775,ZBRA
1996-01-02,15.333333015441895,15.444443702697754,15.11111068725586,15.38888931274414,15.38888931274414,471825,ZBRA
1996-01-03,15.11111068725586,15.88888931274414,15.11111068725586,15.666666984558105,15.666666984558105,342900,ZBRA
1996-01-04,15.555556297302246,15.666666984558105,13.333333015441895,14.0,14.0,472500,ZBRA
1996-01-05,13.88888931274414,13.88888931274414,12.555556297302246,13.444443702697754,13.444443702697754,380475,ZBRA
1996-01-08,13.444443702697754,13.444443702697754,13.222222328186035,13.444443702697754,13.444443702697754,12375,ZBRA
1996-01-09,13.555556297302246,13.88888931274414,13.333333015441895,13.444443702697754,13.444443702697754,368100,ZBRA
1996-01-10,13.11111068725586,13.333333015441895,11.333333015441895,12.11111068725586,12.11111068725586,380700,ZBRA
1996-01-11,12.444443702697754,13.333333015441895,12.444443702697754,13.333333015441895,13.333333015441895,453150,ZBRA
1996-01-12,13.333333015441895,13.444443702697754,13.0,13.11111068725586,13.11111068725586,208800,ZBRA
1996-01-15,13.11111068725586,13.444443702697754,13.11111068725586,13.38888931274414,13.38888931274414,285750,ZBRA
1996-01-16,13.444443702697754,14.0,13.222222328186035,14.0,14.0,1143900,ZBRA
1996-01-17,13.88888931274414,13.88888931274414,13.666666984558105,13.88888931274414,13.88888931274414,52200,ZBRA
1996-01-18,14.11111068725586,14.11111068725586,13.555556297302246,13.777777671813965,13.777777671813965,196650,ZBRA
1996-01-19,13.777777671813965,13.777777671813965,13.333333015441895,13.555556297302246,13.555556297302246,39150,ZBRA
1996-01-22,13.333333015441895,13.555556297302246,13.222222328186035,13.555556297302246,13.555556297302246,147600,ZBRA
1996-01-23,13.222222328186035,13.555556297302246,13.222222328186035,13.444443702697754,13.444443702697754,292050,ZBRA
1996-01-24,13.38888931274414,13.555556297302246,13.222222328186035,13.555556297302246,13.555556297302246,282825,ZBRA
1996-01-25,13.555556297302246,13.555556297302246,13.222222328186035,13.38888931274414,13.38888931274414,98100,ZBRA
1996-01-26,13.555556297302246,13.555556297302246,13.222222328186035,13.444443702697754,13.444443702697754,274500,ZBRA
1996-01-29,13.222222328186035,13.555556297302246,13.222222328186035,13.555556297302246,13.555556297302246,211500,ZBRA
1996-01-30,13.444443702697754,13.777777671813965,13.222222328186035,13.61111068725586,13.61111068725586,170775,ZBRA
1996-01-31,13.444443702697754,13.777777671813965,13.444443702697754,13.777777671813965,13.777777671813965,257625,ZBRA
1996-02-01,13.777777671813965,14.777777671813965,13.444443702697754,14.333333015441895,14.333333015441895,288450,ZBRA
1996-02-02,14.666666984558105,14.666666984558105,14.333333015441895,14.666666984558105,14.666666984558105,86625,ZBRA
1996-02-05,14.333333015441895,15.333333015441895,14.333333015441895,15.0,15.0,186300,ZBRA
1996-02-06,15.333333015441895,15.333333015441895,13.333333015441895,13.534722328186035,13.534722328186035,226350,ZBRA
1996-02-07,13.777777671813965,13.88888931274414,13.333333015441895,13.666666984558105,13.666666984558105,138825,ZBRA
1996-02-08,13.666666984558105,13.666666984558105,13.444443702697754,13.444443702697754,13.444443702697754,36225,ZBRA
1996-02-09,13.444443702697754,13.5,12.88888931274414,13.333333015441895,13.333333015441895,146475,ZBRA
1996-02-12,13.333333015441895,13.333333015441895,12.666666984558105,13.11111068725586,13.11111068725586,211950,ZBRA
1996-02-13,13.0,13.0,12.0,13.0,13.0,251325,ZBRA
1996-02-14,13.222222328186035,13.555556297302246,12.555556297302246,12.583333015441895,12.583333015441895,1154700,ZBRA
1996-02-15,12.666666984558105,12.666666984558105,12.0,12.159722328186035,12.159722328186035,558225,ZBRA
1996-02-16,12.0,12.444443702697754,11.13888931274414,11.777777671813965,11.777777671813965,1768500,ZBRA
1996-02-20,11.777777671813965,11.777777671813965,10.555556297302246,11.222222328186035,11.222222328186035,305775,ZBRA
1996-02-21,10.777777671813965,12.222222328186035,10.777777671813965,12.222222328186035,12.222222328186035,594450,ZBRA
1996-02-22,12.555556297302246,14.11111068725586,12.222222328186035,13.444443702697754,13.444443702697754,538875,ZBRA
1996-02-23,13.666666984558105,13.666666984558105,13.0,13.222222328186035,13.222222328186035,413100,ZBRA
1996-02-26,13.222222328186035,13.444443702697754,13.0,13.0,13.0,580500,ZBRA
1996-02-27,13.444443702697754,13.444443702697754,13.0,13.0,13.0,93375,ZBRA
1996-02-28,13.333333015441895,13.666666984558105,13.0,13.333333015441895,13.333333015441895,361125,ZBRA
1996-02-29,13.222222328186035,13.777777671813965,13.222222328186035,13.666666984558105,13.666666984558105,659475,ZBRA
1996-03-01,13.777777671813965,14.222222328186035,13.333333015441895,13.833333015441895,13.833333015441895,123075,ZBRA
1996-03-04,13.777777671813965,14.222222328186035,13.222222328186035,13.222222328186035,13.222222328186035,126450,ZBRA
1996-03-05,13.333333015441895,13.555556297302246,13.0,13.222222328186035,13.222222328186035,407700,ZBRA
1996-03-06,13.222222328186035,13.444443702697754,13.11111068725586,13.222222328186035,13.222222328186035,161325,ZBRA
1996-03-07,13.444443702697754,13.444443702697754,13.0,13.166666984558105,13.166666984558105,524925,ZBRA
1996-03-08,12.666666984558105,13.166666984558105,12.333333015441895,12.777777671813965,12.777777671813965,83025,ZBRA
1996-03-11,13.11111068725586,13.11111068725586,12.666666984558105,12.777777671813965,12.777777671813965,43425,ZBRA
1996-03-12,12.777777671813965,13.11111068725586,12.555556297302246,12.555556297302246,12.555556297302246,54225,ZBRA
1996-03-13,12.555556297302246,13.222222328186035,12.555556297302246,13.222222328186035,13.222222328186035,123300,ZBRA
1996-03-14,13.444443702697754,14.11111068725586,13.444443702697754,13.555556297302246,13.555556297302246,105300,ZBRA
1996-03-15,13.777777671813965,13.777777671813965,13.222222328186035,13.333333015441895,13.333333015441895,59175,ZBRA
1996-03-18,13.61111068725586,13.61111068725586,13.222222328186035,13.555556297302246,13.555556297302246,25200,ZBRA
1996-03-19,12.555556297302246,12.666666984558105,11.444443702697754,11.88888931274414,11.88888931274414,1096875,ZBRA
1996-03-20,11.88888931274414,11.88888931274414,11.222222328186035,11.555556297302246,11.555556297302246,402975,ZBRA
1996-03-21,11.666666984558105,11.88888931274414,11.222222328186035,11.88888931274414,11.88888931274414,252450,ZBRA
1996-03-22,11.88888931274414,11.88888931274414,11.333333015441895,11.666666984558105,11.666666984558105,159525,ZBRA
1996-03-25,11.88888931274414,12.333333015441895,11.555556297302246,12.333333015441895,12.333333015441895,185625,ZBRA
1996-03-26,12.333333015441895,12.666666984558105,11.777777671813965,12.222222328186035,12.222222328186035,469125,ZBRA
1996-03-27,12.555556297302246,12.555556297302246,11.777777671813965,11.944443702697754,11.944443702697754,157725,ZBRA
1996-03-28,11.88888931274414,12.11111068725586,11.555556297302246,11.61111068725586,11.61111068725586,247050,ZBRA
1996-03-29,12.0,12.0,11.555556297302246,11.777777671813965,11.777777671813965,103500,ZBRA
1996-04-01,11.555556297302246,12.0,11.11111068725586,11.166666984558105,11.166666984558105,108450,ZBRA
1996-04-02,11.11111068725586,11.666666984558105,10.88888931274414,11.333333015441895,11.333333015441895,235575,ZBRA
1996-04-03,11.333333015441895,11.333333015441895,11.0,11.333333015441895,11.333333015441895,387225,ZBRA
1996-04-04,11.0,11.333333015441895,10.666666984558105,10.88888931274414,10.88888931274414,280125,ZBRA
1996-04-08,10.777777671813965,10.777777671813965,9.666666984558105,10.222222328186035,10.222222328186035,269325,ZBRA
1996-04-09,10.444443702697754,10.666666984558105,10.0,10.0,10.0,975825,ZBRA
1996-04-10,10.222222328186035,10.222222328186035,9.777777671813965,10.0,10.0,741600,ZBRA
1996-04-11,8.88888931274414,9.222222328186035,8.333333015441895,8.555556297302246,8.555556297302246,6403275,ZBRA
1996-04-12,8.777777671813965,9.333333015441895,8.444443702697754,9.0,9.0,3522150,ZBRA
1996-04-15,9.555556297302246,10.222222328186035,9.333333015441895,10.222222328186035,10.222222328186035,709425,ZBRA
1996-04-16,10.666666984558105,10.666666984558105,9.88888931274414,9.88888931274414,9.88888931274414,466650,ZBRA
1996-04-17,10.444443702697754,11.333333015441895,10.444443702697754,11.0,11.0,923175,ZBRA
1996-04-18,11.0,11.333333015441895,10.833333015441895,10.88888931274414,10.88888931274414,384975,ZBRA
1996-04-19,11.222222328186035,11.666666984558105,10.88888931274414,11.555556297302246,11.555556297302246,332100,ZBRA
1996-04-22,11.555556297302246,11.666666984558105,11.333333015441895,11.555556297302246,11.555556297302246,598950,ZBRA
1996-04-23,11.222222328186035,11.555556297302246,10.333333015441895,10.944443702697754,10.944443702697754,736650,ZBRA
1996-04-24,11.11111068725586,11.88888931274414,10.88888931274414,11.555556297302246,11.555556297302246,491850,ZBRA
1996-04-25,11.555556297302246,11.777777671813965,11.0,11.055556297302246,11.055556297302246,421875,ZBRA
1996-04-26,11.0,11.333333015441895,11.0,11.166666984558105,11.166666984558105,307125,ZBRA
1996-04-29,11.222222328186035,11.222222328186035,10.666666984558105,11.222222328186035,11.222222328186035,393750,ZBRA
1996-04-30,11.222222328186035,11.222222328186035,10.88888931274414,11.11111068725586,11.11111068725586,200925,ZBRA
1996-05-01,11.11111068725586,11.11111068725586,10.666666984558105,10.666666984558105,10.666666984558105,310275,ZBRA
1996-05-02,11.0,11.0,10.333333015441895,10.666666984558105,10.666666984558105,134325,ZBRA
1996-05-03,10.444443702697754,10.777777671813965,10.444443702697754,10.444443702697754,10.444443702697754,248625,ZBRA
1996-05-06,10.666666984558105,10.666666984558105,10.333333015441895,10.666666984558105,10.666666984558105,316800,ZBRA
1996-05-07,10.666666984558105,10.666666984558105,10.333333015441895,10.5,10.5,166050,ZBRA
1996-05-08,10.666666984558105,10.777777671813965,10.333333015441895,10.333333015441895,10.333333015441895,1844100,ZBRA
1996-05-09,10.777777671813965,10.88888931274414,10.333333015441895,10.555556297302246,10.555556297302246,562725,ZBRA
1996-05-10,10.666666984558105,10.88888931274414,10.333333015441895,10.666666984558105,10.666666984558105,388125,ZBRA
1996-05-13,10.666666984558105,10.88888931274414,10.444443702697754,10.444443702697754,10.444443702697754,131850,ZBRA
1996-05-14,10.777777671813965,10.777777671813965,10.444443702697754,10.555556297302246,10.555556297302246,1289025,ZBRA
1996-05-15,10.666666984558105,10.777777671813965,10.444443702697754,10.722222328186035,10.722222328186035,705600,ZBRA
1996-05-16,10.777777671813965,10.777777671813965,10.61111068725586,10.777777671813965,10.777777671813965,220950,ZBRA
1996-05-17,10.61111068725586,10.88888931274414,10.61111068725586,10.61111068725586,10.61111068725586,141525,ZBRA
1996-05-20,10.88888931274414,11.166666984558105,10.88888931274414,11.11111068725586,11.11111068725586,637200,ZBRA
1996-05-21,11.0,11.333333015441895,11.0,11.333333015441895,11.333333015441895,214650,ZBRA
1996-05-22,11.222222328186035,11.222222328186035,10.555556297302246,10.555556297302246,10.555556297302246,293850,ZBRA
1996-05-23,10.555556297302246,10.88888931274414,10.555556297302246,10.555556297302246,10.555556297302246,71325,ZBRA
1996-05-24,10.88888931274414,10.88888931274414,10.333333015441895,10.666666984558105,10.666666984558105,606600,ZBRA
1996-05-28,10.555556297302246,10.88888931274414,10.555556297302246,10.666666984558105,10.666666984558105,71325,ZBRA
1996-05-29,10.666666984558105,10.88888931274414,10.61111068725586,10.777777671813965,10.777777671813965,90675,ZBRA
1996-05-30,10.777777671813965,10.88888931274414,10.666666984558105,10.777777671813965,10.777777671813965,37350,ZBRA
1996-05-31,10.88888931274414,11.222222328186035,10.722222328186035,11.222222328186035,11.222222328186035,173700,ZBRA
1996-06-03,11.222222328186035,12.222222328186035,11.0,12.0,12.0,271125,ZBRA
1996-06-04,12.11111068725586,12.666666984558105,11.777777671813965,12.38888931274414,12.38888931274414,392175,ZBRA
1996-06-05,12.444443702697754,12.666666984558105,11.88888931274414,12.11111068725586,12.11111068725586,173250,ZBRA
1996-06-06,11.88888931274414,12.222222328186035,11.88888931274414,11.88888931274414,11.88888931274414,99450,ZBRA
1996-06-07,11.333333015441895,11.88888931274414,11.222222328186035,11.666666984558105,11.666666984558105,48825,ZBRA
1996-06-10,11.88888931274414,11.88888931274414,11.444443702697754,11.666666984558105,11.666666984558105,187650,ZBRA
1996-06-11,11.88888931274414,12.0,11.555556297302246,12.0,12.0,74250,ZBRA
1996-06-12,12.222222328186035,12.222222328186035,11.958333015441895,11.958333015441895,11.958333015441895,312075,ZBRA
1996-06-13,12.11111068725586,12.11111068725586,11.777777671813965,11.777777671813965,11.777777671813965,270675,ZBRA
1996-06-14,12.11111068725586,12.11111068725586,11.555556297302246,11.88888931274414,11.88888931274414,33300,ZBRA
1996-06-17,11.88888931274414,11.88888931274414,11.333333015441895,11.333333015441895,11.333333015441895,316800,ZBRA
1996-06-18,11.11111068725586,11.222222328186035,11.0,11.11111068725586,11.11111068725586,298125,ZBRA
1996-06-19,10.88888931274414,11.11111068725586,10.555556297302246,10.61111068725586,10.61111068725586,445275,ZBRA
1996-06-20,10.444443702697754,10.777777671813965,9.666666984558105,9.694443702697754,9.694443702697754,536175,ZBRA
1996-06-21,9.666666984558105,10.0,8.666666984558105,8.88888931274414,8.88888931274414,960075,ZBRA
1996-06-24,8.777777671813965,9.0,8.666666984558105,8.833333015441895,8.833333015441895,463950,ZBRA
1996-06-25,8.88888931274414,9.11111068725586,8.38888931274414,8.666666984558105,8.666666984558105,830925,ZBRA
1996-06-26,8.666666984558105,8.666666984558105,8.0,8.0,8.0,1085400,ZBRA
1996-06-27,8.11111068725586,8.11111068725586,7.888888835906982,8.11111068725586,8.11111068725586,927225,ZBRA
1996-06-28,8.11111068725586,8.11111068725586,7.777778148651123,7.888888835906982,7.888888835906982,1197000,ZBRA
1996-07-01,8.166666984558105,8.166666984558105,7.888888835906982,7.944444179534912,7.944444179534912,1810575,ZBRA
1996-07-02,8.11111068725586,8.166666984558105,7.888888835906982,8.166666984558105,8.166666984558105,1481400,ZBRA
1996-07-03,8.166666984558105,8.166666984558105,7.888888835906982,8.0,8.0,809100,ZBRA
1996-07-05,8.055556297302246,8.055556297302246,7.777778148651123,8.0,8.0,167175,ZBRA
1996-07-08,8.055556297302246,8.055556297302246,7.777778148651123,7.888888835906982,7.888888835906982,996525,ZBRA
1996-07-09,8.055556297302246,8.055556297302246,7.6666669845581055,7.777778148651123,7.777778148651123,225900,ZBRA
1996-07-10,8.0,8.0,7.6666669845581055,7.6666669845581055,7.6666669845581055,197325,ZBRA
1996-07-11,8.0,8.0,7.6666669845581055,7.777778148651123,7.777778148651123,738225,ZBRA
1996-07-12,7.6666669845581055,7.888888835906982,7.555555820465088,7.611111164093018,7.611111164093018,1290600,ZBRA
1996-07-15,7.777778148651123,7.777778148651123,7.3333330154418945,7.3333330154418945,7.3333330154418945,468675,ZBRA
1996-07-16,7.555555820465088,7.555555820465088,6.6666669845581055,6.888888835906982,6.888888835906982,787725,ZBRA
1996-07-17,7.111111164093018,7.222221851348877,6.888888835906982,7.1666669845581055,7.1666669845581055,1417950,ZBRA
1996-07-18,7.222221851348877,7.555555820465088,7.0,7.444444179534912,7.444444179534912,1543950,ZBRA
1996-07-19,7.222221851348877,7.888888835906982,7.222221851348877,7.888888835906982,7.888888835906982,217800,ZBRA
1996-07-22,7.777778148651123,7.888888835906982,7.444444179534912,7.6666669845581055,7.6666669845581055,134100,ZBRA
1996-07-23,7.777778148651123,7.777778148651123,7.444444179534912,7.777778148651123,7.777778148651123,288450,ZBRA
1996-07-24,7.222221851348877,7.6666669845581055,7.222221851348877,7.611111164093018,7.611111164093018,79425,ZBRA
1996-07-25,7.6666669845581055,7.6666669845581055,7.3333330154418945,7.611111164093018,7.611111164093018,323325,ZBRA
1996-07-26,7.555555820465088,7.777778148651123,7.444444179534912,7.555555820465088,7.555555820465088,335700,ZBRA
1996-07-29,7.555555820465088,7.8333330154418945,7.555555820465088,7.8333330154418945,7.8333330154418945,468000,ZBRA
1996-07-30,7.8333330154418945,7.888888835906982,7.555555820465088,7.8333330154418945,7.8333330154418945,364950,ZBRA
1996-07-31,7.777778148651123,7.777778148651123,7.555555820465088,7.722221851348877,7.722221851348877,294750,ZBRA
1996-08-01,7.555555820465088,7.722221851348877,7.555555820465088,7.555555820465088,7.555555820465088,109350,ZBRA
1996-08-02,7.6666669845581055,7.8333330154418945,7.555555820465088,7.777778148651123,7.777778148651123,268875,ZBRA
1996-08-05,7.777778148651123,7.777778148651123,7.555555820465088,7.722221851348877,7.722221851348877,237150,ZBRA
1996-08-06,7.777778148651123,7.777778148651123,7.6666669845581055,7.722221851348877,7.722221851348877,251100,ZBRA
1996-08-07,7.888888835906982,8.333333015441895,7.6666669845581055,8.166666984558105,8.166666984558105,390375,ZBRA
1996-08-08,8.333333015441895,9.38888931274414,8.166666984558105,9.055556297302246,9.055556297302246,802575,ZBRA
1996-08-09,9.11111068725586,9.11111068725586,8.444443702697754,8.666666984558105,8.666666984558105,176400,ZBRA
1996-08-12,8.333333015441895,8.666666984558105,7.888888835906982,8.444443702697754,8.444443702697754,126675,ZBRA
1996-08-13,8.444443702697754,8.5,8.11111068725586,8.333333015441895,8.333333015441895,168300,ZBRA
1996-08-14,8.11111068725586,8.5,8.11111068725586,8.5,8.5,188550,ZBRA
1996-08-15,8.38888931274414,8.555556297302246,8.38888931274414,8.5,8.5,319050,ZBRA
1996-08-16,8.38888931274414,8.666666984558105,8.38888931274414,8.5,8.5,232200,ZBRA
1996-08-19,8.444443702697754,8.666666984558105,8.444443702697754,8.555556297302246,8.555556297302246,173025,ZBRA
1996-08-20,8.555556297302246,8.555556297302246,8.444443702697754,8.444443702697754,8.444443702697754,463950,ZBRA
1996-08-21,8.38888931274414,8.555556297302246,8.38888931274414,8.38888931274414,8.38888931274414,128250,ZBRA
1996-08-22,8.666666984558105,9.11111068725586,8.666666984558105,8.833333015441895,8.833333015441895,714825,ZBRA
1996-08-23,9.0,9.055556297302246,8.833333015441895,8.944443702697754,8.944443702697754,216000,ZBRA
1996-08-26,9.0,9.305556297302246,8.833333015441895,9.305556297302246,9.305556297302246,897975,ZBRA
1996-08-27,9.277777671813965,9.444443702697754,9.027777671813965,9.222222328186035,9.222222328186035,463500,ZBRA
1996-08-28,9.222222328186035,9.444443702697754,9.222222328186035,9.38888931274414,9.38888931274414,202275,ZBRA
1996-08-29,9.38888931274414,9.38888931274414,9.166666984558105,9.277777671813965,9.277777671813965,189675,ZBRA
1996-08-30,9.277777671813965,9.38888931274414,9.222222328186035,9.38888931274414,9.38888931274414,83025,ZBRA
1996-09-03,9.0,9.055556297302246,8.666666984558105,9.0,9.0,249750,ZBRA
1996-09-04,9.11111068725586,9.61111068725586,9.055556297302246,9.61111068725586,9.61111068725586,563400,ZBRA
1996-09-05,9.5,9.61111068725586,9.333333015441895,9.38888931274414,9.38888931274414,187425,ZBRA
1996-09-06,9.38888931274414,9.555556297302246,9.38888931274414,9.555556297302246,9.555556297302246,206550,ZBRA
1996-09-09,9.666666984558105,11.0,9.666666984558105,10.88888931274414,10.88888931274414,1276425,ZBRA
1996-09-10,10.88888931274414,11.444443702697754,10.88888931274414,11.222222328186035,11.222222328186035,1200375,ZBRA
1996-09-11,11.333333015441895,11.333333015441895,11.0,11.11111068725586,11.11111068725586,1104300,ZBRA
1996-09-12,11.11111068725586,11.166666984558105,10.88888931274414,11.055556297302246,11.055556297302246,444150,ZBRA
1996-09-13,11.055556297302246,11.166666984558105,10.944443702697754,11.11111068725586,11.11111068725586,550575,ZBRA
1996-09-16,11.055556297302246,11.166666984558105,11.055556297302246,11.055556297302246,11.055556297302246,170100,ZBRA
1996-09-17,11.11111068725586,11.222222328186035,11.055556297302246,11.166666984558105,11.166666984558105,452925,ZBRA
1996-09-18,11.055556297302246,11.777777671813965,11.055556297302246,11.666666984558105,11.666666984558105,319725,ZBRA
1996-09-19,11.722222328186035,11.722222328186035,11.222222328186035,11.5,11.5,374850,ZBRA
1996-09-20,11.38888931274414,11.5,11.0,11.0,11.0,298125,ZBRA
1996-09-23,10.666666984558105,10.777777671813965,10.38888931274414,10.5,10.5,142200,ZBRA
1996-09-24,10.444443702697754,11.166666984558105,10.333333015441895,10.944443702697754,10.944443702697754,316350,ZBRA
1996-09-25,11.11111068725586,11.11111068725586,10.833333015441895,10.944443702697754,10.944443702697754,179325,ZBRA
1996-09-26,10.944443702697754,11.166666984558105,10.833333015441895,11.11111068725586,11.11111068725586,306675,ZBRA
1996-09-27,11.055556297302246,11.444443702697754,11.055556297302246,11.444443702697754,11.444443702697754,205425,ZBRA
1996-09-30,11.444443702697754,11.777777671813965,11.333333015441895,11.38888931274414,11.38888931274414,164700,ZBRA
1996-10-01,11.333333015441895,11.333333015441895,10.944443702697754,11.11111068725586,11.11111068725586,525375,ZBRA
1996-10-02,11.11111068725586,11.333333015441895,11.0,11.222222328186035,11.222222328186035,82125,ZBRA
1996-10-03,10.88888931274414,11.277777671813965,10.333333015441895,10.88888931274414,10.88888931274414,1106775,ZBRA
1996-10-04,11.055556297302246,11.055556297302246,10.666666984558105,10.666666984558105,10.666666984558105,425475,ZBRA
1996-10-07,10.61111068725586,11.166666984558105,10.5,11.055556297302246,11.055556297302246,452925,ZBRA
1996-10-08,11.0,11.166666984558105,10.88888931274414,10.944443702697754,10.944443702697754,140175,ZBRA
1996-10-09,10.88888931274414,10.944443702697754,10.5,10.666666984558105,10.666666984558105,286425,ZBRA
1996-10-10,10.555556297302246,11.666666984558105,10.555556297302246,11.472222328186035,11.472222328186035,717525,ZBRA
1996-10-11,12.555556297302246,13.0,12.166666984558105,12.416666984558105,12.416666984558105,891900,ZBRA
1996-10-14,12.444443702697754,13.222222328186035,12.11111068725586,13.0,13.0,727875,ZBRA
1996-10-15,13.0,13.333333015441895,12.222222328186035,12.944443702697754,12.944443702697754,563400,ZBRA
1996-10-16,12.833333015441895,13.11111068725586,12.777777671813965,12.777777671813965,12.777777671813965,654300,ZBRA
1996-10-17,13.0,13.777777671813965,12.722222328186035,13.722222328186035,13.722222328186035,1517850,ZBRA
1996-10-18,13.61111068725586,14.555556297302246,13.61111068725586,14.0,14.0,972900,ZBRA
1996-10-21,13.88888931274414,14.11111068725586,13.222222328186035,13.333333015441895,13.333333015441895,450900,ZBRA
1996-10-22,13.444443702697754,13.444443702697754,12.88888931274414,13.0,13.0,289350,ZBRA
1996-10-23,13.0,13.222222328186035,12.666666984558105,12.777777671813965,12.777777671813965,168075,ZBRA
1996-10-24,12.777777671813965,13.38888931274414,12.777777671813965,13.38888931274414,13.38888931274414,211500,ZBRA
1996-10-25,13.38888931274414,13.444443702697754,13.11111068725586,13.222222328186035,13.222222328186035,100125,ZBRA
1996-10-28,13.222222328186035,13.333333015441895,12.777777671813965,12.777777671813965,12.777777671813965,134325,ZBRA
1996-10-29,12.666666984558105,12.88888931274414,12.444443702697754,12.722222328186035,12.722222328186035,172575,ZBRA
1996-10-30,12.666666984558105,12.777777671813965,12.666666984558105,12.777777671813965,12.777777671813965,100575,ZBRA
1996-10-31,12.88888931274414,12.88888931274414,12.666666984558105,12.833333015441895,12.833333015441895,99225,ZBRA
1996-11-01,12.777777671813965,13.0,12.666666984558105,12.88888931274414,12.88888931274414,99225,ZBRA
1996-11-04,12.777777671813965,13.222222328186035,12.777777671813965,13.222222328186035,13.222222328186035,185400,ZBRA
1996-11-05,13.11111068725586,13.222222328186035,13.11111068725586,13.11111068725586,13.11111068725586,738450,ZBRA
1996-11-06,13.222222328186035,13.333333015441895,13.11111068725586,13.11111068725586,13.11111068725586,1534950,ZBRA
1996-11-07,13.11111068725586,13.333333015441895,13.0,13.055556297302246,13.055556297302246,715050,ZBRA
1996-11-08,13.0,13.222222328186035,12.88888931274414,13.166666984558105,13.166666984558105,369900,ZBRA
1996-11-11,13.0,13.555556297302246,13.0,13.38888931274414,13.38888931274414,73800,ZBRA
1996-11-12,13.333333015441895,13.444443702697754,13.11111068725586,13.222222328186035,13.222222328186035,124200,ZBRA
1996-11-13,13.0,13.333333015441895,13.0,13.11111068725586,13.11111068725586,113850,ZBRA
1996-11-14,13.333333015441895,13.555556297302246,13.11111068725586,13.222222328186035,13.222222328186035,161100,ZBRA
1996-11-15,13.555556297302246,13.555556297302246,12.944443702697754,13.13888931274414,13.13888931274414,164250,ZBRA
1996-11-18,13.222222328186035,13.222222328186035,13.0,13.222222328186035,13.222222328186035,220275,ZBRA
1996-11-19,13.0,13.222222328186035,13.0,13.0,13.0,325800,ZBRA
1996-11-20,13.0,13.444443702697754,13.0,13.333333015441895,13.333333015441895,61200,ZBRA
1996-11-21,11.777777671813965,11.833333015441895,10.61111068725586,11.333333015441895,11.333333015441895,3167325,ZBRA
1996-11-22,11.277777671813965,12.222222328186035,11.277777671813965,12.0,12.0,855675,ZBRA
1996-11-25,11.88888931274414,12.0,11.555556297302246,11.944443702697754,11.944443702697754,322200,ZBRA
1996-11-26,11.777777671813965,12.0,11.666666984558105,11.75,11.75,377775,ZBRA
1996-11-27,11.666666984558105,11.833333015441895,11.444443702697754,11.555556297302246,11.555556297302246,276975,ZBRA
1996-11-29,11.444443702697754,11.555556297302246,11.444443702697754,11.444443702697754,11.444443702697754,38250,ZBRA
1996-12-02,11.444443702697754,11.555556297302246,11.0,11.11111068725586,11.11111068725586,174600,ZBRA
1996-12-03,11.222222328186035,11.222222328186035,10.833333015441895,10.944443702697754,10.944443702697754,154125,ZBRA
1996-12-04,11.055556297302246,11.444443702697754,10.833333015441895,11.277777671813965,11.277777671813965,324450,ZBRA
1996-12-05,11.333333015441895,11.444443702697754,11.222222328186035,11.277777671813965,11.277777671813965,643275,ZBRA
1996-12-06,10.61111068725586,11.444443702697754,10.5,10.88888931274414,10.88888931274414,503550,ZBRA
1996-12-09,11.055556297302246,11.333333015441895,10.88888931274414,11.166666984558105,11.166666984558105,192600,ZBRA
1996-12-10,11.055556297302246,11.277777671813965,11.055556297302246,11.166666984558105,11.166666984558105,212175,ZBRA
1996-12-11,11.0,11.222222328186035,10.777777671813965,10.944443702697754,10.944443702697754,239400,ZBRA
1996-12-12,11.11111068725586,11.222222328186035,10.777777671813965,10.833333015441895,10.833333015441895,152100,ZBRA
1996-12-13,10.5,10.555556297302246,10.222222328186035,10.277777671813965,10.277777671813965,346050,ZBRA
1996-12-16,10.5,10.777777671813965,10.5,10.555556297302246,10.555556297302246,207900,ZBRA
1996-12-17,10.61111068725586,10.833333015441895,10.444443702697754,10.666666984558105,10.666666984558105,233325,ZBRA
1996-12-18,10.833333015441895,10.833333015441895,10.666666984558105,10.833333015441895,10.833333015441895,619425,ZBRA
1996-12-19,10.666666984558105,10.833333015441895,10.666666984558105,10.666666984558105,10.666666984558105,281250,ZBRA
1996-12-20,10.666666984558105,10.833333015441895,10.444443702697754,10.666666984558105,10.666666984558105,277200,ZBRA
1996-12-23,10.444443702697754,10.666666984558105,10.333333015441895,10.333333015441895,10.333333015441895,124425,ZBRA
1996-12-24,10.333333015441895,10.5,10.277777671813965,10.333333015441895,10.333333015441895,247725,ZBRA
1996-12-26,10.333333015441895,10.5,10.333333015441895,10.444443702697754,10.444443702697754,54900,ZBRA
1996-12-27,10.333333015441895,10.5,10.333333015441895,10.333333015441895,10.333333015441895,392175,ZBRA
1996-12-30,10.333333015441895,10.5,10.333333015441895,10.38888931274414,10.38888931274414,184725,ZBRA
1996-12-31,10.277777671813965,10.38888931274414,9.944443702697754,10.38888931274414,10.38888931274414,336600,ZBRA
1997-01-02,10.38888931274414,10.5,10.11111068725586,10.333333015441895,10.333333015441895,98100,ZBRA
1997-01-03,10.444443702697754,11.0,10.38888931274414,10.722222328186035,10.722222328186035,159075,ZBRA
1997-01-06,10.722222328186035,10.88888931274414,10.555556297302246,10.88888931274414,10.88888931274414,358200,ZBRA
1997-01-07,10.722222328186035,11.944443702697754,10.722222328186035,11.88888931274414,11.88888931274414,296100,ZBRA
1997-01-08,11.722222328186035,11.777777671813965,11.222222328186035,11.666666984558105,11.666666984558105,180225,ZBRA
1997-01-09,11.666666984558105,12.333333015441895,11.444443702697754,12.11111068725586,12.11111068725586,312075,ZBRA
1997-01-10,11.666666984558105,12.055556297302246,11.11111068725586,11.222222328186035,11.222222328186035,241425,ZBRA
1997-01-13,11.5,11.5,11.055556297302246,11.222222328186035,11.222222328186035,74250,ZBRA
1997-01-14,11.0,11.444443702697754,11.0,11.222222328186035,11.222222328186035,104625,ZBRA
1997-01-15,11.444443702697754,11.444443702697754,11.222222328186035,11.333333015441895,11.333333015441895,147825,ZBRA
1997-01-16,11.222222328186035,11.555556297302246,11.0,11.222222328186035,11.222222328186035,239175,ZBRA
1997-01-17,11.0,11.222222328186035,10.555556297302246,10.88888931274414,10.88888931274414,153675,ZBRA
1997-01-20,10.666666984558105,10.88888931274414,10.222222328186035,10.777777671813965,10.777777671813965,152325,ZBRA
1997-01-21,10.444443702697754,10.88888931274414,10.444443702697754,10.88888931274414,10.88888931274414,60525,ZBRA
1997-01-22,10.555556297302246,11.333333015441895,10.555556297302246,11.333333015441895,11.333333015441895,172800,ZBRA
1997-01-23,11.333333015441895,11.777777671813965,11.222222328186035,11.5,11.5,162900,ZBRA
1997-01-24,11.444443702697754,11.777777671813965,11.11111068725586,11.444443702697754,11.444443702697754,48375,ZBRA
1997-01-27,11.11111068725586,11.38888931274414,10.38888931274414,10.38888931274414,10.38888931274414,72000,ZBRA
1997-01-28,10.555556297302246,11.222222328186035,10.555556297302246,10.88888931274414,10.88888931274414,84150,ZBRA
1997-01-29,10.88888931274414,11.222222328186035,10.88888931274414,10.88888931274414,10.88888931274414,41175,ZBRA
1997-01-30,11.333333015441895,11.666666984558105,10.88888931274414,11.555556297302246,11.555556297302246,181575,ZBRA
1997-01-31,11.777777671813965,12.11111068725586,11.333333015441895,11.777777671813965,11.777777671813965,171675,ZBRA
1997-02-03,11.777777671813965,12.11111068725586,11.666666984558105,11.722222328186035,11.722222328186035,112275,ZBRA
1997-02-04,12.0,12.0,11.333333015441895,11.333333015441895,11.333333015441895,121500,ZBRA
1997-02-05,11.333333015441895,11.777777671813965,10.88888931274414,11.38888931274414,11.38888931274414,225450,ZBRA
1997-02-06,11.222222328186035,11.555556297302246,11.0,11.11111068725586,11.11111068725586,123075,ZBRA
1997-02-07,11.444443702697754,11.444443702697754,11.0,11.0,11.0,47475,ZBRA
1997-02-10,11.333333015441895,11.333333015441895,11.0,11.0,11.0,67500,ZBRA
1997-02-11,11.0,11.444443702697754,10.555556297302246,10.88888931274414,10.88888931274414,110925,ZBRA
1997-02-12,10.777777671813965,11.11111068725586,10.444443702697754,10.88888931274414,10.88888931274414,544725,ZBRA
1997-02-13,11.11111068725586,11.444443702697754,10.555556297302246,10.555556297302246,10.555556297302246,373050,ZBRA
1997-02-14,10.555556297302246,11.0,10.444443702697754,10.555556297302246,10.555556297302246,83475,ZBRA
1997-02-18,10.444443702697754,10.777777671813965,10.444443702697754,10.777777671813965,10.777777671813965,230400,ZBRA
1997-02-19,10.555556297302246,10.88888931274414,10.11111068725586,10.333333015441895,10.333333015441895,84150,ZBRA
1997-02-20,10.222222328186035,10.777777671813965,10.222222328186035,10.444443702697754,10.444443702697754,170775,ZBRA
1997-02-21,10.222222328186035,10.555556297302246,9.666666984558105,9.88888931274414,9.88888931274414,156375,ZBRA
1997-02-24,9.777777671813965,10.333333015441895,9.666666984558105,10.0,10.0,315450,ZBRA
1997-02-25,10.11111068725586,10.11111068725586,9.777777671813965,9.88888931274414,9.88888931274414,153000,ZBRA
1997-02-26,9.777777671813965,10.11111068725586,9.444443702697754,9.5,9.5,99450,ZBRA
1997-02-27,9.444443702697754,10.222222328186035,9.444443702697754,10.11111068725586,10.11111068725586,160650,ZBRA
1997-02-28,10.11111068725586,10.222222328186035,9.88888931274414,9.88888931274414,9.88888931274414,88200,ZBRA
1997-03-03,10.11111068725586,10.11111068725586,9.777777671813965,9.944443702697754,9.944443702697754,211950,ZBRA
1997-03-04,10.222222328186035,10.555556297302246,9.88888931274414,10.222222328186035,10.222222328186035,40275,ZBRA
1997-03-05,10.555556297302246,10.555556297302246,10.222222328186035,10.222222328186035,10.222222328186035,13725,ZBRA
1997-03-06,10.555556297302246,10.555556297302246,10.222222328186035,10.444443702697754,10.444443702697754,366300,ZBRA
1997-03-07,10.222222328186035,10.472222328186035,10.222222328186035,10.472222328186035,10.472222328186035,324225,ZBRA
1997-03-10,10.222222328186035,10.666666984558105,10.222222328186035,10.666666984558105,10.666666984558105,60300,ZBRA
1997-03-11,10.222222328186035,10.666666984558105,10.222222328186035,10.5,10.5,187200,ZBRA
1997-03-12,10.222222328186035,11.333333015441895,10.222222328186035,11.0,11.0,178875,ZBRA
1997-03-13,11.333333015441895,11.333333015441895,10.777777671813965,10.777777671813965,10.777777671813965,128025,ZBRA
1997-03-14,10.777777671813965,11.11111068725586,10.777777671813965,11.11111068725586,11.11111068725586,119250,ZBRA
1997-03-17,11.0,11.11111068725586,10.333333015441895,10.555556297302246,10.555556297302246,323100,ZBRA
1997-03-18,10.555556297302246,10.777777671813965,10.444443702697754,10.555556297302246,10.555556297302246,330750,ZBRA
1997-03-19,10.777777671813965,10.777777671813965,10.444443702697754,10.777777671813965,10.777777671813965,104175,ZBRA
1997-03-20,10.555556297302246,11.0,10.555556297302246,10.555556297302246,10.555556297302246,22950,ZBRA
1997-03-21,10.555556297302246,11.0,10.444443702697754,10.444443702697754,10.444443702697754,305325,ZBRA
1997-03-24,10.666666984558105,10.777777671813965,10.222222328186035,10.666666984558105,10.666666984558105,221400,ZBRA
1997-03-25,10.88888931274414,11.222222328186035,10.555556297302246,10.944443702697754,10.944443702697754,103500,ZBRA
1997-03-26,11.11111068725586,11.555556297302246,10.88888931274414,11.11111068725586,11.11111068725586,279450,ZBRA
1997-03-27,11.11111068725586,11.333333015441895,10.555556297302246,10.666666984558105,10.666666984558105,185850,ZBRA
1997-03-31,10.555556297302246,10.555556297302246,10.11111068725586,10.222222328186035,10.222222328186035,99675,ZBRA
1997-04-01,10.222222328186035,10.444443702697754,10.222222328186035,10.444443702697754,10.444443702697754,36000,ZBRA
1997-04-02,10.11111068725586,10.222222328186035,9.88888931274414,9.88888931274414,9.88888931274414,91575,ZBRA
1997-04-03,9.777777671813965,9.88888931274414,9.555556297302246,9.88888931274414,9.88888931274414,88200,ZBRA
1997-04-04,9.88888931274414,10.11111068725586,9.555556297302246,10.11111068725586,10.11111068725586,145800,ZBRA
1997-04-07,10.11111068725586,10.11111068725586,9.777777671813965,9.88888931274414,9.88888931274414,51525,ZBRA
1997-04-08,10.11111068725586,10.11111068725586,9.833333015441895,9.833333015441895,9.833333015441895,89550,ZBRA
1997-04-09,9.833333015441895,10.277777671813965,9.777777671813965,10.11111068725586,10.11111068725586,78075,ZBRA
1997-04-10,10.333333015441895,10.333333015441895,10.0,10.0,10.0,18000,ZBRA
1997-04-11,10.0,10.11111068725586,9.555556297302246,9.555556297302246,9.555556297302246,74250,ZBRA
1997-04-14,9.666666984558105,10.0,9.666666984558105,10.0,10.0,230850,ZBRA
1997-04-15,10.11111068725586,10.11111068725586,9.722222328186035,9.944443702697754,9.944443702697754,296100,ZBRA
1997-04-16,10.0,10.0,9.722222328186035,9.722222328186035,9.722222328186035,20250,ZBRA
1997-04-17,9.833333015441895,10.0,9.722222328186035,9.722222328186035,9.722222328186035,19125,ZBRA
1997-04-18,9.722222328186035,10.555556297302246,9.722222328186035,10.222222328186035,10.222222328186035,52425,ZBRA
1997-04-21,10.444443702697754,11.222222328186035,10.277777671813965,10.333333015441895,10.333333015441895,294525,ZBRA
1997-04-22,10.666666984558105,10.666666984558105,10.222222328186035,10.222222328186035,10.222222328186035,122400,ZBRA
1997-04-23,11.11111068725586,11.11111068725586,10.222222328186035,10.222222328186035,10.222222328186035,369450,ZBRA
1997-04-24,10.444443702697754,10.444443702697754,10.222222328186035,10.222222328186035,10.222222328186035,183825,ZBRA
1997-04-25,10.333333015441895,10.444443702697754,10.222222328186035,10.222222328186035,10.222222328186035,21150,ZBRA
1997-04-28,10.222222328186035,10.444443702697754,9.88888931274414,9.944443702697754,9.944443702697754,47700,ZBRA
1997-04-29,10.333333015441895,10.333333015441895,9.777777671813965,9.777777671813965,9.777777671813965,162000,ZBRA
1997-04-30,9.777777671813965,10.333333015441895,9.777777671813965,10.222222328186035,10.222222328186035,150525,ZBRA
1997-05-01,10.0,10.222222328186035,10.0,10.055556297302246,10.055556297302246,345600,ZBRA
1997-05-02,10.0,10.222222328186035,9.777777671813965,10.11111068725586,10.11111068725586,334125,ZBRA
1997-05-05,10.222222328186035,12.0,10.166666984558105,12.0,12.0,556425,ZBRA
1997-05-06,12.0,12.222222328186035,11.555556297302246,12.0,12.0,326700,ZBRA
1997-05-07,11.88888931274414,11.88888931274414,11.333333015441895,11.88888931274414,11.88888931274414,215775,ZBRA
1997-05-08,11.444443702697754,11.777777671813965,11.444443702697754,11.666666984558105,11.666666984558105,175950,ZBRA
1997-05-09,11.777777671813965,12.444443702697754,11.555556297302246,12.333333015441895,12.333333015441895,224325,ZBRA
1997-05-12,12.444443702697754,12.805556297302246,12.222222328186035,12.277777671813965,12.277777671813965,147375,ZBRA
1997-05-13,12.222222328186035,12.555556297302246,12.11111068725586,12.333333015441895,12.333333015441895,195075,ZBRA
1997-05-14,12.333333015441895,12.833333015441895,12.11111068725586,12.694443702697754,12.694443702697754,295875,ZBRA
1997-05-15,12.777777671813965,13.444443702697754,12.666666984558105,13.11111068725586,13.11111068725586,333900,ZBRA
1997-05-16,13.333333015441895,13.333333015441895,12.222222328186035,12.555556297302246,12.555556297302246,690075,ZBRA
1997-05-19,12.444443702697754,12.666666984558105,12.333333015441895,12.444443702697754,12.444443702697754,53550,ZBRA
1997-05-20,12.444443702697754,12.61111068725586,12.333333015441895,12.61111068725586,12.61111068725586,130500,ZBRA
1997-05-21,12.444443702697754,12.666666984558105,12.444443702697754,12.666666984558105,12.666666984558105,79650,ZBRA
1997-05-22,12.444443702697754,12.666666984558105,12.277777671813965,12.555556297302246,12.555556297302246,51975,ZBRA
1997-05-23,12.277777671813965,12.555556297302246,12.277777671813965,12.277777671813965,12.277777671813965,138825,ZBRA
1997-05-27,12.277777671813965,12.944443702697754,12.277777671813965,12.944443702697754,12.944443702697754,234000,ZBRA
1997-05-28,12.666666984558105,13.0,12.666666984558105,12.944443702697754,12.944443702697754,270900,ZBRA
1997-05-29,13.0,13.333333015441895,12.88888931274414,13.277777671813965,13.277777671813965,366750,ZBRA
1997-05-30,13.0,13.88888931274414,12.722222328186035,13.666666984558105,13.666666984558105,657675,ZBRA
1997-06-02,13.555556297302246,13.777777671813965,13.444443702697754,13.777777671813965,13.777777671813965,104850,ZBRA
1997-06-03,13.555556297302246,13.777777671813965,13.333333015441895,13.333333015441895,13.333333015441895,143100,ZBRA
1997-06-04,13.5,13.666666984558105,13.333333015441895,13.666666984558105,13.666666984558105,37575,ZBRA
1997-06-05,13.333333015441895,14.0,13.0,14.0,14.0,148275,ZBRA
1997-06-06,13.555556297302246,14.0,13.555556297302246,13.555556297302246,13.555556297302246,75375,ZBRA
1997-06-09,13.666666984558105,13.722222328186035,12.666666984558105,12.88888931274414,12.88888931274414,222975,ZBRA
1997-06-10,13.166666984558105,13.166666984558105,12.777777671813965,12.777777671813965,12.777777671813965,63450,ZBRA
1997-06-11,12.777777671813965,13.222222328186035,12.777777671813965,13.222222328186035,13.222222328186035,62775,ZBRA
1997-06-12,12.777777671813965,13.222222328186035,12.777777671813965,12.88888931274414,12.88888931274414,31950,ZBRA
1997-06-13,12.777777671813965,13.222222328186035,12.777777671813965,12.777777671813965,12.777777671813965,57600,ZBRA
1997-06-16,12.777777671813965,13.777777671813965,12.777777671813965,13.722222328186035,13.722222328186035,139050,ZBRA
1997-06-17,13.555556297302246,14.166666984558105,13.555556297302246,13.722222328186035,13.722222328186035,267300,ZBRA
1997-06-18,13.666666984558105,13.88888931274414,13.666666984558105,13.777777671813965,13.777777671813965,199800,ZBRA
1997-06-19,13.666666984558105,14.222222328186035,13.666666984558105,14.222222328186035,14.222222328186035,312975,ZBRA
1997-06-20,14.055556297302246,14.11111068725586,13.11111068725586,13.222222328186035,13.222222328186035,206775,ZBRA
1997-06-23,13.11111068725586,13.38888931274414,12.555556297302246,12.555556297302246,12.555556297302246,135225,ZBRA
1997-06-24,12.944443702697754,13.222222328186035,12.444443702697754,12.944443702697754,12.944443702697754,155925,ZBRA
1997-06-25,12.61111068725586,13.0,12.222222328186035,12.333333015441895,12.333333015441895,215550,ZBRA
1997-06-26,12.666666984558105,12.666666984558105,11.88888931274414,12.61111068725586,12.61111068725586,651375,ZBRA
1997-06-27,12.333333015441895,12.777777671813965,12.333333015441895,12.666666984558105,12.666666984558105,340425,ZBRA
1997-06-30,12.666666984558105,12.88888931274414,12.38888931274414,12.38888931274414,12.38888931274414,313875,ZBRA
1997-07-01,12.333333015441895,12.444443702697754,11.805556297302246,12.333333015441895,12.333333015441895,325350,ZBRA
1997-07-02,12.555556297302246,12.555556297302246,12.11111068725586,12.333333015441895,12.333333015441895,391050,ZBRA
1997-07-03,12.333333015441895,12.555556297302246,12.333333015441895,12.444443702697754,12.444443702697754,33300,ZBRA
1997-07-07,12.11111068725586,12.555556297302246,12.11111068725586,12.194443702697754,12.194443702697754,24525,ZBRA
1997-07-08,12.11111068725586,12.555556297302246,12.11111068725586,12.555556297302246,12.555556297302246,533700,ZBRA
1997-07-09,12.555556297302246,12.666666984558105,12.38888931274414,12.555556297302246,12.555556297302246,405675,ZBRA
1997-07-10,12.444443702697754,12.833333015441895,12.444443702697754,12.666666984558105,12.666666984558105,518625,ZBRA
1997-07-11,12.88888931274414,13.555556297302246,12.666666984558105,13.333333015441895,13.333333015441895,304200,ZBRA
1997-07-14,13.444443702697754,13.444443702697754,12.777777671813965,12.944443702697754,12.944443702697754,168300,ZBRA
1997-07-15,12.88888931274414,13.777777671813965,12.88888931274414,13.38888931274414,13.38888931274414,104850,ZBRA
1997-07-16,13.88888931274414,14.5,13.666666984558105,14.166666984558105,14.166666984558105,820800,ZBRA
1997-07-17,14.11111068725586,14.666666984558105,14.11111068725586,14.444443702697754,14.444443702697754,279225,ZBRA
1997-07-18,14.555556297302246,14.61111068725586,13.666666984558105,14.444443702697754,14.444443702697754,250425,ZBRA
1997-07-21,14.444443702697754,14.88888931274414,14.444443702697754,14.722222328186035,14.722222328186035,647550,ZBRA
1997-07-22,14.444443702697754,14.88888931274414,14.444443702697754,14.666666984558105,14.666666984558105,754425,ZBRA
1997-07-23,14.88888931274414,15.166666984558105,14.333333015441895,14.5,14.5,140400,ZBRA
1997-07-24,14.833333015441895,14.88888931274414,13.666666984558105,14.0,14.0,83025,ZBRA
1997-07-25,14.0,14.0,12.972222328186035,13.333333015441895,13.333333015441895,186750,ZBRA
1997-07-28,13.333333015441895,13.777777671813965,13.277777671813965,13.666666984558105,13.666666984558105,272250,ZBRA
1997-07-29,13.666666984558105,14.222222328186035,13.222222328186035,14.222222328186035,14.222222328186035,215325,ZBRA
1997-07-30,14.0,14.333333015441895,13.944443702697754,14.0,14.0,79650,ZBRA
1997-07-31,13.88888931274414,14.166666984558105,13.777777671813965,13.86111068725586,13.86111068725586,56250,ZBRA
1997-08-01,13.777777671813965,14.722222328186035,13.61111068725586,14.666666984558105,14.666666984558105,203400,ZBRA
1997-08-04,14.222222328186035,14.333333015441895,13.88888931274414,14.0,14.0,115200,ZBRA
1997-08-05,14.0,14.0,13.666666984558105,14.0,14.0,66375,ZBRA
1997-08-06,13.777777671813965,14.444443702697754,13.777777671813965,14.222222328186035,14.222222328186035,234675,ZBRA
1997-08-07,14.333333015441895,14.333333015441895,13.88888931274414,14.11111068725586,14.11111068725586,52200,ZBRA
1997-08-08,14.0,14.055556297302246,13.0,13.88888931274414,13.88888931274414,101700,ZBRA
1997-08-11,13.333333015441895,14.11111068725586,13.277777671813965,13.666666984558105,13.666666984558105,166050,ZBRA
1997-08-12,13.222222328186035,13.222222328186035,11.833333015441895,12.083333015441895,12.083333015441895,1711125,ZBRA
1997-08-13,12.166666984558105,12.88888931274414,12.166666984558105,12.722222328186035,12.722222328186035,585000,ZBRA
1997-08-14,12.88888931274414,12.88888931274414,12.61111068725586,12.666666984558105,12.666666984558105,319500,ZBRA
1997-08-15,12.777777671813965,12.777777671813965,12.444443702697754,12.666666984558105,12.666666984558105,337275,ZBRA
1997-08-18,12.555556297302246,12.666666984558105,12.38888931274414,12.444443702697754,12.444443702697754,228150,ZBRA
1997-08-19,12.333333015441895,13.166666984558105,12.333333015441895,13.166666984558105,13.166666984558105,238500,ZBRA
1997-08-20,13.166666984558105,13.222222328186035,13.0,13.11111068725586,13.11111068725586,150975,ZBRA
1997-08-21,13.11111068725586,13.222222328186035,13.0,13.166666984558105,13.166666984558105,103725,ZBRA
1997-08-22,12.88888931274414,13.11111068725586,12.555556297302246,12.722222328186035,12.722222328186035,286650,ZBRA
1997-08-25,12.666666984558105,12.777777671813965,12.0,12.277777671813965,12.277777671813965,405225,ZBRA
1997-08-26,12.222222328186035,12.5,12.055556297302246,12.38888931274414,12.38888931274414,940725,ZBRA
1997-08-27,12.444443702697754,12.722222328186035,12.38888931274414,12.555556297302246,12.555556297302246,844875,ZBRA
1997-08-28,12.555556297302246,13.333333015441895,12.444443702697754,13.11111068725586,13.11111068725586,817650,ZBRA
1997-08-29,13.11111068725586,13.11111068725586,12.88888931274414,13.055556297302246,13.055556297302246,396900,ZBRA
1997-09-02,13.055556297302246,13.333333015441895,12.88888931274414,13.222222328186035,13.222222328186035,157950,ZBRA
1997-09-03,13.055556297302246,13.305556297302246,13.055556297302246,13.166666984558105,13.166666984558105,193500,ZBRA
1997-09-04,13.277777671813965,13.88888931274414,13.166666984558105,13.88888931274414,13.88888931274414,1746900,ZBRA
1997-09-05,13.944443702697754,14.0,13.61111068725586,13.944443702697754,13.944443702697754,504450,ZBRA
1997-09-08,14.055556297302246,14.11111068725586,13.777777671813965,14.0,14.0,518400,ZBRA
1997-09-09,13.722222328186035,14.055556297302246,13.722222328186035,13.944443702697754,13.944443702697754,438975,ZBRA
1997-09-10,13.777777671813965,14.277777671813965,13.777777671813965,14.055556297302246,14.055556297302246,397350,ZBRA
1997-09-11,13.777777671813965,14.222222328186035,13.777777671813965,13.833333015441895,13.833333015441895,301050,ZBRA
1997-09-12,13.833333015441895,14.333333015441895,13.333333015441895,14.277777671813965,14.277777671813965,316800,ZBRA
1997-09-15,14.277777671813965,14.277777671813965,13.777777671813965,13.944443702697754,13.944443702697754,605475,ZBRA
1997-09-16,13.777777671813965,14.0,13.722222328186035,13.972222328186035,13.972222328186035,137025,ZBRA
1997-09-17,13.722222328186035,14.11111068725586,13.722222328186035,14.11111068725586,14.11111068725586,288675,ZBRA
1997-09-18,13.833333015441895,14.055556297302246,13.5,13.5,13.5,243450,ZBRA
1997-09-19,13.444443702697754,13.833333015441895,13.444443702697754,13.694443702697754,13.694443702697754,86850,ZBRA
1997-09-22,13.5,14.333333015441895,13.5,14.277777671813965,14.277777671813965,363825,ZBRA
1997-09-23,14.277777671813965,14.88888931274414,14.11111068725586,14.666666984558105,14.666666984558105,593325,ZBRA
1997-09-24,14.666666984558105,15.0,14.333333015441895,14.833333015441895,14.833333015441895,544500,ZBRA
1997-09-25,14.777777671813965,15.777777671813965,14.777777671813965,15.555556297302246,15.555556297302246,650025,ZBRA
1997-09-26,15.722222328186035,15.722222328186035,15.166666984558105,15.444443702697754,15.444443702697754,792450,ZBRA
1997-09-29,15.555556297302246,15.555556297302246,15.166666984558105,15.38888931274414,15.38888931274414,247275,ZBRA
1997-09-30,15.222222328186035,16.0,15.11111068725586,15.88888931274414,15.88888931274414,460125,ZBRA
1997-10-01,15.88888931274414,15.88888931274414,15.38888931274414,15.61111068725586,15.61111068725586,453375,ZBRA
1997-10-02,15.61111068725586,15.61111068725586,15.333333015441895,15.61111068725586,15.61111068725586,47925,ZBRA
1997-10-03,15.5,16.0,15.5,15.666666984558105,15.666666984558105,198450,ZBRA
1997-10-06,15.61111068725586,15.88888931274414,15.61111068725586,15.805556297302246,15.805556297302246,270900,ZBRA
1997-10-07,15.88888931274414,16.27777862548828,15.722222328186035,16.05555534362793,16.05555534362793,177750,ZBRA
1997-10-08,16.05555534362793,16.166667938232422,15.444443702697754,15.666666984558105,15.666666984558105,156600,ZBRA
1997-10-09,15.555556297302246,15.777777671813965,15.11111068725586,15.61111068725586,15.61111068725586,117225,ZBRA
1997-10-10,15.555556297302246,16.333332061767578,15.444443702697754,16.083332061767578,16.083332061767578,186075,ZBRA
1997-10-13,16.333332061767578,17.0,16.22222137451172,16.833332061767578,16.833332061767578,214875,ZBRA
1997-10-14,16.72222137451172,16.833332061767578,16.44444465637207,16.72222137451172,16.72222137451172,153675,ZBRA
1997-10-15,16.61111068725586,16.61111068725586,16.333332061767578,16.55555534362793,16.55555534362793,91800,ZBRA
1997-10-16,14.88888931274414,15.5,14.444443702697754,14.722222328186035,14.722222328186035,2166525,ZBRA
1997-10-17,14.722222328186035,15.11111068725586,14.5,15.11111068725586,15.11111068725586,568350,ZBRA
1997-10-20,14.833333015441895,15.222222328186035,14.833333015441895,15.222222328186035,15.222222328186035,47475,ZBRA
1997-10-21,15.444443702697754,15.444443702697754,14.88888931274414,15.333333015441895,15.333333015441895,231750,ZBRA
1997-10-22,15.0,15.444443702697754,14.944443702697754,15.277777671813965,15.277777671813965,223650,ZBRA
1997-10-23,14.222222328186035,15.11111068725586,14.222222328186035,14.5,14.5,634500,ZBRA
1997-10-24,14.666666984558105,15.0,14.5,15.0,15.0,538875,ZBRA
1997-10-27,14.722222328186035,15.0,13.777777671813965,14.11111068725586,14.11111068725586,664425,ZBRA
1997-10-28,13.666666984558105,14.11111068725586,13.555556297302246,13.944443702697754,13.944443702697754,569250,ZBRA
1997-10-29,13.722222328186035,14.0,13.666666984558105,13.833333015441895,13.833333015441895,252000,ZBRA
1997-10-30,13.444443702697754,13.833333015441895,13.38888931274414,13.833333015441895,13.833333015441895,83475,ZBRA
1997-10-31,13.88888931274414,14.055556297302246,13.555556297302246,13.88888931274414,13.88888931274414,225225,ZBRA
1997-11-03,13.777777671813965,14.444443702697754,13.777777671813965,13.972222328186035,13.972222328186035,242775,ZBRA
1997-11-04,14.222222328186035,14.222222328186035,13.777777671813965,14.027777671813965,14.027777671813965,155925,ZBRA
1997-11-05,14.055556297302246,14.055556297302246,13.833333015441895,13.88888931274414,13.88888931274414,312975,ZBRA
1997-11-06,13.833333015441895,13.833333015441895,13.666666984558105,13.833333015441895,13.833333015441895,111825,ZBRA
1997-11-07,13.333333015441895,13.666666984558105,13.222222328186035,13.444443702697754,13.444443702697754,207000,ZBRA
1997-11-10,13.333333015441895,13.61111068725586,13.333333015441895,13.61111068725586,13.61111068725586,361125,ZBRA
1997-11-11,13.333333015441895,13.61111068725586,13.333333015441895,13.555556297302246,13.555556297302246,131850,ZBRA
1997-11-12,13.11111068725586,13.5,13.11111068725586,13.333333015441895,13.333333015441895,187875,ZBRA
1997-11-13,13.444443702697754,13.666666984558105,13.333333015441895,13.333333015441895,13.333333015441895,196200,ZBRA
1997-11-14,13.666666984558105,13.666666984558105,13.333333015441895,13.666666984558105,13.666666984558105,30825,ZBRA
1997-11-17,13.444443702697754,14.666666984558105,13.444443702697754,14.38888931274414,14.38888931274414,209925,ZBRA
1997-11-18,14.777777671813965,14.777777671813965,14.38888931274414,14.722222328186035,14.722222328186035,94725,ZBRA
1997-11-19,14.333333015441895,14.722222328186035,14.333333015441895,14.444443702697754,14.444443702697754,174375,ZBRA
1997-11-20,14.722222328186035,15.055556297302246,14.333333015441895,15.0,15.0,302850,ZBRA
1997-11-21,15.055556297302246,15.055556297302246,14.777777671813965,14.777777671813965,14.777777671813965,47475,ZBRA
1997-11-24,14.666666984558105,14.944443702697754,14.333333015441895,14.333333015441895,14.333333015441895,390825,ZBRA
1997-11-25,14.38888931274414,14.555556297302246,14.333333015441895,14.38888931274414,14.38888931274414,172575,ZBRA
1997-11-26,14.555556297302246,14.555556297302246,14.277777671813965,14.527777671813965,14.527777671813965,52200,ZBRA
1997-11-28,14.333333015441895,14.555556297302246,14.11111068725586,14.166666984558105,14.166666984558105,183825,ZBRA
1997-12-01,14.0,15.0,14.0,14.666666984558105,14.666666984558105,195075,ZBRA
1997-12-02,15.11111068725586,15.166666984558105,14.666666984558105,15.11111068725586,15.11111068725586,136800,ZBRA
1997-12-03,15.11111068725586,15.11111068725586,14.666666984558105,14.75,14.75,102825,ZBRA
1997-12-04,14.777777671813965,15.0,14.75,14.75,14.75,31050,ZBRA
1997-12-05,14.88888931274414,14.88888931274414,14.555556297302246,14.666666984558105,14.666666984558105,73575,ZBRA
1997-12-08,14.666666984558105,15.11111068725586,14.666666984558105,15.055556297302246,15.055556297302246,660825,ZBRA
1997-12-09,15.055556297302246,15.055556297302246,14.833333015441895,15.055556297302246,15.055556297302246,330975,ZBRA
1997-12-10,14.944443702697754,15.055556297302246,14.777777671813965,14.88888931274414,14.88888931274414,223425,ZBRA
1997-12-11,14.333333015441895,15.0,14.333333015441895,14.819443702697754,14.819443702697754,527625,ZBRA
1997-12-12,14.777777671813965,14.833333015441895,14.61111068725586,14.63888931274414,14.63888931274414,205875,ZBRA
1997-12-15,14.61111068725586,14.63888931274414,13.777777671813965,14.333333015441895,14.333333015441895,338625,ZBRA
1997-12-16,14.11111068725586,14.444443702697754,14.11111068725586,14.444443702697754,14.444443702697754,270450,ZBRA
1997-12-17,14.11111068725586,14.36111068725586,14.11111068725586,14.333333015441895,14.333333015441895,66375,ZBRA
1997-12-18,14.333333015441895,14.333333015441895,13.944443702697754,14.333333015441895,14.333333015441895,186075,ZBRA
1997-12-19,13.444443702697754,14.222222328186035,13.38888931274414,14.166666984558105,14.166666984558105,102825,ZBRA
1997-12-22,13.777777671813965,14.11111068725586,13.444443702697754,13.61111068725586,13.61111068725586,207225,ZBRA
1997-12-23,13.88888931274414,13.88888931274414,13.11111068725586,13.38888931274414,13.38888931274414,247500,ZBRA
1997-12-24,13.11111068725586,13.444443702697754,13.11111068725586,13.444443702697754,13.444443702697754,17775,ZBRA
1997-12-26,13.11111068725586,13.444443702697754,13.11111068725586,13.444443702697754,13.444443702697754,10350,ZBRA
1997-12-29,13.11111068725586,13.555556297302246,13.11111068725586,13.555556297302246,13.555556297302246,63225,ZBRA
1997-12-30,13.333333015441895,13.555556297302246,12.88888931274414,13.222222328186035,13.222222328186035,302625,ZBRA
1997-12-31,13.0,13.444443702697754,13.0,13.222222328186035,13.222222328186035,275850,ZBRA
1998-01-02,13.166666984558105,13.444443702697754,12.88888931274414,13.222222328186035,13.222222328186035,97200,ZBRA
1998-01-05,13.222222328186035,13.222222328186035,12.88888931274414,13.083333015441895,13.083333015441895,96975,ZBRA
1998-01-06,13.222222328186035,13.222222328186035,12.833333015441895,13.11111068725586,13.11111068725586,492975,ZBRA
1998-01-07,12.88888931274414,13.11111068725586,12.833333015441895,13.027777671813965,13.027777671813965,70875,ZBRA
1998-01-08,12.833333015441895,13.166666984558105,12.833333015441895,13.0,13.0,62325,ZBRA
1998-01-09,13.11111068725586,13.11111068725586,11.722222328186035,11.833333015441895,11.833333015441895,328275,ZBRA
1998-01-12,11.75,12.166666984558105,11.333333015441895,11.805556297302246,11.805556297302246,303075,ZBRA
1998-01-13,12.166666984558105,12.583333015441895,11.833333015441895,12.277777671813965,12.277777671813965,231525,ZBRA
1998-01-14,12.277777671813965,12.277777671813965,11.444443702697754,11.61111068725586,11.61111068725586,348750,ZBRA
1998-01-15,11.444443702697754,11.61111068725586,11.444443702697754,11.555556297302246,11.555556297302246,527175,ZBRA
1998-01-16,11.777777671813965,12.444443702697754,11.444443702697754,12.444443702697754,12.444443702697754,292500,ZBRA
1998-01-20,12.333333015441895,12.88888931274414,12.277777671813965,12.61111068725586,12.61111068725586,174600,ZBRA
1998-01-21,12.555556297302246,12.88888931274414,12.555556297302246,12.722222328186035,12.722222328186035,210600,ZBRA
1998-01-22,12.666666984558105,12.75,12.555556297302246,12.694443702697754,12.694443702697754,140850,ZBRA
1998-01-23,12.555556297302246,12.944443702697754,12.555556297302246,12.805556297302246,12.805556297302246,77175,ZBRA
1998-01-26,12.944443702697754,13.055556297302246,12.416666984558105,12.555556297302246,12.555556297302246,121950,ZBRA
1998-01-27,12.555556297302246,12.666666984558105,12.11111068725586,12.38888931274414,12.38888931274414,204525,ZBRA
1998-01-28,12.0,12.444443702697754,12.0,12.277777671813965,12.277777671813965,222975,ZBRA
1998-01-29,12.0,12.333333015441895,12.0,12.333333015441895,12.333333015441895,274500,ZBRA
1998-01-30,12.055556297302246,12.444443702697754,12.055556297302246,12.333333015441895,12.333333015441895,69750,ZBRA
1998-02-02,12.444443702697754,12.88888931274414,12.222222328186035,12.88888931274414,12.88888931274414,237825,ZBRA
1998-02-03,12.722222328186035,13.11111068725586,12.61111068725586,13.11111068725586,13.11111068725586,123300,ZBRA
1998-02-04,13.11111068725586,14.333333015441895,12.88888931274414,14.055556297302246,14.055556297302246,237825,ZBRA
1998-02-05,14.277777671813965,14.277777671813965,13.222222328186035,13.722222328186035,13.722222328186035,148950,ZBRA
1998-02-06,13.444443702697754,14.333333015441895,13.444443702697754,14.11111068725586,14.11111068725586,114975,ZBRA
1998-02-09,14.11111068725586,14.277777671813965,13.777777671813965,14.222222328186035,14.222222328186035,177300,ZBRA
1998-02-10,13.944443702697754,14.222222328186035,13.333333015441895,13.777777671813965,13.777777671813965,165150,ZBRA
1998-02-11,13.61111068725586,13.833333015441895,13.61111068725586,13.805556297302246,13.805556297302246,291150,ZBRA
1998-02-12,14.0,14.0,13.555556297302246,13.833333015441895,13.833333015441895,100350,ZBRA
1998-02-13,13.666666984558105,13.88888931274414,13.666666984558105,13.833333015441895,13.833333015441895,79650,ZBRA
1998-02-17,13.722222328186035,13.88888931274414,13.444443702697754,13.722222328186035,13.722222328186035,83475,ZBRA
1998-02-18,13.444443702697754,13.722222328186035,13.444443702697754,13.722222328186035,13.722222328186035,55575,ZBRA
1998-02-19,13.5,13.88888931274414,13.333333015441895,13.5,13.5,244800,ZBRA
1998-02-20,13.333333015441895,13.5,12.88888931274414,13.0,13.0,96075,ZBRA
1998-02-23,13.222222328186035,13.666666984558105,12.944443702697754,13.61111068725586,13.61111068725586,231750,ZBRA
1998-02-24,13.277777671813965,13.61111068725586,12.555556297302246,12.61111068725586,12.61111068725586,205200,ZBRA
1998-02-25,12.722222328186035,13.38888931274414,12.63888931274414,12.88888931274414,12.88888931274414,355725,ZBRA
1998-02-26,12.88888931274414,13.11111068725586,12.777777671813965,13.11111068725586,13.11111068725586,355500,ZBRA
1998-02-27,13.11111068725586,13.11111068725586,12.833333015441895,12.833333015441895,12.833333015441895,172350,ZBRA
1998-03-02,13.0,13.055556297302246,12.777777671813965,12.88888931274414,12.88888931274414,211050,ZBRA
1998-03-03,12.722222328186035,12.944443702697754,12.722222328186035,12.777777671813965,12.777777671813965,395550,ZBRA
1998-03-04,12.722222328186035,13.055556297302246,12.722222328186035,12.833333015441895,12.833333015441895,221850,ZBRA
1998-03-05,13.38888931274414,14.805556297302246,13.222222328186035,14.75,14.75,1695375,ZBRA
1998-03-06,14.555556297302246,15.666666984558105,14.555556297302246,15.555556297302246,15.555556297302246,959625,ZBRA
1998-03-09,15.333333015441895,15.722222328186035,15.11111068725586,15.61111068725586,15.61111068725586,204750,ZBRA
1998-03-10,15.277777671813965,16.0,15.277777671813965,16.0,16.0,204075,ZBRA
1998-03-11,16.11111068725586,16.22222137451172,15.666666984558105,15.944443702697754,15.944443702697754,482175,ZBRA
1998-03-12,15.88888931274414,15.88888931274414,15.277777671813965,15.555556297302246,15.555556297302246,89775,ZBRA
1998-03-13,15.555556297302246,15.555556297302246,15.277777671813965,15.38888931274414,15.38888931274414,82575,ZBRA
1998-03-16,15.277777671813965,15.666666984558105,15.277777671813965,15.333333015441895,15.333333015441895,126900,ZBRA
1998-03-17,15.5,15.5,15.277777671813965,15.5,15.5,155700,ZBRA
1998-03-18,15.277777671813965,16.0,15.166666984558105,16.0,16.0,321750,ZBRA
1998-03-19,15.88888931274414,16.22222137451172,15.833333015441895,15.88888931274414,15.88888931274414,232650,ZBRA
1998-03-20,16.27777862548828,16.27777862548828,15.833333015441895,16.02777862548828,16.02777862548828,158850,ZBRA
1998-03-23,16.11111068725586,16.55555534362793,16.0,16.5,16.5,125100,ZBRA
1998-03-24,16.22222137451172,16.61111068725586,16.22222137451172,16.5,16.5,43650,ZBRA
1998-03-25,16.61111068725586,16.94444465637207,16.166667938232422,16.333332061767578,16.333332061767578,154575,ZBRA
1998-03-26,16.11111068725586,16.72222137451172,15.777777671813965,16.666667938232422,16.666667938232422,301950,ZBRA
1998-03-27,16.55555534362793,16.77777862548828,15.88888931274414,16.77777862548828,16.77777862548828,169650,ZBRA
1998-03-30,16.833332061767578,16.916667938232422,16.38888931274414,16.5,16.5,131850,ZBRA
1998-03-31,16.72222137451172,17.11111068725586,15.88888931274414,17.11111068725586,17.11111068725586,469575,ZBRA
1998-04-01,16.666667938232422,17.5,16.55555534362793,17.333332061767578,17.333332061767578,137700,ZBRA
1998-04-02,17.05555534362793,17.38888931274414,17.0,17.0,17.0,135900,ZBRA
1998-04-03,17.0,17.22222137451172,16.44444465637207,16.5,16.5,224325,ZBRA
1998-04-06,16.44444465637207,16.55555534362793,16.27777862548828,16.27777862548828,16.27777862548828,237825,ZBRA
1998-04-07,16.22222137451172,16.38888931274414,15.88888931274414,16.11111068725586,16.11111068725586,209925,ZBRA
1998-04-08,16.22222137451172,16.22222137451172,15.88888931274414,15.944443702697754,15.944443702697754,69750,ZBRA
1998-04-09,15.944443702697754,17.0,15.944443702697754,17.0,17.0,153450,ZBRA
1998-04-13,16.77777862548828,17.22222137451172,16.22222137451172,16.44444465637207,16.44444465637207,335700,ZBRA
1998-04-14,16.333332061767578,16.88888931274414,16.333332061767578,16.72222137451172,16.72222137451172,200475,ZBRA
1998-04-15,16.72222137451172,16.833332061767578,16.55555534362793,16.833332061767578,16.833332061767578,86175,ZBRA
1998-04-16,16.833332061767578,16.833332061767578,16.25,16.55555534362793,16.55555534362793,80550,ZBRA
1998-04-17,16.44444465637207,16.69444465637207,16.22222137451172,16.55555534362793,16.55555534362793,88875,ZBRA
1998-04-20,16.666667938232422,17.05555534362793,16.666667938232422,17.05555534362793,17.05555534362793,294075,ZBRA
1998-04-21,17.05555534362793,17.44444465637207,16.77777862548828,17.22222137451172,17.22222137451172,271125,ZBRA
1998-04-22,16.88888931274414,17.22222137451172,16.72222137451172,16.88888931274414,16.88888931274414,211950,ZBRA
1998-04-23,17.0,17.333332061767578,16.77777862548828,17.22222137451172,17.22222137451172,239625,ZBRA
1998-04-24,17.22222137451172,17.44444465637207,16.88888931274414,17.22222137451172,17.22222137451172,81000,ZBRA
1998-04-27,16.77777862548828,16.88888931274414,16.38888931274414,16.88888931274414,16.88888931274414,453150,ZBRA
1998-04-28,16.44444465637207,17.55555534362793,16.44444465637207,17.333332061767578,17.333332061767578,113625,ZBRA
1998-04-29,17.333332061767578,17.333332061767578,17.0,17.166667938232422,17.166667938232422,127575,ZBRA
1998-04-30,17.27777862548828,17.5,16.88888931274414,17.22222137451172,17.22222137451172,222300,ZBRA
1998-05-01,17.333332061767578,17.55555534362793,16.77777862548828,17.30555534362793,17.30555534362793,143775,ZBRA
1998-05-04,17.22222137451172,17.77777862548828,17.22222137451172,17.583332061767578,17.583332061767578,83700,ZBRA
1998-05-05,17.44444465637207,17.666667938232422,17.0,17.44444465637207,17.44444465637207,113625,ZBRA
1998-05-06,17.55555534362793,17.55555534362793,16.80555534362793,17.0,17.0,63225,ZBRA
1998-05-07,16.833332061767578,17.19444465637207,16.833332061767578,17.0,17.0,38925,ZBRA
1998-05-08,16.88888931274414,17.22222137451172,16.88888931274414,17.22222137451172,17.22222137451172,40050,ZBRA
1998-05-11,17.44444465637207,17.44444465637207,17.0,17.27777862548828,17.27777862548828,54000,ZBRA
1998-05-12,17.0,18.22222137451172,17.0,17.666667938232422,17.666667938232422,303300,ZBRA
1998-05-13,17.666667938232422,18.11111068725586,17.27777862548828,17.44444465637207,17.44444465637207,254475,ZBRA
1998-05-14,17.38888931274414,17.44444465637207,16.22222137451172,16.88888931274414,16.88888931274414,269325,ZBRA
1998-05-15,17.0,17.0,16.61111068725586,16.88888931274414,16.88888931274414,564975,ZBRA
1998-05-18,17.0,17.05555534362793,16.5,16.75,16.75,342675,ZBRA
1998-05-19,17.11111068725586,17.11111068725586,16.77777862548828,17.11111068725586,17.11111068725586,81675,ZBRA
1998-05-20,17.05555534362793,17.11111068725586,16.88888931274414,17.083332061767578,17.083332061767578,398025,ZBRA
1998-05-21,17.11111068725586,17.22222137451172,16.833332061767578,17.09722137451172,17.09722137451172,197550,ZBRA
1998-05-22,16.94444465637207,17.11111068725586,16.55555534362793,16.77777862548828,16.77777862548828,232875,ZBRA
1998-05-26,16.44444465637207,16.63888931274414,15.75,15.916666984558105,15.916666984558105,193050,ZBRA
1998-05-27,15.61111068725586,17.05555534362793,15.444443702697754,16.77777862548828,16.77777862548828,327150,ZBRA
1998-05-28,17.05555534362793,17.333332061767578,16.73611068725586,17.125,17.125,691650,ZBRA
1998-05-29,17.27777862548828,17.27777862548828,16.88888931274414,17.05555534362793,17.05555534362793,396000,ZBRA
1998-06-01,17.0,17.11111068725586,16.38888931274414,16.94444465637207,16.94444465637207,278325,ZBRA
1998-06-02,16.55555534362793,17.11111068725586,16.55555534362793,16.88888931274414,16.88888931274414,45000,ZBRA
1998-06-03,16.666667938232422,17.11111068725586,16.666667938232422,16.86111068725586,16.86111068725586,83250,ZBRA
1998-06-04,17.11111068725586,17.11111068725586,16.5,16.88888931274414,16.88888931274414,107550,ZBRA
1998-06-05,16.5,16.94444465637207,16.5,16.94444465637207,16.94444465637207,52875,ZBRA
1998-06-08,16.55555534362793,17.22222137451172,16.55555534362793,17.166667938232422,17.166667938232422,163575,ZBRA
1998-06-09,17.22222137451172,17.55555534362793,17.11111068725586,17.11111068725586,17.11111068725586,148725,ZBRA
1998-06-10,17.05555534362793,17.44444465637207,16.88888931274414,17.333332061767578,17.333332061767578,547425,ZBRA
1998-06-11,17.333332061767578,17.36111068725586,16.27777862548828,16.77777862548828,16.77777862548828,610650,ZBRA
1998-06-12,16.666667938232422,16.77777862548828,16.0,16.333332061767578,16.333332061767578,497475,ZBRA
1998-06-15,15.944443702697754,16.27777862548828,15.666666984558105,15.777777671813965,15.777777671813965,201600,ZBRA
1998-06-16,15.833333015441895,16.38888931274414,15.833333015441895,16.30555534362793,16.30555534362793,225000,ZBRA
1998-06-17,16.166667938232422,16.52777862548828,15.777777671813965,16.0,16.0,129150,ZBRA
1998-06-18,15.833333015441895,16.22222137451172,15.833333015441895,16.22222137451172,16.22222137451172,193275,ZBRA
1998-06-19,15.833333015441895,16.25,15.666666984558105,15.666666984558105,15.666666984558105,145350,ZBRA
1998-06-22,15.777777671813965,15.944443702697754,15.555556297302246,15.722222328186035,15.722222328186035,38925,ZBRA
1998-06-23,15.61111068725586,17.05555534362793,15.61111068725586,16.77777862548828,16.77777862548828,161325,ZBRA
1998-06-24,16.94444465637207,17.333332061767578,16.94444465637207,17.166667938232422,17.166667938232422,156825,ZBRA
1998-06-25,16.94444465637207,17.22222137451172,16.88888931274414,17.22222137451172,17.22222137451172,162000,ZBRA
1998-06-26,16.77777862548828,17.27777862548828,16.77777862548828,17.27777862548828,17.27777862548828,142875,ZBRA
1998-06-29,16.88888931274414,18.38888931274414,16.88888931274414,18.36111068725586,18.36111068725586,351900,ZBRA
1998-06-30,18.333332061767578,19.833332061767578,17.94444465637207,19.0,19.0,607275,ZBRA
1998-07-01,18.666667938232422,18.94444465637207,18.0,18.666667938232422,18.666667938232422,222300,ZBRA
1998-07-02,18.666667938232422,18.833332061767578,17.666667938232422,17.88888931274414,17.88888931274414,176850,ZBRA
1998-07-06,17.77777862548828,18.11111068725586,17.61111068725586,17.666667938232422,17.666667938232422,275625,ZBRA
1998-07-07,17.5,18.0,17.44444465637207,17.80555534362793,17.80555534362793,71775,ZBRA
1998-07-08,17.88888931274414,18.05555534362793,17.38888931274414,17.77777862548828,17.77777862548828,119475,ZBRA
1998-07-09,17.5,17.666667938232422,17.38888931274414,17.44444465637207,17.44444465637207,76275,ZBRA
1998-07-10,16.94444465637207,17.44444465637207,16.77777862548828,17.19444465637207,17.19444465637207,692100,ZBRA
1998-07-13,17.44444465637207,17.55555534362793,17.25,17.38888931274414,17.38888931274414,566775,ZBRA
1998-07-14,17.36111068725586,17.36111068725586,16.88888931274414,17.0,17.0,253575,ZBRA
1998-07-15,17.166667938232422,17.44444465637207,17.11111068725586,17.19444465637207,17.19444465637207,575550,ZBRA
1998-07-16,17.15277862548828,17.333332061767578,17.05555534362793,17.05555534362793,17.05555534362793,355050,ZBRA
1998-07-17,17.22222137451172,17.5,17.05555534362793,17.44444465637207,17.44444465637207,397125,ZBRA
1998-07-20,17.22222137451172,17.5,17.0,17.25,17.25,168300,ZBRA
1998-07-21,17.11111068725586,17.22222137451172,16.833332061767578,16.88888931274414,16.88888931274414,95625,ZBRA
1998-07-22,17.166667938232422,17.166667938232422,16.833332061767578,16.833332061767578,16.833332061767578,377775,ZBRA
1998-07-23,17.0,17.0,16.5,16.5,16.5,813825,ZBRA
1998-07-24,16.69444465637207,16.69444465637207,16.38888931274414,16.44444465637207,16.44444465637207,879975,ZBRA
1998-07-27,16.44444465637207,16.44444465637207,15.61111068725586,15.666666984558105,15.666666984558105,127575,ZBRA
1998-07-28,15.666666984558105,16.166667938232422,15.63888931274414,15.916666984558105,15.916666984558105,218700,ZBRA
1998-07-29,15.944443702697754,16.27777862548828,15.277777671813965,15.444443702697754,15.444443702697754,151200,ZBRA
1998-07-30,16.0,16.05555534362793,14.916666984558105,15.36111068725586,15.36111068725586,324900,ZBRA
1998-07-31,15.333333015441895,15.38888931274414,14.222222328186035,14.416666984558105,14.416666984558105,152325,ZBRA
1998-08-03,14.333333015441895,14.777777671813965,14.333333015441895,14.75,14.75,230625,ZBRA
1998-08-04,14.944443702697754,14.944443702697754,14.027777671813965,14.416666984558105,14.416666984558105,564075,ZBRA
1998-08-05,14.222222328186035,15.833333015441895,14.11111068725586,15.13888931274414,15.13888931274414,479025,ZBRA
1998-08-06,15.222222328186035,15.63888931274414,15.0,15.555556297302246,15.555556297302246,275175,ZBRA
1998-08-07,15.222222328186035,16.666667938232422,15.222222328186035,16.44444465637207,16.44444465637207,336825,ZBRA
1998-08-10,16.72222137451172,16.72222137451172,15.61111068725586,15.61111068725586,15.61111068725586,92700,ZBRA
1998-08-11,15.61111068725586,15.61111068725586,14.666666984558105,14.944443702697754,14.944443702697754,190800,ZBRA
1998-08-12,14.777777671813965,15.666666984558105,14.666666984558105,15.61111068725586,15.61111068725586,146700,ZBRA
1998-08-13,15.555556297302246,15.777777671813965,15.166666984558105,15.555556297302246,15.555556297302246,103500,ZBRA
1998-08-14,15.166666984558105,15.444443702697754,14.88888931274414,14.88888931274414,14.88888931274414,140175,ZBRA
1998-08-17,14.944443702697754,15.11111068725586,14.444443702697754,14.777777671813965,14.777777671813965,78075,ZBRA
1998-08-18,15.222222328186035,15.88888931274414,15.055556297302246,15.5,15.5,278325,ZBRA
1998-08-19,15.555556297302246,15.555556297302246,14.666666984558105,15.0,15.0,117675,ZBRA
1998-08-20,14.5,14.88888931274414,14.444443702697754,14.555556297302246,14.555556297302246,244800,ZBRA
1998-08-21,14.5,15.277777671813965,14.5,15.083333015441895,15.083333015441895,192600,ZBRA
1998-08-24,15.333333015441895,15.333333015441895,14.722222328186035,14.88888931274414,14.88888931274414,289350,ZBRA
1998-08-25,14.88888931274414,15.11111068725586,14.666666984558105,14.777777671813965,14.777777671813965,280350,ZBRA
1998-08-26,14.555556297302246,14.777777671813965,14.5,14.666666984558105,14.666666984558105,319950,ZBRA
1998-08-27,14.444443702697754,14.666666984558105,14.25,14.5,14.5,425700,ZBRA
1998-08-28,14.333333015441895,14.666666984558105,14.333333015441895,14.36111068725586,14.36111068725586,384300,ZBRA
1998-08-31,14.333333015441895,14.5,13.777777671813965,13.805556297302246,13.805556297302246,355950,ZBRA
1998-09-01,13.777777671813965,14.5,13.13888931274414,14.11111068725586,14.11111068725586,315225,ZBRA
1998-09-02,14.11111068725586,14.666666984558105,13.5,13.527777671813965,13.527777671813965,238050,ZBRA
1998-09-03,13.36111068725586,13.61111068725586,13.11111068725586,13.11111068725586,13.11111068725586,57375,ZBRA
1998-09-04,13.555556297302246,13.555556297302246,12.88888931274414,12.916666984558105,12.916666984558105,157725,ZBRA
1998-09-08,13.333333015441895,13.777777671813965,13.333333015441895,13.63888931274414,13.63888931274414,221625,ZBRA
1998-09-09,13.777777671813965,13.777777671813965,12.277777671813965,12.777777671813965,12.777777671813965,156600,ZBRA
1998-09-10,12.444443702697754,12.5,12.152777671813965,12.25,12.25,247950,ZBRA
1998-09-11,12.222222328186035,12.944443702697754,12.222222328186035,12.694443702697754,12.694443702697754,487800,ZBRA
1998-09-14,13.11111068725586,13.11111068725586,12.583333015441895,12.63888931274414,12.63888931274414,214650,ZBRA
1998-09-15,12.88888931274414,12.88888931274414,12.444443702697754,12.88888931274414,12.88888931274414,300825,ZBRA
1998-09-16,13.055556297302246,13.11111068725586,12.61111068725586,12.61111068725586,12.61111068725586,227925,ZBRA
1998-09-17,12.777777671813965,12.777777671813965,12.11111068725586,12.333333015441895,12.333333015441895,564075,ZBRA
1998-09-18,12.277777671813965,12.38888931274414,12.222222328186035,12.36111068725586,12.36111068725586,782325,ZBRA
1998-09-21,12.36111068725586,12.38888931274414,12.0,12.194443702697754,12.194443702697754,548775,ZBRA
1998-09-22,12.444443702697754,13.166666984558105,12.25,13.0,13.0,593775,ZBRA
1998-09-23,12.833333015441895,14.333333015441895,12.833333015441895,14.055556297302246,14.055556297302246,968625,ZBRA
1998-09-24,14.222222328186035,14.333333015441895,13.944443702697754,14.055556297302246,14.055556297302246,269550,ZBRA
1998-09-25,14.055556297302246,14.666666984558105,13.805556297302246,14.416666984558105,14.416666984558105,218250,ZBRA
1998-09-28,14.38888931274414,15.722222328186035,14.38888931274414,15.305556297302246,15.305556297302246,450225,ZBRA
1998-09-29,15.13888931274414,15.527777671813965,14.88888931274414,15.38888931274414,15.38888931274414,166050,ZBRA
1998-09-30,15.166666984558105,15.166666984558105,14.555556297302246,14.88888931274414,14.88888931274414,380925,ZBRA
1998-10-01,14.444443702697754,15.222222328186035,14.277777671813965,14.833333015441895,14.833333015441895,382950,ZBRA
1998-10-02,14.722222328186035,15.055556297302246,14.722222328186035,14.86111068725586,14.86111068725586,128475,ZBRA
1998-10-05,14.5,14.666666984558105,14.0,14.11111068725586,14.11111068725586,581850,ZBRA
1998-10-06,14.277777671813965,14.666666984558105,13.833333015441895,13.833333015441895,13.833333015441895,528750,ZBRA
1998-10-07,13.88888931274414,14.0,13.583333015441895,13.666666984558105,13.666666984558105,209475,ZBRA
1998-10-08,13.333333015441895,13.444443702697754,12.666666984558105,12.86111068725586,12.86111068725586,434700,ZBRA
1998-10-09,12.944443702697754,13.277777671813965,12.722222328186035,12.88888931274414,12.88888931274414,380700,ZBRA
1998-10-12,13.055556297302246,13.61111068725586,12.88888931274414,13.5,13.5,276750,ZBRA
1998-10-13,13.333333015441895,14.666666984558105,13.277777671813965,14.222222328186035,14.222222328186035,188325,ZBRA
1998-10-14,14.166666984558105,14.5,14.097222328186035,14.222222328186035,14.222222328186035,83700,ZBRA
1998-10-15,14.222222328186035,14.222222328186035,13.777777671813965,13.833333015441895,13.833333015441895,181350,ZBRA
1998-10-16,13.88888931274414,14.833333015441895,13.88888931274414,14.583333015441895,14.583333015441895,146025,ZBRA
1998-10-19,14.5,14.777777671813965,14.38888931274414,14.555556297302246,14.555556297302246,116550,ZBRA
1998-10-20,14.555556297302246,15.0,14.25,14.25,14.25,120825,ZBRA
1998-10-21,14.222222328186035,15.0,14.222222328186035,14.88888931274414,14.88888931274414,291825,ZBRA
1998-10-22,13.777777671813965,13.88888931274414,13.166666984558105,13.333333015441895,13.333333015441895,1520100,ZBRA
1998-10-23,13.38888931274414,13.38888931274414,12.944443702697754,13.055556297302246,13.055556297302246,671850,ZBRA
1998-10-26,13.055556297302246,13.222222328186035,12.777777671813965,12.777777671813965,12.777777671813965,631125,ZBRA
1998-10-27,13.055556297302246,13.11111068725586,12.777777671813965,13.0,13.0,767250,ZBRA
1998-10-28,13.055556297302246,13.055556297302246,12.666666984558105,12.944443702697754,12.944443702697754,445725,ZBRA
1998-10-29,12.972222328186035,14.11111068725586,12.666666984558105,13.88888931274414,13.88888931274414,661950,ZBRA
1998-10-30,13.777777671813965,14.722222328186035,13.777777671813965,14.555556297302246,14.555556297302246,287775,ZBRA
1998-11-02,14.88888931274414,15.666666984558105,14.722222328186035,15.61111068725586,15.61111068725586,431550,ZBRA
1998-11-03,15.86111068725586,16.44444465637207,15.5,15.88888931274414,15.88888931274414,445725,ZBRA
1998-11-04,16.38888931274414,16.44444465637207,15.777777671813965,16.166667938232422,16.166667938232422,206100,ZBRA
1998-11-05,15.777777671813965,16.22222137451172,15.777777671813965,15.777777671813965,15.777777671813965,117450,ZBRA
1998-11-06,15.777777671813965,16.11111068725586,15.5,15.555556297302246,15.555556297302246,304650,ZBRA
1998-11-09,15.444443702697754,15.666666984558105,14.777777671813965,14.777777671813965,14.777777671813965,382275,ZBRA
1998-11-10,15.0,15.166666984558105,14.722222328186035,14.722222328186035,14.722222328186035,179550,ZBRA
1998-11-11,14.722222328186035,15.166666984558105,14.666666984558105,14.666666984558105,14.666666984558105,232875,ZBRA
1998-11-12,14.444443702697754,14.722222328186035,14.444443702697754,14.722222328186035,14.722222328186035,174825,ZBRA
1998-11-13,14.61111068725586,14.88888931274414,14.444443702697754,14.805556297302246,14.805556297302246,193725,ZBRA
1998-11-16,14.666666984558105,14.916666984558105,14.36111068725586,14.777777671813965,14.777777671813965,270675,ZBRA
1998-11-17,14.666666984558105,15.222222328186035,14.666666984558105,14.88888931274414,14.88888931274414,381825,ZBRA
1998-11-18,15.11111068725586,15.222222328186035,14.5,14.5,14.5,102825,ZBRA
1998-11-19,14.5,15.444443702697754,14.5,15.11111068725586,15.11111068725586,286650,ZBRA
1998-11-20,15.0,15.333333015441895,14.777777671813965,14.777777671813965,14.777777671813965,232200,ZBRA
1998-11-23,14.88888931274414,15.11111068725586,14.777777671813965,14.777777671813965,14.777777671813965,352350,ZBRA
1998-11-24,15.0,15.0,14.666666984558105,14.777777671813965,14.777777671813965,99675,ZBRA
1998-11-25,14.88888931274414,15.0,14.63888931274414,14.88888931274414,14.88888931274414,186300,ZBRA
1998-11-27,15.0,15.0,14.833333015441895,14.833333015441895,14.833333015441895,114075,ZBRA
1998-11-30,15.0,15.055556297302246,14.694443702697754,14.916666984558105,14.916666984558105,283050,ZBRA
1998-12-01,14.833333015441895,15.0,14.777777671813965,14.88888931274414,14.88888931274414,264375,ZBRA
1998-12-02,14.944443702697754,15.055556297302246,14.777777671813965,14.86111068725586,14.86111068725586,353475,ZBRA
1998-12-03,14.777777671813965,15.0,14.777777671813965,14.777777671813965,14.777777671813965,298125,ZBRA
1998-12-04,14.722222328186035,15.0,14.555556297302246,14.777777671813965,14.777777671813965,514575,ZBRA
1998-12-07,15.0,15.333333015441895,14.777777671813965,15.11111068725586,15.11111068725586,549675,ZBRA
1998-12-08,15.444443702697754,15.666666984558105,15.13888931274414,15.583333015441895,15.583333015441895,257850,ZBRA
1998-12-09,15.555556297302246,16.22222137451172,14.75,14.833333015441895,14.833333015441895,464400,ZBRA
1998-12-10,15.166666984558105,15.166666984558105,13.5,13.5,13.5,1491525,ZBRA
1998-12-11,13.555556297302246,13.88888931274414,12.333333015441895,12.472222328186035,12.472222328186035,1209150,ZBRA
1998-12-14,12.5,13.0,12.472222328186035,12.722222328186035,12.722222328186035,764550,ZBRA
1998-12-15,12.944443702697754,12.944443702697754,12.5,12.666666984558105,12.666666984558105,498150,ZBRA
1998-12-16,12.472222328186035,12.88888931274414,12.472222328186035,12.666666984558105,12.666666984558105,554175,ZBRA
1998-12-17,12.833333015441895,13.11111068725586,12.666666984558105,12.944443702697754,12.944443702697754,707175,ZBRA
1998-12-18,13.083333015441895,13.13888931274414,12.722222328186035,12.75,12.75,372375,ZBRA
1998-12-21,12.75,12.88888931274414,12.222222328186035,12.333333015441895,12.333333015441895,396000,ZBRA
1998-12-22,12.38888931274414,12.38888931274414,11.11111068725586,11.333333015441895,11.333333015441895,916875,ZBRA
1998-12-23,11.444443702697754,12.444443702697754,11.13888931274414,12.0,12.0,1375200,ZBRA
1998-12-24,12.0,12.444443702697754,11.972222328186035,12.333333015441895,12.333333015441895,361350,ZBRA
1998-12-28,13.055556297302246,13.055556297302246,12.666666984558105,12.666666984558105,12.666666984558105,671175,ZBRA
1998-12-29,12.75,13.222222328186035,12.61111068725586,12.75,12.75,454725,ZBRA
1998-12-30,13.0,13.222222328186035,12.722222328186035,12.88888931274414,12.88888931274414,349875,ZBRA
1998-12-31,12.777777671813965,12.88888931274414,12.63888931274414,12.777777671813965,12.777777671813965,253350,ZBRA
1999-01-04,12.833333015441895,13.277777671813965,12.833333015441895,13.055556297302246,13.055556297302246,589275,ZBRA
1999-01-05,13.166666984558105,13.38888931274414,13.166666984558105,13.277777671813965,13.277777671813965,328950,ZBRA
1999-01-06,13.38888931274414,13.5,13.277777671813965,13.305556297302246,13.305556297302246,1230750,ZBRA
1999-01-07,13.444443702697754,13.777777671813965,13.222222328186035,13.61111068725586,13.61111068725586,984600,ZBRA
1999-01-08,14.722222328186035,15.222222328186035,13.777777671813965,15.11111068725586,15.11111068725586,731925,ZBRA
1999-01-11,15.972222328186035,16.0,14.444443702697754,14.444443702697754,14.444443702697754,570150,ZBRA
1999-01-12,14.666666984558105,14.722222328186035,14.444443702697754,14.61111068725586,14.61111068725586,317025,ZBRA
1999-01-13,14.166666984558105,14.722222328186035,13.666666984558105,14.5,14.5,451125,ZBRA
1999-01-14,14.722222328186035,14.722222328186035,13.666666984558105,13.666666984558105,13.666666984558105,328500,ZBRA
1999-01-15,14.555556297302246,14.88888931274414,14.333333015441895,14.805556297302246,14.805556297302246,1057275,ZBRA
1999-01-19,15.38888931274414,16.44444465637207,15.13888931274414,16.0,16.0,816750,ZBRA
1999-01-20,16.38888931274414,16.44444465637207,15.11111068725586,15.555556297302246,15.555556297302246,796950,ZBRA
1999-01-21,15.444443702697754,15.777777671813965,15.38888931274414,15.555556297302246,15.555556297302246,286650,ZBRA
1999-01-22,15.5,15.5,15.0,15.083333015441895,15.083333015441895,260325,ZBRA
1999-01-25,15.333333015441895,15.444443702697754,14.61111068725586,14.88888931274414,14.88888931274414,996075,ZBRA
1999-01-26,14.444443702697754,14.833333015441895,13.694443702697754,13.833333015441895,13.833333015441895,1829025,ZBRA
1999-01-27,14.0,14.0,12.583333015441895,13.0,13.0,1143900,ZBRA
1999-01-28,13.333333015441895,13.61111068725586,13.277777671813965,13.277777671813965,13.277777671813965,521100,ZBRA
1999-01-29,13.38888931274414,13.666666984558105,13.333333015441895,13.416666984558105,13.416666984558105,337050,ZBRA
1999-02-01,13.777777671813965,13.916666984558105,13.38888931274414,13.5,13.5,389475,ZBRA
1999-02-02,13.722222328186035,13.722222328186035,12.5,13.277777671813965,13.277777671813965,503100,ZBRA
1999-02-03,13.38888931274414,13.444443702697754,13.222222328186035,13.38888931274414,13.38888931274414,662175,ZBRA
1999-02-04,13.38888931274414,13.38888931274414,12.833333015441895,12.944443702697754,12.944443702697754,330975,ZBRA
1999-02-05,13.166666984558105,13.166666984558105,12.694443702697754,12.944443702697754,12.944443702697754,244125,ZBRA
1999-02-08,13.333333015441895,13.333333015441895,12.777777671813965,13.0,13.0,282375,ZBRA
1999-02-09,13.11111068725586,13.333333015441895,12.88888931274414,12.88888931274414,12.88888931274414,333675,ZBRA
1999-02-10,13.083333015441895,13.083333015441895,11.944443702697754,12.11111068725586,12.11111068725586,402075,ZBRA
1999-02-11,12.444443702697754,13.166666984558105,12.333333015441895,12.916666984558105,12.916666984558105,353025,ZBRA
1999-02-12,12.833333015441895,13.0,12.416666984558105,12.805556297302246,12.805556297302246,234225,ZBRA
1999-02-16,13.333333015441895,13.333333015441895,12.5,12.777777671813965,12.777777671813965,303975,ZBRA
1999-02-17,12.86111068725586,12.86111068725586,12.0,12.166666984558105,12.166666984558105,465750,ZBRA
1999-02-18,12.5,12.63888931274414,11.88888931274414,12.11111068725586,12.11111068725586,442125,ZBRA
1999-02-19,12.416666984558105,12.444443702697754,11.944443702697754,12.027777671813965,12.027777671813965,165600,ZBRA
1999-02-22,12.333333015441895,12.38888931274414,11.88888931274414,12.055556297302246,12.055556297302246,288900,ZBRA
1999-02-23,12.222222328186035,12.222222328186035,11.555556297302246,11.61111068725586,11.61111068725586,361125,ZBRA
1999-02-24,11.833333015441895,12.0,11.472222328186035,11.5,11.5,336825,ZBRA
1999-02-25,11.555556297302246,11.833333015441895,11.277777671813965,11.833333015441895,11.833333015441895,263925,ZBRA
1999-02-26,10.222222328186035,12.666666984558105,10.166666984558105,11.472222328186035,11.472222328186035,5928975,ZBRA
1999-03-01,11.777777671813965,11.88888931274414,11.333333015441895,11.777777671813965,11.777777671813965,1113975,ZBRA
1999-03-02,11.88888931274414,11.944443702697754,11.666666984558105,11.805556297302246,11.805556297302246,515475,ZBRA
1999-03-03,11.944443702697754,11.944443702697754,11.38888931274414,11.791666984558105,11.791666984558105,460800,ZBRA
1999-03-04,11.944443702697754,11.972222328186035,11.777777671813965,11.86111068725586,11.86111068725586,715050,ZBRA
1999-03-05,11.972222328186035,12.055556297302246,11.944443702697754,11.944443702697754,11.944443702697754,335700,ZBRA
1999-03-08,12.083333015441895,12.11111068725586,11.88888931274414,11.916666984558105,11.916666984558105,1215900,ZBRA
1999-03-09,12.0,12.0,11.777777671813965,11.777777671813965,11.777777671813965,267075,ZBRA
1999-03-10,12.0,12.0,11.555556297302246,11.583333015441895,11.583333015441895,323775,ZBRA
1999-03-11,11.833333015441895,11.833333015441895,11.527777671813965,11.555556297302246,11.555556297302246,454950,ZBRA
1999-03-12,11.444443702697754,11.555556297302246,10.944443702697754,11.0,11.0,952200,ZBRA
1999-03-15,11.194443702697754,11.38888931274414,10.583333015441895,10.777777671813965,10.777777671813965,684225,ZBRA
1999-03-16,10.88888931274414,11.11111068725586,10.833333015441895,11.055556297302246,11.055556297302246,451125,ZBRA
1999-03-17,11.083333015441895,11.444443702697754,11.027777671813965,11.11111068725586,11.11111068725586,454275,ZBRA
1999-03-18,11.222222328186035,11.555556297302246,10.555556297302246,10.805556297302246,10.805556297302246,690075,ZBRA
1999-03-19,10.777777671813965,10.944443702697754,10.583333015441895,10.63888931274414,10.63888931274414,336375,ZBRA
1999-03-22,10.833333015441895,11.0,10.61111068725586,11.0,11.0,213750,ZBRA
1999-03-23,10.88888931274414,10.88888931274414,10.555556297302246,10.61111068725586,10.61111068725586,416025,ZBRA
1999-03-24,10.666666984558105,10.666666984558105,10.277777671813965,10.333333015441895,10.333333015441895,506025,ZBRA
1999-03-25,10.416666984558105,10.833333015441895,10.416666984558105,10.666666984558105,10.666666984558105,440100,ZBRA
1999-03-26,10.666666984558105,10.666666984558105,10.416666984558105,10.5,10.5,398025,ZBRA
1999-03-29,10.583333015441895,10.666666984558105,10.472222328186035,10.61111068725586,10.61111068725586,250875,ZBRA
1999-03-30,10.61111068725586,10.666666984558105,10.444443702697754,10.541666984558105,10.541666984558105,247950,ZBRA
1999-03-31,10.61111068725586,10.666666984558105,10.5,10.555556297302246,10.555556297302246,816300,ZBRA
1999-04-01,10.666666984558105,11.166666984558105,10.444443702697754,11.166666984558105,11.166666984558105,618750,ZBRA
1999-04-05,11.194443702697754,11.555556297302246,11.11111068725586,11.38888931274414,11.38888931274414,406350,ZBRA
1999-04-06,11.5,11.555556297302246,11.277777671813965,11.333333015441895,11.333333015441895,398700,ZBRA
1999-04-07,11.444443702697754,11.555556297302246,11.194443702697754,11.25,11.25,226350,ZBRA
1999-04-08,11.277777671813965,11.277777671813965,11.055556297302246,11.222222328186035,11.222222328186035,526950,ZBRA
1999-04-09,11.166666984558105,11.333333015441895,11.166666984558105,11.305556297302246,11.305556297302246,253125,ZBRA
1999-04-12,11.333333015441895,12.222222328186035,11.222222328186035,12.11111068725586,12.11111068725586,418950,ZBRA
1999-04-13,12.333333015441895,13.055556297302246,11.777777671813965,11.944443702697754,11.944443702697754,819450,ZBRA
1999-04-14,12.277777671813965,13.0,12.11111068725586,12.555556297302246,12.555556297302246,526275,ZBRA
1999-04-15,12.666666984558105,13.166666984558105,12.5,12.88888931274414,12.88888931274414,340875,ZBRA
1999-04-16,12.88888931274414,13.194443702697754,12.777777671813965,13.194443702697754,13.194443702697754,269775,ZBRA
1999-04-19,13.277777671813965,13.5,12.444443702697754,12.444443702697754,12.444443702697754,400500,ZBRA
1999-04-20,12.472222328186035,13.222222328186035,12.444443702697754,12.972222328186035,12.972222328186035,337725,ZBRA
1999-04-21,13.11111068725586,13.444443702697754,13.0,13.222222328186035,13.222222328186035,269550,ZBRA
1999-04-22,13.555556297302246,14.277777671813965,13.5,14.11111068725586,14.11111068725586,1129950,ZBRA
1999-04-23,14.222222328186035,14.277777671813965,13.555556297302246,14.0,14.0,272250,ZBRA
1999-04-26,13.88888931274414,14.0,13.555556297302246,13.88888931274414,13.88888931274414,269100,ZBRA
1999-04-27,14.222222328186035,14.972222328186035,14.222222328186035,14.833333015441895,14.833333015441895,1167525,ZBRA
1999-04-28,14.972222328186035,15.055556297302246,14.5,15.055556297302246,15.055556297302246,545175,ZBRA
1999-04-29,15.027777671813965,15.055556297302246,14.61111068725586,14.805556297302246,14.805556297302246,212625,ZBRA
1999-04-30,14.666666984558105,15.222222328186035,14.61111068725586,14.777777671813965,14.777777671813965,662850,ZBRA
1999-05-03,14.833333015441895,15.444443702697754,14.75,15.166666984558105,15.166666984558105,687375,ZBRA
1999-05-04,15.194443702697754,15.222222328186035,15.055556297302246,15.083333015441895,15.083333015441895,294750,ZBRA
1999-05-05,14.944443702697754,15.0,14.5,14.722222328186035,14.722222328186035,321300,ZBRA
1999-05-06,14.444443702697754,14.722222328186035,14.222222328186035,14.444443702697754,14.444443702697754,191700,ZBRA
1999-05-07,14.61111068725586,14.61111068725586,13.333333015441895,14.166666984558105,14.166666984558105,382275,ZBRA
1999-05-10,14.277777671813965,14.63888931274414,14.0,14.597222328186035,14.597222328186035,198225,ZBRA
1999-05-11,14.61111068725586,15.11111068725586,14.166666984558105,14.333333015441895,14.333333015441895,219150,ZBRA
1999-05-12,14.444443702697754,14.5,14.0,14.0,14.0,334575,ZBRA
1999-05-13,14.222222328186035,14.833333015441895,14.166666984558105,14.666666984558105,14.666666984558105,700425,ZBRA
1999-05-14,14.38888931274414,14.88888931274414,14.222222328186035,14.555556297302246,14.555556297302246,299025,ZBRA
1999-05-17,14.444443702697754,14.666666984558105,14.333333015441895,14.416666984558105,14.416666984558105,165825,ZBRA
1999-05-18,14.416666984558105,14.444443702697754,13.555556297302246,14.38888931274414,14.38888931274414,263250,ZBRA
1999-05-19,14.277777671813965,14.555556297302246,13.777777671813965,14.166666984558105,14.166666984558105,145350,ZBRA
1999-05-20,13.88888931274414,14.166666984558105,13.722222328186035,13.833333015441895,13.833333015441895,230850,ZBRA
1999-05-21,13.944443702697754,14.055556297302246,13.666666984558105,13.805556297302246,13.805556297302246,285300,ZBRA
1999-05-24,14.0,14.0,13.777777671813965,13.819443702697754,13.819443702697754,407250,ZBRA
1999-05-25,14.0,14.166666984558105,13.833333015441895,14.0,14.0,271800,ZBRA
1999-05-26,14.0,14.555556297302246,13.777777671813965,14.305556297302246,14.305556297302246,314775,ZBRA
1999-05-27,14.222222328186035,14.555556297302246,14.11111068725586,14.527777671813965,14.527777671813965,203175,ZBRA
1999-05-28,14.555556297302246,15.11111068725586,14.222222328186035,14.277777671813965,14.277777671813965,453150,ZBRA
1999-06-01,14.5,14.944443702697754,14.277777671813965,14.694443702697754,14.694443702697754,156600,ZBRA
1999-06-02,14.88888931274414,15.0,14.61111068725586,14.777777671813965,14.777777671813965,191925,ZBRA
1999-06-03,14.722222328186035,15.166666984558105,14.61111068725586,15.166666984558105,15.166666984558105,334800,ZBRA
1999-06-04,15.0,15.333333015441895,14.88888931274414,15.097222328186035,15.097222328186035,283500,ZBRA
1999-06-07,15.11111068725586,15.444443702697754,15.055556297302246,15.333333015441895,15.333333015441895,101925,ZBRA
1999-06-08,15.444443702697754,15.777777671813965,15.11111068725586,15.444443702697754,15.444443702697754,473175,ZBRA
1999-06-09,15.555556297302246,16.083332061767578,15.333333015441895,15.777777671813965,15.777777671813965,533925,ZBRA
1999-06-10,15.805556297302246,15.805556297302246,15.444443702697754,15.527777671813965,15.527777671813965,132750,ZBRA
1999-06-11,15.555556297302246,15.666666984558105,15.277777671813965,15.36111068725586,15.36111068725586,532350,ZBRA
1999-06-14,15.38888931274414,15.444443702697754,14.666666984558105,15.0,15.0,237150,ZBRA
1999-06-15,15.0,15.166666984558105,14.972222328186035,15.083333015441895,15.083333015441895,274725,ZBRA
1999-06-16,15.0,15.166666984558105,14.972222328186035,15.083333015441895,15.083333015441895,111600,ZBRA
1999-06-17,15.0,15.333333015441895,14.666666984558105,14.88888931274414,14.88888931274414,143325,ZBRA
1999-06-18,15.277777671813965,15.333333015441895,14.88888931274414,14.88888931274414,14.88888931274414,139050,ZBRA
1999-06-21,15.333333015441895,15.333333015441895,14.444443702697754,14.944443702697754,14.944443702697754,378450,ZBRA
1999-06-22,14.944443702697754,15.055556297302246,14.61111068725586,14.777777671813965,14.777777671813965,257850,ZBRA
1999-06-23,14.722222328186035,15.333333015441895,14.666666984558105,15.222222328186035,15.222222328186035,222975,ZBRA
1999-06-24,15.055556297302246,15.333333015441895,15.0,15.333333015441895,15.333333015441895,116775,ZBRA
1999-06-25,15.166666984558105,15.722222328186035,15.166666984558105,15.61111068725586,15.61111068725586,247275,ZBRA
1999-06-28,15.5,15.833333015441895,15.444443702697754,15.722222328186035,15.722222328186035,261000,ZBRA
1999-06-29,15.666666984558105,16.11111068725586,15.666666984558105,16.05555534362793,16.05555534362793,221175,ZBRA
1999-06-30,16.11111068725586,17.11111068725586,15.88888931274414,17.083332061767578,17.083332061767578,575550,ZBRA
1999-07-01,17.11111068725586,17.30555534362793,16.77777862548828,17.22222137451172,17.22222137451172,324225,ZBRA
1999-07-02,17.11111068725586,17.36111068725586,16.94444465637207,17.34722137451172,17.34722137451172,826425,ZBRA
1999-07-06,17.38888931274414,17.88888931274414,17.19444465637207,17.69444465637207,17.69444465637207,343350,ZBRA
1999-07-07,17.77777862548828,17.833332061767578,17.583332061767578,17.583332061767578,17.583332061767578,432450,ZBRA
1999-07-08,17.61111068725586,17.666667938232422,16.44444465637207,16.61111068725586,16.61111068725586,499950,ZBRA
1999-07-09,16.666667938232422,17.0,16.5,16.72222137451172,16.72222137451172,201150,ZBRA
1999-07-12,16.88888931274414,17.27777862548828,16.80555534362793,16.916667938232422,16.916667938232422,229950,ZBRA
1999-07-13,17.11111068725586,17.22222137451172,16.77777862548828,17.083332061767578,17.083332061767578,313875,ZBRA
1999-07-14,17.44444465637207,17.77777862548828,17.166667938232422,17.77777862548828,17.77777862548828,540900,ZBRA
1999-07-15,17.77777862548828,19.27777862548828,17.72222137451172,19.22222137451172,19.22222137451172,664425,ZBRA
1999-07-16,18.55555534362793,18.833332061767578,18.22222137451172,18.38888931274414,18.38888931274414,516600,ZBRA
1999-07-19,18.38888931274414,18.666667938232422,18.333332061767578,18.44444465637207,18.44444465637207,232200,ZBRA
1999-07-20,18.44444465637207,18.44444465637207,18.05555534362793,18.166667938232422,18.166667938232422,363600,ZBRA
1999-07-21,18.22222137451172,18.22222137451172,17.88888931274414,18.0,18.0,370575,ZBRA
1999-07-22,18.55555534362793,19.94444465637207,18.44444465637207,19.72222137451172,19.72222137451172,2532825,ZBRA
1999-07-23,19.5,19.94444465637207,19.38888931274414,19.875,19.875,637200,ZBRA
1999-07-26,19.5,19.77777862548828,19.25,19.38888931274414,19.38888931274414,470700,ZBRA
1999-07-27,19.61111068725586,19.77777862548828,19.333332061767578,19.44444465637207,19.44444465637207,812925,ZBRA
1999-07-28,19.38888931274414,19.75,19.22222137451172,19.69444465637207,19.69444465637207,469800,ZBRA
1999-07-29,19.63888931274414,19.666667938232422,19.52777862548828,19.63888931274414,19.63888931274414,415350,ZBRA
1999-07-30,19.75,20.88888931274414,19.583332061767578,20.86111068725586,20.86111068725586,964575,ZBRA
1999-08-02,20.666667938232422,21.22222137451172,20.22222137451172,21.0,21.0,779625,ZBRA
1999-08-03,21.05555534362793,21.77777862548828,20.666667938232422,21.25,21.25,718200,ZBRA
1999-08-04,21.333332061767578,21.61111068725586,21.11111068725586,21.36111068725586,21.36111068725586,345825,ZBRA
1999-08-05,21.05555534362793,21.27777862548828,20.666667938232422,21.0,21.0,1539675,ZBRA
1999-08-06,20.833332061767578,21.22222137451172,20.72222137451172,21.11111068725586,21.11111068725586,852525,ZBRA
1999-08-09,21.22222137451172,21.22222137451172,20.22222137451172,20.55555534362793,20.55555534362793,1162575,ZBRA
1999-08-10,20.72222137451172,20.94444465637207,19.77777862548828,20.01388931274414,20.01388931274414,1275525,ZBRA
1999-08-11,20.22222137451172,20.666667938232422,20.22222137451172,20.61111068725586,20.61111068725586,376650,ZBRA
1999-08-12,20.72222137451172,20.833332061767578,19.77777862548828,20.833332061767578,20.833332061767578,507825,ZBRA
1999-08-13,20.94444465637207,21.333332061767578,20.86111068725586,21.22222137451172,21.22222137451172,260325,ZBRA
1999-08-16,21.27777862548828,21.30555534362793,20.833332061767578,20.833332061767578,20.833332061767578,202950,ZBRA
1999-08-17,21.0,21.11111068725586,20.666667938232422,20.833332061767578,20.833332061767578,209700,ZBRA
1999-08-18,20.88888931274414,21.11111068725586,20.80555534362793,20.94444465637207,20.94444465637207,229050,ZBRA
1999-08-19,20.833332061767578,21.0,20.666667938232422,20.94444465637207,20.94444465637207,277425,ZBRA
1999-08-20,20.55555534362793,20.94444465637207,20.44444465637207,20.77777862548828,20.77777862548828,153675,ZBRA
1999-08-23,20.76388931274414,21.25,20.75,21.11111068725586,21.11111068725586,143550,ZBRA
1999-08-24,21.0,21.88888931274414,21.0,21.833332061767578,21.833332061767578,346725,ZBRA
1999-08-25,21.666667938232422,22.333332061767578,21.666667938232422,22.25,22.25,771525,ZBRA
1999-08-26,22.25,22.38888931274414,21.833332061767578,22.333332061767578,22.333332061767578,353925,ZBRA
1999-08-27,22.333332061767578,22.38888931274414,20.833332061767578,20.88888931274414,20.88888931274414,473175,ZBRA
1999-08-30,21.27777862548828,21.5,21.0,21.333332061767578,21.333332061767578,344925,ZBRA
1999-08-31,21.36111068725586,21.5,20.833332061767578,20.88888931274414,20.88888931274414,337725,ZBRA
1999-09-01,20.90277862548828,20.916667938232422,20.333332061767578,20.61111068725586,20.61111068725586,178650,ZBRA
1999-09-02,20.44444465637207,20.583332061767578,20.166667938232422,20.19444465637207,20.19444465637207,220275,ZBRA
1999-09-03,20.44444465637207,21.44444465637207,20.22222137451172,21.083332061767578,21.083332061767578,420300,ZBRA
1999-09-07,21.166667938232422,21.166667938232422,19.36111068725586,20.55555534362793,20.55555534362793,819225,ZBRA
1999-09-08,20.47222137451172,21.27777862548828,20.22222137451172,21.083332061767578,21.083332061767578,1044900,ZBRA
1999-09-09,21.25,22.11111068725586,21.0,22.0,22.0,343125,ZBRA
1999-09-10,22.22222137451172,22.27777862548828,21.44444465637207,21.80555534362793,21.80555534362793,184275,ZBRA
1999-09-13,22.041667938232422,22.05555534362793,21.333332061767578,21.36111068725586,21.36111068725586,200025,ZBRA
1999-09-14,21.36111068725586,21.72222137451172,20.88888931274414,21.416667938232422,21.416667938232422,1464750,ZBRA
1999-09-15,21.583332061767578,21.88888931274414,21.44444465637207,21.52777862548828,21.52777862548828,827325,ZBRA
1999-09-16,21.583332061767578,21.61111068725586,20.833332061767578,21.05555534362793,21.05555534362793,761175,ZBRA
1999-09-17,21.18055534362793,21.38888931274414,20.94444465637207,21.11111068725586,21.11111068725586,1040625,ZBRA
1999-09-20,21.083332061767578,21.55555534362793,20.833332061767578,21.30555534362793,21.30555534362793,184950,ZBRA
1999-09-21,21.27777862548828,21.47222137451172,20.666667938232422,20.833332061767578,20.833332061767578,246600,ZBRA
1999-09-22,20.833332061767578,21.22222137451172,20.833332061767578,21.22222137451172,21.22222137451172,220500,ZBRA
1999-09-23,21.333332061767578,21.333332061767578,20.5,20.63888931274414,20.63888931274414,351450,ZBRA
1999-09-24,20.63888931274414,20.63888931274414,19.666667938232422,19.875,19.875,307125,ZBRA
1999-09-27,20.44444465637207,20.44444465637207,19.27777862548828,19.68055534362793,19.68055534362793,812025,ZBRA
1999-09-28,19.47222137451172,20.0,19.44444465637207,19.97222137451172,19.97222137451172,192600,ZBRA
1999-09-29,19.94444465637207,20.13888931274414,19.916667938232422,20.083332061767578,20.083332061767578,398700,ZBRA
1999-09-30,20.05555534362793,20.416667938232422,19.97222137451172,20.208332061767578,20.208332061767578,471375,ZBRA
1999-10-01,20.25,20.5,19.77777862548828,19.916667938232422,19.916667938232422,306675,ZBRA
1999-10-04,19.916667938232422,20.22222137451172,19.72222137451172,19.77777862548828,19.77777862548828,618975,ZBRA
1999-10-05,19.88888931274414,20.0,19.63888931274414,19.77777862548828,19.77777862548828,240750,ZBRA
1999-10-06,19.69444465637207,21.77777862548828,19.666667938232422,21.68055534362793,21.68055534362793,355500,ZBRA
1999-10-07,21.77777862548828,22.0,21.38888931274414,21.916667938232422,21.916667938232422,267525,ZBRA
1999-10-08,21.833332061767578,21.88888931274414,21.22222137451172,21.333332061767578,21.333332061767578,249075,ZBRA
1999-10-11,21.69444465637207,22.11111068725586,21.11111068725586,21.27777862548828,21.27777862548828,380925,ZBRA
1999-10-12,21.22222137451172,22.11111068725586,21.166667938232422,21.88888931274414,21.88888931274414,542250,ZBRA
1999-10-13,21.80555534362793,22.166667938232422,21.38888931274414,21.72222137451172,21.72222137451172,588825,ZBRA
1999-10-14,21.75,22.05555534362793,21.55555534362793,21.77777862548828,21.77777862548828,137700,ZBRA
1999-10-15,21.166667938232422,21.5,20.94444465637207,21.34722137451172,21.34722137451172,553950,ZBRA
1999-10-18,21.38888931274414,21.55555534362793,20.61111068725586,20.72222137451172,20.72222137451172,151425,ZBRA
1999-10-19,20.88888931274414,21.11111068725586,20.666667938232422,20.76388931274414,20.76388931274414,58950,ZBRA
1999-10-20,20.69444465637207,21.333332061767578,20.69444465637207,21.30555534362793,21.30555534362793,175950,ZBRA
1999-10-21,21.22222137451172,21.77777862548828,20.55555534362793,21.5,21.5,226575,ZBRA
1999-10-22,21.52777862548828,21.55555534362793,21.166667938232422,21.47222137451172,21.47222137451172,362475,ZBRA
1999-10-25,21.333332061767578,22.61111068725586,21.05555534362793,22.19444465637207,22.19444465637207,244800,ZBRA
1999-10-26,22.22222137451172,22.55555534362793,21.44444465637207,21.666667938232422,21.666667938232422,291375,ZBRA
1999-10-27,21.666667938232422,22.05555534362793,20.88888931274414,21.05555534362793,21.05555534362793,263700,ZBRA
1999-10-28,23.05555534362793,24.5,22.72222137451172,24.5,24.5,1748700,ZBRA
1999-10-29,24.77777862548828,25.583332061767578,24.166667938232422,24.166667938232422,24.166667938232422,877500,ZBRA
1999-11-01,24.083332061767578,26.38888931274414,24.0,26.22222137451172,26.22222137451172,940500,ZBRA
1999-11-02,26.44444465637207,26.63888931274414,25.05555534362793,25.38888931274414,25.38888931274414,516375,ZBRA
1999-11-03,25.44444465637207,25.61111068725586,24.666667938232422,24.94444465637207,24.94444465637207,684450,ZBRA
1999-11-04,24.833332061767578,24.88888931274414,24.166667938232422,24.44444465637207,24.44444465637207,770625,ZBRA
1999-11-05,24.333332061767578,24.55555534362793,24.11111068725586,24.416667938232422,24.416667938232422,460800,ZBRA
1999-11-08,24.38888931274414,26.22222137451172,24.38888931274414,25.583332061767578,25.583332061767578,848475,ZBRA
1999-11-09,25.38888931274414,25.833332061767578,24.61111068725586,25.583332061767578,25.583332061767578,502650,ZBRA
1999-11-10,25.583332061767578,26.27777862548828,25.22222137451172,26.11111068725586,26.11111068725586,707400,ZBRA
1999-11-11,26.0,27.0,25.88888931274414,26.333332061767578,26.333332061767578,608625,ZBRA
1999-11-12,26.88888931274414,27.27777862548828,25.47222137451172,26.94444465637207,26.94444465637207,971775,ZBRA
1999-11-15,26.61111068725586,26.94444465637207,25.77777862548828,26.666667938232422,26.666667938232422,404550,ZBRA
1999-11-16,26.833332061767578,27.36111068725586,26.55555534362793,27.083332061767578,27.083332061767578,684225,ZBRA
1999-11-17,27.208332061767578,28.55555534362793,27.11111068725586,28.11111068725586,28.11111068725586,761175,ZBRA
1999-11-18,28.47222137451172,28.666667938232422,27.61111068725586,27.61111068725586,27.61111068725586,725625,ZBRA
1999-11-19,27.98611068725586,28.44444465637207,27.55555534362793,27.833332061767578,27.833332061767578,485325,ZBRA
1999-11-22,27.88888931274414,28.0,26.5,27.416667938232422,27.416667938232422,350775,ZBRA
1999-11-23,27.416667938232422,27.5,26.22222137451172,26.458332061767578,26.458332061767578,476550,ZBRA
1999-11-24,26.333332061767578,27.44444465637207,26.166667938232422,27.02777862548828,27.02777862548828,262575,ZBRA
1999-11-26,27.27777862548828,28.02777862548828,27.0,27.75,27.75,74250,ZBRA
1999-11-29,28.06944465637207,28.083332061767578,27.0,27.333332061767578,27.333332061767578,166950,ZBRA
1999-11-30,27.02777862548828,27.22222137451172,26.333332061767578,26.833332061767578,26.833332061767578,378675,ZBRA
1999-12-01,26.84722137451172,26.88888931274414,26.22222137451172,26.44444465637207,26.44444465637207,394425,ZBRA
1999-12-02,26.11111068725586,26.166667938232422,25.333332061767578,25.55555534362793,25.55555534362793,437400,ZBRA
1999-12-03,25.88888931274414,26.38888931274414,25.166667938232422,25.94444465637207,25.94444465637207,426375,ZBRA
1999-12-06,25.458332061767578,25.88888931274414,25.22222137451172,25.583332061767578,25.583332061767578,258975,ZBRA
1999-12-07,25.166667938232422,25.36111068725586,24.61111068725586,24.77777862548828,24.77777862548828,340425,ZBRA
1999-12-08,24.94444465637207,26.63888931274414,24.63888931274414,26.38888931274414,26.38888931274414,369900,ZBRA
1999-12-09,26.75,26.77777862548828,24.61111068725586,25.27777862548828,25.27777862548828,484425,ZBRA
1999-12-10,25.30555534362793,25.5,24.44444465637207,25.0,25.0,259650,ZBRA
1999-12-13,25.11111068725586,25.86111068725586,24.55555534362793,24.88888931274414,24.88888931274414,297225,ZBRA
1999-12-14,24.86111068725586,24.94444465637207,24.166667938232422,24.40277862548828,24.40277862548828,472275,ZBRA
1999-12-15,24.38888931274414,24.833332061767578,22.88888931274414,24.416667938232422,24.416667938232422,450900,ZBRA
1999-12-16,24.47222137451172,25.166667938232422,24.166667938232422,25.0,25.0,310725,ZBRA
1999-12-17,25.02777862548828,26.55555534362793,24.94444465637207,25.833332061767578,25.833332061767578,737550,ZBRA
1999-12-20,25.94444465637207,26.166667938232422,25.5,25.833332061767578,25.833332061767578,366525,ZBRA
1999-12-21,25.72222137451172,26.61111068725586,25.61111068725586,26.36111068725586,26.36111068725586,186750,ZBRA
1999-12-22,26.375,26.5,25.833332061767578,25.97222137451172,25.97222137451172,374400,ZBRA
1999-12-23,26.02777862548828,26.166667938232422,24.38888931274414,24.44444465637207,24.44444465637207,474300,ZBRA
1999-12-27,24.77777862548828,25.666667938232422,23.55555534362793,25.48611068725586,25.48611068725586,385200,ZBRA
1999-12-28,25.22222137451172,25.30555534362793,23.88888931274414,24.31944465637207,24.31944465637207,280800,ZBRA
1999-12-29,24.416667938232422,25.416667938232422,24.166667938232422,25.083332061767578,25.083332061767578,242325,ZBRA
1999-12-30,25.0,25.02777862548828,24.44444465637207,24.666667938232422,24.666667938232422,184500,ZBRA
1999-12-31,24.77777862548828,26.0,24.333332061767578,26.0,26.0,278100,ZBRA
2000-01-03,25.93055534362793,26.0,24.77777862548828,25.02777862548828,25.02777862548828,1055700,ZBRA
2000-01-04,25.02777862548828,25.166667938232422,23.0,24.666667938232422,24.666667938232422,522450,ZBRA
2000-01-05,23.56944465637207,25.22222137451172,23.55555534362793,25.13888931274414,25.13888931274414,612225,ZBRA
2000-01-06,24.81944465637207,24.81944465637207,23.72222137451172,23.77777862548828,23.77777862548828,263925,ZBRA
2000-01-07,23.666667938232422,24.05555534362793,23.11111068725586,23.51388931274414,23.51388931274414,333900,ZBRA
2000-01-10,23.44444465637207,25.0,23.44444465637207,24.30555534362793,24.30555534362793,325800,ZBRA
2000-01-11,24.19444465637207,24.77777862548828,24.0,24.47222137451172,24.47222137451172,317925,ZBRA
2000-01-12,24.333332061767578,24.55555534362793,23.61111068725586,23.86111068725586,23.86111068725586,512775,ZBRA
2000-01-13,24.38888931274414,24.44444465637207,23.333332061767578,23.94444465637207,23.94444465637207,397575,ZBRA
2000-01-14,23.94444465637207,26.77777862548828,23.77777862548828,26.63888931274414,26.63888931274414,1008900,ZBRA
2000-01-18,26.5,26.88888931274414,25.69444465637207,26.47222137451172,26.47222137451172,630675,ZBRA
2000-01-19,26.458332061767578,26.666667938232422,26.0,26.30555534362793,26.30555534362793,277650,ZBRA
2000-01-20,26.44444465637207,27.916667938232422,26.27777862548828,27.22222137451172,27.22222137451172,1087875,ZBRA
2000-01-21,27.44444465637207,27.94444465637207,27.22222137451172,27.94444465637207,27.94444465637207,298350,ZBRA
2000-01-24,27.94444465637207,28.833332061767578,27.77777862548828,28.02777862548828,28.02777862548828,388350,ZBRA
2000-01-25,28.0,28.22222137451172,27.27777862548828,27.59722137451172,27.59722137451172,1076625,ZBRA
2000-01-26,27.76388931274414,27.833332061767578,27.416667938232422,27.5,27.5,1212750,ZBRA
2000-01-27,27.22222137451172,28.666667938232422,27.22222137451172,28.05555534362793,28.05555534362793,486450,ZBRA
2000-01-28,28.02777862548828,28.36111068725586,27.5,27.583332061767578,27.583332061767578,479700,ZBRA
2000-01-31,27.583332061767578,28.30555534362793,25.44444465637207,26.30555534362793,26.30555534362793,336825,ZBRA
2000-02-01,26.63888931274414,27.36111068725586,26.0,26.47222137451172,26.47222137451172,360225,ZBRA
2000-02-02,26.44444465637207,26.833332061767578,25.38888931274414,26.26388931274414,26.26388931274414,494775,ZBRA
2000-02-03,26.26388931274414,30.5,26.166667938232422,28.88888931274414,28.88888931274414,1344600,ZBRA
2000-02-04,29.88888931274414,30.5,29.11111068725586,29.416667938232422,29.416667938232422,640125,ZBRA
2000-02-07,29.52777862548828,30.22222137451172,29.27777862548828,29.88888931274414,29.88888931274414,470250,ZBRA
2000-02-08,29.77777862548828,31.05555534362793,29.69444465637207,30.25,30.25,632925,ZBRA
2000-02-09,30.25,30.61111068725586,29.97222137451172,29.97222137451172,29.97222137451172,328500,ZBRA
2000-02-10,30.25,30.583332061767578,29.333332061767578,29.916667938232422,29.916667938232422,371700,ZBRA
2000-02-11,29.36111068725586,29.72222137451172,28.833332061767578,29.0,29.0,582525,ZBRA
2000-02-14,29.11111068725586,30.0,28.75,29.65277862548828,29.65277862548828,297000,ZBRA
2000-02-15,29.666667938232422,30.77777862548828,29.55555534362793,29.72222137451172,29.72222137451172,439875,ZBRA
2000-02-16,30.05555534362793,31.5,29.44444465637207,30.94444465637207,30.94444465637207,295875,ZBRA
2000-02-17,31.38888931274414,31.5,26.666667938232422,26.94444465637207,26.94444465637207,4403700,ZBRA
2000-02-18,27.083332061767578,27.5,26.11111068725586,26.833332061767578,26.833332061767578,1025550,ZBRA
2000-02-22,27.208332061767578,27.22222137451172,25.0,25.083332061767578,25.083332061767578,1654875,ZBRA
2000-02-23,25.5,27.86111068725586,25.083332061767578,27.833332061767578,27.833332061767578,1073925,ZBRA
2000-02-24,28.0,28.38888931274414,27.77777862548828,28.166667938232422,28.166667938232422,425475,ZBRA
2000-02-25,28.166667938232422,28.166667938232422,27.77777862548828,28.01388931274414,28.01388931274414,307350,ZBRA
2000-02-28,28.01388931274414,28.44444465637207,27.666667938232422,28.333332061767578,28.333332061767578,443025,ZBRA
2000-02-29,28.11111068725586,29.88888931274414,28.11111068725586,29.583332061767578,29.583332061767578,534600,ZBRA
2000-03-01,29.86111068725586,30.22222137451172,28.44444465637207,29.77777862548828,29.77777862548828,273150,ZBRA
2000-03-02,29.01388931274414,29.666667938232422,29.0,29.36111068725586,29.36111068725586,276300,ZBRA
2000-03-03,29.19444465637207,29.77777862548828,28.88888931274414,29.63888931274414,29.63888931274414,543150,ZBRA
2000-03-06,29.69444465637207,30.11111068725586,29.27777862548828,29.55555534362793,29.55555534362793,245700,ZBRA
2000-03-07,29.55555534362793,31.13888931274414,29.05555534362793,29.38888931274414,29.38888931274414,497250,ZBRA
2000-03-08,29.333332061767578,29.333332061767578,27.80555534362793,28.5,28.5,342225,ZBRA
2000-03-09,28.47222137451172,28.88888931274414,28.22222137451172,28.5,28.5,266850,ZBRA
2000-03-10,28.88888931274414,29.166667938232422,27.88888931274414,27.97222137451172,27.97222137451172,283500,ZBRA
2000-03-13,27.88888931274414,28.27777862548828,26.44444465637207,26.94444465637207,26.94444465637207,257625,ZBRA
2000-03-14,26.86111068725586,27.583332061767578,26.72222137451172,26.833332061767578,26.833332061767578,305325,ZBRA
2000-03-15,27.166667938232422,27.166667938232422,22.52777862548828,25.13888931274414,25.13888931274414,1178325,ZBRA
2000-03-16,24.666667938232422,25.13888931274414,19.44444465637207,20.666667938232422,20.666667938232422,2797875,ZBRA
2000-03-17,21.166667938232422,21.5,17.69444465637207,19.48611068725586,19.48611068725586,5892525,ZBRA
2000-03-20,20.0,22.11111068725586,20.0,20.0,20.0,1626075,ZBRA
2000-03-21,20.38888931274414,22.333332061767578,20.333332061767578,22.06944465637207,22.06944465637207,1817325,ZBRA
2000-03-22,19.77777862548828,22.27777862548828,19.55555534362793,20.27777862548828,20.27777862548828,6015600,ZBRA
2000-03-23,20.31944465637207,21.05555534362793,20.0,20.5,20.5,1671750,ZBRA
2000-03-24,21.416667938232422,23.666667938232422,21.333332061767578,22.86111068725586,22.86111068725586,1636425,ZBRA
2000-03-27,23.166667938232422,23.55555534362793,22.833332061767578,23.333332061767578,23.333332061767578,414225,ZBRA
2000-03-28,23.44444465637207,23.44444465637207,22.44444465637207,22.69444465637207,22.69444465637207,827775,ZBRA
2000-03-29,22.76388931274414,22.833332061767578,21.88888931274414,22.25,22.25,754200,ZBRA
2000-03-30,22.11111068725586,22.666667938232422,21.333332061767578,21.44444465637207,21.44444465637207,401175,ZBRA
2000-03-31,22.0,22.69444465637207,21.11111068725586,22.22222137451172,22.22222137451172,914400,ZBRA
2000-04-03,22.11111068725586,22.38888931274414,20.72222137451172,21.30555534362793,21.30555534362793,825300,ZBRA
2000-04-04,21.30555534362793,21.97222137451172,19.44444465637207,21.05555534362793,21.05555534362793,1282950,ZBRA
2000-04-05,20.666667938232422,22.333332061767578,20.61111068725586,21.833332061767578,21.833332061767578,1299375,ZBRA
2000-04-06,21.333332061767578,24.208332061767578,21.333332061767578,23.55555534362793,23.55555534362793,694800,ZBRA
2000-04-07,23.72222137451172,24.11111068725586,23.11111068725586,24.05555534362793,24.05555534362793,652500,ZBRA
2000-04-10,23.97222137451172,24.11111068725586,21.333332061767578,22.333332061767578,22.333332061767578,733950,ZBRA
2000-04-11,21.69444465637207,22.166667938232422,21.11111068725586,21.77777862548828,21.77777862548828,639675,ZBRA
2000-04-12,21.77777862548828,21.833332061767578,21.11111068725586,21.13888931274414,21.13888931274414,837000,ZBRA
2000-04-13,21.19444465637207,21.63888931274414,21.11111068725586,21.166667938232422,21.166667938232422,487800,ZBRA
2000-04-14,21.05555534362793,21.05555534362793,20.44444465637207,20.52777862548828,20.52777862548828,640350,ZBRA
2000-04-17,20.5,21.833332061767578,20.22222137451172,21.36111068725586,21.36111068725586,829575,ZBRA
2000-04-18,21.72222137451172,22.38888931274414,21.333332061767578,22.166667938232422,22.166667938232422,711000,ZBRA
2000-04-19,22.27777862548828,22.5,19.55555534362793,20.63888931274414,20.63888931274414,958050,ZBRA
2000-04-20,21.333332061767578,25.333332061767578,21.333332061767578,24.25,24.25,2139075,ZBRA
2000-04-24,23.5,24.61111068725586,22.5,24.166667938232422,24.166667938232422,780300,ZBRA
2000-04-25,24.55555534362793,25.77777862548828,24.5,25.69444465637207,25.69444465637207,439200,ZBRA
2000-04-26,25.55555534362793,25.77777862548828,24.0,24.25,24.25,283050,ZBRA
2000-04-27,23.56944465637207,25.333332061767578,23.11111068725586,25.166667938232422,25.166667938232422,524025,ZBRA
2000-04-28,25.44444465637207,25.80555534362793,24.05555534362793,25.333332061767578,25.333332061767578,251550,ZBRA
2000-05-01,25.13888931274414,25.77777862548828,24.77777862548828,25.5,25.5,246600,ZBRA
2000-05-02,25.47222137451172,25.5,23.22222137451172,23.30555534362793,23.30555534362793,305325,ZBRA
2000-05-03,23.27777862548828,24.22222137451172,23.0,23.52777862548828,23.52777862548828,490050,ZBRA
2000-05-04,23.55555534362793,23.88888931274414,23.27777862548828,23.5,23.5,607275,ZBRA
2000-05-05,23.166667938232422,24.333332061767578,22.97222137451172,24.25,24.25,186300,ZBRA
2000-05-08,24.333332061767578,24.333332061767578,22.38888931274414,22.38888931274414,22.38888931274414,384975,ZBRA
2000-05-09,22.77777862548828,23.13888931274414,21.05555534362793,21.55555534362793,21.55555534362793,404100,ZBRA
2000-05-10,21.5,21.61111068725586,20.38888931274414,21.166667938232422,21.166667938232422,504225,ZBRA
2000-05-11,21.77777862548828,23.77777862548828,21.44444465637207,23.333332061767578,23.333332061767578,655875,ZBRA
2000-05-12,23.30555534362793,24.0,23.19444465637207,23.5,23.5,299700,ZBRA
2000-05-15,23.75694465637207,23.77777862548828,22.0,22.72222137451172,22.72222137451172,369450,ZBRA
2000-05-16,22.69444465637207,22.88888931274414,22.11111068725586,22.52777862548828,22.52777862548828,470700,ZBRA
2000-05-17,22.48611068725586,22.48611068725586,22.0,22.30555534362793,22.30555534362793,280350,ZBRA
2000-05-18,22.22222137451172,22.44444465637207,21.88888931274414,22.166667938232422,22.166667938232422,359325,ZBRA
2000-05-19,22.36111068725586,22.36111068725586,21.11111068725586,21.36111068725586,21.36111068725586,233550,ZBRA
2000-05-22,21.44444465637207,22.44444465637207,20.77777862548828,22.44444465637207,22.44444465637207,394650,ZBRA
2000-05-23,22.166667938232422,22.333332061767578,20.72222137451172,20.833332061767578,20.833332061767578,388125,ZBRA
2000-05-24,21.13888931274414,22.55555534362793,20.0,22.52777862548828,22.52777862548828,957375,ZBRA
2000-05-25,22.5,22.61111068725586,20.77777862548828,20.833332061767578,20.833332061767578,391050,ZBRA
2000-05-26,21.11111068725586,21.77777862548828,20.55555534362793,20.833332061767578,20.833332061767578,373725,ZBRA
2000-05-30,20.88888931274414,21.69444465637207,20.666667938232422,21.69444465637207,21.69444465637207,553275,ZBRA
2000-05-31,21.75,21.77777862548828,21.05555534362793,21.333332061767578,21.333332061767578,699975,ZBRA
2000-06-01,21.36111068725586,22.05555534362793,21.36111068725586,22.02777862548828,22.02777862548828,335700,ZBRA
2000-06-02,22.13888931274414,23.27777862548828,22.13888931274414,22.75,22.75,739125,ZBRA
2000-06-05,22.833332061767578,23.38888931274414,22.77777862548828,23.229167938232422,23.229167938232422,615375,ZBRA
2000-06-06,23.11111068725586,23.416667938232422,22.22222137451172,22.31944465637207,22.31944465637207,290700,ZBRA
2000-06-07,22.666667938232422,23.88888931274414,22.38888931274414,23.88888931274414,23.88888931274414,397350,ZBRA
2000-06-08,23.61111068725586,24.11111068725586,23.36111068725586,23.5,23.5,390825,ZBRA
2000-06-09,23.583332061767578,23.97222137451172,23.44444465637207,23.77777862548828,23.77777862548828,119475,ZBRA
2000-06-12,23.63888931274414,23.88888931274414,22.69444465637207,22.94444465637207,22.94444465637207,719775,ZBRA
2000-06-13,22.11111068725586,22.44444465637207,21.11111068725586,21.38888931274414,21.38888931274414,1074375,ZBRA
2000-06-14,21.916667938232422,22.05555534362793,20.88888931274414,20.94444465637207,20.94444465637207,825300,ZBRA
2000-06-15,20.90277862548828,20.94444465637207,19.88888931274414,20.47222137451172,20.47222137451172,2140425,ZBRA
2000-06-16,20.65277862548828,20.86111068725586,19.833332061767578,20.166667938232422,20.166667938232422,825300,ZBRA
2000-06-19,20.15277862548828,20.166667938232422,19.55555534362793,19.80555534362793,19.80555534362793,1006425,ZBRA
2000-06-20,19.80555534362793,21.166667938232422,19.77777862548828,20.88888931274414,20.88888931274414,1842300,ZBRA
2000-06-21,20.55555534362793,21.11111068725586,20.55555534362793,20.666667938232422,20.666667938232422,985725,ZBRA
2000-06-22,20.75,20.833332061767578,20.22222137451172,20.27777862548828,20.27777862548828,1223100,ZBRA
2000-06-23,20.31944465637207,20.31944465637207,19.333332061767578,19.416667938232422,19.416667938232422,540450,ZBRA
2000-06-26,19.5,19.583332061767578,19.0,19.166667938232422,19.166667938232422,839700,ZBRA
2000-06-27,19.13888931274414,19.61111068725586,18.72222137451172,19.55555534362793,19.55555534362793,882450,ZBRA
2000-06-28,19.44444465637207,20.083332061767578,19.44444465637207,20.05555534362793,20.05555534362793,852975,ZBRA
2000-06-29,19.80555534362793,20.11111068725586,19.77777862548828,19.97222137451172,19.97222137451172,403875,ZBRA
2000-06-30,19.98611068725586,20.0,18.833332061767578,19.69444465637207,19.69444465637207,2342250,ZBRA
2000-07-03,19.61111068725586,19.77777862548828,19.22222137451172,19.22222137451172,19.22222137451172,175050,ZBRA
2000-07-05,19.36111068725586,19.44444465637207,18.97222137451172,19.44444465637207,19.44444465637207,702450,ZBRA
2000-07-06,19.36111068725586,20.55555534362793,19.05555534362793,20.333332061767578,20.333332061767578,877950,ZBRA
2000-07-07,20.44444465637207,20.94444465637207,20.36111068725586,20.833332061767578,20.833332061767578,605025,ZBRA
2000-07-10,20.75,21.11111068725586,20.27777862548828,20.63888931274414,20.63888931274414,586800,ZBRA
2000-07-11,20.63888931274414,20.666667938232422,19.94444465637207,20.27777862548828,20.27777862548828,265950,ZBRA
2000-07-12,20.47222137451172,20.47222137451172,19.11111068725586,20.22222137451172,20.22222137451172,888975,ZBRA
2000-07-13,20.30555534362793,20.30555534362793,19.72222137451172,19.97222137451172,19.97222137451172,482850,ZBRA
2000-07-14,19.916667938232422,20.05555534362793,19.44444465637207,19.833332061767578,19.833332061767578,627750,ZBRA
2000-07-17,20.041667938232422,20.05555534362793,19.55555534362793,20.02777862548828,20.02777862548828,214200,ZBRA
2000-07-18,20.041667938232422,20.05555534362793,18.61111068725586,18.63888931274414,18.63888931274414,755325,ZBRA
2000-07-19,18.833332061767578,20.52777862548828,18.8125,19.333332061767578,19.333332061767578,1177425,ZBRA
2000-07-20,20.55555534362793,23.75,20.52777862548828,23.75,23.75,2600550,ZBRA
2000-07-21,22.84722137451172,22.916667938232422,21.72222137451172,22.166667938232422,22.166667938232422,1132650,ZBRA
2000-07-24,22.27777862548828,22.5,21.833332061767578,22.22222137451172,22.22222137451172,598500,ZBRA
2000-07-25,22.416667938232422,22.666667938232422,21.38888931274414,21.86111068725586,21.86111068725586,425475,ZBRA
2000-07-26,22.041667938232422,22.27777862548828,21.77777862548828,22.22222137451172,22.22222137451172,819900,ZBRA
2000-07-27,22.333332061767578,23.0,21.833332061767578,21.94444465637207,21.94444465637207,791325,ZBRA
2000-07-28,21.72222137451172,21.791667938232422,20.666667938232422,21.44444465637207,21.44444465637207,286200,ZBRA
2000-07-31,21.44444465637207,22.88888931274414,21.11111068725586,22.69444465637207,22.69444465637207,402075,ZBRA
2000-08-01,22.43055534362793,22.55555534362793,21.94444465637207,22.27777862548828,22.27777862548828,574200,ZBRA
2000-08-02,22.22222137451172,22.583332061767578,21.94444465637207,22.22222137451172,22.22222137451172,247950,ZBRA
2000-08-03,21.916667938232422,22.666667938232422,21.61111068725586,22.63888931274414,22.63888931274414,267750,ZBRA
2000-08-04,22.65277862548828,23.44444465637207,22.416667938232422,23.333332061767578,23.333332061767578,307350,ZBRA
2000-08-07,23.208332061767578,23.666667938232422,23.05555534362793,23.47222137451172,23.47222137451172,166500,ZBRA
2000-08-08,23.38888931274414,23.5,22.666667938232422,23.25,23.25,266850,ZBRA
2000-08-09,23.416667938232422,23.5,22.5,23.02777862548828,23.02777862548828,104850,ZBRA
2000-08-10,22.97222137451172,23.22222137451172,22.44444465637207,22.44444465637207,22.44444465637207,94500,ZBRA
2000-08-11,22.77777862548828,23.11111068725586,22.52777862548828,23.11111068725586,23.11111068725586,123300,ZBRA
2000-08-14,22.583332061767578,23.666667938232422,22.583332061767578,23.55555534362793,23.55555534362793,250875,ZBRA
2000-08-15,23.13888931274414,23.44444465637207,22.88888931274414,23.05555534362793,23.05555534362793,191250,ZBRA
2000-08-16,22.916667938232422,23.27777862548828,22.333332061767578,22.666667938232422,22.666667938232422,282150,ZBRA
2000-08-17,22.22222137451172,23.11111068725586,22.166667938232422,23.0,23.0,187875,ZBRA
2000-08-18,22.94444465637207,23.63888931274414,22.94444465637207,23.27777862548828,23.27777862548828,322200,ZBRA
2000-08-21,23.333332061767578,23.333332061767578,23.0,23.11111068725586,23.11111068725586,217575,ZBRA
2000-08-22,23.0,23.02777862548828,22.30555534362793,22.77777862548828,22.77777862548828,305325,ZBRA
2000-08-23,22.666667938232422,22.69444465637207,22.27777862548828,22.416667938232422,22.416667938232422,171450,ZBRA
2000-08-24,22.416667938232422,22.94444465637207,22.22222137451172,22.333332061767578,22.333332061767578,238725,ZBRA
2000-08-25,22.51388931274414,22.51388931274414,22.083332061767578,22.25,22.25,356400,ZBRA
2000-08-28,22.208332061767578,23.05555534362793,22.166667938232422,22.97222137451172,22.97222137451172,172350,ZBRA
2000-08-29,22.86111068725586,23.666667938232422,22.86111068725586,23.416667938232422,23.416667938232422,263250,ZBRA
2000-08-30,23.22222137451172,23.5,23.0,23.38888931274414,23.38888931274414,340200,ZBRA
2000-08-31,23.416667938232422,24.27777862548828,22.77777862548828,24.0,24.0,636525,ZBRA
2000-09-01,24.13888931274414,24.333332061767578,23.36111068725586,23.666667938232422,23.666667938232422,259875,ZBRA
2000-09-05,23.583332061767578,23.63888931274414,23.22222137451172,23.22222137451172,23.22222137451172,603225,ZBRA
2000-09-06,23.5,23.5,22.36111068725586,22.77777862548828,22.77777862548828,138150,ZBRA
2000-09-07,22.75,23.333332061767578,22.75,23.05555534362793,23.05555534362793,407250,ZBRA
2000-09-08,22.88888931274414,23.0,22.666667938232422,22.75,22.75,339750,ZBRA
2000-09-11,22.833332061767578,22.833332061767578,22.166667938232422,22.25,22.25,303750,ZBRA
2000-09-12,22.333332061767578,22.38888931274414,22.11111068725586,22.22222137451172,22.22222137451172,306900,ZBRA
2000-09-13,22.0,22.166667938232422,20.38888931274414,20.55555534362793,20.55555534362793,713250,ZBRA
2000-09-14,21.05555534362793,21.416667938232422,20.44444465637207,20.916667938232422,20.916667938232422,976725,ZBRA
2000-09-15,20.61111068725586,21.19444465637207,20.61111068725586,21.0,21.0,653175,ZBRA
2000-09-18,21.05555534362793,21.11111068725586,19.5,20.333332061767578,20.333332061767578,827325,ZBRA
2000-09-19,20.625,21.666667938232422,20.61111068725586,21.27777862548828,21.27777862548828,468900,ZBRA
2000-09-20,21.13888931274414,21.416667938232422,20.22222137451172,20.38888931274414,20.38888931274414,758250,ZBRA
2000-09-21,20.51388931274414,20.80555534362793,20.25,20.36111068725586,20.36111068725586,191925,ZBRA
2000-09-22,20.041667938232422,20.333332061767578,19.55555534362793,20.166667938232422,20.166667938232422,175050,ZBRA
2000-09-25,20.36111068725586,20.77777862548828,19.77777862548828,19.88888931274414,19.88888931274414,231750,ZBRA
2000-09-26,20.083332061767578,20.80555534362793,19.72222137451172,20.5,20.5,378000,ZBRA
2000-09-27,20.73611068725586,20.88888931274414,19.44444465637207,19.666667938232422,19.666667938232422,436500,ZBRA
2000-09-28,19.63888931274414,21.25,19.61111068725586,21.25,21.25,573975,ZBRA
2000-09-29,21.083332061767578,21.583332061767578,20.11111068725586,21.36111068725586,21.36111068725586,744975,ZBRA
2000-10-02,21.19444465637207,21.333332061767578,19.583332061767578,19.69444465637207,19.69444465637207,428175,ZBRA
2000-10-03,19.72222137451172,20.22222137451172,19.63888931274414,19.63888931274414,19.63888931274414,392625,ZBRA
2000-10-04,19.77777862548828,20.0,18.583332061767578,18.916667938232422,18.916667938232422,1480050,ZBRA
2000-10-05,18.96527862548828,19.61111068725586,18.666667938232422,18.80555534362793,18.80555534362793,517950,ZBRA
2000-10-06,18.9375,19.11111068725586,17.88888931274414,17.97222137451172,17.97222137451172,722250,ZBRA
2000-10-09,18.11111068725586,18.11111068725586,17.52777862548828,17.69444465637207,17.69444465637207,720225,ZBRA
2000-10-10,17.77777862548828,19.0,17.583332061767578,18.27777862548828,18.27777862548828,309825,ZBRA
2000-10-11,18.22222137451172,18.27777862548828,17.38888931274414,17.80555534362793,17.80555534362793,427050,ZBRA
2000-10-12,17.82638931274414,18.5,17.80555534362793,18.19444465637207,18.19444465637207,1012275,ZBRA
2000-10-13,18.09027862548828,20.770832061767578,18.083332061767578,20.47222137451172,20.47222137451172,378225,ZBRA
2000-10-16,20.47222137451172,20.72222137451172,19.69444465637207,19.80555534362793,19.80555534362793,414900,ZBRA
2000-10-17,20.0625,20.22222137451172,18.666667938232422,18.729167938232422,18.729167938232422,325800,ZBRA
2000-10-18,18.25,19.666667938232422,17.77777862548828,19.38888931274414,19.38888931274414,551250,ZBRA
2000-10-19,19.94444465637207,20.833332061767578,17.44444465637207,19.166667938232422,19.166667938232422,1825650,ZBRA
2000-10-20,17.26388931274414,19.0,16.88888931274414,18.833332061767578,18.833332061767578,2520450,ZBRA
2000-10-23,18.291667938232422,18.416667938232422,17.72222137451172,18.0,18.0,1042425,ZBRA
2000-10-24,18.03472137451172,18.083332061767578,17.333332061767578,17.666667938232422,17.666667938232422,586575,ZBRA
2000-10-25,17.69444465637207,18.0,16.94444465637207,17.30555534362793,17.30555534362793,549900,ZBRA
2000-10-26,17.52777862548828,17.61111068725586,17.0,17.34027862548828,17.34027862548828,438525,ZBRA
2000-10-27,17.229167938232422,17.61111068725586,17.166667938232422,17.333332061767578,17.333332061767578,454725,ZBRA
2000-10-30,17.38194465637207,17.61111068725586,17.27777862548828,17.583332061767578,17.583332061767578,819900,ZBRA
2000-10-31,17.80555534362793,19.69444465637207,17.72222137451172,19.47222137451172,19.47222137451172,955350,ZBRA
2000-11-01,19.13888931274414,19.30555534362793,18.52777862548828,18.61111068725586,18.61111068725586,422775,ZBRA
2000-11-02,18.78472137451172,19.22222137451172,18.78472137451172,19.02777862548828,19.02777862548828,462375,ZBRA
2000-11-03,19.166667938232422,20.19444465637207,18.916667938232422,20.19444465637207,20.19444465637207,352125,ZBRA
2000-11-06,20.0,20.13888931274414,19.55555534362793,20.05555534362793,20.05555534362793,427500,ZBRA
2000-11-07,19.86805534362793,20.666667938232422,19.36111068725586,20.38888931274414,20.38888931274414,329175,ZBRA
2000-11-08,20.55555534362793,21.083332061767578,20.02777862548828,20.02777862548828,20.02777862548828,331200,ZBRA
2000-11-09,20.11111068725586,20.666667938232422,19.38888931274414,20.583332061767578,20.583332061767578,249300,ZBRA
2000-11-10,20.52777862548828,20.52777862548828,19.19444465637207,19.38888931274414,19.38888931274414,360225,ZBRA
2000-11-13,19.36111068725586,20.61111068725586,19.0,20.61111068725586,20.61111068725586,350100,ZBRA
2000-11-14,20.55555534362793,21.083332061767578,20.11111068725586,20.69444465637207,20.69444465637207,355500,ZBRA
2000-11-15,20.55555534362793,21.55555534362793,20.55555534362793,21.05555534362793,21.05555534362793,275175,ZBRA
2000-11-16,20.71527862548828,21.88888931274414,20.69444465637207,21.166667938232422,21.166667938232422,317925,ZBRA
2000-11-17,21.76388931274414,21.97222137451172,21.22222137451172,21.38888931274414,21.38888931274414,149625,ZBRA
2000-11-20,21.11111068725586,21.86111068725586,20.80555534362793,21.36111068725586,21.36111068725586,207000,ZBRA
2000-11-21,21.59722137451172,22.38888931274414,21.583332061767578,21.88888931274414,21.88888931274414,796950,ZBRA
2000-11-22,21.77777862548828,22.44444465637207,21.72222137451172,22.27777862548828,22.27777862548828,473850,ZBRA
2000-11-24,22.27777862548828,22.27777862548828,22.02777862548828,22.25,22.25,131175,ZBRA
2000-11-27,22.27777862548828,22.416667938232422,21.47222137451172,21.666667938232422,21.666667938232422,288225,ZBRA
2000-11-28,21.55555534362793,21.61111068725586,19.69444465637207,20.02777862548828,20.02777862548828,1008225,ZBRA
2000-11-29,20.00694465637207,20.27777862548828,19.13888931274414,19.55555534362793,19.55555534362793,420975,ZBRA
2000-11-30,19.083332061767578,19.11111068725586,18.52777862548828,18.61111068725586,18.61111068725586,939825,ZBRA
2000-12-01,18.80555534362793,19.0,18.38888931274414,18.75,18.75,1085400,ZBRA
2000-12-04,18.75,18.77777862548828,17.833332061767578,17.97222137451172,17.97222137451172,1104075,ZBRA
2000-12-05,18.333332061767578,19.61111068725586,18.30555534362793,19.05555534362793,19.05555534362793,860175,ZBRA
2000-12-06,19.0,19.02777862548828,16.75,17.44444465637207,17.44444465637207,2526750,ZBRA
2000-12-07,17.44444465637207,18.166667938232422,16.88888931274414,18.11111068725586,18.11111068725586,774225,ZBRA
2000-12-08,18.63888931274414,19.44444465637207,18.38888931274414,19.13888931274414,19.13888931274414,964350,ZBRA
2000-12-11,19.25,19.55555534362793,18.77777862548828,19.083332061767578,19.083332061767578,303075,ZBRA
2000-12-12,18.99305534362793,19.166667938232422,18.38888931274414,18.666667938232422,18.666667938232422,426375,ZBRA
2000-12-13,18.88194465637207,18.88194465637207,18.44444465637207,18.63888931274414,18.63888931274414,811125,ZBRA
2000-12-14,18.55555534362793,18.833332061767578,18.52777862548828,18.63888931274414,18.63888931274414,484200,ZBRA
2000-12-15,18.65972137451172,18.916667938232422,17.22222137451172,17.69444465637207,17.69444465637207,939825,ZBRA
2000-12-18,18.15972137451172,19.22222137451172,17.333332061767578,17.55555534362793,17.55555534362793,538875,ZBRA
2000-12-19,17.47222137451172,18.583332061767578,17.44444465637207,17.77777862548828,17.77777862548828,438300,ZBRA
2000-12-20,17.52777862548828,17.54861068725586,16.77777862548828,17.47222137451172,17.47222137451172,809550,ZBRA
2000-12-21,17.166667938232422,17.416667938232422,16.88888931274414,17.22222137451172,17.22222137451172,804150,ZBRA
2000-12-22,17.19444465637207,17.666667938232422,17.0,17.666667938232422,17.666667938232422,590400,ZBRA
2000-12-26,17.73611068725586,18.0,17.13888931274414,17.19444465637207,17.19444465637207,432225,ZBRA
2000-12-27,17.166667938232422,18.22222137451172,16.5,17.77777862548828,17.77777862548828,941850,ZBRA
2000-12-28,17.479167938232422,19.72222137451172,17.47222137451172,19.52777862548828,19.52777862548828,602100,ZBRA
2000-12-29,19.416667938232422,19.72222137451172,18.083332061767578,18.13194465637207,18.13194465637207,470475,ZBRA
2001-01-02,18.27777862548828,19.0,18.166667938232422,18.833332061767578,18.833332061767578,576000,ZBRA
2001-01-03,18.61111068725586,22.02777862548828,18.61111068725586,20.86111068725586,20.86111068725586,892575,ZBRA
2001-01-04,20.94444465637207,21.0,20.30555534362793,20.77777862548828,20.77777862548828,528075,ZBRA
2001-01-05,20.94444465637207,21.0,19.916667938232422,20.166667938232422,20.166667938232422,473850,ZBRA
2001-01-08,19.96527862548828,20.0,19.38888931274414,19.86111068725586,19.86111068725586,217125,ZBRA
2001-01-09,20.0,20.86111068725586,19.99305534362793,20.77777862548828,20.77777862548828,496350,ZBRA
2001-01-10,20.666667938232422,20.854167938232422,19.88888931274414,20.77777862548828,20.77777862548828,342900,ZBRA
2001-01-11,20.82638931274414,21.94444465637207,20.52777862548828,21.75,21.75,402300,ZBRA
2001-01-12,21.729167938232422,22.19444465637207,21.666667938232422,22.11111068725586,22.11111068725586,507600,ZBRA
2001-01-16,22.01388931274414,22.083332061767578,21.416667938232422,21.75,21.75,425025,ZBRA
2001-01-17,21.916667938232422,22.583332061767578,21.916667938232422,22.30555534362793,22.30555534362793,663075,ZBRA
2001-01-18,22.07638931274414,22.666667938232422,22.0,22.61111068725586,22.61111068725586,622575,ZBRA
2001-01-19,22.69444465637207,23.5,22.30555534362793,23.36111068725586,23.36111068725586,671625,ZBRA
2001-01-22,23.47222137451172,23.80555534362793,23.36111068725586,23.666667938232422,23.666667938232422,637200,ZBRA
2001-01-23,23.55555534362793,23.666667938232422,22.5,23.19444465637207,23.19444465637207,425925,ZBRA
2001-01-24,23.083332061767578,23.72222137451172,22.94444465637207,23.30555534362793,23.30555534362793,357525,ZBRA
2001-01-25,23.61111068725586,23.63888931274414,23.0,23.30555534362793,23.30555534362793,141975,ZBRA
2001-01-26,23.083332061767578,23.25,22.833332061767578,22.916667938232422,22.916667938232422,248175,ZBRA
2001-01-29,22.88888931274414,23.666667938232422,22.88888931274414,23.63888931274414,23.63888931274414,233550,ZBRA
2001-01-30,23.61111068725586,23.75,23.11111068725586,23.583332061767578,23.583332061767578,232200,ZBRA
2001-01-31,23.59722137451172,24.770832061767578,23.5,24.75,24.75,2487600,ZBRA
2001-02-01,24.30555534362793,24.5,24.19444465637207,24.47222137451172,24.47222137451172,823950,ZBRA
2001-02-02,24.36111068725586,25.11111068725586,24.36111068725586,24.47222137451172,24.47222137451172,456300,ZBRA
2001-02-05,24.583332061767578,24.80555534362793,24.22222137451172,24.27777862548828,24.27777862548828,187200,ZBRA
2001-02-06,24.25,24.72222137451172,24.25,24.583332061767578,24.583332061767578,191250,ZBRA
2001-02-07,24.416667938232422,25.333332061767578,23.916667938232422,25.083332061767578,25.083332061767578,312300,ZBRA
2001-02-08,24.833332061767578,24.88888931274414,22.95138931274414,23.05555534362793,23.05555534362793,1253475,ZBRA
2001-02-09,17.38888931274414,19.77777862548828,16.94444465637207,19.11111068725586,19.11111068725586,10440450,ZBRA
2001-02-12,18.69444465637207,19.11111068725586,18.05555534362793,18.61111068725586,18.61111068725586,1551375,ZBRA
2001-02-13,18.44444465637207,18.77777862548828,17.80555534362793,18.13888931274414,18.13888931274414,779850,ZBRA
2001-02-14,18.083332061767578,18.333332061767578,17.666667938232422,18.166667938232422,18.166667938232422,400950,ZBRA
2001-02-15,18.166667938232422,18.55555534362793,18.11111068725586,18.25,18.25,1339875,ZBRA
2001-02-16,18.24305534362793,18.25,17.77777862548828,18.0,18.0,704250,ZBRA
2001-02-20,18.11111068725586,18.38888931274414,17.77777862548828,18.11111068725586,18.11111068725586,1855800,ZBRA
2001-02-21,17.77777862548828,18.61111068725586,17.72222137451172,18.52777862548828,18.52777862548828,472275,ZBRA
2001-02-22,18.23611068725586,19.916667938232422,18.13888931274414,19.77777862548828,19.77777862548828,652050,ZBRA
2001-02-23,19.666667938232422,20.0,19.44444465637207,19.97222137451172,19.97222137451172,690075,ZBRA
2001-02-26,19.958332061767578,20.61111068725586,19.94444465637207,20.25,20.25,643725,ZBRA
2001-02-27,20.11805534362793,20.86111068725586,19.86111068725586,20.666667938232422,20.666667938232422,593550,ZBRA
2001-02-28,20.9375,21.11111068725586,20.02777862548828,20.02777862548828,20.02777862548828,575325,ZBRA
2001-03-01,19.95138931274414,20.02777862548828,19.0,19.44444465637207,19.44444465637207,620775,ZBRA
2001-03-02,19.44444465637207,19.82638931274414,19.22222137451172,19.61111068725586,19.61111068725586,518400,ZBRA
2001-03-05,19.55555534362793,20.22222137451172,19.55555534362793,19.86111068725586,19.86111068725586,211725,ZBRA
2001-03-06,19.90972137451172,20.55555534362793,19.88888931274414,19.94444465637207,19.94444465637207,384075,ZBRA
2001-03-07,19.92361068725586,20.19444465637207,19.52777862548828,19.55555534362793,19.55555534362793,374625,ZBRA
2001-03-08,19.61111068725586,19.69444465637207,18.55555534362793,18.666667938232422,18.666667938232422,499275,ZBRA
2001-03-09,18.73611068725586,18.77777862548828,17.94444465637207,18.27777862548828,18.27777862548828,457875,ZBRA
2001-03-12,18.166667938232422,18.38888931274414,17.97222137451172,18.30555534362793,18.30555534362793,481050,ZBRA
2001-03-13,18.416667938232422,18.75,18.38888931274414,18.44444465637207,18.44444465637207,408825,ZBRA
2001-03-14,18.19444465637207,18.97222137451172,17.97222137451172,18.416667938232422,18.416667938232422,971325,ZBRA
2001-03-15,18.708332061767578,18.72222137451172,18.27777862548828,18.333332061767578,18.333332061767578,462150,ZBRA
2001-03-16,18.520832061767578,18.52777862548828,17.77777862548828,17.97222137451172,17.97222137451172,619425,ZBRA
2001-03-19,18.125,18.55555534362793,17.55555534362793,18.1875,18.1875,611550,ZBRA
2001-03-20,18.17361068725586,18.63888931274414,17.5,17.77777862548828,17.77777862548828,418950,ZBRA
2001-03-21,17.93055534362793,18.22222137451172,17.0,18.0,18.0,781875,ZBRA
2001-03-22,17.67361068725586,18.166667938232422,17.333332061767578,17.770832061767578,17.770832061767578,769275,ZBRA
2001-03-23,17.97222137451172,17.97222137451172,17.47222137451172,17.77777862548828,17.77777862548828,396450,ZBRA
2001-03-26,17.69444465637207,17.69444465637207,15.777777671813965,16.13888931274414,16.13888931274414,1167300,ZBRA
2001-03-27,16.125,17.333332061767578,15.944443702697754,17.30555534362793,17.30555534362793,388350,ZBRA
2001-03-28,16.68055534362793,17.416667938232422,16.47222137451172,17.083332061767578,17.083332061767578,688725,ZBRA
2001-03-29,16.69444465637207,16.75,16.38888931274414,16.55555534362793,16.55555534362793,578475,ZBRA
2001-03-30,16.52777862548828,16.94444465637207,16.416667938232422,16.94444465637207,16.94444465637207,406800,ZBRA
2001-04-02,16.458332061767578,16.88888931274414,15.61111068725586,15.86111068725586,15.86111068725586,528750,ZBRA
2001-04-03,15.88888931274414,16.22222137451172,15.527777671813965,15.972222328186035,15.972222328186035,717525,ZBRA
2001-04-04,15.916666984558105,15.916666984558105,15.166666984558105,15.194443702697754,15.194443702697754,699975,ZBRA
2001-04-05,16.0,16.88888931274414,15.722222328186035,16.166667938232422,16.166667938232422,740475,ZBRA
2001-04-06,16.166667938232422,16.583332061767578,15.555556297302246,16.0,16.0,572850,ZBRA
2001-04-09,15.942221641540527,16.03555679321289,15.942221641540527,16.01333236694336,16.01333236694336,936675,ZBRA
2001-04-10,16.01333236694336,17.23555564880371,16.0,16.74222183227539,16.74222183227539,1164600,ZBRA
2001-04-11,16.9777774810791,17.106666564941406,16.50666618347168,16.724443435668945,16.724443435668945,265500,ZBRA
2001-04-12,16.568889617919922,16.959999084472656,16.333332061767578,16.733333587646484,16.733333587646484,1068075,ZBRA
2001-04-16,16.88888931274414,16.88888931274414,16.386667251586914,16.44444465637207,16.44444465637207,385200,ZBRA
2001-04-17,16.48444366455078,17.0,16.39555549621582,16.91111183166504,16.91111183166504,382950,ZBRA
2001-04-18,17.266666412353516,19.11111068725586,17.244443893432617,18.72888946533203,18.72888946533203,733500,ZBRA
2001-04-19,18.87555694580078,19.733333587646484,18.511110305786133,19.69333267211914,19.69333267211914,302850,ZBRA
2001-04-20,19.733333587646484,19.733333587646484,19.182222366333008,19.213333129882812,19.213333129882812,485325,ZBRA
2001-04-23,19.093332290649414,19.128889083862305,18.231111526489258,18.440000534057617,18.440000534057617,400950,ZBRA
2001-04-24,18.46666717529297,18.595556259155273,17.657777786254883,17.773332595825195,17.773332595825195,540000,ZBRA
2001-04-25,18.133333206176758,19.266666412353516,18.11111068725586,19.266666412353516,19.266666412353516,780975,ZBRA
2001-04-26,19.164443969726562,19.391111373901367,19.128889083862305,19.20888900756836,19.20888900756836,494325,ZBRA
2001-04-27,19.248889923095703,19.333332061767578,19.11111068725586,19.262222290039062,19.262222290039062,449550,ZBRA
2001-04-30,19.226667404174805,19.600000381469727,19.133333206176758,19.226667404174805,19.226667404174805,521100,ZBRA
2001-05-01,19.671110153198242,19.955556869506836,19.53333282470703,19.657777786254883,19.657777786254883,447300,ZBRA
2001-05-02,19.63111114501953,19.733333587646484,19.595556259155273,19.65333366394043,19.65333366394043,644625,ZBRA
2001-05-03,19.564443588256836,19.595556259155273,18.559999465942383,18.831111907958984,18.831111907958984,1665450,ZBRA
2001-05-04,18.81333351135254,19.244443893432617,18.382221221923828,19.231111526489258,19.231111526489258,970875,ZBRA
2001-05-07,19.191110610961914,19.706666946411133,19.1200008392334,19.70222282409668,19.70222282409668,448425,ZBRA
2001-05-08,19.63111114501953,19.831111907958984,19.177778244018555,19.831111907958984,19.831111907958984,405225,ZBRA
2001-05-09,19.85333251953125,20.23555564880371,19.600000381469727,20.06222152709961,20.06222152709961,387450,ZBRA
2001-05-10,20.0,20.20888900756836,19.711111068725586,19.711111068725586,19.711111068725586,191025,ZBRA
2001-05-11,19.968889236450195,19.97333335876465,19.422222137451172,19.564443588256836,19.564443588256836,105525,ZBRA
2001-05-14,19.671110153198242,19.835556030273438,19.22222137451172,19.377777099609375,19.377777099609375,161100,ZBRA
2001-05-15,19.595556259155273,20.0,19.11111068725586,19.760000228881836,19.760000228881836,147150,ZBRA
2001-05-16,19.422222137451172,20.595556259155273,19.333332061767578,20.231111526489258,20.231111526489258,270000,ZBRA
2001-05-17,20.217777252197266,21.377777099609375,20.217777252197266,20.91111183166504,20.91111183166504,450675,ZBRA
2001-05-18,20.893333435058594,20.955556869506836,20.342222213745117,20.34666633605957,20.34666633605957,177075,ZBRA
2001-05-21,20.453332901000977,21.88888931274414,20.364444732666016,21.586666107177734,21.586666107177734,171225,ZBRA
2001-05-22,21.608888626098633,22.0,20.955556869506836,21.77777862548828,21.77777862548828,359100,ZBRA
2001-05-23,21.511110305786133,21.622222900390625,20.14666748046875,20.768888473510742,20.768888473510742,321750,ZBRA
2001-05-24,21.004444122314453,21.004444122314453,20.14666748046875,20.688888549804688,20.688888549804688,227025,ZBRA
2001-05-25,20.55555534362793,21.11111068725586,20.36888885498047,20.782222747802734,20.782222747802734,161325,ZBRA
2001-05-29,20.30666732788086,20.30666732788086,19.88888931274414,19.955556869506836,19.955556869506836,148950,ZBRA
2001-05-30,19.77777862548828,20.377777099609375,19.737777709960938,20.333332061767578,20.333332061767578,355275,ZBRA
2001-05-31,20.106666564941406,20.39555549621582,20.0,20.01333236694336,20.01333236694336,642825,ZBRA
2001-06-01,20.177778244018555,20.84000015258789,19.666667938232422,20.733333587646484,20.733333587646484,252225,ZBRA
2001-06-04,20.733333587646484,20.88888931274414,20.46666717529297,20.760000228881836,20.760000228881836,191250,ZBRA
2001-06-05,20.897777557373047,21.568889617919922,20.666667938232422,21.537778854370117,21.537778854370117,227700,ZBRA
2001-06-06,21.471111297607422,21.639999389648438,21.0,21.377777099609375,21.377777099609375,256275,ZBRA
2001-06-07,21.0,21.479999542236328,20.799999237060547,21.44444465637207,21.44444465637207,166050,ZBRA
2001-06-08,21.46666717529297,21.622222900390625,21.244443893432617,21.36888885498047,21.36888885498047,184275,ZBRA
2001-06-11,21.360000610351562,21.462221145629883,21.03555679321289,21.35555648803711,21.35555648803711,276525,ZBRA
2001-06-12,21.066667556762695,21.315555572509766,20.897777557373047,21.200000762939453,21.200000762939453,227025,ZBRA
2001-06-13,21.29777717590332,21.29777717590332,20.915555953979492,20.959999084472656,20.959999084472656,197325,ZBRA
2001-06-14,20.857778549194336,20.866666793823242,20.46666717529297,20.591110229492188,20.591110229492188,204750,ZBRA
2001-06-15,20.475555419921875,20.479999542236328,19.77777862548828,19.968889236450195,19.968889236450195,440100,ZBRA
2001-06-18,20.133333206176758,20.13777732849121,19.13777732849121,19.13777732849121,19.13777732849121,293400,ZBRA
2001-06-19,19.448888778686523,19.773332595825195,19.182222366333008,19.64444351196289,19.64444351196289,427500,ZBRA
2001-06-20,19.55555534362793,20.44444465637207,19.55555534362793,20.377777099609375,20.377777099609375,436950,ZBRA
2001-06-21,20.382221221923828,20.399999618530273,19.639999389648438,19.64444351196289,19.64444351196289,462150,ZBRA
2001-06-22,20.044443130493164,20.044443130493164,19.11111068725586,19.11111068725586,19.11111068725586,290475,ZBRA
2001-06-25,19.55555534362793,19.933332443237305,18.98666763305664,19.02666664123535,19.02666664123535,290025,ZBRA
2001-06-26,19.106666564941406,19.151111602783203,18.608888626098633,18.786666870117188,18.786666870117188,515700,ZBRA
2001-06-27,18.77777862548828,20.266666412353516,18.76444435119629,19.991111755371094,19.991111755371094,640125,ZBRA
2001-06-28,19.991111755371094,21.44444465637207,19.955556869506836,21.244443893432617,21.244443893432617,462600,ZBRA
2001-06-29,21.377777099609375,23.13777732849121,21.004444122314453,21.831111907958984,21.831111907958984,492750,ZBRA
2001-07-02,21.77777862548828,21.857778549194336,20.933332443237305,20.95111083984375,20.95111083984375,327825,ZBRA
2001-07-03,21.266666412353516,21.382221221923828,21.053333282470703,21.333332061767578,21.333332061767578,234450,ZBRA
2001-07-05,21.44444465637207,21.71555519104004,20.98666763305664,21.351110458374023,21.351110458374023,458775,ZBRA
2001-07-06,20.88888931274414,21.413333892822266,20.666667938232422,20.666667938232422,20.666667938232422,571050,ZBRA
2001-07-09,20.71555519104004,21.280000686645508,20.711111068725586,21.017778396606445,21.017778396606445,414900,ZBRA
2001-07-10,20.9777774810791,21.351110458374023,20.933332443237305,21.004444122314453,21.004444122314453,232875,ZBRA
2001-07-11,20.799999237060547,21.25777816772461,20.360000610351562,20.44444465637207,20.44444465637207,417375,ZBRA
2001-07-12,20.551111221313477,22.066667556762695,20.542221069335938,21.893333435058594,21.893333435058594,500850,ZBRA
2001-07-13,21.511110305786133,21.53333282470703,20.11111068725586,20.133333206176758,20.133333206176758,645750,ZBRA
2001-07-16,20.262222290039062,20.266666412353516,19.333332061767578,19.333332061767578,19.333332061767578,567450,ZBRA
2001-07-17,18.266666412353516,19.195556640625,17.595556259155273,19.08888816833496,19.08888816833496,1610325,ZBRA
2001-07-18,18.822221755981445,18.822221755981445,18.55555534362793,18.733333587646484,18.733333587646484,1230750,ZBRA
2001-07-19,18.844444274902344,19.044443130493164,18.817777633666992,19.017778396606445,19.017778396606445,704925,ZBRA
2001-07-20,17.324443817138672,19.9244441986084,17.133333206176758,19.76444435119629,19.76444435119629,1547325,ZBRA
2001-07-23,19.733333587646484,19.733333587646484,18.88888931274414,19.328889846801758,19.328889846801758,439650,ZBRA
2001-07-24,19.244443893432617,19.488889694213867,19.03555679321289,19.488889694213867,19.488889694213867,580500,ZBRA
2001-07-25,19.11111068725586,19.502222061157227,18.844444274902344,19.497777938842773,19.497777938842773,434475,ZBRA
2001-07-26,19.328889846801758,19.431110382080078,18.77777862548828,18.835556030273438,18.835556030273438,411075,ZBRA
2001-07-27,18.79111099243164,19.63111114501953,18.697778701782227,19.155555725097656,19.155555725097656,472500,ZBRA
2001-07-30,19.07111167907715,19.488889694213867,18.666667938232422,19.08888816833496,19.08888816833496,246150,ZBRA
2001-07-31,19.244443893432617,19.244443893432617,18.77777862548828,18.77777862548828,18.77777862548828,270675,ZBRA
2001-08-01,18.733333587646484,19.98666763305664,18.733333587646484,19.933332443237305,19.933332443237305,830475,ZBRA
2001-08-02,19.98666763305664,20.22222137451172,19.511110305786133,19.600000381469727,19.600000381469727,297450,ZBRA
2001-08-03,19.293333053588867,21.27111053466797,19.040000915527344,21.244443893432617,21.244443893432617,756450,ZBRA
2001-08-06,20.822221755981445,21.08888816833496,20.488889694213867,20.91111183166504,20.91111183166504,379575,ZBRA
2001-08-07,20.955556869506836,21.11111068725586,20.55555534362793,20.933332443237305,20.933332443237305,504900,ZBRA
2001-08-08,20.857778549194336,21.004444122314453,20.835556030273438,20.844444274902344,20.844444274902344,276525,ZBRA
2001-08-09,20.87555694580078,20.933332443237305,20.755556106567383,20.86222267150879,20.86222267150879,313875,ZBRA
2001-08-10,20.768888473510742,20.91111183166504,20.573333740234375,20.91111183166504,20.91111183166504,280125,ZBRA
2001-08-13,20.848888397216797,21.333332061767578,20.760000228881836,21.142221450805664,21.142221450805664,283500,ZBRA
2001-08-14,21.142221450805664,21.44444465637207,21.02666664123535,21.333332061767578,21.333332061767578,205200,ZBRA
2001-08-15,21.244443893432617,21.244443893432617,20.44444465637207,20.711111068725586,20.711111068725586,436725,ZBRA
2001-08-16,20.44444465637207,21.106666564941406,20.11111068725586,20.9777774810791,20.9777774810791,458325,ZBRA
2001-08-17,20.657777786254883,20.906667709350586,20.03555679321289,20.51555633544922,20.51555633544922,240525,ZBRA
2001-08-20,20.542221069335938,21.17333221435547,20.399999618530273,21.008888244628906,21.008888244628906,119250,ZBRA
2001-08-21,20.91111183166504,21.200000762939453,20.244443893432617,20.244443893432617,20.244443893432617,238500,ZBRA
2001-08-22,20.29777717590332,21.30666732788086,20.040000915527344,20.77777862548828,20.77777862548828,157950,ZBRA
2001-08-23,20.733333587646484,21.46666717529297,20.733333587646484,20.9777774810791,20.9777774810791,314775,ZBRA
2001-08-24,20.9777774810791,22.0,20.9777774810791,21.671110153198242,21.671110153198242,356850,ZBRA
2001-08-27,21.69333267211914,22.200000762939453,21.360000610351562,21.893333435058594,21.893333435058594,263025,ZBRA
2001-08-28,21.9022216796875,22.02666664123535,21.22222137451172,21.60444450378418,21.60444450378418,121500,ZBRA
2001-08-29,21.795555114746094,22.017778396606445,21.280000686645508,21.36888885498047,21.36888885498047,344250,ZBRA
2001-08-30,21.200000762939453,21.44444465637207,20.41777801513672,20.866666793823242,20.866666793823242,337725,ZBRA
2001-08-31,20.35555648803711,21.106666564941406,20.11111068725586,20.808889389038086,20.808889389038086,196425,ZBRA
2001-09-04,20.982221603393555,21.07111167907715,20.399999618530273,20.399999618530273,20.399999618530273,423900,ZBRA
2001-09-05,20.44444465637207,20.773332595825195,20.22222137451172,20.239999771118164,20.239999771118164,761625,ZBRA
2001-09-06,20.182222366333008,20.431110382080078,20.0,20.0755558013916,20.0755558013916,159525,ZBRA
2001-09-07,20.017778396606445,20.0755558013916,19.55555534362793,19.657777786254883,19.657777786254883,205200,ZBRA
2001-09-10,19.48444366455078,19.577777862548828,18.9777774810791,19.377777099609375,19.377777099609375,408150,ZBRA
2001-09-17,18.328889846801758,19.64444351196289,18.133333206176758,19.253332138061523,19.253332138061523,455850,ZBRA
2001-09-18,19.155555725097656,19.275556564331055,18.799999237060547,18.995555877685547,18.995555877685547,441450,ZBRA
2001-09-19,19.017778396606445,19.288888931274414,18.155555725097656,18.622222900390625,18.622222900390625,1167075,ZBRA
2001-09-20,18.382221221923828,18.408889770507812,16.39555549621582,17.364444732666016,17.364444732666016,1256850,ZBRA
2001-09-21,16.448888778686523,17.191110610961914,16.29777717590332,16.91111183166504,16.91111183166504,2230875,ZBRA
2001-09-24,17.155555725097656,17.586666107177734,16.91111183166504,17.164443969726562,17.164443969726562,886500,ZBRA
2001-09-25,17.328889846801758,17.431110382080078,16.44444465637207,16.666667938232422,16.666667938232422,696600,ZBRA
2001-09-26,16.688888549804688,16.933332443237305,16.288888931274414,16.551111221313477,16.551111221313477,783900,ZBRA
2001-09-27,16.666667938232422,16.711111068725586,15.622221946716309,16.22222137451172,16.22222137451172,669600,ZBRA
2001-09-28,16.226667404174805,16.808889389038086,16.0222225189209,16.648889541625977,16.648889541625977,650025,ZBRA
2001-10-01,16.626667022705078,16.626667022705078,16.0755558013916,16.44444465637207,16.44444465637207,418725,ZBRA
2001-10-02,16.266666412353516,16.711111068725586,16.066667556762695,16.524444580078125,16.524444580078125,372375,ZBRA
2001-10-03,16.008888244628906,17.542221069335938,16.0,17.382221221923828,17.382221221923828,635625,ZBRA
2001-10-04,17.546667098999023,18.520000457763672,17.333332061767578,18.50666618347168,18.50666618347168,508275,ZBRA
2001-10-05,18.0222225189209,19.066667556762695,17.955556869506836,18.44444465637207,18.44444465637207,837000,ZBRA
2001-10-08,18.324443817138672,18.822221755981445,18.004444122314453,18.102222442626953,18.102222442626953,260775,ZBRA
2001-10-09,18.093332290649414,18.751110076904297,17.755556106567383,18.311111450195312,18.311111450195312,332775,ZBRA
2001-10-10,18.55555534362793,19.04888916015625,17.502222061157227,17.697778701782227,17.697778701782227,933300,ZBRA
2001-10-11,17.866666793823242,18.915555953979492,17.786666870117188,18.546667098999023,18.546667098999023,590850,ZBRA
2001-10-12,18.337778091430664,18.91111183166504,17.639999389648438,18.844444274902344,18.844444274902344,419625,ZBRA
2001-10-15,18.675556182861328,18.959999084472656,17.822221755981445,18.675556182861328,18.675556182861328,415575,ZBRA
2001-10-16,18.982221603393555,19.497777938842773,18.666667938232422,19.0,19.0,493875,ZBRA
2001-10-17,19.248889923095703,19.666667938232422,18.333332061767578,18.808889389038086,18.808889389038086,1465650,ZBRA
2001-10-18,18.857778549194336,19.311111450195312,18.46666717529297,18.666667938232422,18.666667938232422,331875,ZBRA
2001-10-19,18.87555694580078,19.328889846801758,18.551111221313477,18.95111083984375,18.95111083984375,209025,ZBRA
2001-10-22,18.9022216796875,19.333332061767578,18.333332061767578,19.22222137451172,19.22222137451172,1406025,ZBRA
2001-10-23,19.11111068725586,19.11111068725586,18.337778091430664,18.51555633544922,18.51555633544922,1661850,ZBRA
2001-10-24,18.751110076904297,18.77777862548828,18.004444122314453,18.333332061767578,18.333332061767578,1744425,ZBRA
2001-10-25,18.44444465637207,21.626667022705078,18.44444465637207,21.337778091430664,21.337778091430664,3466575,ZBRA
2001-10-26,21.22222137451172,21.55555534362793,20.71555519104004,20.866666793823242,20.866666793823242,1925550,ZBRA
2001-10-29,20.711111068725586,20.91111183166504,20.0,20.053333282470703,20.053333282470703,1645650,ZBRA
2001-10-30,19.9777774810791,20.41777801513672,19.684444427490234,19.808889389038086,19.808889389038086,482175,ZBRA
2001-10-31,19.91111183166504,20.9777774810791,19.906667709350586,20.475555419921875,20.475555419921875,533925,ZBRA
2001-11-01,20.479999542236328,21.666667938232422,20.404443740844727,21.244443893432617,21.244443893432617,432000,ZBRA
2001-11-02,21.066667556762695,21.711111068725586,21.0,21.386667251586914,21.386667251586914,289800,ZBRA
2001-11-05,21.55555534362793,22.066667556762695,21.53333282470703,21.53333282470703,21.53333282470703,344925,ZBRA
2001-11-06,21.488889694213867,22.44444465637207,21.079999923706055,22.44444465637207,22.44444465637207,436725,ZBRA
2001-11-07,22.177778244018555,22.719999313354492,22.066667556762695,22.440000534057617,22.440000534057617,431775,ZBRA
2001-11-08,22.617778778076172,23.64444351196289,22.53333282470703,22.617778778076172,22.617778778076172,550125,ZBRA
2001-11-09,22.46666717529297,22.95111083984375,21.88888931274414,21.88888931274414,21.88888931274414,286650,ZBRA
2001-11-12,21.9022216796875,23.20888900756836,21.786666870117188,22.982221603393555,22.982221603393555,459900,ZBRA
2001-11-13,23.11111068725586,23.737777709960938,22.733333587646484,23.288888931274414,23.288888931274414,634050,ZBRA
2001-11-14,23.20888900756836,23.577777862548828,22.58222198486328,23.040000915527344,23.040000915527344,477225,ZBRA
2001-11-15,22.81333351135254,23.399999618530273,22.81333351135254,23.342222213745117,23.342222213745117,266400,ZBRA
2001-11-16,23.204444885253906,24.093332290649414,23.204444885253906,23.955556869506836,23.955556869506836,462825,ZBRA
2001-11-19,24.044443130493164,24.50666618347168,23.11111068725586,23.591110229492188,23.591110229492188,452475,ZBRA
2001-11-20,23.737777709960938,23.74222183227539,22.88888931274414,23.586666107177734,23.586666107177734,344475,ZBRA
2001-11-21,23.537778854370117,23.64444351196289,22.91111183166504,22.95111083984375,22.95111083984375,274725,ZBRA
2001-11-23,22.93777847290039,23.293333053588867,22.93777847290039,23.11111068725586,23.11111068725586,83475,ZBRA
2001-11-26,23.0222225189209,23.200000762939453,22.46666717529297,22.831111907958984,22.831111907958984,262350,ZBRA
2001-11-27,22.537778854370117,23.23555564880371,22.399999618530273,22.942222595214844,22.942222595214844,190575,ZBRA
2001-11-28,22.857778549194336,22.857778549194336,22.244443893432617,22.30666732788086,22.30666732788086,342900,ZBRA
2001-11-29,22.511110305786133,22.786666870117188,21.55555534362793,22.773332595825195,22.773332595825195,422100,ZBRA
2001-11-30,22.688888549804688,22.968889236450195,22.448888778686523,22.786666870117188,22.786666870117188,561150,ZBRA
2001-12-03,22.671110153198242,22.844444274902344,21.933332443237305,22.29777717590332,22.29777717590332,273375,ZBRA
2001-12-04,22.248889923095703,22.866666793823242,22.244443893432617,22.666667938232422,22.666667938232422,231750,ZBRA
2001-12-05,22.848888397216797,24.244443893432617,22.848888397216797,23.95111083984375,23.95111083984375,464850,ZBRA
2001-12-06,23.844444274902344,24.422222137451172,23.51555633544922,23.64444351196289,23.64444351196289,275625,ZBRA
2001-12-07,23.51555633544922,24.177778244018555,23.399999618530273,23.564443588256836,23.564443588256836,207225,ZBRA
2001-12-10,23.49333381652832,23.88888931274414,23.079999923706055,23.262222290039062,23.262222290039062,166050,ZBRA
2001-12-11,23.337778091430664,23.635555267333984,22.88888931274414,23.253332138061523,23.253332138061523,190350,ZBRA
2001-12-12,23.288888931274414,23.786666870117188,22.91111183166504,23.671110153198242,23.671110153198242,262350,ZBRA
2001-12-13,23.622222900390625,23.622222900390625,22.844444274902344,23.008888244628906,23.008888244628906,245925,ZBRA
2001-12-14,22.848888397216797,23.70222282409668,22.844444274902344,23.0977783203125,23.0977783203125,228825,ZBRA
2001-12-17,23.053333282470703,24.057777404785156,23.03555679321289,23.91111183166504,23.91111183166504,494325,ZBRA
2001-12-18,23.866666793823242,24.53333282470703,23.69333267211914,24.53333282470703,24.53333282470703,347400,ZBRA
2001-12-19,24.04888916015625,24.600000381469727,23.64444351196289,24.462221145629883,24.462221145629883,398700,ZBRA
2001-12-20,24.288888931274414,24.293333053588867,23.360000610351562,23.36888885498047,23.36888885498047,331875,ZBRA
2001-12-21,23.577777862548828,24.9777774810791,23.244443893432617,24.79111099243164,24.79111099243164,624825,ZBRA
2001-12-24,24.666667938232422,24.755556106567383,24.275556564331055,24.479999542236328,24.479999542236328,159075,ZBRA
2001-12-26,24.315555572509766,25.11111068725586,24.177778244018555,24.333332061767578,24.333332061767578,282375,ZBRA
2001-12-27,24.311111450195312,24.671110153198242,24.168888092041016,24.577777862548828,24.577777862548828,234675,ZBRA
2001-12-28,24.479999542236328,24.81333351135254,24.44444465637207,24.688888549804688,24.688888549804688,313425,ZBRA
2001-12-31,24.773332595825195,25.11111068725586,24.511110305786133,24.671110153198242,24.671110153198242,425700,ZBRA
2002-01-02,24.711111068725586,25.200000762939453,24.27111053466797,24.81333351135254,24.81333351135254,539100,ZBRA
2002-01-03,24.706666946411133,25.537778854370117,24.49333381652832,25.435556411743164,25.435556411743164,879075,ZBRA
2002-01-04,25.49333381652832,26.133333206176758,24.755556106567383,26.133333206176758,26.133333206176758,967725,ZBRA
2002-01-07,26.053333282470703,26.057777404785156,25.11111068725586,25.68000030517578,25.68000030517578,867375,ZBRA
2002-01-08,25.688888549804688,25.866666793823242,25.377777099609375,25.799999237060547,25.799999237060547,595350,ZBRA
2002-01-09,25.724443435668945,25.86222267150879,24.360000610351562,24.648889541625977,24.648889541625977,396900,ZBRA
2002-01-10,24.44444465637207,25.360000610351562,24.226667404174805,25.155555725097656,25.155555725097656,114075,ZBRA
2002-01-11,25.328889846801758,25.413333892822266,24.0755558013916,24.302221298217773,24.302221298217773,337950,ZBRA
2002-01-14,24.115556716918945,24.204444885253906,23.746667861938477,23.9022216796875,23.9022216796875,224325,ZBRA
2002-01-15,23.782222747802734,24.404443740844727,23.55555534362793,24.017778396606445,24.017778396606445,156375,ZBRA
2002-01-16,23.88888931274414,23.9777774810791,23.195556640625,23.328889846801758,23.328889846801758,230850,ZBRA
2002-01-17,23.377777099609375,23.955556869506836,23.373332977294922,23.866666793823242,23.866666793823242,383625,ZBRA
2002-01-18,23.782222747802734,23.782222747802734,22.488889694213867,22.991111755371094,22.991111755371094,369000,ZBRA
2002-01-22,22.9777774810791,23.22222137451172,22.63111114501953,23.066667556762695,23.066667556762695,326700,ZBRA
2002-01-23,23.11111068725586,23.115556716918945,22.44444465637207,22.760000228881836,22.760000228881836,614475,ZBRA
2002-01-24,23.004444122314453,23.426666259765625,22.70222282409668,22.795555114746094,22.795555114746094,232200,ZBRA
2002-01-25,22.88888931274414,23.600000381469727,22.782222747802734,23.435556411743164,23.435556411743164,466875,ZBRA
2002-01-28,23.55555534362793,23.711111068725586,22.96444320678711,23.17333221435547,23.17333221435547,853650,ZBRA
2002-01-29,23.164443969726562,23.200000762939453,22.004444122314453,22.41777801513672,22.41777801513672,787725,ZBRA
2002-01-30,22.377777099609375,23.524444580078125,22.177778244018555,23.440000534057617,23.440000534057617,314325,ZBRA
2002-01-31,23.448888778686523,23.946666717529297,23.360000610351562,23.573333740234375,23.573333740234375,235575,ZBRA
2002-02-01,23.559999465942383,24.0,23.08888816833496,23.773332595825195,23.773332595825195,332100,ZBRA
2002-02-04,23.528888702392578,23.528888702392578,22.11111068725586,22.253332138061523,22.253332138061523,486000,ZBRA
2002-02-05,22.226667404174805,23.573333740234375,21.88888931274414,22.737777709960938,22.737777709960938,547425,ZBRA
2002-02-06,22.844444274902344,22.844444274902344,22.008888244628906,22.35555648803711,22.35555648803711,406350,ZBRA
2002-02-07,22.53333282470703,22.65333366394043,22.044443130493164,22.200000762939453,22.200000762939453,204075,ZBRA
2002-02-08,22.226667404174805,22.64444351196289,21.008888244628906,21.617778778076172,21.617778778076172,676350,ZBRA
2002-02-11,21.559999465942383,23.386667251586914,21.559999465942383,23.155555725097656,23.155555725097656,360000,ZBRA
2002-02-12,23.328889846801758,23.382221221923828,22.448888778686523,23.0222225189209,23.0222225189209,285750,ZBRA
2002-02-13,23.11111068725586,23.55555534362793,22.897777557373047,23.551111221313477,23.551111221313477,216450,ZBRA
2002-02-14,23.53333282470703,23.733333587646484,23.0,23.200000762939453,23.200000762939453,363825,ZBRA
2002-02-15,23.266666412353516,23.35555648803711,22.866666793823242,22.915555953979492,22.915555953979492,204525,ZBRA
2002-02-19,23.044443130493164,23.422222137451172,22.69333267211914,22.70222282409668,22.70222282409668,466875,ZBRA
2002-02-20,22.760000228881836,23.084444046020508,22.475555419921875,22.933332443237305,22.933332443237305,484425,ZBRA
2002-02-21,23.01333236694336,23.066667556762695,22.244443893432617,22.244443893432617,22.244443893432617,465750,ZBRA
2002-02-22,22.226667404174805,22.520000457763672,22.0222225189209,22.248889923095703,22.248889923095703,336825,ZBRA
2002-02-25,22.399999618530273,23.11111068725586,22.324443817138672,23.06222152709961,23.06222152709961,218475,ZBRA
2002-02-26,22.804443359375,23.01333236694336,22.422222137451172,22.488889694213867,22.488889694213867,450900,ZBRA
2002-02-27,22.51555633544922,22.968889236450195,22.49333381652832,22.648889541625977,22.648889541625977,169875,ZBRA
2002-02-28,22.639999389648438,23.066667556762695,22.488889694213867,22.884443283081055,22.884443283081055,321075,ZBRA
2002-03-01,22.884443283081055,23.622222900390625,22.808889389038086,23.617778778076172,23.617778778076172,295650,ZBRA
2002-03-04,23.64444351196289,24.53333282470703,23.639999389648438,24.399999618530273,24.399999618530273,239850,ZBRA
2002-03-05,24.488889694213867,24.53333282470703,23.426666259765625,23.622222900390625,23.622222900390625,385650,ZBRA
2002-03-06,23.511110305786133,24.528888702392578,23.479999542236328,24.51555633544922,24.51555633544922,271575,ZBRA
2002-03-07,24.697778701782227,25.31999969482422,24.35555648803711,24.44444465637207,24.44444465637207,604350,ZBRA
2002-03-08,24.51555633544922,25.191110610961914,24.511110305786133,24.857778549194336,24.857778549194336,554850,ZBRA
2002-03-11,24.799999237060547,25.333332061767578,24.755556106567383,25.20888900756836,25.20888900756836,435375,ZBRA
2002-03-12,25.0222225189209,25.248889923095703,24.88888931274414,25.12444305419922,25.12444305419922,189225,ZBRA
2002-03-13,25.1200008392334,25.333332061767578,25.0755558013916,25.266666412353516,25.266666412353516,383625,ZBRA
2002-03-14,25.31999969482422,25.77777862548828,25.13777732849121,25.408889770507812,25.408889770507812,550350,ZBRA
2002-03-15,25.262222290039062,25.422222137451172,24.768888473510742,25.377777099609375,25.377777099609375,448875,ZBRA
2002-03-18,25.573333740234375,25.77777862548828,25.311111450195312,25.471111297607422,25.471111297607422,379350,ZBRA
2002-03-19,25.35555648803711,25.955556869506836,25.35555648803711,25.76444435119629,25.76444435119629,838350,ZBRA
2002-03-20,25.551111221313477,25.71555519104004,25.11111068725586,25.68000030517578,25.68000030517578,166050,ZBRA
2002-03-21,25.426666259765625,26.217777252197266,25.426666259765625,26.01333236694336,26.01333236694336,217125,ZBRA
2002-03-22,26.02666664123535,26.151111602783203,25.288888931274414,25.520000457763672,25.520000457763672,360000,ZBRA
2002-03-25,25.426666259765625,25.528888702392578,24.74222183227539,25.155555725097656,25.155555725097656,429300,ZBRA
2002-03-26,25.040000915527344,25.511110305786133,24.915555953979492,25.057777404785156,25.057777404785156,639675,ZBRA
2002-03-27,25.044443130493164,25.044443130493164,23.151111602783203,23.751110076904297,23.751110076904297,1368000,ZBRA
2002-03-28,23.746667861938477,24.399999618530273,23.746667861938477,24.040000915527344,24.040000915527344,745875,ZBRA
2002-04-01,24.06222152709961,24.600000381469727,23.688888549804688,24.364444732666016,24.364444732666016,277650,ZBRA
2002-04-02,24.27111053466797,24.55555534362793,23.946666717529297,24.231111526489258,24.231111526489258,228375,ZBRA
2002-04-03,24.377777099609375,24.377777099609375,23.41777801513672,23.995555877685547,23.995555877685547,289125,ZBRA
2002-04-04,23.91111183166504,24.031110763549805,23.559999465942383,23.915555953979492,23.915555953979492,238050,ZBRA
2002-04-05,23.915555953979492,24.0222225189209,23.360000610351562,23.422222137451172,23.422222137451172,182250,ZBRA
2002-04-08,23.333332061767578,23.462221145629883,22.893333435058594,23.422222137451172,23.422222137451172,401625,ZBRA
2002-04-09,23.462221145629883,23.511110305786133,23.14666748046875,23.288888931274414,23.288888931274414,216225,ZBRA
2002-04-10,23.35555648803711,23.86222267150879,23.342222213745117,23.69333267211914,23.69333267211914,270225,ZBRA
2002-04-11,23.760000228881836,24.44444465637207,23.68000030517578,23.955556869506836,23.955556869506836,333000,ZBRA
2002-04-12,24.0,24.337778091430664,23.86222267150879,24.231111526489258,24.231111526489258,209475,ZBRA
2002-04-15,24.440000534057617,24.600000381469727,24.14666748046875,24.324443817138672,24.324443817138672,188550,ZBRA
2002-04-16,24.337778091430664,25.0977783203125,24.177778244018555,25.066667556762695,25.066667556762695,346725,ZBRA
2002-04-17,25.11111068725586,25.12444305419922,24.511110305786133,24.55555534362793,24.55555534362793,172800,ZBRA
2002-04-18,24.711111068725586,25.066667556762695,23.88888931274414,25.06222152709961,25.06222152709961,564975,ZBRA
2002-04-19,24.9777774810791,25.946666717529297,24.942222595214844,25.64444351196289,25.64444351196289,938250,ZBRA
2002-04-22,25.666667938232422,25.946666717529297,25.288888931274414,25.46666717529297,25.46666717529297,1138725,ZBRA
2002-04-23,25.333332061767578,25.551111221313477,24.77777862548828,24.95111083984375,24.95111083984375,1417950,ZBRA
2002-04-24,24.8799991607666,25.311111450195312,24.71555519104004,24.74222183227539,24.74222183227539,337950,ZBRA
2002-04-25,24.711111068725586,24.831111907958984,23.866666793823242,23.9777774810791,23.9777774810791,739800,ZBRA
2002-04-26,24.0,24.08888816833496,23.595556259155273,23.657777786254883,23.657777786254883,525825,ZBRA
2002-04-29,23.573333740234375,24.755556106567383,23.55555534362793,24.60444450378418,24.60444450378418,661500,ZBRA
2002-04-30,24.92888832092285,25.18666648864746,24.675556182861328,25.18666648864746,25.18666648864746,668475,ZBRA
2002-05-01,25.195556640625,25.77777862548828,24.711111068725586,25.333332061767578,25.333332061767578,726300,ZBRA
2002-05-02,25.413333892822266,25.799999237060547,25.133333206176758,25.70222282409668,25.70222282409668,543825,ZBRA
2002-05-03,25.76444435119629,25.77777862548828,25.475555419921875,25.77777862548828,25.77777862548828,368100,ZBRA
2002-05-06,25.751110076904297,25.768888473510742,25.399999618530273,25.546667098999023,25.546667098999023,382500,ZBRA
2002-05-07,25.600000381469727,25.64444351196289,25.0,25.06222152709961,25.06222152709961,573300,ZBRA
2002-05-08,25.337778091430664,25.844444274902344,25.155555725097656,25.84000015258789,25.84000015258789,735300,ZBRA
2002-05-09,25.773332595825195,25.808889389038086,25.46666717529297,25.497777938842773,25.497777938842773,706275,ZBRA
2002-05-10,25.711111068725586,25.799999237060547,24.88888931274414,25.084444046020508,25.084444046020508,328500,ZBRA
2002-05-13,25.08888816833496,25.622222900390625,24.84000015258789,25.524444580078125,25.524444580078125,476100,ZBRA
2002-05-14,25.626667022705078,26.399999618530273,25.559999465942383,26.266666412353516,26.266666412353516,1981125,ZBRA
2002-05-15,26.382221221923828,26.733333587646484,26.311111450195312,26.711111068725586,26.711111068725586,1354275,ZBRA
2002-05-16,26.666667938232422,26.719999313354492,26.475555419921875,26.497777938842773,26.497777938842773,574650,ZBRA
2002-05-17,26.479999542236328,26.546667098999023,25.711111068725586,26.031110763549805,26.031110763549805,592200,ZBRA
2002-05-20,25.92888832092285,25.92888832092285,24.991111755371094,25.399999618530273,25.399999618530273,420075,ZBRA
2002-05-21,25.55555534362793,25.622222900390625,24.63111114501953,25.0,25.0,502875,ZBRA
2002-05-22,24.955556869506836,25.377777099609375,24.488889694213867,25.093332290649414,25.093332290649414,411525,ZBRA
2002-05-23,25.031110763549805,25.768888473510742,24.9777774810791,25.733333587646484,25.733333587646484,383400,ZBRA
2002-05-24,25.537778854370117,26.511110305786133,25.53333282470703,25.724443435668945,25.724443435668945,1120500,ZBRA
2002-05-28,25.666667938232422,25.671110153198242,24.9022216796875,25.528888702392578,25.528888702392578,285075,ZBRA
2002-05-29,25.155555725097656,25.657777786254883,25.06222152709961,25.262222290039062,25.262222290039062,325800,ZBRA
2002-05-30,25.475555419921875,25.595556259155273,24.933332443237305,25.568889617919922,25.568889617919922,429075,ZBRA
2002-05-31,25.382221221923828,25.84000015258789,25.377777099609375,25.617778778076172,25.617778778076172,601200,ZBRA
2002-06-03,25.77777862548828,25.77777862548828,24.915555953979492,25.0,25.0,545175,ZBRA
2002-06-04,25.0222225189209,25.364444732666016,24.488889694213867,24.88888931274414,24.88888931274414,361350,ZBRA
2002-06-05,24.737777709960938,25.15999984741211,24.55555534362793,24.946666717529297,24.946666717529297,473625,ZBRA
2002-06-06,24.737777709960938,25.0222225189209,24.155555725097656,24.49333381652832,24.49333381652832,378225,ZBRA
2002-06-07,24.479999542236328,25.239999771118164,23.63111114501953,25.11111068725586,25.11111068725586,840150,ZBRA
2002-06-10,25.11111068725586,25.328889846801758,24.933332443237305,24.933332443237305,24.933332443237305,428175,ZBRA
2002-06-11,25.128889083862305,25.382221221923828,24.244443893432617,24.386667251586914,24.386667251586914,389025,ZBRA
2002-06-12,24.399999618530273,24.626667022705078,23.866666793823242,24.08888816833496,24.08888816833496,544725,ZBRA
2002-06-13,23.88888931274414,24.151111602783203,23.564443588256836,23.724443435668945,23.724443435668945,307800,ZBRA
2002-06-14,23.622222900390625,24.133333206176758,22.95111083984375,23.68000030517578,23.68000030517578,404100,ZBRA
2002-06-17,23.711111068725586,25.079999923706055,23.711111068725586,24.955556869506836,24.955556869506836,488250,ZBRA
2002-06-18,24.822221755981445,25.511110305786133,24.733333587646484,24.87555694580078,24.87555694580078,388350,ZBRA
2002-06-19,24.795555114746094,25.0,24.017778396606445,24.02666664123535,24.02666664123535,343800,ZBRA
2002-06-20,24.0222225189209,24.133333206176758,23.1200008392334,23.36888885498047,23.36888885498047,413325,ZBRA
2002-06-21,23.733333587646484,23.733333587646484,22.96444320678711,23.213333129882812,23.213333129882812,469800,ZBRA
2002-06-24,23.177778244018555,24.706666946411133,23.04888916015625,24.093332290649414,24.093332290649414,723825,ZBRA
2002-06-25,24.07111167907715,24.102222442626953,22.502222061157227,22.70222282409668,22.70222282409668,701325,ZBRA
2002-06-26,22.44444465637207,22.457778930664062,21.639999389648438,22.191110610961914,22.191110610961914,794250,ZBRA
2002-06-27,22.07111167907715,22.408889770507812,21.635555267333984,22.11111068725586,22.11111068725586,773325,ZBRA
2002-06-28,22.164443969726562,22.755556106567383,21.053333282470703,21.431110382080078,21.431110382080078,2158425,ZBRA
2002-07-01,21.573333740234375,21.844444274902344,21.0222225189209,21.155555725097656,21.155555725097656,737325,ZBRA
2002-07-02,21.328889846801758,21.328889846801758,20.448888778686523,20.733333587646484,20.733333587646484,767250,ZBRA
2002-07-03,20.626667022705078,21.07111167907715,20.559999465942383,20.915555953979492,20.915555953979492,318600,ZBRA
2002-07-05,20.97333335876465,21.9777774810791,20.97333335876465,21.95111083984375,21.95111083984375,151200,ZBRA
2002-07-08,21.77777862548828,22.475555419921875,21.600000381469727,22.311111450195312,22.311111450195312,634050,ZBRA
2002-07-09,22.15999984741211,22.85333251953125,21.915555953979492,21.92888832092285,21.92888832092285,489150,ZBRA
2002-07-10,21.92888832092285,22.328889846801758,21.333332061767578,21.41777801513672,21.41777801513672,312750,ZBRA
2002-07-11,21.293333053588867,21.737777709960938,21.11111068725586,21.600000381469727,21.600000381469727,264375,ZBRA
2002-07-12,21.55555534362793,21.995555877685547,21.13777732849121,21.18666648864746,21.18666648864746,355500,ZBRA
2002-07-15,21.13777732849121,21.58222198486328,21.133333206176758,21.41777801513672,21.41777801513672,392625,ZBRA
2002-07-16,21.41777801513672,22.0,21.22222137451172,21.69333267211914,21.69333267211914,506250,ZBRA
2002-07-17,21.55555534362793,22.133333206176758,21.46666717529297,21.746667861938477,21.746667861938477,406350,ZBRA
2002-07-18,21.55555534362793,22.040000915527344,21.55555534362793,21.671110153198242,21.671110153198242,269100,ZBRA
2002-07-19,21.608888626098633,22.053333282470703,21.382221221923828,21.497777938842773,21.497777938842773,740475,ZBRA
2002-07-22,21.440000534057617,21.79111099243164,21.342222213745117,21.51555633544922,21.51555633544922,563400,ZBRA
2002-07-23,21.77777862548828,21.782222747802734,20.77777862548828,20.782222747802734,20.782222747802734,749025,ZBRA
2002-07-24,20.551111221313477,20.95111083984375,20.053333282470703,20.9022216796875,20.9022216796875,875700,ZBRA
2002-07-25,20.844444274902344,21.399999618530273,20.666667938232422,21.22222137451172,21.22222137451172,836100,ZBRA
2002-07-26,21.399999618530273,21.69333267211914,21.0222225189209,21.244443893432617,21.244443893432617,484875,ZBRA
2002-07-29,21.337778091430664,23.244443893432617,21.200000762939453,23.106666564941406,23.106666564941406,1021950,ZBRA
2002-07-30,23.11111068725586,23.302221298217773,22.440000534057617,22.955556869506836,22.955556869506836,528300,ZBRA
2002-07-31,22.76444435119629,22.844444274902344,22.04888916015625,22.431110382080078,22.431110382080078,658350,ZBRA
2002-08-01,22.266666412353516,22.648889541625977,22.22222137451172,22.511110305786133,22.511110305786133,386100,ZBRA
2002-08-02,22.328889846801758,22.328889846801758,22.066667556762695,22.266666412353516,22.266666412353516,315225,ZBRA
2002-08-05,22.02666664123535,22.248889923095703,21.462221145629883,21.64444351196289,21.64444351196289,490950,ZBRA
2002-08-06,21.768888473510742,22.577777862548828,21.471111297607422,22.41777801513672,22.41777801513672,483975,ZBRA
2002-08-07,22.35555648803711,22.835556030273438,21.711111068725586,22.22222137451172,22.22222137451172,545625,ZBRA
2002-08-08,22.22222137451172,23.066667556762695,21.91111183166504,22.782222747802734,22.782222747802734,410850,ZBRA
2002-08-09,22.773332595825195,22.866666793823242,22.377777099609375,22.591110229492188,22.591110229492188,401625,ZBRA
2002-08-12,22.44444465637207,23.07111167907715,22.44444465637207,22.795555114746094,22.795555114746094,391275,ZBRA
2002-08-13,22.782222747802734,23.377777099609375,22.622222900390625,22.942222595214844,22.942222595214844,403200,ZBRA
2002-08-14,22.91111183166504,23.528888702392578,22.866666793823242,23.528888702392578,23.528888702392578,350550,ZBRA
2002-08-15,23.217777252197266,24.34666633605957,23.217777252197266,24.128889083862305,24.128889083862305,425250,ZBRA
2002-08-16,24.031110763549805,24.48444366455078,23.8799991607666,24.34666633605957,24.34666633605957,258975,ZBRA
2002-08-19,24.288888931274414,25.102222442626953,24.288888931274414,24.893333435058594,24.893333435058594,175275,ZBRA
2002-08-20,24.866666793823242,25.164443969726562,24.266666412353516,24.995555877685547,24.995555877685547,366525,ZBRA
2002-08-21,24.933332443237305,25.46666717529297,24.69333267211914,25.36888885498047,25.36888885498047,384300,ZBRA
2002-08-22,25.48444366455078,25.751110076904297,25.0,25.64444351196289,25.64444351196289,362475,ZBRA
2002-08-23,25.511110305786133,25.511110305786133,24.577777862548828,24.955556869506836,24.955556869506836,279450,ZBRA
2002-08-26,24.782222747802734,24.866666793823242,24.057777404785156,24.595556259155273,24.595556259155273,260775,ZBRA
2002-08-27,24.773332595825195,24.77777862548828,23.915555953979492,24.244443893432617,24.244443893432617,344475,ZBRA
2002-08-28,24.244443893432617,24.244443893432617,23.364444732666016,23.546667098999023,23.546667098999023,380700,ZBRA
2002-08-29,23.44444465637207,24.77777862548828,23.288888931274414,24.50666618347168,24.50666618347168,493875,ZBRA
2002-08-30,24.44444465637207,24.617778778076172,24.1200008392334,24.13777732849121,24.13777732849121,184275,ZBRA
2002-09-03,24.11111068725586,24.426666259765625,23.85333251953125,24.0222225189209,24.0222225189209,371700,ZBRA
2002-09-04,24.11111068725586,24.11111068725586,23.382221221923828,23.46666717529297,23.46666717529297,386325,ZBRA
2002-09-05,23.46666717529297,23.755556106567383,23.200000762939453,23.253332138061523,23.253332138061523,507825,ZBRA
2002-09-06,23.25777816772461,23.9244441986084,23.18666648864746,23.44444465637207,23.44444465637207,206775,ZBRA
2002-09-09,23.49333381652832,23.933332443237305,23.128889083862305,23.737777709960938,23.737777709960938,301950,ZBRA
2002-09-10,23.955556869506836,24.262222290039062,23.77777862548828,23.991111755371094,23.991111755371094,329625,ZBRA
2002-09-11,23.871110916137695,24.564443588256836,23.871110916137695,24.413333892822266,24.413333892822266,328950,ZBRA
2002-09-12,24.391111373901367,24.60444450378418,23.959999084472656,24.280000686645508,24.280000686645508,252675,ZBRA
2002-09-13,24.17333221435547,24.573333740234375,23.871110916137695,24.195556640625,24.195556640625,293175,ZBRA
2002-09-16,24.0,24.244443893432617,23.773332595825195,23.848888397216797,23.848888397216797,185850,ZBRA
2002-09-17,23.866666793823242,24.093332290649414,23.768888473510742,23.835556030273438,23.835556030273438,308025,ZBRA
2002-09-18,23.88888931274414,23.88888931274414,23.28444480895996,23.44444465637207,23.44444465637207,244800,ZBRA
2002-09-19,23.399999618530273,23.639999389648438,23.14666748046875,23.399999618530273,23.399999618530273,312975,ZBRA
2002-09-20,23.386667251586914,23.586666107177734,23.177778244018555,23.382221221923828,23.382221221923828,288000,ZBRA
2002-09-23,23.168888092041016,23.44444465637207,23.11111068725586,23.377777099609375,23.377777099609375,356400,ZBRA
2002-09-24,23.27111053466797,23.768888473510742,22.786666870117188,22.915555953979492,22.915555953979492,357750,ZBRA
2002-09-25,22.942222595214844,23.991111755371094,22.942222595214844,23.91111183166504,23.91111183166504,409050,ZBRA
2002-09-26,23.91111183166504,23.91111183166504,23.377777099609375,23.88888931274414,23.88888931274414,217575,ZBRA
2002-09-27,23.906667709350586,23.91111183166504,23.586666107177734,23.671110153198242,23.671110153198242,429075,ZBRA
2002-09-30,23.60444450378418,23.68000030517578,23.275556564331055,23.41777801513672,23.41777801513672,561375,ZBRA
2002-10-01,23.399999618530273,24.77777862548828,23.315555572509766,24.711111068725586,24.711111068725586,476550,ZBRA
2002-10-02,24.568889617919922,25.20888900756836,24.475555419921875,24.688888549804688,24.688888549804688,675225,ZBRA
2002-10-03,24.768888473510742,25.044443130493164,24.39555549621582,24.617778778076172,24.617778778076172,402525,ZBRA
2002-10-04,24.511110305786133,24.511110305786133,23.77777862548828,23.857778549194336,23.857778549194336,392400,ZBRA
2002-10-07,23.85333251953125,23.85333251953125,22.82666778564453,22.915555953979492,22.915555953979492,399375,ZBRA
2002-10-08,22.844444274902344,23.06222152709961,21.55555534362793,22.22222137451172,22.22222137451172,1107900,ZBRA
2002-10-09,22.373332977294922,22.53333282470703,21.684444427490234,21.86222267150879,21.86222267150879,462375,ZBRA
2002-10-10,21.68000030517578,22.617778778076172,21.68000030517578,22.422222137451172,22.422222137451172,404325,ZBRA
2002-10-11,22.475555419921875,24.044443130493164,22.475555419921875,23.02666664123535,23.02666664123535,450225,ZBRA
2002-10-14,22.933332443237305,23.066667556762695,22.586666107177734,22.68000030517578,22.68000030517578,349875,ZBRA
2002-10-15,22.822221755981445,23.360000610351562,22.782222747802734,23.0,23.0,911250,ZBRA
2002-10-16,22.866666793823242,22.906667709350586,22.55555534362793,22.577777862548828,22.577777862548828,281700,ZBRA
2002-10-17,22.639999389648438,22.995555877685547,22.315555572509766,22.351110458374023,22.351110458374023,502650,ZBRA
2002-10-18,22.782222747802734,26.0,22.77777862548828,25.81333351135254,25.81333351135254,2732400,ZBRA
2002-10-21,25.511110305786133,27.85333251953125,25.182222366333008,27.77777862548828,27.77777862548828,1885950,ZBRA
2002-10-22,27.333332061767578,27.799999237060547,26.08888816833496,26.666667938232422,26.666667938232422,1796175,ZBRA
2002-10-23,26.311111450195312,26.848888397216797,25.671110153198242,26.404443740844727,26.404443740844727,1534500,ZBRA
2002-10-24,26.50666618347168,26.866666793823242,26.23555564880371,26.711111068725586,26.711111068725586,952650,ZBRA
2002-10-25,26.666667938232422,27.079999923706055,26.600000381469727,26.95111083984375,26.95111083984375,758475,ZBRA
2002-10-28,26.933332443237305,27.64444351196289,26.91111183166504,27.577777862548828,27.577777862548828,762750,ZBRA
2002-10-29,27.377777099609375,27.573333740234375,26.688888549804688,27.373332977294922,27.373332977294922,1580175,ZBRA
2002-10-30,27.333332061767578,27.804443359375,27.200000762939453,27.600000381469727,27.600000381469727,1539000,ZBRA
2002-10-31,27.55555534362793,27.626667022705078,27.20888900756836,27.342222213745117,27.342222213745117,1148400,ZBRA
2002-11-01,27.41777801513672,27.991111755371094,26.893333435058594,27.799999237060547,27.799999237060547,1342125,ZBRA
2002-11-04,28.0,28.404443740844727,27.373332977294922,28.017778396606445,28.017778396606445,904050,ZBRA
2002-11-05,28.377777099609375,28.60444450378418,27.91111183166504,28.453332901000977,28.453332901000977,732375,ZBRA
2002-11-06,28.46666717529297,28.46666717529297,27.857778549194336,27.93777847290039,27.93777847290039,1044900,ZBRA
2002-11-07,27.871110916137695,28.431110382080078,27.399999618530273,28.044443130493164,28.044443130493164,635175,ZBRA
2002-11-08,27.933332443237305,28.164443969726562,27.15999984741211,27.18666648864746,27.18666648864746,696825,ZBRA
2002-11-11,27.177778244018555,27.182222366333008,26.177778244018555,26.18666648864746,26.18666648864746,506025,ZBRA
2002-11-12,26.217777252197266,27.266666412353516,26.084444046020508,26.866666793823242,26.866666793823242,985050,ZBRA
2002-11-13,26.866666793823242,27.760000228881836,26.666667938232422,27.520000457763672,27.520000457763672,740925,ZBRA
2002-11-14,27.55555534362793,28.253332138061523,27.551111221313477,28.0222225189209,28.0222225189209,1404675,ZBRA
2002-11-15,28.133333206176758,28.25777816772461,27.688888549804688,28.182222366333008,28.182222366333008,597600,ZBRA
2002-11-18,28.177778244018555,28.248889923095703,27.391111373901367,27.551111221313477,27.551111221313477,571725,ZBRA
2002-11-19,27.546667098999023,27.635555267333984,26.719999313354492,27.48444366455078,27.48444366455078,834075,ZBRA
2002-11-20,27.35555648803711,28.995555877685547,27.217777252197266,28.799999237060547,28.799999237060547,1038375,ZBRA
2002-11-21,28.69333267211914,30.488889694213867,28.666667938232422,29.76444435119629,29.76444435119629,2113650,ZBRA
2002-11-22,29.617778778076172,29.760000228881836,28.773332595825195,29.29777717590332,29.29777717590332,618975,ZBRA
2002-11-25,29.04888916015625,29.382221221923828,28.542221069335938,29.213333129882812,29.213333129882812,649125,ZBRA
2002-11-26,29.328889846801758,29.328889846801758,28.22222137451172,28.435556411743164,28.435556411743164,416925,ZBRA
2002-11-27,28.440000534057617,29.22222137451172,27.77777862548828,28.639999389648438,28.639999389648438,864225,ZBRA
2002-11-29,28.666667938232422,29.106666564941406,28.377777099609375,28.542221069335938,28.542221069335938,241650,ZBRA
2002-12-02,28.635555267333984,29.333332061767578,28.617778778076172,29.0755558013916,29.0755558013916,857700,ZBRA
2002-12-03,28.991111755371094,29.182222366333008,28.666667938232422,28.786666870117188,28.786666870117188,355500,ZBRA
2002-12-04,28.706666946411133,28.84000015258789,27.600000381469727,27.666667938232422,27.666667938232422,829125,ZBRA
2002-12-05,27.608888626098633,27.684444427490234,26.831111907958984,27.217777252197266,27.217777252197266,530325,ZBRA
2002-12-06,27.13777732849121,27.86222267150879,27.0222225189209,27.608888626098633,27.608888626098633,370800,ZBRA
2002-12-09,27.377777099609375,27.502222061157227,26.333332061767578,26.657777786254883,26.657777786254883,614025,ZBRA
2002-12-10,26.746667861938477,27.613332748413086,26.55555534362793,27.613332748413086,27.613332748413086,704025,ZBRA
2002-12-11,27.44444465637207,27.84000015258789,26.88888931274414,27.746667861938477,27.746667861938477,536400,ZBRA
2002-12-12,27.55555534362793,27.77777862548828,27.44444465637207,27.64444351196289,27.64444351196289,462825,ZBRA
2002-12-13,27.391111373901367,27.551111221313477,26.9777774810791,27.13777732849121,27.13777732849121,495900,ZBRA
2002-12-16,27.151111602783203,27.915555953979492,26.44444465637207,27.82666778564453,27.82666778564453,734850,ZBRA
2002-12-17,27.804443359375,28.177778244018555,27.155555725097656,27.28444480895996,27.28444480895996,442800,ZBRA
2002-12-18,27.239999771118164,27.253332138061523,25.844444274902344,26.293333053588867,26.293333053588867,727650,ZBRA
2002-12-19,26.288888931274414,26.844444274902344,22.48444366455078,24.293333053588867,24.293333053588867,4844025,ZBRA
2002-12-20,24.600000381469727,25.9777774810791,24.44444465637207,25.617778778076172,25.617778778076172,1818900,ZBRA
2002-12-23,25.511110305786133,25.53333282470703,23.86222267150879,24.133333206176758,24.133333206176758,1370700,ZBRA
2002-12-24,24.0755558013916,24.639999389648438,23.831111907958984,24.39555549621582,24.39555549621582,718875,ZBRA
2002-12-26,24.057777404785156,25.217777252197266,24.053333282470703,25.079999923706055,25.079999923706055,690525,ZBRA
2002-12-27,24.87555694580078,25.53333282470703,24.77777862548828,25.333332061767578,25.333332061767578,811350,ZBRA
2002-12-30,25.41777801513672,25.51555633544922,24.866666793823242,25.142221450805664,25.142221450805664,974475,ZBRA
2002-12-31,24.96444320678711,25.86222267150879,24.866666793823242,25.46666717529297,25.46666717529297,863325,ZBRA
2003-01-02,25.63111114501953,26.13777732849121,25.404443740844727,26.08888816833496,26.08888816833496,800550,ZBRA
2003-01-03,26.44444465637207,26.799999237060547,26.177778244018555,26.44444465637207,26.44444465637207,924525,ZBRA
2003-01-06,26.524444580078125,27.11111068725586,26.093332290649414,26.760000228881836,26.760000228881836,933750,ZBRA
2003-01-07,26.733333587646484,27.040000915527344,26.262222290039062,26.377777099609375,26.377777099609375,982125,ZBRA
2003-01-08,26.302221298217773,26.351110458374023,25.328889846801758,25.475555419921875,25.475555419921875,1422675,ZBRA
2003-01-09,25.537778854370117,26.177778244018555,25.44444465637207,25.991111755371094,25.991111755371094,892350,ZBRA
2003-01-10,25.933332443237305,26.217777252197266,25.53333282470703,26.08888816833496,26.08888816833496,822825,ZBRA
2003-01-13,26.142221450805664,26.18666648864746,25.497777938842773,25.799999237060547,25.799999237060547,1116450,ZBRA
2003-01-14,25.697778701782227,25.711111068725586,25.11111068725586,25.591110229492188,25.591110229492188,943875,ZBRA
2003-01-15,25.622222900390625,25.98666763305664,25.11111068725586,25.884443283081055,25.884443283081055,803250,ZBRA
2003-01-16,26.0,26.217777252197266,25.488889694213867,25.751110076904297,25.751110076904297,765900,ZBRA
2003-01-17,25.48444366455078,25.724443435668945,25.337778091430664,25.64444351196289,25.64444351196289,644850,ZBRA
2003-01-21,25.86222267150879,25.91111183166504,25.0,25.35555648803711,25.35555648803711,828225,ZBRA
2003-01-22,25.231111526489258,25.479999542236328,24.959999084472656,24.9777774810791,24.9777774810791,600750,ZBRA
2003-01-23,25.128889083862305,25.542221069335938,24.711111068725586,25.426666259765625,25.426666259765625,620325,ZBRA
2003-01-24,25.337778091430664,25.404443740844727,24.48444366455078,25.044443130493164,25.044443130493164,941400,ZBRA
2003-01-27,24.577777862548828,24.76444435119629,24.164443969726562,24.20888900756836,24.20888900756836,468450,ZBRA
2003-01-28,24.333332061767578,24.600000381469727,24.040000915527344,24.440000534057617,24.440000534057617,492300,ZBRA
2003-01-29,24.275556564331055,24.50666618347168,23.91111183166504,24.262222290039062,24.262222290039062,670275,ZBRA
2003-01-30,24.30666732788086,24.44444465637207,23.93777847290039,24.115556716918945,24.115556716918945,801450,ZBRA
2003-01-31,24.14666748046875,24.884443283081055,24.0,24.82666778564453,24.82666778564453,795600,ZBRA
2003-02-03,25.0222225189209,25.49333381652832,25.0222225189209,25.422222137451172,25.422222137451172,821025,ZBRA
2003-02-04,25.217777252197266,25.55555534362793,25.11111068725586,25.488889694213867,25.488889694213867,604350,ZBRA
2003-02-05,25.377777099609375,25.600000381469727,24.666667938232422,25.435556411743164,25.435556411743164,640575,ZBRA
2003-02-06,25.333332061767578,25.41777801513672,25.0755558013916,25.399999618530273,25.399999618530273,392400,ZBRA
2003-02-07,25.475555419921875,25.479999542236328,24.46666717529297,24.639999389648438,24.639999389648438,773325,ZBRA
2003-02-10,24.666667938232422,24.897777557373047,24.35555648803711,24.622222900390625,24.622222900390625,465525,ZBRA
2003-02-11,24.795555114746094,25.311111450195312,24.71555519104004,25.226667404174805,25.226667404174805,686250,ZBRA
2003-02-12,24.746667861938477,25.920000076293945,24.55555534362793,25.711111068725586,25.711111068725586,1068975,ZBRA
2003-02-13,25.733333587646484,26.0222225189209,25.51555633544922,25.933332443237305,25.933332443237305,724725,ZBRA
2003-02-14,25.69333267211914,26.35555648803711,25.55555534362793,26.311111450195312,26.311111450195312,586800,ZBRA
2003-02-18,26.253332138061523,26.733333587646484,26.13777732849121,26.662221908569336,26.662221908569336,541800,ZBRA
2003-02-19,26.559999465942383,27.0,26.559999465942383,26.648889541625977,26.648889541625977,982575,ZBRA
2003-02-20,26.577777862548828,26.64444351196289,26.315555572509766,26.577777862548828,26.577777862548828,531000,ZBRA
2003-02-21,26.497777938842773,27.244443893432617,26.41777801513672,27.200000762939453,27.200000762939453,654975,ZBRA
2003-02-24,27.008888244628906,27.182222366333008,26.711111068725586,26.95111083984375,26.95111083984375,699975,ZBRA
2003-02-25,26.9777774810791,27.600000381469727,26.55555534362793,27.559999465942383,27.559999465942383,736650,ZBRA
2003-02-26,27.475555419921875,27.751110076904297,27.25777816772461,27.528888702392578,27.528888702392578,913725,ZBRA
2003-02-27,27.55555534362793,27.822221755981445,27.46666717529297,27.657777786254883,27.657777786254883,726300,ZBRA
2003-02-28,27.657777786254883,28.17333221435547,27.60444450378418,28.03555679321289,28.03555679321289,565875,ZBRA
2003-03-03,28.04888916015625,28.511110305786133,27.520000457763672,27.577777862548828,27.577777862548828,1215675,ZBRA
2003-03-04,27.453332901000977,27.50666618347168,26.404443740844727,26.82666778564453,26.82666778564453,1423125,ZBRA
2003-03-05,26.719999313354492,27.288888931274414,26.719999313354492,27.0755558013916,27.0755558013916,697725,ZBRA
2003-03-06,27.115556716918945,27.248889923095703,26.942222595214844,27.102222442626953,27.102222442626953,712575,ZBRA
2003-03-07,26.795555114746094,27.462221145629883,26.795555114746094,27.448888778686523,27.448888778686523,779850,ZBRA
2003-03-10,27.328889846801758,27.48444366455078,27.0,27.044443130493164,27.044443130493164,666450,ZBRA
2003-03-11,27.004444122314453,27.044443130493164,26.488889694213867,26.724443435668945,26.724443435668945,689175,ZBRA
2003-03-12,26.657777786254883,26.82666778564453,26.497777938842773,26.733333587646484,26.733333587646484,658575,ZBRA
2003-03-13,26.808889389038086,27.448888778686523,26.77777862548828,27.448888778686523,27.448888778686523,895725,ZBRA
2003-03-14,27.462221145629883,28.03555679321289,27.324443817138672,27.577777862548828,27.577777862548828,1156950,ZBRA
2003-03-17,27.448888778686523,28.479999542236328,27.44444465637207,28.311111450195312,28.311111450195312,614475,ZBRA
2003-03-18,28.266666412353516,28.302221298217773,27.97333335876465,28.280000686645508,28.280000686645508,1205775,ZBRA
2003-03-19,28.0,28.315555572509766,27.942222595214844,28.266666412353516,28.266666412353516,724950,ZBRA
2003-03-20,28.13777732849121,28.719999313354492,28.11111068725586,28.639999389648438,28.639999389648438,510525,ZBRA
2003-03-21,28.72888946533203,28.995555877685547,28.600000381469727,28.866666793823242,28.866666793823242,711675,ZBRA
2003-03-24,28.697778701782227,28.697778701782227,27.697778701782227,27.831111907958984,27.831111907958984,1263150,ZBRA
2003-03-25,27.884443283081055,28.102222442626953,27.835556030273438,28.0755558013916,28.0755558013916,600750,ZBRA
2003-03-26,28.0755558013916,28.315555572509766,27.768888473510742,27.82666778564453,27.82666778564453,717525,ZBRA
2003-03-27,27.77777862548828,27.848888397216797,27.408889770507812,27.68000030517578,27.68000030517578,481950,ZBRA
2003-03-28,27.70222282409668,28.77777862548828,27.675556182861328,28.77777862548828,28.77777862548828,896175,ZBRA
2003-03-31,28.564443588256836,28.755556106567383,28.311111450195312,28.622222900390625,28.622222900390625,687150,ZBRA
2003-04-01,28.488889694213867,28.906667709350586,28.488889694213867,28.8799991607666,28.8799991607666,1001025,ZBRA
2003-04-02,28.88888931274414,29.11111068725586,28.0,28.537778854370117,28.537778854370117,1831050,ZBRA
2003-04-03,28.559999465942383,28.622222900390625,27.795555114746094,28.25777816772461,28.25777816772461,882450,ZBRA
2003-04-04,28.22222137451172,28.35555648803711,26.946666717529297,27.017778396606445,27.017778396606445,1473975,ZBRA
2003-04-07,27.11111068725586,27.35555648803711,26.266666412353516,26.36888885498047,26.36888885498047,1868625,ZBRA
2003-04-08,26.479999542236328,26.524444580078125,25.55555534362793,26.053333282470703,26.053333282470703,1060650,ZBRA
2003-04-09,26.053333282470703,26.351110458374023,25.666667938232422,26.155555725097656,26.155555725097656,1019475,ZBRA
2003-04-10,26.435556411743164,26.577777862548828,25.737777709960938,26.217777252197266,26.217777252197266,640350,ZBRA
2003-04-11,26.724443435668945,27.817777633666992,26.666667938232422,27.377777099609375,27.377777099609375,2198250,ZBRA
2003-04-14,27.302221298217773,28.30666732788086,26.9244441986084,28.22222137451172,28.22222137451172,802800,ZBRA
2003-04-15,28.280000686645508,28.617778778076172,27.98666763305664,28.49333381652832,28.49333381652832,613800,ZBRA
2003-04-16,28.622222900390625,28.65333366394043,28.106666564941406,28.280000686645508,28.280000686645508,455175,ZBRA
2003-04-17,28.844444274902344,29.253332138061523,28.77777862548828,29.06222152709961,29.06222152709961,1605375,ZBRA
2003-04-21,28.955556869506836,29.84000015258789,28.884443283081055,29.613332748413086,29.613332748413086,1044675,ZBRA
2003-04-22,29.60444450378418,29.982221603393555,29.382221221923828,29.773332595825195,29.773332595825195,753525,ZBRA
2003-04-23,29.96444320678711,30.302221298217773,29.58222198486328,30.13777732849121,30.13777732849121,586125,ZBRA
2003-04-24,29.63111114501953,30.04888916015625,29.55555534362793,29.98666763305664,29.98666763305664,833850,ZBRA
2003-04-25,29.933332443237305,29.942222595214844,29.666667938232422,29.760000228881836,29.760000228881836,701775,ZBRA
2003-04-28,29.77777862548828,29.799999237060547,29.53333282470703,29.68000030517578,29.68000030517578,357525,ZBRA
2003-04-29,29.600000381469727,29.795555114746094,29.511110305786133,29.684444427490234,29.684444427490234,409950,ZBRA
2003-04-30,29.942222595214844,29.942222595214844,29.413333892822266,29.63111114501953,29.63111114501953,308250,ZBRA
2003-05-01,29.706666946411133,29.755556106567383,29.25777816772461,29.53333282470703,29.53333282470703,390825,ZBRA
2003-05-02,29.595556259155273,30.28444480895996,29.55555534362793,30.102222442626953,30.102222442626953,229725,ZBRA
2003-05-05,30.151111602783203,30.25777816772461,29.955556869506836,30.155555725097656,30.155555725097656,447975,ZBRA
2003-05-06,30.14666748046875,30.87555694580078,30.11111068725586,30.733333587646484,30.733333587646484,1137375,ZBRA
2003-05-07,30.822221755981445,30.822221755981445,30.151111602783203,30.36888885498047,30.36888885498047,784800,ZBRA
2003-05-08,30.0,30.08888816833496,29.275556564331055,29.613332748413086,29.613332748413086,755325,ZBRA
2003-05-09,29.55555534362793,29.884443283081055,29.377777099609375,29.55555534362793,29.55555534362793,568350,ZBRA
2003-05-12,29.55555534362793,29.804443359375,29.244443893432617,29.311111450195312,29.311111450195312,1056825,ZBRA
2003-05-13,29.244443893432617,29.422222137451172,29.13777732849121,29.239999771118164,29.239999771118164,676125,ZBRA
2003-05-14,29.280000686645508,29.422222137451172,28.915555953979492,28.93777847290039,28.93777847290039,695475,ZBRA
2003-05-15,28.9244441986084,29.02666664123535,28.617778778076172,28.9777774810791,28.9777774810791,715725,ZBRA
2003-05-16,29.017778396606445,29.799999237060547,28.688888549804688,29.79111099243164,29.79111099243164,840600,ZBRA
2003-05-19,29.69333267211914,29.697778701782227,29.23555564880371,29.422222137451172,29.422222137451172,564975,ZBRA
2003-05-20,29.426666259765625,29.55555534362793,29.191110610961914,29.44444465637207,29.44444465637207,430875,ZBRA
2003-05-21,29.373332977294922,29.55555534362793,29.06222152709961,29.333332061767578,29.333332061767578,376650,ZBRA
2003-05-22,29.302221298217773,29.755556106567383,29.11111068725586,29.577777862548828,29.577777862548828,353475,ZBRA
2003-05-23,29.46666717529297,29.684444427490234,29.266666412353516,29.39555549621582,29.39555549621582,344475,ZBRA
2003-05-27,29.399999618530273,30.360000610351562,29.25777816772461,30.28444480895996,30.28444480895996,356400,ZBRA
2003-05-28,30.288888931274414,30.799999237060547,30.288888931274414,30.733333587646484,30.733333587646484,586350,ZBRA
2003-05-29,30.786666870117188,31.426666259765625,30.657777786254883,31.351110458374023,31.351110458374023,1329975,ZBRA
2003-05-30,31.239999771118164,32.56888961791992,31.239999771118164,32.43111038208008,32.43111038208008,1386900,ZBRA
2003-06-02,32.35555648803711,32.813331604003906,32.27111053466797,32.622222900390625,32.622222900390625,1022175,ZBRA
2003-06-03,32.20000076293945,32.7511100769043,32.20000076293945,32.68888854980469,32.68888854980469,682425,ZBRA
2003-06-04,32.61333465576172,32.72888946533203,31.848888397216797,32.0444450378418,32.0444450378418,1343700,ZBRA
2003-06-05,31.95111083984375,32.106666564941406,31.733333587646484,31.995555877685547,31.995555877685547,742500,ZBRA
2003-06-06,31.81333351135254,32.55555725097656,31.666667938232422,31.666667938232422,31.666667938232422,894150,ZBRA
2003-06-09,31.675556182861328,31.74222183227539,31.017778396606445,31.377777099609375,31.377777099609375,567000,ZBRA
2003-06-10,31.288888931274414,31.96444320678711,31.288888931274414,31.733333587646484,31.733333587646484,441900,ZBRA
2003-06-11,31.591110229492188,32.16444396972656,31.591110229492188,32.0,32.0,841725,ZBRA
2003-06-12,31.959999084472656,34.622222900390625,31.9244441986084,33.186668395996094,33.186668395996094,2035800,ZBRA
2003-06-13,33.01777648925781,33.911109924316406,33.008888244628906,33.59555435180664,33.59555435180664,465750,ZBRA
2003-06-16,33.551109313964844,33.55555725097656,32.80888748168945,33.186668395996094,33.186668395996094,1090575,ZBRA
2003-06-17,32.88888931274414,34.106666564941406,32.87111282348633,34.03555679321289,34.03555679321289,569025,ZBRA
2003-06-18,33.746665954589844,34.0444450378418,33.502220153808594,33.66222381591797,33.66222381591797,844650,ZBRA
2003-06-19,33.64444351196289,33.7599983215332,33.35555648803711,33.502220153808594,33.502220153808594,750600,ZBRA
2003-06-20,33.33333206176758,33.53333282470703,32.804443359375,32.98666763305664,32.98666763305664,680175,ZBRA
2003-06-23,33.155555725097656,33.155555725097656,32.400001525878906,32.488887786865234,32.488887786865234,633150,ZBRA
2003-06-24,32.61333465576172,32.61333465576172,32.186668395996094,32.302223205566406,32.302223205566406,510750,ZBRA
2003-06-25,32.168888092041016,32.893333435058594,32.168888092041016,32.62666702270508,32.62666702270508,870300,ZBRA
2003-06-26,32.79999923706055,33.31999969482422,32.560001373291016,33.040000915527344,33.040000915527344,1164825,ZBRA
2003-06-27,33.17777633666992,33.75555419921875,33.137779235839844,33.391109466552734,33.391109466552734,1889550,ZBRA
2003-06-30,33.599998474121094,33.599998474121094,32.911109924316406,33.44444274902344,33.44444274902344,623700,ZBRA
2003-07-01,33.41777801513672,34.0,32.98222351074219,33.88444519042969,33.88444519042969,752175,ZBRA
2003-07-02,34.008888244628906,35.088890075683594,33.813331604003906,35.088890075683594,35.088890075683594,786600,ZBRA
2003-07-03,35.057777404785156,35.573333740234375,34.9466667175293,35.462223052978516,35.462223052978516,547875,ZBRA
2003-07-07,35.46666717529297,35.87555694580078,35.11555480957031,35.47111129760742,35.47111129760742,585900,ZBRA
2003-07-08,35.524444580078125,36.328887939453125,35.195556640625,36.328887939453125,36.328887939453125,318375,ZBRA
2003-07-09,36.155555725097656,36.22222137451172,35.448890686035156,36.0,36.0,658125,ZBRA
2003-07-10,36.0,36.586666107177734,35.77777862548828,36.58222198486328,36.58222198486328,942750,ZBRA
2003-07-11,36.53333282470703,36.63999938964844,36.057777404785156,36.462223052978516,36.462223052978516,676800,ZBRA
2003-07-14,36.55555725097656,37.217777252197266,36.328887939453125,36.68000030517578,36.68000030517578,677250,ZBRA
2003-07-15,36.804443359375,37.38666534423828,36.71110916137695,36.911109924316406,36.911109924316406,408150,ZBRA
2003-07-16,36.973331451416016,37.186668395996094,35.782222747802734,36.0,36.0,698850,ZBRA
2003-07-17,35.57777786254883,35.70222091674805,34.733333587646484,34.9555549621582,34.9555549621582,675225,ZBRA
2003-07-18,35.026668548583984,35.119998931884766,34.511112213134766,34.82222366333008,34.82222366333008,607725,ZBRA
2003-07-21,34.671112060546875,35.088890075683594,34.106666564941406,35.00444412231445,35.00444412231445,495000,ZBRA
2003-07-22,34.88888931274414,35.426666259765625,34.20888900756836,34.85333251953125,34.85333251953125,582075,ZBRA
2003-07-23,34.87555694580078,34.911109924316406,34.47111129760742,34.733333587646484,34.733333587646484,577575,ZBRA
2003-07-24,34.733333587646484,34.82222366333008,33.733333587646484,34.0,34.0,921375,ZBRA
2003-07-25,34.137779235839844,35.475555419921875,33.911109924316406,35.0533332824707,35.0533332824707,1058400,ZBRA
2003-07-28,35.195556640625,36.41777801513672,35.195556640625,35.911109924316406,35.911109924316406,942975,ZBRA
2003-07-29,35.38222122192383,35.55555725097656,34.106666564941406,34.28889083862305,34.28889083862305,1632825,ZBRA
2003-07-30,34.204444885253906,34.302223205566406,33.55555725097656,34.11555480957031,34.11555480957031,1024650,ZBRA
2003-07-31,34.35555648803711,34.608890533447266,34.11555480957031,34.47999954223633,34.47999954223633,645750,ZBRA
2003-08-01,34.40888977050781,34.47111129760742,33.66666793823242,34.084442138671875,34.084442138671875,320175,ZBRA
2003-08-04,34.235557556152344,34.235557556152344,33.622222900390625,34.106666564941406,34.106666564941406,481050,ZBRA
2003-08-05,34.088890075683594,34.0977783203125,33.608890533447266,33.72888946533203,33.72888946533203,315450,ZBRA
2003-08-06,33.75555419921875,33.75555419921875,32.71555709838867,33.22222137451172,33.22222137451172,834300,ZBRA
2003-08-07,33.088890075683594,33.24444580078125,32.648887634277344,32.657779693603516,32.657779693603516,433350,ZBRA
2003-08-08,32.68888854980469,33.0,32.502220153808594,32.82222366333008,32.82222366333008,520425,ZBRA
2003-08-11,32.7511100769043,33.377777099609375,32.57777786254883,32.813331604003906,32.813331604003906,638325,ZBRA
2003-08-12,32.85333251953125,33.315555572509766,32.560001373291016,33.12444305419922,33.12444305419922,632700,ZBRA
2003-08-13,33.16444396972656,34.133331298828125,33.09333419799805,33.959999084472656,33.959999084472656,532125,ZBRA
2003-08-14,33.795555114746094,34.53333282470703,33.795555114746094,34.46666717529297,34.46666717529297,963225,ZBRA
2003-08-15,34.54666519165039,35.075557708740234,34.28889083862305,34.96444320678711,34.96444320678711,171000,ZBRA
2003-08-18,34.911109924316406,35.657779693603516,34.88888931274414,35.48444366455078,35.48444366455078,389700,ZBRA
2003-08-19,35.54222106933594,36.21333312988281,35.47111129760742,35.93333435058594,35.93333435058594,987750,ZBRA
2003-08-20,35.8577766418457,36.10222244262695,35.64444351196289,35.844444274902344,35.844444274902344,559125,ZBRA
2003-08-21,35.93777847290039,35.99555587768555,35.63111114501953,35.70222091674805,35.70222091674805,398025,ZBRA
2003-08-22,35.63999938964844,35.83333206176758,34.973331451416016,34.97999954223633,34.97999954223633,302100,ZBRA
2003-08-25,34.973331451416016,35.0533332824707,34.439998626708984,34.973331451416016,34.973331451416016,257550,ZBRA
2003-08-26,34.939998626708984,34.973331451416016,33.98666763305664,34.619998931884766,34.619998931884766,494850,ZBRA
2003-08-27,34.753334045410156,35.0,34.54666519165039,34.54666519165039,34.54666519165039,367350,ZBRA
2003-08-28,34.526668548583984,35.133331298828125,34.33333206176758,35.11333465576172,35.11333465576172,283350,ZBRA
2003-08-29,34.87333297729492,35.8466682434082,34.77333450317383,35.746665954589844,35.746665954589844,333750,ZBRA
2003-09-02,35.913333892822266,36.77333450317383,35.77333450317383,36.099998474121094,36.099998474121094,568800,ZBRA
2003-09-03,36.09333419799805,36.099998474121094,35.0,35.01333236694336,35.01333236694336,613950,ZBRA
2003-09-04,35.560001373291016,35.599998474121094,34.85333251953125,34.97999954223633,34.97999954223633,583950,ZBRA
2003-09-05,34.606666564941406,35.3466682434082,34.31999969482422,34.72666549682617,34.72666549682617,419100,ZBRA
2003-09-08,34.80666732788086,35.099998474121094,34.69333267211914,35.02000045776367,35.02000045776367,339750,ZBRA
2003-09-09,34.91999816894531,35.106666564941406,34.41999816894531,34.540000915527344,34.540000915527344,435750,ZBRA
2003-09-10,34.5,34.51333236694336,33.2400016784668,33.400001525878906,33.400001525878906,656100,ZBRA
2003-09-11,33.599998474121094,33.82666778564453,33.50666809082031,33.64666748046875,33.64666748046875,593550,ZBRA
2003-09-12,33.5533332824707,33.560001373291016,33.06666564941406,33.38666534423828,33.38666534423828,706500,ZBRA
2003-09-15,33.4466667175293,34.08000183105469,33.41999816894531,34.026668548583984,34.026668548583984,643050,ZBRA
2003-09-16,33.96666717529297,35.43333435058594,33.96666717529297,35.16666793823242,35.16666793823242,1725600,ZBRA
2003-09-17,35.20000076293945,35.86000061035156,35.026668548583984,35.6533317565918,35.6533317565918,793800,ZBRA
2003-09-18,35.686668395996094,36.86000061035156,35.33333206176758,36.84000015258789,36.84000015258789,938550,ZBRA
2003-09-19,36.540000915527344,36.959999084472656,36.233333587646484,36.71333312988281,36.71333312988281,567000,ZBRA
2003-09-22,36.43333435058594,36.4466667175293,35.66666793823242,35.866668701171875,35.866668701171875,539250,ZBRA
2003-09-23,35.79999923706055,36.400001525878906,35.633331298828125,36.233333587646484,36.233333587646484,428700,ZBRA
2003-09-24,36.16666793823242,36.266666412353516,35.33333206176758,35.426666259765625,35.426666259765625,452850,ZBRA
2003-09-25,35.51333236694336,35.599998474121094,34.82666778564453,34.82666778564453,34.82666778564453,681600,ZBRA
2003-09-26,34.88666534423828,35.15999984741211,33.56666564941406,33.6533317565918,33.6533317565918,499650,ZBRA
2003-09-29,33.79999923706055,34.0533332824707,33.086666107177734,33.733333587646484,33.733333587646484,814200,ZBRA
2003-09-30,33.633331298828125,35.04666519165039,33.040000915527344,34.31999969482422,34.31999969482422,832950,ZBRA
2003-10-01,34.29999923706055,35.19333267211914,34.20000076293945,34.91999816894531,34.91999816894531,429150,ZBRA
2003-10-02,34.913333892822266,35.46666717529297,34.88666534423828,35.380001068115234,35.380001068115234,332100,ZBRA
2003-10-03,35.400001525878906,37.13999938964844,35.400001525878906,36.56666564941406,36.56666564941406,1138350,ZBRA
2003-10-06,36.66666793823242,36.9466667175293,36.27333450317383,36.66666793823242,36.66666793823242,442200,ZBRA
2003-10-07,36.733333587646484,36.733333587646484,35.96666717529297,36.66666793823242,36.66666793823242,580950,ZBRA
2003-10-08,36.66666793823242,37.27333450317383,36.393333435058594,36.746665954589844,36.746665954589844,569850,ZBRA
2003-10-09,36.7599983215332,38.266666412353516,36.733333587646484,37.959999084472656,37.959999084472656,810000,ZBRA
2003-10-10,38.03333282470703,38.61333465576172,38.03333282470703,38.61333465576172,38.61333465576172,497700,ZBRA
2003-10-13,38.619998931884766,38.91999816894531,38.06666564941406,38.62666702270508,38.62666702270508,541950,ZBRA
2003-10-14,38.37333297729492,38.866668701171875,38.3466682434082,38.746665954589844,38.746665954589844,353400,ZBRA
2003-10-15,38.83333206176758,39.2400016784668,38.3466682434082,39.133331298828125,39.133331298828125,392400,ZBRA
2003-10-16,39.19333267211914,39.293331146240234,38.400001525878906,39.233333587646484,39.233333587646484,632850,ZBRA
2003-10-17,39.17333221435547,39.279998779296875,37.93333435058594,37.939998626708984,37.939998626708984,757200,ZBRA
2003-10-20,38.09333419799805,38.606666564941406,37.900001525878906,38.50666809082031,38.50666809082031,607800,ZBRA
2003-10-21,38.56666564941406,39.11333465576172,38.313331604003906,39.11333465576172,39.11333465576172,415050,ZBRA
2003-10-22,39.0533332824707,39.20000076293945,38.5,38.93333435058594,38.93333435058594,810750,ZBRA
2003-10-23,37.0,37.96666717529297,36.66666793823242,37.52000045776367,37.52000045776367,1796700,ZBRA
2003-10-24,37.586666107177734,38.06666564941406,37.40666580200195,37.83333206176758,37.83333206176758,547950,ZBRA
2003-10-27,38.026668548583984,38.026668548583984,37.20000076293945,37.70000076293945,37.70000076293945,517650,ZBRA
2003-10-28,38.15999984741211,38.15999984741211,37.70000076293945,38.08000183105469,38.08000183105469,1077300,ZBRA
2003-10-29,37.97999954223633,38.15999984741211,37.33333206176758,37.95333480834961,37.95333480834961,417450,ZBRA
2003-10-30,38.206668853759766,38.65999984741211,38.11333465576172,38.206668853759766,38.206668853759766,394350,ZBRA
2003-10-31,38.33333206176758,39.16666793823242,37.82666778564453,38.099998474121094,38.099998474121094,5775600,ZBRA
2003-11-03,38.20000076293945,40.14666748046875,38.16666793823242,40.086666107177734,40.086666107177734,1191150,ZBRA
2003-11-04,39.900001525878906,40.133331298828125,39.33333206176758,39.426666259765625,39.426666259765625,924750,ZBRA
2003-11-05,39.53333282470703,40.51333236694336,39.253334045410156,40.33333206176758,40.33333206176758,1098600,ZBRA
2003-11-06,40.266666412353516,40.31999969482422,39.56666564941406,40.106666564941406,40.106666564941406,876450,ZBRA
2003-11-07,40.1533317565918,40.22666549682617,39.77333450317383,39.880001068115234,39.880001068115234,606600,ZBRA
2003-11-10,39.93333435058594,40.0,39.03333282470703,39.03333282470703,39.03333282470703,428100,ZBRA
2003-11-11,38.866668701171875,39.186668395996094,38.70000076293945,39.09333419799805,39.09333419799805,573150,ZBRA
2003-11-12,39.01333236694336,39.88666534423828,38.99333190917969,39.85333251953125,39.85333251953125,1220700,ZBRA
2003-11-13,39.733333587646484,40.233333587646484,39.67333221435547,40.0,40.0,1397400,ZBRA
2003-11-14,39.766666412353516,39.99333190917969,39.33333206176758,39.5,39.5,779100,ZBRA
2003-11-17,39.133331298828125,39.313331604003906,38.66666793823242,39.27333450317383,39.27333450317383,481050,ZBRA
2003-11-18,39.400001525878906,39.866668701171875,38.913333892822266,39.43333435058594,39.43333435058594,1087200,ZBRA
2003-11-19,39.65999984741211,40.220001220703125,39.3466682434082,40.133331298828125,40.133331298828125,770250,ZBRA
2003-11-20,40.133331298828125,40.83333206176758,39.80666732788086,40.0533332824707,40.0533332824707,811800,ZBRA
2003-11-21,40.11333465576172,40.38666534423828,39.766666412353516,40.09333419799805,40.09333419799805,400200,ZBRA
2003-11-24,40.18000030517578,41.7599983215332,40.03333282470703,41.7599983215332,41.7599983215332,656550,ZBRA
2003-11-25,41.753334045410156,41.81999969482422,41.00666809082031,41.206668853759766,41.206668853759766,383700,ZBRA
2003-11-26,41.31999969482422,42.13999938964844,41.18000030517578,42.106666564941406,42.106666564941406,369300,ZBRA
2003-11-28,42.19333267211914,42.54666519165039,41.900001525878906,42.380001068115234,42.380001068115234,143850,ZBRA
2003-12-01,42.400001525878906,42.91999816894531,42.11333465576172,42.33333206176758,42.33333206176758,515400,ZBRA
2003-12-02,42.67333221435547,42.80666732788086,41.973331451416016,42.0,42.0,603300,ZBRA
2003-12-03,41.9466667175293,42.95333480834961,41.71333312988281,41.91999816894531,41.91999816894531,353550,ZBRA
2003-12-04,41.65999984741211,42.08000183105469,41.03333282470703,41.98666763305664,41.98666763305664,442200,ZBRA
2003-12-05,41.606666564941406,41.779998779296875,40.83333206176758,41.060001373291016,41.060001373291016,313500,ZBRA
2003-12-08,41.22666549682617,42.746665954589844,41.01333236694336,42.733333587646484,42.733333587646484,884400,ZBRA
2003-12-09,42.746665954589844,43.46666717529297,41.313331604003906,41.47999954223633,41.47999954223633,672300,ZBRA
2003-12-10,41.5,41.766666412353516,40.086666107177734,40.32666778564453,40.32666778564453,634050,ZBRA
2003-12-11,40.49333190917969,41.266666412353516,40.16666793823242,41.266666412353516,41.266666412353516,501900,ZBRA
2003-12-12,41.099998474121094,41.400001525878906,40.54666519165039,41.1533317565918,41.1533317565918,305700,ZBRA
2003-12-15,41.266666412353516,41.79999923706055,40.66666793823242,40.68000030517578,40.68000030517578,499950,ZBRA
2003-12-16,40.686668395996094,41.266666412353516,40.35333251953125,41.14666748046875,41.14666748046875,622350,ZBRA
2003-12-17,40.93333435058594,41.47999954223633,40.61333465576172,41.06666564941406,41.06666564941406,653550,ZBRA
2003-12-18,41.073333740234375,41.78666687011719,40.8466682434082,41.4466667175293,41.4466667175293,276300,ZBRA
2003-12-19,41.313331604003906,41.77333450317383,40.95333480834961,41.7400016784668,41.7400016784668,484500,ZBRA
2003-12-22,41.5,42.08000183105469,41.5,41.80666732788086,41.80666732788086,437100,ZBRA
2003-12-23,41.926666259765625,42.19333267211914,41.67333221435547,42.19333267211914,42.19333267211914,307650,ZBRA
2003-12-24,42.186668395996094,42.28666687011719,41.86000061035156,42.15999984741211,42.15999984741211,117900,ZBRA
2003-12-26,42.28666687011719,42.78666687011719,42.12666702270508,42.78666687011719,42.78666687011719,164850,ZBRA
2003-12-29,42.93333435058594,43.0,42.5,42.85333251953125,42.85333251953125,419400,ZBRA
2003-12-30,42.93333435058594,43.72666549682617,42.81999969482422,43.51333236694336,43.51333236694336,517800,ZBRA
2003-12-31,43.54666519165039,44.79999923706055,43.5,44.246665954589844,44.246665954589844,606000,ZBRA
2004-01-02,44.12666702270508,44.186668395996094,43.40666580200195,43.586666107177734,43.586666107177734,339900,ZBRA
2004-01-05,43.48666763305664,44.18000030517578,43.393333435058594,43.66666793823242,43.66666793823242,640950,ZBRA
2004-01-06,43.56666564941406,43.88666534423828,43.366668701171875,43.766666412353516,43.766666412353516,311700,ZBRA
2004-01-07,43.633331298828125,44.6533317565918,43.5,44.5,44.5,495150,ZBRA
2004-01-08,44.939998626708984,45.246665954589844,44.133331298828125,44.599998474121094,44.599998474121094,290850,ZBRA
2004-01-09,44.21333312988281,44.68000030517578,43.599998474121094,44.266666412353516,44.266666412353516,506100,ZBRA
2004-01-12,44.33333206176758,44.733333587646484,44.03333282470703,44.599998474121094,44.599998474121094,631200,ZBRA
2004-01-13,44.599998474121094,45.15999984741211,44.540000915527344,44.93333435058594,44.93333435058594,367800,ZBRA
2004-01-14,44.66666793823242,45.06666564941406,44.47999954223633,44.67333221435547,44.67333221435547,517050,ZBRA
2004-01-15,44.66666793823242,44.753334045410156,43.746665954589844,43.99333190917969,43.99333190917969,375750,ZBRA
2004-01-16,44.0,45.060001373291016,43.893333435058594,44.81999969482422,44.81999969482422,306000,ZBRA
2004-01-20,44.72666549682617,45.2400016784668,44.72666549682617,45.099998474121094,45.099998474121094,396000,ZBRA
2004-01-21,45.133331298828125,45.133331298828125,43.96666717529297,44.233333587646484,44.233333587646484,654600,ZBRA
2004-01-22,44.33333206176758,44.733333587646484,44.133331298828125,44.20000076293945,44.20000076293945,502800,ZBRA
2004-01-23,44.32666778564453,44.753334045410156,44.19333267211914,44.51333236694336,44.51333236694336,249000,ZBRA
2004-01-26,44.4466667175293,45.766666412353516,44.366668701171875,45.67333221435547,45.67333221435547,420750,ZBRA
2004-01-27,45.54666519165039,45.96666717529297,45.20000076293945,45.53333282470703,45.53333282470703,418350,ZBRA
2004-01-28,45.459999084472656,45.65999984741211,43.98666763305664,44.06666564941406,44.06666564941406,343950,ZBRA
2004-01-29,44.040000915527344,44.733333587646484,41.46666717529297,42.7400016784668,42.7400016784668,762450,ZBRA
2004-01-30,42.66666793823242,43.439998626708984,42.4466667175293,43.06666564941406,43.06666564941406,419700,ZBRA
2004-02-02,42.939998626708984,42.973331451416016,41.9466667175293,42.58000183105469,42.58000183105469,775350,ZBRA
2004-02-03,42.56666564941406,43.01333236694336,42.18000030517578,42.46666717529297,42.46666717529297,415800,ZBRA
2004-02-04,42.253334045410156,42.459999084472656,41.526668548583984,41.80666732788086,41.80666732788086,223650,ZBRA
2004-02-05,41.540000915527344,42.08000183105469,41.220001220703125,41.71333312988281,41.71333312988281,375000,ZBRA
2004-02-06,41.93333435058594,43.33333206176758,41.84000015258789,43.33333206176758,43.33333206176758,479250,ZBRA
2004-02-09,43.3466682434082,43.71333312988281,42.85333251953125,42.9466667175293,42.9466667175293,306450,ZBRA
2004-02-10,43.119998931884766,43.900001525878906,42.926666259765625,43.7400016784668,43.7400016784668,382200,ZBRA
2004-02-11,43.366668701171875,47.53333282470703,43.36000061035156,47.119998931884766,47.119998931884766,1363800,ZBRA
2004-02-12,46.68000030517578,47.400001525878906,46.186668395996094,46.866668701171875,46.866668701171875,816450,ZBRA
2004-02-13,46.99333190917969,47.5,46.45333480834961,46.45333480834961,46.45333480834961,385350,ZBRA
2004-02-17,46.720001220703125,47.06666564941406,46.20000076293945,46.459999084472656,46.459999084472656,327450,ZBRA
2004-02-18,46.64666748046875,46.65999984741211,45.599998474121094,46.0,46.0,544350,ZBRA
2004-02-19,46.0,46.599998474121094,45.400001525878906,45.560001373291016,45.560001373291016,338250,ZBRA
2004-02-20,45.65999984741211,45.66666793823242,43.83333206176758,44.2599983215332,44.2599983215332,614700,ZBRA
2004-02-23,44.266666412353516,44.266666412353516,42.66666793823242,43.03333282470703,43.03333282470703,486600,ZBRA
2004-02-24,43.186668395996094,43.186668395996094,41.599998474121094,41.880001068115234,41.880001068115234,842250,ZBRA
2004-02-25,41.973331451416016,44.17333221435547,41.70000076293945,44.14666748046875,44.14666748046875,742500,ZBRA
2004-02-26,44.099998474121094,45.0533332824707,43.86000061035156,45.0533332824707,45.0533332824707,945450,ZBRA
2004-02-27,44.84000015258789,47.866668701171875,44.84000015258789,47.6533317565918,47.6533317565918,1689150,ZBRA
2004-03-01,47.85333251953125,48.34000015258789,46.84000015258789,48.099998474121094,48.099998474121094,736050,ZBRA
2004-03-02,47.33333206176758,48.13999938964844,47.266666412353516,47.893333435058594,47.893333435058594,444600,ZBRA
2004-03-03,47.66666793823242,48.04666519165039,47.53333282470703,47.95333480834961,47.95333480834961,981750,ZBRA
2004-03-04,47.99333190917969,48.099998474121094,47.54666519165039,47.66666793823242,47.66666793823242,642450,ZBRA
2004-03-05,47.61333465576172,48.4466667175293,46.3466682434082,48.426666259765625,48.426666259765625,821400,ZBRA
2004-03-08,48.526668548583984,48.560001373291016,47.34000015258789,47.47999954223633,47.47999954223633,425400,ZBRA
2004-03-09,47.46666717529297,48.53333282470703,47.03333282470703,47.82666778564453,47.82666778564453,763950,ZBRA
2004-03-10,47.69333267211914,48.02000045776367,46.19333267211914,46.5,46.5,616650,ZBRA
2004-03-11,46.37333297729492,46.61333465576172,45.21333312988281,45.33333206176758,45.33333206176758,548100,ZBRA
2004-03-12,45.560001373291016,46.973331451416016,45.20000076293945,46.86000061035156,46.86000061035156,643050,ZBRA
2004-03-15,46.93333435058594,46.93333435058594,45.560001373291016,45.586666107177734,45.586666107177734,289800,ZBRA
2004-03-16,45.72666549682617,46.246665954589844,45.58000183105469,46.0533332824707,46.0533332824707,342150,ZBRA
2004-03-17,46.233333587646484,47.400001525878906,46.13999938964844,46.866668701171875,46.866668701171875,332400,ZBRA
2004-03-18,46.633331298828125,46.79999923706055,45.49333190917969,46.4466667175293,46.4466667175293,343500,ZBRA
2004-03-19,46.586666107177734,46.91999816894531,45.813331604003906,46.11333465576172,46.11333465576172,165900,ZBRA
2004-03-22,45.9466667175293,46.133331298828125,44.366668701171875,44.459999084472656,44.459999084472656,414750,ZBRA
2004-03-23,44.66666793823242,45.62666702270508,44.3466682434082,45.026668548583984,45.026668548583984,500250,ZBRA
2004-03-24,45.22666549682617,45.813331604003906,44.813331604003906,45.18000030517578,45.18000030517578,351900,ZBRA
2004-03-25,45.33333206176758,46.43333435058594,45.19333267211914,46.253334045410156,46.253334045410156,540750,ZBRA
2004-03-26,46.119998931884766,46.753334045410156,45.85333251953125,46.02000045776367,46.02000045776367,314550,ZBRA
2004-03-29,45.959999084472656,47.01333236694336,45.93333435058594,46.779998779296875,46.779998779296875,354600,ZBRA
2004-03-30,46.69333267211914,46.93333435058594,46.459999084472656,46.733333587646484,46.733333587646484,256650,ZBRA
2004-03-31,46.59333419799805,46.66666793823242,45.96666717529297,46.246665954589844,46.246665954589844,336000,ZBRA
2004-04-01,45.973331451416016,47.29999923706055,45.959999084472656,47.21333312988281,47.21333312988281,321300,ZBRA
2004-04-02,47.41999816894531,48.599998474121094,47.33333206176758,48.27333450317383,48.27333450317383,346800,ZBRA
2004-04-05,48.35333251953125,48.893333435058594,48.279998779296875,48.46666717529297,48.46666717529297,209850,ZBRA
2004-04-06,48.49333190917969,48.560001373291016,48.01333236694336,48.2599983215332,48.2599983215332,165750,ZBRA
2004-04-07,48.33333206176758,48.46666717529297,47.619998931884766,48.186668395996094,48.186668395996094,179850,ZBRA
2004-04-08,48.00666809082031,49.28666687011719,47.973331451416016,48.84000015258789,48.84000015258789,244200,ZBRA
2004-04-12,48.5,49.746665954589844,48.5,49.6533317565918,49.6533317565918,328050,ZBRA
2004-04-13,49.746665954589844,49.97999954223633,49.33333206176758,49.5,49.5,360450,ZBRA
2004-04-14,49.266666412353516,49.33333206176758,48.893333435058594,49.0,49.0,430800,ZBRA
2004-04-15,49.03333282470703,49.073333740234375,47.16666793823242,47.7400016784668,47.7400016784668,414600,ZBRA
2004-04-16,47.83333206176758,48.099998474121094,46.99333190917969,47.973331451416016,47.973331451416016,345450,ZBRA
2004-04-19,47.84000015258789,48.53333282470703,47.3466682434082,48.40666580200195,48.40666580200195,216300,ZBRA
2004-04-20,48.540000915527344,48.64666748046875,47.22666549682617,47.22666549682617,47.22666549682617,232950,ZBRA
2004-04-21,47.18000030517578,49.599998474121094,47.18000030517578,49.58000183105469,49.58000183105469,487650,ZBRA
2004-04-22,49.62666702270508,50.67333221435547,49.2400016784668,50.586666107177734,50.586666107177734,374700,ZBRA
2004-04-23,50.439998626708984,50.95333480834961,49.16666793823242,49.40666580200195,49.40666580200195,279750,ZBRA
2004-04-26,49.53333282470703,49.866668701171875,48.04666519165039,48.233333587646484,48.233333587646484,483150,ZBRA
2004-04-27,48.266666412353516,48.733333587646484,47.14666748046875,47.51333236694336,47.51333236694336,529500,ZBRA
2004-04-28,49.03333282470703,51.119998931884766,48.293331146240234,49.31999969482422,49.31999969482422,907950,ZBRA
2004-04-29,49.41999816894531,49.66666793823242,47.87333297729492,48.21333312988281,48.21333312988281,491550,ZBRA
2004-04-30,48.40666580200195,50.69333267211914,48.19333267211914,48.86000061035156,48.86000061035156,769950,ZBRA
2004-05-03,49.32666778564453,50.106666564941406,48.79999923706055,49.59333419799805,49.59333419799805,650250,ZBRA
2004-05-04,49.41999816894531,50.56666564941406,49.3466682434082,49.746665954589844,49.746665954589844,920100,ZBRA
2004-05-05,50.0,50.98666763305664,49.746665954589844,50.4466667175293,50.4466667175293,797550,ZBRA
2004-05-06,50.36000061035156,50.47999954223633,49.40666580200195,49.606666564941406,49.606666564941406,300150,ZBRA
2004-05-07,49.526668548583984,50.43333435058594,49.266666412353516,49.50666809082031,49.50666809082031,324750,ZBRA
2004-05-10,49.313331604003906,49.526668548583984,48.70000076293945,49.073333740234375,49.073333740234375,404700,ZBRA
2004-05-11,49.633331298828125,51.27333450317383,49.573333740234375,50.599998474121094,50.599998474121094,562950,ZBRA
2004-05-12,50.38666534423828,50.72666549682617,49.14666748046875,50.47999954223633,50.47999954223633,555300,ZBRA
2004-05-13,50.313331604003906,51.766666412353516,49.793331146240234,51.66666793823242,51.66666793823242,885150,ZBRA
2004-05-14,51.426666259765625,51.79999923706055,50.53333282470703,50.64666748046875,50.64666748046875,442950,ZBRA
2004-05-17,50.220001220703125,50.40666580200195,49.5,49.84000015258789,49.84000015258789,364050,ZBRA
2004-05-18,50.1533317565918,51.893333435058594,49.793331146240234,51.66666793823242,51.66666793823242,692250,ZBRA
2004-05-19,52.220001220703125,52.80666732788086,51.45333480834961,52.31999969482422,52.31999969482422,730950,ZBRA
2004-05-20,52.43333435058594,53.220001220703125,52.08000183105469,52.97999954223633,52.97999954223633,612450,ZBRA
2004-05-21,53.22666549682617,53.72666549682617,52.793331146240234,53.38666534423828,53.38666534423828,344400,ZBRA
2004-05-24,53.70000076293945,54.06666564941406,53.16666793823242,53.900001525878906,53.900001525878906,436350,ZBRA
2004-05-25,53.8466682434082,54.720001220703125,53.540000915527344,54.560001373291016,54.560001373291016,490500,ZBRA
2004-05-26,54.66666793823242,55.266666412353516,54.253334045410156,54.66666793823242,54.66666793823242,488250,ZBRA
2004-05-27,54.733333587646484,54.813331604003906,53.66666793823242,53.880001068115234,53.880001068115234,624450,ZBRA
2004-05-28,53.893333435058594,54.086666107177734,53.66666793823242,53.91999816894531,53.91999816894531,453600,ZBRA
2004-06-01,53.91999816894531,54.19333267211914,53.20000076293945,53.56666564941406,53.56666564941406,646200,ZBRA
2004-06-02,53.5,53.66666793823242,52.866668701171875,53.02000045776367,53.02000045776367,522600,ZBRA
2004-06-03,53.06666564941406,53.06666564941406,51.43333435058594,51.4466667175293,51.4466667175293,579600,ZBRA
2004-06-04,52.12666702270508,52.53333282470703,51.91999816894531,52.01333236694336,52.01333236694336,385050,ZBRA
2004-06-07,52.66666793823242,54.14666748046875,52.266666412353516,53.8466682434082,53.8466682434082,555000,ZBRA
2004-06-08,54.02000045776367,54.45333480834961,53.70000076293945,54.2599983215332,54.2599983215332,467850,ZBRA
2004-06-09,54.040000915527344,54.31999969482422,53.206668853759766,53.4466667175293,53.4466667175293,213900,ZBRA
2004-06-10,53.526668548583984,54.20000076293945,53.29999923706055,54.060001373291016,54.060001373291016,254400,ZBRA
2004-06-14,54.01333236694336,54.20000076293945,52.253334045410156,52.253334045410156,52.253334045410156,424950,ZBRA
2004-06-15,52.64666748046875,53.29999923706055,52.61333465576172,52.78666687011719,52.78666687011719,430350,ZBRA
2004-06-16,52.78666687011719,52.893333435058594,52.4466667175293,52.70000076293945,52.70000076293945,335100,ZBRA
2004-06-17,52.400001525878906,52.779998779296875,52.246665954589844,52.586666107177734,52.586666107177734,339750,ZBRA
2004-06-18,52.36000061035156,53.33333206176758,52.2400016784668,52.973331451416016,52.973331451416016,398250,ZBRA
2004-06-21,52.80666732788086,53.400001525878906,52.52000045776367,53.03333282470703,53.03333282470703,352800,ZBRA
2004-06-22,53.086666107177734,53.27333450317383,52.59333419799805,53.13999938964844,53.13999938964844,547200,ZBRA
2004-06-23,53.20000076293945,54.293331146240234,52.91999816894531,54.099998474121094,54.099998474121094,1407900,ZBRA
2004-06-24,54.20000076293945,55.400001525878906,54.106666564941406,55.22666549682617,55.22666549682617,1018500,ZBRA
2004-06-25,55.026668548583984,56.900001525878906,54.893333435058594,56.900001525878906,56.900001525878906,906000,ZBRA
2004-06-28,56.473331451416016,57.69333267211914,56.473331451416016,57.11333465576172,57.11333465576172,779850,ZBRA
2004-06-29,57.06666564941406,57.83333206176758,56.95333480834961,57.66666793823242,57.66666793823242,469800,ZBRA
2004-06-30,57.813331604003906,58.099998474121094,57.31999969482422,58.0,58.0,554100,ZBRA
2004-07-01,58.03333282470703,60.040000915527344,57.67333221435547,59.186668395996094,59.186668395996094,1936800,ZBRA
2004-07-02,58.99333190917969,59.133331298828125,58.17333221435547,58.746665954589844,58.746665954589844,727500,ZBRA
2004-07-06,58.7599983215332,59.00666809082031,56.866668701171875,57.91999816894531,57.91999816894531,702600,ZBRA
2004-07-07,57.67333221435547,59.186668395996094,57.54666519165039,57.78666687011719,57.78666687011719,870900,ZBRA
2004-07-08,57.62666702270508,57.8466682434082,57.026668548583984,57.15999984741211,57.15999984741211,589350,ZBRA
2004-07-09,57.03333282470703,57.586666107177734,56.09333419799805,56.28666687011719,56.28666687011719,839850,ZBRA
2004-07-12,54.779998779296875,54.88666534423828,52.766666412353516,53.939998626708984,53.939998626708984,1735350,ZBRA
2004-07-13,53.65999984741211,55.813331604003906,53.56666564941406,54.973331451416016,54.973331451416016,1252800,ZBRA
2004-07-14,54.573333740234375,55.12666702270508,53.58000183105469,53.59333419799805,53.59333419799805,1113150,ZBRA
2004-07-15,53.2400016784668,55.599998474121094,53.233333587646484,55.266666412353516,55.266666412353516,1042050,ZBRA
2004-07-16,55.7599983215332,56.060001373291016,54.866668701171875,54.93333435058594,54.93333435058594,601950,ZBRA
2004-07-19,55.0,55.71333312988281,54.59333419799805,54.77333450317383,54.77333450317383,567750,ZBRA
2004-07-20,55.233333587646484,56.08000183105469,54.766666412353516,56.03333282470703,56.03333282470703,643650,ZBRA
2004-07-21,56.12666702270508,56.20000076293945,53.98666763305664,54.119998931884766,54.119998931884766,566400,ZBRA
2004-07-22,53.973331451416016,54.720001220703125,52.08000183105469,53.526668548583984,53.526668548583984,917700,ZBRA
2004-07-23,53.106666564941406,53.71333312988281,52.33333206176758,52.86000061035156,52.86000061035156,474150,ZBRA
2004-07-26,52.733333587646484,53.573333740234375,51.17333221435547,51.439998626708984,51.439998626708984,603600,ZBRA
2004-07-27,51.766666412353516,52.79999923706055,49.900001525878906,51.866668701171875,51.866668701171875,1364700,ZBRA
2004-07-28,52.706668853759766,54.20000076293945,52.526668548583984,53.68000030517578,53.68000030517578,1040550,ZBRA
2004-07-29,53.54666519165039,54.0,52.34000015258789,53.779998779296875,53.779998779296875,503100,ZBRA
2004-07-30,53.97999954223633,55.393333435058594,53.56666564941406,55.086666107177734,55.086666107177734,549750,ZBRA
2004-08-02,55.08000183105469,55.64666748046875,54.01333236694336,55.45333480834961,55.45333480834961,418050,ZBRA
2004-08-03,55.426666259765625,55.599998474121094,54.41999816894531,55.0,55.0,411150,ZBRA
2004-08-04,54.599998474121094,55.16666793823242,53.83333206176758,54.41999816894531,54.41999816894531,308550,ZBRA
2004-08-05,54.099998474121094,54.413333892822266,53.459999084472656,53.880001068115234,53.880001068115234,414150,ZBRA
2004-08-06,53.34000015258789,53.45333480834961,51.72666549682617,52.18000030517578,52.18000030517578,590850,ZBRA
2004-08-09,51.8466682434082,52.62666702270508,51.8466682434082,52.2599983215332,52.2599983215332,315600,ZBRA
2004-08-10,52.29999923706055,54.12666702270508,52.16666793823242,54.09333419799805,54.09333419799805,528000,ZBRA
2004-08-11,53.16666793823242,53.313331604003906,51.599998474121094,52.7599983215332,52.7599983215332,547650,ZBRA
2004-08-12,52.880001068115234,52.880001068115234,51.16666793823242,51.59333419799805,51.59333419799805,391200,ZBRA
2004-08-13,51.79999923706055,52.08000183105469,51.3466682434082,51.766666412353516,51.766666412353516,187350,ZBRA
2004-08-16,51.959999084472656,53.45333480834961,51.6533317565918,53.253334045410156,53.253334045410156,281850,ZBRA
2004-08-17,53.58000183105469,54.060001373291016,53.04666519165039,53.77333450317383,53.77333450317383,574350,ZBRA
2004-08-18,53.52000045776367,55.47999954223633,53.43333435058594,55.47999954223633,55.47999954223633,578550,ZBRA
2004-08-19,55.33333206176758,55.58000183105469,54.560001373291016,55.08000183105469,55.08000183105469,373800,ZBRA
2004-08-20,55.20000076293945,55.573333740234375,54.866668701171875,55.33333206176758,55.33333206176758,514650,ZBRA
2004-08-23,55.4466667175293,55.459999084472656,54.733333587646484,55.073333740234375,55.073333740234375,373050,ZBRA
2004-08-24,55.459999084472656,55.66666793823242,54.27333450317383,55.46666717529297,55.46666717529297,493650,ZBRA
2004-08-25,55.473331451416016,56.80666732788086,55.17333221435547,56.54666519165039,56.54666519165039,874200,ZBRA
2004-08-26,55.75,56.7599983215332,55.540000915527344,56.45000076293945,56.45000076293945,408600,ZBRA
2004-08-27,56.61000061035156,57.63999938964844,56.18000030517578,57.43000030517578,57.43000030517578,316400,ZBRA
2004-08-30,57.20000076293945,57.4900016784668,56.150001525878906,56.25,56.25,282200,ZBRA
2004-08-31,56.58000183105469,57.20000076293945,55.959999084472656,57.150001525878906,57.150001525878906,299800,ZBRA
2004-09-01,57.0,58.560001373291016,56.560001373291016,58.459999084472656,58.459999084472656,640400,ZBRA
2004-09-02,58.61000061035156,58.95000076293945,58.20000076293945,58.90999984741211,58.90999984741211,180200,ZBRA
2004-09-03,58.5,58.869998931884766,57.70000076293945,58.099998474121094,58.099998474121094,203300,ZBRA
2004-09-07,58.18000030517578,58.9900016784668,57.72999954223633,57.75,57.75,309300,ZBRA
2004-09-08,57.849998474121094,58.779998779296875,57.470001220703125,58.189998626708984,58.189998626708984,329800,ZBRA
2004-09-09,58.529998779296875,59.709999084472656,58.11000061035156,59.38999938964844,59.38999938964844,387700,ZBRA
2004-09-10,59.61000061035156,60.560001373291016,58.9900016784668,59.43000030517578,59.43000030517578,379000,ZBRA
2004-09-13,59.540000915527344,59.939998626708984,58.75,59.619998931884766,59.619998931884766,289800,ZBRA
2004-09-14,59.2400016784668,60.25,59.040000915527344,59.40999984741211,59.40999984741211,338900,ZBRA
2004-09-15,59.77000045776367,59.849998474121094,58.220001220703125,58.79999923706055,58.79999923706055,210300,ZBRA
2004-09-16,58.970001220703125,60.02000045776367,58.810001373291016,59.540000915527344,59.540000915527344,136400,ZBRA
2004-09-17,59.43000030517578,60.0,59.220001220703125,59.38999938964844,59.38999938964844,185600,ZBRA
2004-09-20,59.099998474121094,60.150001525878906,58.75,59.88999938964844,59.88999938964844,187600,ZBRA
2004-09-21,60.0,61.599998474121094,59.77000045776367,61.459999084472656,61.459999084472656,325900,ZBRA
2004-09-22,60.7599983215332,61.58000183105469,60.09000015258789,60.77000045776367,60.77000045776367,351000,ZBRA
2004-09-23,60.45000076293945,61.209999084472656,60.099998474121094,60.91999816894531,60.91999816894531,300600,ZBRA
2004-09-24,61.220001220703125,62.400001525878906,60.83000183105469,61.88999938964844,61.88999938964844,724200,ZBRA
2004-09-27,62.0,62.0099983215332,60.86000061035156,60.90999984741211,60.90999984741211,323300,ZBRA
2004-09-28,61.41999816894531,61.43000030517578,59.75,60.61000061035156,60.61000061035156,317200,ZBRA
2004-09-29,60.41999816894531,61.11000061035156,60.11000061035156,60.5099983215332,60.5099983215332,275200,ZBRA
2004-09-30,60.290000915527344,61.38999938964844,60.27000045776367,61.0099983215332,61.0099983215332,314500,ZBRA
2004-10-01,61.2400016784668,61.939998626708984,59.86000061035156,60.31999969482422,60.31999969482422,726200,ZBRA
2004-10-04,60.650001525878906,60.84000015258789,59.83000183105469,60.0,60.0,423500,ZBRA
2004-10-05,60.209999084472656,60.209999084472656,58.81999969482422,59.099998474121094,59.099998474121094,550100,ZBRA
2004-10-06,59.5,60.33000183105469,58.25,59.91999816894531,59.91999816894531,326400,ZBRA
2004-10-07,60.099998474121094,60.709999084472656,58.599998474121094,58.599998474121094,58.599998474121094,350900,ZBRA
2004-10-08,58.880001068115234,59.290000915527344,57.83000183105469,58.16999816894531,58.16999816894531,300500,ZBRA
2004-10-11,58.29999923706055,58.5099983215332,57.650001525878906,58.0099983215332,58.0099983215332,245200,ZBRA
2004-10-12,57.86000061035156,58.189998626708984,56.619998931884766,57.650001525878906,57.650001525878906,339400,ZBRA
2004-10-13,57.91999816894531,58.869998931884766,57.400001525878906,57.619998931884766,57.619998931884766,336600,ZBRA
2004-10-14,58.34000015258789,59.099998474121094,56.5099983215332,56.790000915527344,56.790000915527344,374400,ZBRA
2004-10-15,57.15999984741211,58.060001373291016,56.63999938964844,57.83000183105469,57.83000183105469,254200,ZBRA
2004-10-18,57.849998474121094,59.63999938964844,57.380001068115234,59.189998626708984,59.189998626708984,510300,ZBRA
2004-10-19,59.689998626708984,59.7599983215332,58.459999084472656,58.599998474121094,58.599998474121094,363200,ZBRA
2004-10-20,58.470001220703125,58.849998474121094,57.599998474121094,58.0,58.0,245600,ZBRA
2004-10-21,58.16999816894531,60.47999954223633,57.709999084472656,60.38999938964844,60.38999938964844,384900,ZBRA
2004-10-22,59.83000183105469,60.459999084472656,58.90999984741211,59.27000045776367,59.27000045776367,305300,ZBRA
2004-10-25,59.0099983215332,59.66999816894531,58.20000076293945,59.33000183105469,59.33000183105469,321700,ZBRA
2004-10-26,59.0,59.70000076293945,58.220001220703125,58.59000015258789,58.59000015258789,379400,ZBRA
2004-10-27,56.84000015258789,56.95000076293945,52.09000015258789,54.58000183105469,54.58000183105469,2771900,ZBRA
2004-10-28,55.56999969482422,55.56999969482422,52.810001373291016,53.2400016784668,53.2400016784668,852100,ZBRA
2004-10-29,53.040000915527344,54.349998474121094,52.689998626708984,52.9900016784668,52.9900016784668,774800,ZBRA
2004-11-01,52.5,53.400001525878906,52.5,52.95000076293945,52.95000076293945,447800,ZBRA
2004-11-02,53.29999923706055,54.400001525878906,53.0,53.84000015258789,53.84000015258789,788200,ZBRA
2004-11-03,54.630001068115234,55.470001220703125,54.369998931884766,55.0099983215332,55.0099983215332,582100,ZBRA
2004-11-04,54.91999816894531,55.2400016784668,54.04999923706055,54.54999923706055,54.54999923706055,371400,ZBRA
2004-11-05,55.04999923706055,55.63999938964844,54.63999938964844,55.119998931884766,55.119998931884766,405800,ZBRA
2004-11-08,55.38999938964844,55.900001525878906,55.0099983215332,55.25,55.25,305500,ZBRA
2004-11-09,55.040000915527344,56.02000045776367,54.970001220703125,55.939998626708984,55.939998626708984,270800,ZBRA
2004-11-10,56.06999969482422,56.349998474121094,55.619998931884766,55.93000030517578,55.93000030517578,352100,ZBRA
2004-11-11,55.7400016784668,56.15999984741211,55.70000076293945,56.029998779296875,56.029998779296875,207500,ZBRA
2004-11-12,56.150001525878906,56.150001525878906,45.970001220703125,52.900001525878906,52.900001525878906,8394700,ZBRA
2004-11-15,54.060001373291016,54.54999923706055,51.25,52.04999923706055,52.04999923706055,1505800,ZBRA
2004-11-16,51.81999969482422,52.0,47.29999923706055,48.47999954223633,48.47999954223633,3676500,ZBRA
2004-11-17,50.08000183105469,52.279998779296875,49.630001068115234,52.22999954223633,52.22999954223633,2680000,ZBRA
2004-11-18,51.88999938964844,52.459999084472656,50.75,51.810001373291016,51.810001373291016,1086200,ZBRA
2004-11-19,51.63999938964844,52.20000076293945,51.25,51.5,51.5,834300,ZBRA
2004-11-22,52.06999969482422,52.2400016784668,50.90999984741211,52.0,52.0,454400,ZBRA
2004-11-23,52.08000183105469,52.79999923706055,51.34000015258789,51.68000030517578,51.68000030517578,611200,ZBRA
2004-11-24,52.0099983215332,52.0099983215332,51.029998779296875,51.18000030517578,51.18000030517578,321800,ZBRA
2004-11-26,51.38999938964844,51.400001525878906,50.869998931884766,51.0099983215332,51.0099983215332,100000,ZBRA
2004-11-29,51.06999969482422,51.88999938964844,50.75,51.25,51.25,612000,ZBRA
2004-11-30,51.5,51.540000915527344,49.689998626708984,50.279998779296875,50.279998779296875,1213600,ZBRA
2004-12-01,51.43000030517578,53.25,51.040000915527344,53.25,53.25,953100,ZBRA
2004-12-02,53.029998779296875,53.31999969482422,52.349998474121094,52.470001220703125,52.470001220703125,517000,ZBRA
2004-12-03,52.63999938964844,52.709999084472656,51.88999938964844,51.91999816894531,51.91999816894531,378900,ZBRA
2004-12-06,51.900001525878906,52.43000030517578,51.400001525878906,52.29999923706055,52.29999923706055,347000,ZBRA
2004-12-07,52.2400016784668,53.130001068115234,51.220001220703125,51.31999969482422,51.31999969482422,552500,ZBRA
2004-12-08,51.77000045776367,51.77000045776367,49.61000061035156,50.779998779296875,50.779998779296875,916800,ZBRA
2004-12-09,50.86000061035156,52.65999984741211,50.61000061035156,52.349998474121094,52.349998474121094,803500,ZBRA
2004-12-10,52.029998779296875,52.93000030517578,52.0,52.5,52.5,336200,ZBRA
2004-12-13,52.900001525878906,53.790000915527344,52.75,53.349998474121094,53.349998474121094,574000,ZBRA
2004-12-14,53.45000076293945,54.130001068115234,53.31999969482422,54.119998931884766,54.119998931884766,346800,ZBRA
2004-12-15,54.15999984741211,55.65999984741211,53.95000076293945,55.209999084472656,55.209999084472656,873800,ZBRA
2004-12-16,55.369998931884766,56.11000061035156,55.150001525878906,55.91999816894531,55.91999816894531,645100,ZBRA
2004-12-17,55.959999084472656,56.029998779296875,54.59000015258789,55.470001220703125,55.470001220703125,752900,ZBRA
2004-12-20,55.27000045776367,55.470001220703125,53.45000076293945,54.45000076293945,54.45000076293945,471200,ZBRA
2004-12-21,54.43000030517578,55.54999923706055,54.13999938964844,55.459999084472656,55.459999084472656,324500,ZBRA
2004-12-22,55.400001525878906,57.22999954223633,55.369998931884766,56.27000045776367,56.27000045776367,694000,ZBRA
2004-12-23,56.68000030517578,56.689998626708984,55.95000076293945,56.040000915527344,56.040000915527344,203600,ZBRA
2004-12-27,56.209999084472656,56.29999923706055,55.45000076293945,55.7599983215332,55.7599983215332,294200,ZBRA
2004-12-28,55.43000030517578,56.16999816894531,54.95000076293945,56.150001525878906,56.150001525878906,289900,ZBRA
2004-12-29,56.25,56.43000030517578,55.70000076293945,56.290000915527344,56.290000915527344,189200,ZBRA
2004-12-30,56.400001525878906,56.70000076293945,56.029998779296875,56.599998474121094,56.599998474121094,209300,ZBRA
2004-12-31,56.41999816894531,56.66999816894531,55.97999954223633,56.279998779296875,56.279998779296875,178300,ZBRA
2005-01-03,56.79999923706055,56.900001525878906,55.36000061035156,55.5099983215332,55.5099983215332,443500,ZBRA
2005-01-04,56.060001373291016,56.220001220703125,53.7400016784668,54.470001220703125,54.470001220703125,696500,ZBRA
2005-01-05,54.25,54.5,52.380001068115234,52.56999969482422,52.56999969482422,1054400,ZBRA
2005-01-06,52.9900016784668,53.380001068115234,52.54999923706055,52.650001525878906,52.650001525878906,280000,ZBRA
2005-01-07,53.0099983215332,53.54999923706055,52.81999969482422,53.099998474121094,53.099998474121094,351600,ZBRA
2005-01-10,53.08000183105469,54.619998931884766,53.0,53.84000015258789,53.84000015258789,422200,ZBRA
2005-01-11,53.599998474121094,53.779998779296875,51.41999816894531,51.66999816894531,51.66999816894531,579600,ZBRA
2005-01-12,51.41999816894531,51.79999923706055,50.40999984741211,50.90999984741211,50.90999984741211,725700,ZBRA
2005-01-13,51.06999969482422,51.5,50.529998779296875,51.060001373291016,51.060001373291016,377800,ZBRA
2005-01-14,51.4900016784668,51.58000183105469,50.81999969482422,51.20000076293945,51.20000076293945,466900,ZBRA
2005-01-18,51.099998474121094,52.630001068115234,50.619998931884766,52.439998626708984,52.439998626708984,1112500,ZBRA
2005-01-19,52.540000915527344,52.7400016784668,51.439998626708984,52.459999084472656,52.459999084472656,837400,ZBRA
2005-01-20,52.4900016784668,53.18000030517578,52.119998931884766,52.709999084472656,52.709999084472656,612600,ZBRA
2005-01-21,53.04999923706055,53.04999923706055,51.029998779296875,51.20000076293945,51.20000076293945,716000,ZBRA
2005-01-24,51.13999938964844,51.31999969482422,50.04999923706055,50.22999954223633,50.22999954223633,412400,ZBRA
2005-01-25,50.29999923706055,50.88999938964844,49.150001525878906,49.2599983215332,49.2599983215332,746700,ZBRA
2005-01-26,49.619998931884766,49.7599983215332,48.02000045776367,49.38999938964844,49.38999938964844,1036000,ZBRA
2005-01-27,49.61000061035156,51.95000076293945,49.16999816894531,51.150001525878906,51.150001525878906,693600,ZBRA
2005-01-28,50.959999084472656,51.119998931884766,49.81999969482422,50.11000061035156,50.11000061035156,288600,ZBRA
2005-01-31,50.56999969482422,51.04999923706055,50.31999969482422,50.93000030517578,50.93000030517578,508600,ZBRA
2005-02-01,50.689998626708984,50.900001525878906,50.099998474121094,50.5,50.5,755400,ZBRA
2005-02-02,50.52000045776367,51.08000183105469,50.369998931884766,50.5099983215332,50.5099983215332,873100,ZBRA
2005-02-03,50.400001525878906,50.619998931884766,49.209999084472656,49.599998474121094,49.599998474121094,916000,ZBRA
2005-02-04,49.459999084472656,51.75,49.459999084472656,51.75,51.75,745800,ZBRA
2005-02-07,51.45000076293945,51.97999954223633,51.41999816894531,51.619998931884766,51.619998931884766,477600,ZBRA
2005-02-08,51.959999084472656,52.95000076293945,51.66999816894531,52.2400016784668,52.2400016784668,853000,ZBRA
2005-02-09,52.5099983215332,52.939998626708984,50.2400016784668,50.5,50.5,1012900,ZBRA
2005-02-10,50.54999923706055,50.939998626708984,47.279998779296875,48.2400016784668,48.2400016784668,1890800,ZBRA
2005-02-11,48.29999923706055,50.369998931884766,48.2599983215332,50.25,50.25,1168300,ZBRA
2005-02-14,49.900001525878906,50.72999954223633,49.68000030517578,50.0,50.0,908300,ZBRA
2005-02-15,49.849998474121094,50.529998779296875,49.779998779296875,49.91999816894531,49.91999816894531,612600,ZBRA
2005-02-16,49.79999923706055,51.720001220703125,49.650001525878906,51.630001068115234,51.630001068115234,712300,ZBRA
2005-02-17,51.400001525878906,51.52000045776367,50.7400016784668,51.20000076293945,51.20000076293945,525200,ZBRA
2005-02-18,51.38999938964844,51.38999938964844,50.119998931884766,50.58000183105469,50.58000183105469,426500,ZBRA
2005-02-22,50.09000015258789,50.59000015258789,49.459999084472656,49.7599983215332,49.7599983215332,483900,ZBRA
2005-02-23,49.7599983215332,50.349998474121094,49.63999938964844,49.900001525878906,49.900001525878906,549300,ZBRA
2005-02-24,50.06999969482422,50.06999969482422,48.790000915527344,49.9900016784668,49.9900016784668,618100,ZBRA
2005-02-25,50.189998626708984,50.40999984741211,49.4900016784668,50.06999969482422,50.06999969482422,539000,ZBRA
2005-02-28,50.189998626708984,50.43000030517578,49.869998931884766,49.869998931884766,49.869998931884766,744000,ZBRA
2005-03-01,49.869998931884766,51.130001068115234,49.869998931884766,50.720001220703125,50.720001220703125,581300,ZBRA
2005-03-02,50.5,51.20000076293945,50.11000061035156,50.56999969482422,50.56999969482422,604300,ZBRA
2005-03-03,50.709999084472656,51.18000030517578,50.38999938964844,50.91999816894531,50.91999816894531,349600,ZBRA
2005-03-04,50.9900016784668,51.65999984741211,50.970001220703125,51.099998474121094,51.099998474121094,456900,ZBRA
2005-03-07,51.2599983215332,51.599998474121094,50.88999938964844,51.0,51.0,376300,ZBRA
2005-03-08,51.20000076293945,51.77000045776367,50.810001373291016,50.95000076293945,50.95000076293945,340800,ZBRA
2005-03-09,50.7599983215332,50.810001373291016,50.0,50.4900016784668,50.4900016784668,249400,ZBRA
2005-03-10,50.25,50.95000076293945,49.900001525878906,50.36000061035156,50.36000061035156,356700,ZBRA
2005-03-11,50.599998474121094,51.20000076293945,49.459999084472656,49.88999938964844,49.88999938964844,326500,ZBRA
2005-03-14,49.88999938964844,50.279998779296875,49.369998931884766,49.599998474121094,49.599998474121094,211300,ZBRA
2005-03-15,49.5,50.04999923706055,48.72999954223633,48.869998931884766,48.869998931884766,367200,ZBRA
2005-03-16,48.56999969482422,49.380001068115234,47.33000183105469,47.47999954223633,47.47999954223633,529000,ZBRA
2005-03-17,47.790000915527344,48.04999923706055,47.5099983215332,47.849998474121094,47.849998474121094,522700,ZBRA
2005-03-18,48.0,48.0,46.7400016784668,47.08000183105469,47.08000183105469,573600,ZBRA
2005-03-21,47.0099983215332,47.56999969482422,46.650001525878906,47.08000183105469,47.08000183105469,290600,ZBRA
2005-03-22,46.58000183105469,47.099998474121094,46.189998626708984,46.189998626708984,46.189998626708984,683200,ZBRA
2005-03-23,45.93000030517578,46.119998931884766,45.380001068115234,45.619998931884766,45.619998931884766,904000,ZBRA
2005-03-24,45.77000045776367,46.36000061035156,45.209999084472656,45.7599983215332,45.7599983215332,665400,ZBRA
2005-03-28,45.56999969482422,46.189998626708984,44.529998779296875,44.939998626708984,44.939998626708984,731600,ZBRA
2005-03-29,44.619998931884766,46.06999969482422,44.540000915527344,44.7599983215332,44.7599983215332,886300,ZBRA
2005-03-30,45.209999084472656,47.029998779296875,45.20000076293945,46.970001220703125,46.970001220703125,542700,ZBRA
2005-03-31,46.880001068115234,48.099998474121094,46.880001068115234,47.4900016784668,47.4900016784668,526900,ZBRA
2005-04-01,47.650001525878906,48.439998626708984,47.099998474121094,47.81999969482422,47.81999969482422,657700,ZBRA
2005-04-04,47.27000045776367,48.029998779296875,47.27000045776367,47.880001068115234,47.880001068115234,284000,ZBRA
2005-04-05,47.59000015258789,48.310001373291016,47.54999923706055,47.939998626708984,47.939998626708984,373700,ZBRA
2005-04-06,48.0,48.5,47.4900016784668,47.75,47.75,372300,ZBRA
2005-04-07,47.099998474121094,47.84000015258789,46.900001525878906,47.45000076293945,47.45000076293945,398600,ZBRA
2005-04-08,47.529998779296875,47.65999984741211,46.34000015258789,46.59000015258789,46.59000015258789,528800,ZBRA
2005-04-11,46.599998474121094,46.900001525878906,45.779998779296875,46.189998626708984,46.189998626708984,296800,ZBRA
2005-04-12,45.869998931884766,46.86000061035156,45.189998626708984,46.4900016784668,46.4900016784668,491300,ZBRA
2005-04-13,46.720001220703125,46.7599983215332,45.81999969482422,45.869998931884766,45.869998931884766,303800,ZBRA
2005-04-14,45.79999923706055,46.029998779296875,44.560001373291016,44.630001068115234,44.630001068115234,532100,ZBRA
2005-04-15,44.5099983215332,44.83000183105469,43.20000076293945,44.4900016784668,44.4900016784668,842500,ZBRA
2005-04-18,44.52000045776367,45.849998474121094,44.279998779296875,45.52000045776367,45.52000045776367,820800,ZBRA
2005-04-19,45.939998626708984,46.709999084472656,45.77000045776367,46.61000061035156,46.61000061035156,512000,ZBRA
2005-04-20,46.84000015258789,48.66999816894531,46.56999969482422,47.439998626708984,47.439998626708984,1035900,ZBRA
2005-04-21,48.040000915527344,48.130001068115234,46.599998474121094,47.59000015258789,47.59000015258789,493400,ZBRA
2005-04-22,47.27000045776367,47.599998474121094,46.279998779296875,46.79999923706055,46.79999923706055,395800,ZBRA
2005-04-25,47.209999084472656,48.06999969482422,46.849998474121094,47.810001373291016,47.810001373291016,334600,ZBRA
2005-04-26,47.63999938964844,48.220001220703125,47.29999923706055,47.54999923706055,47.54999923706055,457500,ZBRA
2005-04-27,47.58000183105469,47.91999816894531,46.939998626708984,47.81999969482422,47.81999969482422,463800,ZBRA
2005-04-28,47.86000061035156,47.900001525878906,46.40999984741211,46.619998931884766,46.619998931884766,405100,ZBRA
2005-04-29,47.130001068115234,48.20000076293945,46.5,47.7599983215332,47.7599983215332,675700,ZBRA
2005-05-02,47.709999084472656,47.9900016784668,45.18000030517578,45.4900016784668,45.4900016784668,818200,ZBRA
2005-05-03,45.349998474121094,45.380001068115234,44.5,45.349998474121094,45.349998474121094,628200,ZBRA
2005-05-04,40.939998626708984,44.15999984741211,39.599998474121094,42.029998779296875,42.029998779296875,6104700,ZBRA
2005-05-05,43.65999984741211,44.88999938964844,41.95000076293945,42.650001525878906,42.650001525878906,1617100,ZBRA
2005-05-06,43.0,43.0,42.029998779296875,42.5,42.5,593000,ZBRA
2005-05-09,42.5,42.7599983215332,41.86000061035156,42.5,42.5,772800,ZBRA
2005-05-10,42.04999923706055,42.29999923706055,41.349998474121094,41.650001525878906,41.650001525878906,659000,ZBRA
2005-05-11,41.5,41.720001220703125,40.83000183105469,41.56999969482422,41.56999969482422,795400,ZBRA
2005-05-12,41.689998626708984,41.689998626708984,40.77000045776367,40.79999923706055,40.79999923706055,472600,ZBRA
2005-05-13,40.849998474121094,41.66999816894531,40.7599983215332,41.529998779296875,41.529998779296875,792700,ZBRA
2005-05-16,41.529998779296875,42.290000915527344,41.209999084472656,41.529998779296875,41.529998779296875,315000,ZBRA
2005-05-17,41.400001525878906,41.59000015258789,41.0,41.13999938964844,41.13999938964844,332500,ZBRA
2005-05-18,41.290000915527344,41.95000076293945,41.060001373291016,41.75,41.75,642500,ZBRA
2005-05-19,41.97999954223633,42.04999923706055,41.650001525878906,42.0,42.0,492400,ZBRA
2005-05-20,41.68000030517578,42.15999984741211,41.66999816894531,41.95000076293945,41.95000076293945,528500,ZBRA
2005-05-23,42.04999923706055,44.25,41.83000183105469,44.0,44.0,938100,ZBRA
2005-05-24,44.150001525878906,44.33000183105469,43.43000030517578,44.220001220703125,44.220001220703125,629300,ZBRA
2005-05-25,43.91999816894531,44.189998626708984,43.29999923706055,43.29999923706055,43.29999923706055,589400,ZBRA
2005-05-26,43.40999984741211,43.810001373291016,43.0,43.150001525878906,43.150001525878906,765700,ZBRA
2005-05-27,43.150001525878906,43.33000183105469,42.880001068115234,43.0099983215332,43.0099983215332,392300,ZBRA
2005-05-31,43.0,43.0,42.439998626708984,42.560001373291016,42.560001373291016,818800,ZBRA
2005-06-01,42.70000076293945,42.70000076293945,42.369998931884766,42.540000915527344,42.540000915527344,674800,ZBRA
2005-06-02,42.310001373291016,42.650001525878906,42.0099983215332,42.439998626708984,42.439998626708984,492200,ZBRA
2005-06-03,42.349998474121094,42.41999816894531,41.84000015258789,42.09000015258789,42.09000015258789,433200,ZBRA
2005-06-06,41.86000061035156,42.369998931884766,41.86000061035156,42.16999816894531,42.16999816894531,508700,ZBRA
2005-06-07,42.13999938964844,42.45000076293945,41.9900016784668,42.16999816894531,42.16999816894531,671800,ZBRA
2005-06-08,42.220001220703125,42.630001068115234,41.9900016784668,42.400001525878906,42.400001525878906,444100,ZBRA
2005-06-09,42.400001525878906,42.720001220703125,41.900001525878906,42.27000045776367,42.27000045776367,335300,ZBRA
2005-06-10,42.459999084472656,43.27000045776367,42.119998931884766,43.209999084472656,43.209999084472656,456300,ZBRA
2005-06-13,43.33000183105469,43.68000030517578,42.75,43.400001525878906,43.400001525878906,394400,ZBRA
2005-06-14,43.5099983215332,43.97999954223633,43.25,43.83000183105469,43.83000183105469,443300,ZBRA
2005-06-15,43.91999816894531,44.959999084472656,43.849998474121094,44.83000183105469,44.83000183105469,539400,ZBRA
2005-06-16,45.0,46.61000061035156,44.70000076293945,46.31999969482422,46.31999969482422,735600,ZBRA
2005-06-17,46.22999954223633,46.79999923706055,45.77000045776367,46.2599983215332,46.2599983215332,702700,ZBRA
2005-06-20,45.90999984741211,45.93000030517578,45.33000183105469,45.369998931884766,45.369998931884766,673100,ZBRA
2005-06-21,45.25,45.54999923706055,45.0,45.2400016784668,45.2400016784668,298100,ZBRA
2005-06-22,45.619998931884766,46.650001525878906,45.560001373291016,46.220001220703125,46.220001220703125,790100,ZBRA
2005-06-23,46.25,46.459999084472656,45.810001373291016,46.150001525878906,46.150001525878906,515100,ZBRA
2005-06-24,46.369998931884766,46.380001068115234,44.369998931884766,44.5,44.5,969400,ZBRA
2005-06-27,44.720001220703125,45.119998931884766,44.36000061035156,44.77000045776367,44.77000045776367,555900,ZBRA
2005-06-28,44.779998779296875,45.27000045776367,44.560001373291016,45.08000183105469,45.08000183105469,372400,ZBRA
2005-06-29,44.04999923706055,44.33000183105469,43.630001068115234,44.08000183105469,44.08000183105469,1436500,ZBRA
2005-06-30,44.20000076293945,44.40999984741211,43.63999938964844,43.790000915527344,43.790000915527344,709200,ZBRA
2005-07-01,43.79999923706055,44.5099983215332,43.79999923706055,44.279998779296875,44.279998779296875,379000,ZBRA
2005-07-05,44.189998626708984,44.540000915527344,43.90999984741211,44.040000915527344,44.040000915527344,583300,ZBRA
2005-07-06,43.900001525878906,44.11000061035156,42.95000076293945,42.9900016784668,42.9900016784668,610900,ZBRA
2005-07-07,42.439998626708984,43.4900016784668,42.439998626708984,42.91999816894531,42.91999816894531,592300,ZBRA
2005-07-08,42.959999084472656,44.33000183105469,42.959999084472656,44.22999954223633,44.22999954223633,1219400,ZBRA
2005-07-11,44.40999984741211,45.970001220703125,44.34000015258789,45.790000915527344,45.790000915527344,688800,ZBRA
2005-07-12,45.7400016784668,46.63999938964844,45.4900016784668,46.38999938964844,46.38999938964844,436800,ZBRA
2005-07-13,46.650001525878906,46.75,45.84000015258789,46.02000045776367,46.02000045776367,438700,ZBRA
2005-07-14,46.279998779296875,46.720001220703125,45.83000183105469,46.119998931884766,46.119998931884766,288100,ZBRA
2005-07-15,46.20000076293945,46.20000076293945,45.68000030517578,45.93000030517578,45.93000030517578,263200,ZBRA
2005-07-18,45.70000076293945,45.93000030517578,44.880001068115234,45.130001068115234,45.130001068115234,383500,ZBRA
2005-07-19,45.150001525878906,45.93000030517578,45.02000045776367,45.529998779296875,45.529998779296875,331700,ZBRA
2005-07-20,45.560001373291016,46.08000183105469,45.18000030517578,46.060001373291016,46.060001373291016,224900,ZBRA
2005-07-21,46.11000061035156,46.5,45.459999084472656,46.130001068115234,46.130001068115234,430600,ZBRA
2005-07-22,46.099998474121094,47.290000915527344,45.52000045776367,46.790000915527344,46.790000915527344,405200,ZBRA
2005-07-25,46.7400016784668,47.38999938964844,46.619998931884766,47.13999938964844,47.13999938964844,694500,ZBRA
2005-07-26,47.41999816894531,47.58000183105469,46.34000015258789,47.38999938964844,47.38999938964844,428500,ZBRA
2005-07-27,40.349998474121094,40.70000076293945,37.439998626708984,39.43000030517578,39.43000030517578,8192300,ZBRA
2005-07-28,39.650001525878906,39.650001525878906,38.0,38.209999084472656,38.209999084472656,2576800,ZBRA
2005-07-29,38.439998626708984,39.34000015258789,38.150001525878906,39.0,39.0,1600600,ZBRA
2005-08-01,39.5,39.5,38.060001373291016,38.369998931884766,38.369998931884766,1291300,ZBRA
2005-08-02,38.56999969482422,39.2400016784668,38.36000061035156,39.0099983215332,39.0099983215332,1132100,ZBRA
2005-08-03,38.939998626708984,39.0,38.45000076293945,38.63999938964844,38.63999938964844,1058900,ZBRA
2005-08-04,38.310001373291016,38.7400016784668,38.02000045776367,38.22999954223633,38.22999954223633,864300,ZBRA
2005-08-05,38.36000061035156,38.36000061035156,37.560001373291016,37.790000915527344,37.790000915527344,678200,ZBRA
2005-08-08,37.54999923706055,37.849998474121094,37.5,37.540000915527344,37.540000915527344,658300,ZBRA
2005-08-09,37.90999984741211,37.90999984741211,37.11000061035156,37.20000076293945,37.20000076293945,969100,ZBRA
2005-08-10,37.150001525878906,37.33000183105469,36.38999938964844,36.4900016784668,36.4900016784668,907900,ZBRA
2005-08-11,36.5,37.720001220703125,36.5,37.290000915527344,37.290000915527344,1158000,ZBRA
2005-08-12,37.220001220703125,37.31999969482422,36.70000076293945,37.27000045776367,37.27000045776367,629200,ZBRA
2005-08-15,37.25,37.310001373291016,36.86000061035156,37.060001373291016,37.060001373291016,814000,ZBRA
2005-08-16,36.97999954223633,37.560001373291016,36.97999954223633,37.04999923706055,37.04999923706055,543200,ZBRA
2005-08-17,37.0,37.540000915527344,37.0,37.31999969482422,37.31999969482422,792300,ZBRA
2005-08-18,37.13999938964844,37.38999938964844,36.88999938964844,37.0,37.0,466100,ZBRA
2005-08-19,36.86000061035156,37.150001525878906,36.560001373291016,36.83000183105469,36.83000183105469,1160600,ZBRA
2005-08-22,36.93000030517578,36.939998626708984,35.31999969482422,35.959999084472656,35.959999084472656,1423700,ZBRA
2005-08-23,35.689998626708984,36.099998474121094,35.27000045776367,35.619998931884766,35.619998931884766,1204300,ZBRA
2005-08-24,35.63999938964844,35.970001220703125,35.33000183105469,35.459999084472656,35.459999084472656,655100,ZBRA
2005-08-25,35.63999938964844,35.779998779296875,35.290000915527344,35.58000183105469,35.58000183105469,357200,ZBRA
2005-08-26,35.47999954223633,35.7400016784668,34.880001068115234,35.29999923706055,35.29999923706055,748700,ZBRA
2005-08-29,35.2599983215332,36.060001373291016,34.97999954223633,35.91999816894531,35.91999816894531,464800,ZBRA
2005-08-30,35.790000915527344,36.060001373291016,35.63999938964844,35.7599983215332,35.7599983215332,496300,ZBRA
2005-08-31,35.720001220703125,37.459999084472656,35.31999969482422,37.36000061035156,37.36000061035156,730200,ZBRA
2005-09-01,37.5,37.5,36.5,36.86000061035156,36.86000061035156,457300,ZBRA
2005-09-02,37.0099983215332,37.279998779296875,36.630001068115234,36.849998474121094,36.849998474121094,263500,ZBRA
2005-09-06,37.0099983215332,37.40999984741211,36.66999816894531,36.86000061035156,36.86000061035156,472000,ZBRA
2005-09-07,36.84000015258789,38.810001373291016,36.79999923706055,38.619998931884766,38.619998931884766,974800,ZBRA
2005-09-08,38.790000915527344,38.81999969482422,38.33000183105469,38.529998779296875,38.529998779296875,490900,ZBRA
2005-09-09,38.400001525878906,39.150001525878906,38.380001068115234,38.709999084472656,38.709999084472656,249000,ZBRA
2005-09-12,38.59000015258789,38.720001220703125,37.70000076293945,38.2599983215332,38.2599983215332,613100,ZBRA
2005-09-13,38.11000061035156,38.2599983215332,37.58000183105469,37.900001525878906,37.900001525878906,482700,ZBRA
2005-09-14,37.84000015258789,38.31999969482422,37.400001525878906,37.83000183105469,37.83000183105469,357700,ZBRA
2005-09-15,37.79999923706055,38.0,37.689998626708984,37.86000061035156,37.86000061035156,504000,ZBRA
2005-09-16,38.15999984741211,38.16999816894531,37.2400016784668,37.34000015258789,37.34000015258789,976600,ZBRA
2005-09-19,37.25,37.459999084472656,36.86000061035156,37.0,37.0,760900,ZBRA
2005-09-20,36.93000030517578,37.279998779296875,36.40999984741211,36.59000015258789,36.59000015258789,424700,ZBRA
2005-09-21,36.7400016784668,37.560001373291016,36.380001068115234,37.25,37.25,497000,ZBRA
2005-09-22,37.0099983215332,37.61000061035156,36.79999923706055,37.189998626708984,37.189998626708984,299100,ZBRA
2005-09-23,37.40999984741211,37.529998779296875,36.79999923706055,37.11000061035156,37.11000061035156,227900,ZBRA
2005-09-26,37.279998779296875,38.470001220703125,37.130001068115234,37.279998779296875,37.279998779296875,312800,ZBRA
2005-09-27,37.5,37.63999938964844,37.11000061035156,37.38999938964844,37.38999938964844,575500,ZBRA
2005-09-28,37.25,37.630001068115234,36.959999084472656,37.04999923706055,37.04999923706055,343600,ZBRA
2005-09-29,37.09000015258789,37.619998931884766,36.529998779296875,37.400001525878906,37.400001525878906,171900,ZBRA
2005-09-30,37.56999969482422,39.189998626708984,37.40999984741211,39.09000015258789,39.09000015258789,505300,ZBRA
2005-10-03,39.25,39.4900016784668,38.61000061035156,39.08000183105469,39.08000183105469,397400,ZBRA
2005-10-04,39.08000183105469,39.72999954223633,38.86000061035156,39.25,39.25,471100,ZBRA
2005-10-05,39.18000030517578,39.5,38.290000915527344,38.459999084472656,38.459999084472656,469100,ZBRA
2005-10-06,38.84000015258789,38.84000015258789,37.84000015258789,38.209999084472656,38.209999084472656,441600,ZBRA
2005-10-07,38.189998626708984,38.790000915527344,38.16999816894531,38.59000015258789,38.59000015258789,719000,ZBRA
2005-10-10,38.459999084472656,38.7400016784668,38.310001373291016,38.5,38.5,614000,ZBRA
2005-10-11,38.56999969482422,38.880001068115234,37.95000076293945,38.11000061035156,38.11000061035156,624600,ZBRA
2005-10-12,37.95000076293945,38.209999084472656,37.40999984741211,37.72999954223633,37.72999954223633,463800,ZBRA
2005-10-13,37.5,37.5099983215332,36.7599983215332,37.02000045776367,37.02000045776367,913200,ZBRA
2005-10-14,36.93000030517578,37.939998626708984,36.650001525878906,37.650001525878906,37.650001525878906,925100,ZBRA
2005-10-17,37.70000076293945,37.75,36.970001220703125,37.119998931884766,37.119998931884766,851600,ZBRA
2005-10-18,37.130001068115234,37.400001525878906,36.86000061035156,36.939998626708984,36.939998626708984,581800,ZBRA
2005-10-19,36.79999923706055,37.959999084472656,36.70000076293945,37.86000061035156,37.86000061035156,451300,ZBRA
2005-10-20,37.810001373291016,38.619998931884766,37.56999969482422,38.040000915527344,38.040000915527344,491300,ZBRA
2005-10-21,38.150001525878906,38.79999923706055,38.060001373291016,38.65999984741211,38.65999984741211,615300,ZBRA
2005-10-24,38.84000015258789,39.88999938964844,38.70000076293945,39.7599983215332,39.7599983215332,476700,ZBRA
2005-10-25,39.70000076293945,40.790000915527344,39.61000061035156,40.36000061035156,40.36000061035156,504700,ZBRA
2005-10-26,40.029998779296875,40.61000061035156,39.95000076293945,40.47999954223633,40.47999954223633,316900,ZBRA
2005-10-27,40.47999954223633,40.47999954223633,39.560001373291016,39.849998474121094,39.849998474121094,654800,ZBRA
2005-10-28,40.0099983215332,41.060001373291016,40.0,41.060001373291016,41.060001373291016,535500,ZBRA
2005-10-31,41.099998474121094,43.650001525878906,41.09000015258789,43.189998626708984,43.189998626708984,2168900,ZBRA
2005-11-01,42.290000915527344,45.81999969482422,42.0,44.060001373291016,44.060001373291016,2107900,ZBRA
2005-11-02,43.75,43.9900016784668,42.9900016784668,43.66999816894531,43.66999816894531,1528000,ZBRA
2005-11-03,43.83000183105469,45.88999938964844,43.54999923706055,44.459999084472656,44.459999084472656,947800,ZBRA
2005-11-04,45.20000076293945,45.20000076293945,44.2400016784668,44.61000061035156,44.61000061035156,434000,ZBRA
2005-11-07,44.720001220703125,45.529998779296875,44.29999923706055,45.36000061035156,45.36000061035156,357500,ZBRA
2005-11-08,45.040000915527344,45.119998931884766,44.16999816894531,44.59000015258789,44.59000015258789,406200,ZBRA
2005-11-09,44.369998931884766,44.5,43.75,44.0,44.0,531200,ZBRA
2005-11-10,43.81999969482422,44.65999984741211,43.599998474121094,44.540000915527344,44.540000915527344,684300,ZBRA
2005-11-11,44.54999923706055,45.630001068115234,44.54999923706055,45.33000183105469,45.33000183105469,529200,ZBRA
2005-11-14,45.209999084472656,45.5,44.47999954223633,44.61000061035156,44.61000061035156,369000,ZBRA
2005-11-15,44.7599983215332,45.52000045776367,44.400001525878906,44.56999969482422,44.56999969482422,461800,ZBRA
2005-11-16,44.599998474121094,44.79999923706055,44.119998931884766,44.279998779296875,44.279998779296875,238600,ZBRA
2005-11-17,44.29999923706055,45.27000045776367,44.150001525878906,45.22999954223633,45.22999954223633,293700,ZBRA
2005-11-18,45.38999938964844,45.599998474121094,44.77000045776367,45.04999923706055,45.04999923706055,231800,ZBRA
2005-11-21,45.189998626708984,46.11000061035156,44.40999984741211,46.04999923706055,46.04999923706055,504500,ZBRA
2005-11-22,45.779998779296875,46.540000915527344,45.77000045776367,46.150001525878906,46.150001525878906,460300,ZBRA
2005-11-23,46.11000061035156,46.5099983215332,46.0,46.2400016784668,46.2400016784668,346600,ZBRA
2005-11-25,46.16999816894531,46.619998931884766,46.099998474121094,46.25,46.25,78300,ZBRA
2005-11-28,46.369998931884766,46.65999984741211,45.439998626708984,45.47999954223633,45.47999954223633,369200,ZBRA
2005-11-29,45.52000045776367,45.81999969482422,45.02000045776367,45.380001068115234,45.380001068115234,375500,ZBRA
2005-11-30,45.40999984741211,45.5,44.900001525878906,45.130001068115234,45.130001068115234,361900,ZBRA
2005-12-01,44.86000061035156,45.20000076293945,44.34000015258789,44.880001068115234,44.880001068115234,597400,ZBRA
2005-12-02,44.880001068115234,45.0,43.81999969482422,44.099998474121094,44.099998474121094,625600,ZBRA
2005-12-05,44.25,44.650001525878906,43.779998779296875,43.93000030517578,43.93000030517578,402800,ZBRA
2005-12-06,44.369998931884766,44.369998931884766,43.689998626708984,43.79999923706055,43.79999923706055,483400,ZBRA
2005-12-07,43.709999084472656,43.88999938964844,43.09000015258789,43.400001525878906,43.400001525878906,383600,ZBRA
2005-12-08,43.25,43.599998474121094,42.849998474121094,43.11000061035156,43.11000061035156,971400,ZBRA
2005-12-09,42.939998626708984,43.5,42.709999084472656,43.349998474121094,43.349998474121094,749800,ZBRA
2005-12-12,43.2400016784668,43.52000045776367,42.849998474121094,43.04999923706055,43.04999923706055,718200,ZBRA
2005-12-13,42.939998626708984,43.959999084472656,42.939998626708984,43.880001068115234,43.880001068115234,1689200,ZBRA
2005-12-14,43.900001525878906,44.18000030517578,43.61000061035156,44.029998779296875,44.029998779296875,448300,ZBRA
2005-12-15,43.900001525878906,44.43000030517578,43.709999084472656,43.959999084472656,43.959999084472656,530300,ZBRA
2005-12-16,43.79999923706055,44.33000183105469,43.599998474121094,43.65999984741211,43.65999984741211,436900,ZBRA
2005-12-19,43.560001373291016,43.75,43.0,43.11000061035156,43.11000061035156,452200,ZBRA
2005-12-20,43.04999923706055,43.939998626708984,43.04999923706055,43.66999816894531,43.66999816894531,349100,ZBRA
2005-12-21,43.56999969482422,44.40999984741211,43.2599983215332,43.529998779296875,43.529998779296875,716800,ZBRA
2005-12-22,43.5,43.75,43.15999984741211,43.36000061035156,43.36000061035156,159300,ZBRA
2005-12-23,43.470001220703125,43.790000915527344,43.310001373291016,43.45000076293945,43.45000076293945,403400,ZBRA
2005-12-27,43.400001525878906,43.75,42.900001525878906,42.93000030517578,42.93000030517578,293000,ZBRA
2005-12-28,42.79999923706055,43.279998779296875,42.79999923706055,42.93000030517578,42.93000030517578,298300,ZBRA
2005-12-29,42.7400016784668,43.20000076293945,42.7400016784668,42.939998626708984,42.939998626708984,279500,ZBRA
2005-12-30,42.79999923706055,43.119998931884766,42.70000076293945,42.849998474121094,42.849998474121094,263300,ZBRA
2006-01-03,42.79999923706055,43.2400016784668,42.47999954223633,42.83000183105469,42.83000183105469,618800,ZBRA
2006-01-04,42.939998626708984,43.16999816894531,42.29999923706055,42.40999984741211,42.40999984741211,444300,ZBRA
2006-01-05,42.380001068115234,43.0,42.15999984741211,42.529998779296875,42.529998779296875,313000,ZBRA
2006-01-06,42.70000076293945,44.290000915527344,42.66999816894531,44.119998931884766,44.119998931884766,617100,ZBRA
2006-01-09,44.290000915527344,44.869998931884766,43.869998931884766,44.790000915527344,44.790000915527344,310700,ZBRA
2006-01-10,44.790000915527344,46.77000045776367,44.70000076293945,46.459999084472656,46.459999084472656,1307400,ZBRA
2006-01-11,46.36000061035156,46.4900016784668,45.70000076293945,46.02000045776367,46.02000045776367,410300,ZBRA
2006-01-12,46.25,46.939998626708984,45.70000076293945,46.5099983215332,46.5099983215332,402100,ZBRA
2006-01-13,46.63999938964844,46.77000045776367,45.79999923706055,46.15999984741211,46.15999984741211,206900,ZBRA
2006-01-17,45.790000915527344,46.41999816894531,45.08000183105469,45.2400016784668,45.2400016784668,246900,ZBRA
2006-01-18,45.0,45.52000045776367,44.56999969482422,44.93000030517578,44.93000030517578,253500,ZBRA
2006-01-19,44.75,45.2599983215332,44.68000030517578,45.0,45.0,180700,ZBRA
2006-01-20,44.95000076293945,45.04999923706055,44.09000015258789,44.209999084472656,44.209999084472656,327500,ZBRA
2006-01-23,44.13999938964844,44.290000915527344,43.4900016784668,43.5099983215332,43.5099983215332,333400,ZBRA
2006-01-24,43.72999954223633,44.04999923706055,43.349998474121094,43.47999954223633,43.47999954223633,206000,ZBRA
2006-01-25,43.689998626708984,43.849998474121094,42.31999969482422,43.060001373291016,43.060001373291016,533800,ZBRA
2006-01-26,43.43000030517578,43.709999084472656,43.0,43.66999816894531,43.66999816894531,240300,ZBRA
2006-01-27,43.70000076293945,45.209999084472656,43.349998474121094,45.099998474121094,45.099998474121094,570800,ZBRA
2006-01-30,44.869998931884766,45.18000030517578,44.54999923706055,44.849998474121094,44.849998474121094,238900,ZBRA
2006-01-31,44.619998931884766,45.45000076293945,44.5,45.029998779296875,45.029998779296875,245900,ZBRA
2006-02-01,44.689998626708984,44.900001525878906,44.040000915527344,44.22999954223633,44.22999954223633,356000,ZBRA
2006-02-02,44.060001373291016,44.36000061035156,43.290000915527344,43.4900016784668,43.4900016784668,390000,ZBRA
2006-02-03,43.25,43.540000915527344,42.400001525878906,42.75,42.75,414700,ZBRA
2006-02-06,42.65999984741211,43.45000076293945,42.619998931884766,43.349998474121094,43.349998474121094,913400,ZBRA
2006-02-07,43.279998779296875,44.189998626708984,42.7599983215332,44.0,44.0,1075400,ZBRA
2006-02-08,44.02000045776367,46.209999084472656,44.02000045776367,46.18000030517578,46.18000030517578,1104000,ZBRA
2006-02-09,47.45000076293945,47.970001220703125,45.68000030517578,45.880001068115234,45.880001068115234,1219400,ZBRA
2006-02-10,45.939998626708984,46.09000015258789,45.380001068115234,45.849998474121094,45.849998474121094,672200,ZBRA
2006-02-13,45.560001373291016,45.720001220703125,44.849998474121094,45.119998931884766,45.119998931884766,496000,ZBRA
2006-02-14,44.939998626708984,45.25,44.5,45.029998779296875,45.029998779296875,518200,ZBRA
2006-02-15,44.810001373291016,45.0,44.380001068115234,44.540000915527344,44.540000915527344,369600,ZBRA
2006-02-16,44.439998626708984,44.959999084472656,44.34000015258789,44.47999954223633,44.47999954223633,231400,ZBRA
2006-02-17,44.529998779296875,44.540000915527344,43.81999969482422,44.439998626708984,44.439998626708984,288100,ZBRA
2006-02-21,44.27000045776367,44.5,43.83000183105469,44.099998474121094,44.099998474121094,261100,ZBRA
2006-02-22,43.959999084472656,44.5,43.599998474121094,44.150001525878906,44.150001525878906,247600,ZBRA
2006-02-23,43.95000076293945,44.470001220703125,43.849998474121094,44.099998474121094,44.099998474121094,258000,ZBRA
2006-02-24,44.2400016784668,45.220001220703125,43.959999084472656,45.099998474121094,45.099998474121094,467700,ZBRA
2006-02-27,45.27000045776367,45.54999923706055,44.83000183105469,44.97999954223633,44.97999954223633,284100,ZBRA
2006-02-28,44.84000015258789,44.9900016784668,43.650001525878906,44.13999938964844,44.13999938964844,383600,ZBRA
2006-03-01,44.029998779296875,44.689998626708984,43.939998626708984,44.43000030517578,44.43000030517578,314700,ZBRA
2006-03-02,44.20000076293945,44.630001068115234,44.0,44.220001220703125,44.220001220703125,308300,ZBRA
2006-03-03,44.0,44.349998474121094,43.560001373291016,43.689998626708984,43.689998626708984,328600,ZBRA
2006-03-06,43.560001373291016,44.27000045776367,43.560001373291016,43.810001373291016,43.810001373291016,278400,ZBRA
2006-03-07,43.63999938964844,44.25,43.54999923706055,44.099998474121094,44.099998474121094,368300,ZBRA
2006-03-08,43.81999969482422,44.2599983215332,43.290000915527344,43.7599983215332,43.7599983215332,239100,ZBRA
2006-03-09,43.65999984741211,44.08000183105469,43.470001220703125,43.869998931884766,43.869998931884766,250900,ZBRA
2006-03-10,43.79999923706055,43.959999084472656,43.38999938964844,43.630001068115234,43.630001068115234,476200,ZBRA
2006-03-13,43.59000015258789,43.95000076293945,43.29999923706055,43.59000015258789,43.59000015258789,484500,ZBRA
2006-03-14,43.41999816894531,44.59000015258789,43.2400016784668,44.54999923706055,44.54999923706055,384500,ZBRA
2006-03-15,44.61000061035156,45.099998474121094,44.43000030517578,45.0,45.0,312700,ZBRA
2006-03-16,45.0,45.43000030517578,44.849998474121094,45.279998779296875,45.279998779296875,457100,ZBRA
2006-03-17,45.29999923706055,45.709999084472656,45.130001068115234,45.36000061035156,45.36000061035156,565000,ZBRA
2006-03-20,45.33000183105469,45.70000076293945,45.189998626708984,45.43000030517578,45.43000030517578,181700,ZBRA
2006-03-21,45.45000076293945,46.220001220703125,44.900001525878906,45.45000076293945,45.45000076293945,453800,ZBRA
2006-03-22,45.68000030517578,45.7400016784668,45.04999923706055,45.65999984741211,45.65999984741211,226300,ZBRA
2006-03-23,45.5099983215332,45.95000076293945,45.099998474121094,45.7599983215332,45.7599983215332,282900,ZBRA
2006-03-24,45.54999923706055,46.220001220703125,45.54999923706055,45.75,45.75,293700,ZBRA
2006-03-27,45.66999816894531,46.310001373291016,45.08000183105469,45.310001373291016,45.310001373291016,405000,ZBRA
2006-03-28,45.130001068115234,45.209999084472656,44.599998474121094,44.709999084472656,44.709999084472656,293300,ZBRA
2006-03-29,44.709999084472656,45.220001220703125,44.58000183105469,44.84000015258789,44.84000015258789,335700,ZBRA
2006-03-30,44.93000030517578,44.970001220703125,44.66999816894531,44.84000015258789,44.84000015258789,181400,ZBRA
2006-03-31,44.959999084472656,45.13999938964844,44.439998626708984,44.720001220703125,44.720001220703125,389200,ZBRA
2006-04-03,44.939998626708984,45.38999938964844,44.599998474121094,44.91999816894531,44.91999816894531,330000,ZBRA
2006-04-04,44.810001373291016,44.86000061035156,44.119998931884766,44.279998779296875,44.279998779296875,329100,ZBRA
2006-04-05,44.2400016784668,44.29999923706055,43.099998474121094,43.27000045776367,43.27000045776367,874500,ZBRA
2006-04-06,43.45000076293945,43.849998474121094,43.060001373291016,43.77000045776367,43.77000045776367,346500,ZBRA
2006-04-07,43.7599983215332,43.970001220703125,43.47999954223633,43.65999984741211,43.65999984741211,140500,ZBRA
2006-04-10,43.61000061035156,43.95000076293945,43.209999084472656,43.5,43.5,161600,ZBRA
2006-04-11,43.4900016784668,43.709999084472656,42.66999816894531,42.86000061035156,42.86000061035156,288200,ZBRA
2006-04-12,42.7400016784668,43.04999923706055,42.27000045776367,42.400001525878906,42.400001525878906,229600,ZBRA
2006-04-13,42.27000045776367,42.290000915527344,41.650001525878906,42.099998474121094,42.099998474121094,511900,ZBRA
2006-04-17,42.099998474121094,43.52000045776367,41.849998474121094,42.90999984741211,42.90999984741211,550900,ZBRA
2006-04-18,42.970001220703125,43.279998779296875,42.939998626708984,43.16999816894531,43.16999816894531,354700,ZBRA
2006-04-19,43.11000061035156,43.599998474121094,42.72999954223633,43.15999984741211,43.15999984741211,436800,ZBRA
2006-04-20,43.279998779296875,43.5,43.0,43.209999084472656,43.209999084472656,394900,ZBRA
2006-04-21,43.2599983215332,43.5,42.599998474121094,43.25,43.25,456800,ZBRA
2006-04-24,42.970001220703125,43.20000076293945,42.599998474121094,43.02000045776367,43.02000045776367,339600,ZBRA
2006-04-25,43.0,43.7400016784668,42.77000045776367,43.349998474121094,43.349998474121094,328200,ZBRA
2006-04-26,38.22999954223633,39.75,37.959999084472656,37.959999084472656,37.959999084472656,6130000,ZBRA
2006-04-27,39.290000915527344,39.880001068115234,38.720001220703125,39.33000183105469,39.33000183105469,2352900,ZBRA
2006-04-28,39.20000076293945,40.0,39.130001068115234,39.689998626708984,39.689998626708984,788800,ZBRA
2006-05-01,39.5,39.689998626708984,38.75,38.779998779296875,38.779998779296875,416600,ZBRA
2006-05-02,38.90999984741211,39.150001525878906,38.65999984741211,39.0099983215332,39.0099983215332,382500,ZBRA
2006-05-03,38.970001220703125,39.7599983215332,38.84000015258789,39.599998474121094,39.599998474121094,456200,ZBRA
2006-05-04,39.5099983215332,40.25,39.43000030517578,40.22999954223633,40.22999954223633,408800,ZBRA
2006-05-05,40.36000061035156,40.83000183105469,39.83000183105469,40.599998474121094,40.599998474121094,459000,ZBRA
2006-05-08,40.29999923706055,40.81999969482422,40.06999969482422,40.36000061035156,40.36000061035156,306900,ZBRA
2006-05-09,40.150001525878906,40.36000061035156,38.970001220703125,39.209999084472656,39.209999084472656,589300,ZBRA
2006-05-10,39.0,39.36000061035156,38.709999084472656,39.15999984741211,39.15999984741211,481600,ZBRA
2006-05-11,38.91999816894531,38.970001220703125,37.7599983215332,38.119998931884766,38.119998931884766,680900,ZBRA
2006-05-12,38.45000076293945,38.5,37.7599983215332,38.0099983215332,38.0099983215332,269000,ZBRA
2006-05-15,37.79999923706055,38.400001525878906,37.75,37.810001373291016,37.810001373291016,464300,ZBRA
2006-05-16,37.790000915527344,37.88999938964844,36.88999938964844,37.2400016784668,37.2400016784668,486000,ZBRA
2006-05-17,37.0,37.40999984741211,36.970001220703125,37.0,37.0,480800,ZBRA
2006-05-18,37.0,37.18000030517578,36.619998931884766,36.630001068115234,36.630001068115234,390200,ZBRA
2006-05-19,37.08000183105469,37.369998931884766,36.459999084472656,37.04999923706055,37.04999923706055,310700,ZBRA
2006-05-22,36.779998779296875,37.0099983215332,36.119998931884766,36.66999816894531,36.66999816894531,374900,ZBRA
2006-05-23,36.95000076293945,37.04999923706055,35.529998779296875,35.529998779296875,35.529998779296875,438400,ZBRA
2006-05-24,35.5,35.720001220703125,34.95000076293945,35.08000183105469,35.08000183105469,825200,ZBRA
2006-05-25,35.02000045776367,35.7400016784668,34.97999954223633,35.47999954223633,35.47999954223633,540100,ZBRA
2006-05-26,35.650001525878906,36.150001525878906,35.400001525878906,36.029998779296875,36.029998779296875,530700,ZBRA
2006-05-30,35.72999954223633,36.380001068115234,35.4900016784668,35.52000045776367,35.52000045776367,385900,ZBRA
2006-05-31,35.5,35.790000915527344,35.060001373291016,35.310001373291016,35.310001373291016,472100,ZBRA
2006-06-01,35.47999954223633,35.810001373291016,35.040000915527344,35.810001373291016,35.810001373291016,451900,ZBRA
2006-06-02,35.75,36.84000015258789,35.61000061035156,36.779998779296875,36.779998779296875,559700,ZBRA
2006-06-05,36.619998931884766,37.08000183105469,36.310001373291016,36.38999938964844,36.38999938964844,545800,ZBRA
2006-06-06,36.58000183105469,36.58000183105469,34.91999816894531,35.4900016784668,35.4900016784668,538100,ZBRA
2006-06-07,35.459999084472656,35.81999969482422,34.93000030517578,34.95000076293945,34.95000076293945,325200,ZBRA
2006-06-08,34.900001525878906,35.06999969482422,33.75,34.08000183105469,34.08000183105469,1064500,ZBRA
2006-06-09,34.25,34.54999923706055,34.0,34.119998931884766,34.119998931884766,244700,ZBRA
2006-06-12,34.099998474121094,34.47999954223633,33.25,33.27000045776367,33.27000045776367,464300,ZBRA
2006-06-13,33.25,33.45000076293945,32.40999984741211,32.95000076293945,32.95000076293945,1343900,ZBRA
2006-06-14,32.84000015258789,33.599998474121094,32.68000030517578,33.16999816894531,33.16999816894531,379600,ZBRA
2006-06-15,33.40999984741211,34.279998779296875,33.15999984741211,34.20000076293945,34.20000076293945,538700,ZBRA
2006-06-16,34.25,34.31999969482422,33.77000045776367,34.02000045776367,34.02000045776367,373100,ZBRA
2006-06-19,33.83000183105469,34.0,32.88999938964844,33.029998779296875,33.029998779296875,505400,ZBRA
2006-06-20,33.0099983215332,33.31999969482422,32.779998779296875,32.9900016784668,32.9900016784668,493800,ZBRA
2006-06-21,33.08000183105469,34.439998626708984,33.0099983215332,33.810001373291016,33.810001373291016,1136000,ZBRA
2006-06-22,34.0,34.0,33.04999923706055,33.290000915527344,33.290000915527344,799100,ZBRA
2006-06-23,33.349998474121094,33.5099983215332,33.04999923706055,33.400001525878906,33.400001525878906,278100,ZBRA
2006-06-26,33.459999084472656,33.75,33.22999954223633,33.38999938964844,33.38999938964844,244100,ZBRA
2006-06-27,33.38999938964844,33.779998779296875,32.650001525878906,32.90999984741211,32.90999984741211,659900,ZBRA
2006-06-28,33.09000015258789,33.25,32.83000183105469,33.189998626708984,33.189998626708984,281200,ZBRA
2006-06-29,33.31999969482422,34.060001373291016,33.0,34.04999923706055,34.04999923706055,457100,ZBRA
2006-06-30,33.849998474121094,34.33000183105469,33.77000045776367,34.15999984741211,34.15999984741211,415400,ZBRA
2006-07-03,33.709999084472656,34.11000061035156,33.41999816894531,33.880001068115234,33.880001068115234,189300,ZBRA
2006-07-05,33.779998779296875,33.86000061035156,32.52000045776367,32.58000183105469,32.58000183105469,579700,ZBRA
2006-07-06,32.529998779296875,32.88999938964844,32.209999084472656,32.40999984741211,32.40999984741211,457100,ZBRA
2006-07-07,32.290000915527344,32.689998626708984,31.670000076293945,31.8799991607666,31.8799991607666,473300,ZBRA
2006-07-10,31.8799991607666,32.47999954223633,31.670000076293945,31.93000030517578,31.93000030517578,432600,ZBRA
2006-07-11,31.809999465942383,32.470001220703125,31.389999389648438,32.380001068115234,32.380001068115234,628000,ZBRA
2006-07-12,32.400001525878906,32.61000061035156,32.08000183105469,32.43000030517578,32.43000030517578,985100,ZBRA
2006-07-13,32.29999923706055,32.380001068115234,31.110000610351562,31.309999465942383,31.309999465942383,481400,ZBRA
2006-07-14,31.40999984741211,31.8700008392334,30.899999618530273,31.09000015258789,31.09000015258789,198600,ZBRA
2006-07-17,31.040000915527344,31.40999984741211,30.950000762939453,31.200000762939453,31.200000762939453,464200,ZBRA
2006-07-18,31.31999969482422,31.350000381469727,30.75,31.0,31.0,624800,ZBRA
2006-07-19,30.959999084472656,31.280000686645508,30.770000457763672,31.0,31.0,510800,ZBRA
2006-07-20,31.0,31.170000076293945,30.200000762939453,30.229999542236328,30.229999542236328,431200,ZBRA
2006-07-21,30.1299991607666,30.200000762939453,29.229999542236328,29.579999923706055,29.579999923706055,838500,ZBRA
2006-07-24,29.6200008392334,30.229999542236328,29.6200008392334,30.079999923706055,30.079999923706055,588300,ZBRA
2006-07-25,30.020000457763672,31.270000457763672,29.940000534057617,30.989999771118164,30.989999771118164,689700,ZBRA
2006-07-26,32.45000076293945,33.0,31.65999984741211,31.809999465942383,31.809999465942383,2153800,ZBRA
2006-07-27,31.809999465942383,32.09000015258789,31.030000686645508,31.260000228881836,31.260000228881836,879200,ZBRA
2006-07-28,31.520000457763672,31.549999237060547,31.190000534057617,31.40999984741211,31.40999984741211,694300,ZBRA
2006-07-31,31.350000381469727,31.6299991607666,31.290000915527344,31.350000381469727,31.350000381469727,954300,ZBRA
2006-08-01,31.280000686645508,31.3700008392334,31.149999618530273,31.219999313354492,31.219999313354492,713100,ZBRA
2006-08-02,31.25,31.760000228881836,31.25,31.75,31.75,1025900,ZBRA
2006-08-03,31.549999237060547,32.599998474121094,31.40999984741211,32.41999816894531,32.41999816894531,692200,ZBRA
2006-08-04,32.310001373291016,33.22999954223633,32.2599983215332,33.04999923706055,33.04999923706055,1023100,ZBRA
2006-08-07,33.06999969482422,33.06999969482422,32.41999816894531,32.599998474121094,32.599998474121094,617100,ZBRA
2006-08-08,32.65999984741211,33.0,32.349998474121094,32.5,32.5,388800,ZBRA
2006-08-09,32.72999954223633,33.060001373291016,32.099998474121094,32.279998779296875,32.279998779296875,342600,ZBRA
2006-08-10,32.11000061035156,32.599998474121094,32.11000061035156,32.5099983215332,32.5099983215332,308600,ZBRA
2006-08-11,32.38999938964844,32.810001373291016,32.27000045776367,32.650001525878906,32.650001525878906,187500,ZBRA
2006-08-14,32.939998626708984,33.25,32.72999954223633,32.959999084472656,32.959999084472656,248000,ZBRA
2006-08-15,33.22999954223633,33.439998626708984,32.939998626708984,33.369998931884766,33.369998931884766,220700,ZBRA
2006-08-16,33.5099983215332,33.869998931884766,33.25,33.790000915527344,33.790000915527344,356900,ZBRA
2006-08-17,33.869998931884766,34.02000045776367,33.720001220703125,33.880001068115234,33.880001068115234,812400,ZBRA
2006-08-18,33.83000183105469,34.27000045776367,33.470001220703125,34.040000915527344,34.040000915527344,748600,ZBRA
2006-08-21,34.0,34.0,33.209999084472656,33.29999923706055,33.29999923706055,573100,ZBRA
2006-08-22,33.209999084472656,33.5,33.13999938964844,33.40999984741211,33.40999984741211,431200,ZBRA
2006-08-23,33.29999923706055,33.61000061035156,32.75,33.34000015258789,33.34000015258789,325700,ZBRA
2006-08-24,33.27000045776367,33.459999084472656,32.75,33.209999084472656,33.209999084472656,246400,ZBRA
2006-08-25,33.20000076293945,33.689998626708984,32.79999923706055,33.33000183105469,33.33000183105469,279300,ZBRA
2006-08-28,33.22999954223633,33.720001220703125,33.22999954223633,33.63999938964844,33.63999938964844,275300,ZBRA
2006-08-29,33.75,33.91999816894531,33.29999923706055,33.88999938964844,33.88999938964844,254500,ZBRA
2006-08-30,33.970001220703125,34.349998474121094,33.689998626708984,34.11000061035156,34.11000061035156,318000,ZBRA
2006-08-31,34.06999969482422,34.06999969482422,33.7599983215332,33.84000015258789,33.84000015258789,284400,ZBRA
2006-09-01,33.88999938964844,34.5,33.529998779296875,34.290000915527344,34.290000915527344,350100,ZBRA
2006-09-05,34.380001068115234,34.7400016784668,34.04999923706055,34.630001068115234,34.630001068115234,225000,ZBRA
2006-09-06,34.31999969482422,34.349998474121094,33.90999984741211,33.939998626708984,33.939998626708984,268700,ZBRA
2006-09-07,33.77000045776367,33.88999938964844,33.220001220703125,33.31999969482422,33.31999969482422,305000,ZBRA
2006-09-08,33.4900016784668,33.689998626708984,33.20000076293945,33.529998779296875,33.529998779296875,253800,ZBRA
2006-09-11,33.310001373291016,34.290000915527344,33.22999954223633,34.04999923706055,34.04999923706055,258100,ZBRA
2006-09-12,34.25,36.099998474121094,34.25,35.599998474121094,35.599998474121094,1026400,ZBRA
2006-09-13,35.720001220703125,36.09000015258789,35.439998626708984,35.900001525878906,35.900001525878906,385500,ZBRA
2006-09-14,35.68000030517578,36.029998779296875,35.31999969482422,35.470001220703125,35.470001220703125,416400,ZBRA
2006-09-15,35.630001068115234,36.060001373291016,35.310001373291016,35.63999938964844,35.63999938964844,819800,ZBRA
2006-09-18,35.70000076293945,36.599998474121094,35.33000183105469,36.380001068115234,36.380001068115234,526700,ZBRA
2006-09-19,36.310001373291016,36.4900016784668,35.29999923706055,35.540000915527344,35.540000915527344,599300,ZBRA
2006-09-20,35.95000076293945,36.31999969482422,35.68000030517578,36.150001525878906,36.150001525878906,705200,ZBRA
2006-09-21,36.150001525878906,36.189998626708984,35.209999084472656,35.31999969482422,35.31999969482422,426600,ZBRA
2006-09-22,35.2400016784668,35.27000045776367,34.470001220703125,34.619998931884766,34.619998931884766,531700,ZBRA
2006-09-25,34.630001068115234,35.400001525878906,34.630001068115234,35.189998626708984,35.189998626708984,482700,ZBRA
2006-09-26,35.220001220703125,35.599998474121094,35.0,35.599998474121094,35.599998474121094,323500,ZBRA
2006-09-27,35.41999816894531,35.75,35.16999816894531,35.220001220703125,35.220001220703125,278900,ZBRA
2006-09-28,35.18000030517578,35.959999084472656,35.0,35.959999084472656,35.959999084472656,299300,ZBRA
2006-09-29,36.13999938964844,36.15999984741211,35.720001220703125,35.7400016784668,35.7400016784668,401900,ZBRA
2006-10-02,35.75,35.75,35.040000915527344,35.290000915527344,35.290000915527344,392300,ZBRA
2006-10-03,35.0099983215332,35.47999954223633,34.52000045776367,35.04999923706055,35.04999923706055,417200,ZBRA
2006-10-04,34.810001373291016,35.83000183105469,34.709999084472656,35.7400016784668,35.7400016784668,207200,ZBRA
2006-10-05,35.47999954223633,35.63999938964844,35.04999923706055,35.5099983215332,35.5099983215332,260100,ZBRA
2006-10-06,35.68000030517578,36.349998474121094,35.400001525878906,36.040000915527344,36.040000915527344,335100,ZBRA
2006-10-09,35.93000030517578,36.41999816894531,35.54999923706055,36.34000015258789,36.34000015258789,226600,ZBRA
2006-10-10,36.61000061035156,36.689998626708984,36.2599983215332,36.400001525878906,36.400001525878906,343600,ZBRA
2006-10-11,36.22999954223633,36.86000061035156,36.209999084472656,36.66999816894531,36.66999816894531,222000,ZBRA
2006-10-12,36.880001068115234,37.08000183105469,36.599998474121094,37.060001373291016,37.060001373291016,223700,ZBRA
2006-10-13,36.90999984741211,37.349998474121094,36.90999984741211,37.06999969482422,37.06999969482422,212200,ZBRA
2006-10-16,36.939998626708984,37.27000045776367,36.93000030517578,36.95000076293945,36.95000076293945,206300,ZBRA
2006-10-17,36.86000061035156,36.959999084472656,36.5,36.599998474121094,36.599998474121094,179300,ZBRA
2006-10-18,36.59000015258789,36.720001220703125,35.900001525878906,36.18000030517578,36.18000030517578,484200,ZBRA
2006-10-19,36.04999923706055,36.709999084472656,36.04999923706055,36.4900016784668,36.4900016784668,253400,ZBRA
2006-10-20,36.5,36.599998474121094,36.27000045776367,36.36000061035156,36.36000061035156,317600,ZBRA
2006-10-23,36.150001525878906,36.81999969482422,36.150001525878906,36.720001220703125,36.720001220703125,384200,ZBRA
2006-10-24,36.349998474121094,36.810001373291016,36.33000183105469,36.720001220703125,36.720001220703125,327700,ZBRA
2006-10-25,36.810001373291016,36.90999984741211,36.439998626708984,36.77000045776367,36.77000045776367,339900,ZBRA
2006-10-26,36.880001068115234,37.56999969482422,36.66999816894531,37.43000030517578,37.43000030517578,222900,ZBRA
2006-10-27,37.36000061035156,37.36000061035156,36.619998931884766,37.029998779296875,37.029998779296875,364900,ZBRA
2006-10-30,37.060001373291016,37.619998931884766,36.630001068115234,37.5,37.5,355600,ZBRA
2006-10-31,37.560001373291016,37.7400016784668,36.91999816894531,37.27000045776367,37.27000045776367,390100,ZBRA
2006-11-01,37.04999923706055,37.400001525878906,36.08000183105469,36.83000183105469,36.83000183105469,810100,ZBRA
2006-11-02,36.4900016784668,36.5099983215332,35.599998474121094,35.93000030517578,35.93000030517578,651100,ZBRA
2006-11-03,35.9900016784668,36.20000076293945,35.56999969482422,35.72999954223633,35.72999954223633,447600,ZBRA
2006-11-06,35.720001220703125,36.09000015258789,35.720001220703125,35.79999923706055,35.79999923706055,389600,ZBRA
2006-11-07,35.880001068115234,36.380001068115234,35.79999923706055,35.9900016784668,35.9900016784668,340100,ZBRA
2006-11-08,35.779998779296875,36.02000045776367,35.56999969482422,35.869998931884766,35.869998931884766,327700,ZBRA
2006-11-09,35.9900016784668,36.029998779296875,35.06999969482422,35.5099983215332,35.5099983215332,430300,ZBRA
2006-11-10,35.47999954223633,35.70000076293945,35.040000915527344,35.47999954223633,35.47999954223633,326800,ZBRA
2006-11-13,35.34000015258789,35.459999084472656,35.08000183105469,35.369998931884766,35.369998931884766,655700,ZBRA
2006-11-14,35.290000915527344,35.68000030517578,35.220001220703125,35.59000015258789,35.59000015258789,747900,ZBRA
2006-11-15,35.560001373291016,36.84000015258789,35.439998626708984,36.689998626708984,36.689998626708984,975500,ZBRA
2006-11-16,36.91999816894531,36.91999816894531,36.040000915527344,36.47999954223633,36.47999954223633,603100,ZBRA
2006-11-17,36.5,36.5,35.4900016784668,35.5,35.5,728800,ZBRA
2006-11-20,35.36000061035156,35.560001373291016,35.09000015258789,35.529998779296875,35.529998779296875,574900,ZBRA
2006-11-21,35.40999984741211,35.540000915527344,35.18000030517578,35.459999084472656,35.459999084472656,307100,ZBRA
2006-11-22,35.5,35.52000045776367,35.2599983215332,35.4900016784668,35.4900016784668,243900,ZBRA
2006-11-24,35.45000076293945,35.5,35.369998931884766,35.5,35.5,217800,ZBRA
2006-11-27,35.349998474121094,35.47999954223633,34.95000076293945,34.95000076293945,34.95000076293945,409300,ZBRA
2006-11-28,34.91999816894531,35.08000183105469,34.66999816894531,34.79999923706055,34.79999923706055,511700,ZBRA
2006-11-29,34.86000061035156,35.08000183105469,34.689998626708984,34.849998474121094,34.849998474121094,461900,ZBRA
2006-11-30,34.79999923706055,35.02000045776367,34.209999084472656,34.93000030517578,34.93000030517578,626900,ZBRA
2006-12-01,34.7400016784668,34.939998626708984,33.97999954223633,34.33000183105469,34.33000183105469,610600,ZBRA
2006-12-04,34.13999938964844,34.59000015258789,34.13999938964844,34.54999923706055,34.54999923706055,533700,ZBRA
2006-12-05,34.54999923706055,34.650001525878906,34.209999084472656,34.54999923706055,34.54999923706055,564700,ZBRA
2006-12-06,34.38999938964844,34.939998626708984,34.38999938964844,34.790000915527344,34.790000915527344,600200,ZBRA
2006-12-07,34.619998931884766,35.040000915527344,34.54999923706055,34.90999984741211,34.90999984741211,686300,ZBRA
2006-12-08,34.72999954223633,35.29999923706055,34.599998474121094,35.2599983215332,35.2599983215332,754400,ZBRA
2006-12-11,35.349998474121094,35.79999923706055,35.15999984741211,35.25,35.25,857800,ZBRA
2006-12-12,35.439998626708984,35.439998626708984,34.970001220703125,35.08000183105469,35.08000183105469,628200,ZBRA
2006-12-13,35.29999923706055,35.33000183105469,34.91999816894531,35.040000915527344,35.040000915527344,460900,ZBRA
2006-12-14,34.970001220703125,35.41999816894531,34.900001525878906,35.25,35.25,208600,ZBRA
2006-12-15,35.15999984741211,35.459999084472656,35.119998931884766,35.189998626708984,35.189998626708984,541100,ZBRA
2006-12-18,35.20000076293945,35.459999084472656,34.959999084472656,35.04999923706055,35.04999923706055,336900,ZBRA
2006-12-19,34.900001525878906,35.099998474121094,34.61000061035156,35.0,35.0,310900,ZBRA
2006-12-20,35.0,35.150001525878906,34.88999938964844,34.9900016784668,34.9900016784668,335200,ZBRA
2006-12-21,35.06999969482422,35.099998474121094,34.880001068115234,34.970001220703125,34.970001220703125,394600,ZBRA
2006-12-22,34.88999938964844,35.04999923706055,34.75,34.90999984741211,34.90999984741211,477900,ZBRA
2006-12-26,34.7599983215332,35.02000045776367,34.7599983215332,34.90999984741211,34.90999984741211,272700,ZBRA
2006-12-27,34.91999816894531,35.209999084472656,34.84000015258789,35.06999969482422,35.06999969482422,235100,ZBRA
2006-12-28,34.939998626708984,35.099998474121094,34.88999938964844,34.900001525878906,34.900001525878906,358700,ZBRA
2006-12-29,34.810001373291016,34.900001525878906,34.68000030517578,34.790000915527344,34.790000915527344,369300,ZBRA
2007-01-03,35.0,35.11000061035156,34.45000076293945,34.880001068115234,34.880001068115234,561400,ZBRA
2007-01-04,34.7400016784668,34.93000030517578,34.459999084472656,34.68000030517578,34.68000030517578,355600,ZBRA
2007-01-05,34.52000045776367,34.529998779296875,33.70000076293945,34.33000183105469,34.33000183105469,645400,ZBRA
2007-01-08,34.27000045776367,34.54999923706055,34.099998474121094,34.400001525878906,34.400001525878906,318300,ZBRA
2007-01-09,34.11000061035156,34.400001525878906,33.95000076293945,34.34000015258789,34.34000015258789,518900,ZBRA
2007-01-10,34.13999938964844,34.529998779296875,33.970001220703125,34.369998931884766,34.369998931884766,229600,ZBRA
2007-01-11,34.43000030517578,34.61000061035156,34.22999954223633,34.439998626708984,34.439998626708984,623700,ZBRA
2007-01-12,34.33000183105469,35.619998931884766,34.25,35.5,35.5,895200,ZBRA
2007-01-16,35.470001220703125,35.630001068115234,35.369998931884766,35.54999923706055,35.54999923706055,609700,ZBRA
2007-01-17,35.4900016784668,35.650001525878906,35.33000183105469,35.52000045776367,35.52000045776367,424600,ZBRA
2007-01-18,35.40999984741211,35.529998779296875,34.72999954223633,34.810001373291016,34.810001373291016,792000,ZBRA
2007-01-19,34.75,34.900001525878906,34.33000183105469,34.79999923706055,34.79999923706055,532300,ZBRA
2007-01-22,34.869998931884766,35.04999923706055,34.5,34.810001373291016,34.810001373291016,263800,ZBRA
2007-01-23,34.900001525878906,35.18000030517578,34.689998626708984,34.83000183105469,34.83000183105469,610600,ZBRA
2007-01-24,34.91999816894531,35.0,34.689998626708984,35.0,35.0,375900,ZBRA
2007-01-25,34.90999984741211,35.04999923706055,34.52000045776367,34.59000015258789,34.59000015258789,407700,ZBRA
2007-01-26,34.61000061035156,34.79999923706055,34.33000183105469,34.7400016784668,34.7400016784668,534900,ZBRA
2007-01-29,34.66999816894531,34.880001068115234,34.540000915527344,34.70000076293945,34.70000076293945,329200,ZBRA
2007-01-30,34.720001220703125,34.84000015258789,34.52000045776367,34.70000076293945,34.70000076293945,206500,ZBRA
2007-01-31,34.630001068115234,34.75,34.31999969482422,34.66999816894531,34.66999816894531,360000,ZBRA
2007-02-01,34.70000076293945,34.849998474121094,34.52000045776367,34.75,34.75,277300,ZBRA
2007-02-02,34.75,35.400001525878906,34.75,35.36000061035156,35.36000061035156,691000,ZBRA
2007-02-05,35.38999938964844,35.77000045776367,35.2400016784668,35.599998474121094,35.599998474121094,430900,ZBRA
2007-02-06,35.650001525878906,36.369998931884766,35.45000076293945,36.290000915527344,36.290000915527344,592100,ZBRA
2007-02-07,36.43000030517578,36.68000030517578,36.09000015258789,36.47999954223633,36.47999954223633,453600,ZBRA
2007-02-08,36.369998931884766,36.470001220703125,35.91999816894531,36.08000183105469,36.08000183105469,360700,ZBRA
2007-02-09,35.91999816894531,35.970001220703125,35.459999084472656,35.70000076293945,35.70000076293945,577000,ZBRA
2007-02-12,35.880001068115234,36.38999938964844,35.63999938964844,36.22999954223633,36.22999954223633,365900,ZBRA
2007-02-13,36.20000076293945,36.56999969482422,36.130001068115234,36.54999923706055,36.54999923706055,632700,ZBRA
2007-02-14,35.790000915527344,38.349998474121094,34.560001373291016,37.970001220703125,37.970001220703125,3030200,ZBRA
2007-02-15,38.52000045776367,40.59000015258789,38.52000045776367,39.9900016784668,39.9900016784668,2847700,ZBRA
2007-02-16,40.09000015258789,41.47999954223633,39.65999984741211,40.83000183105469,40.83000183105469,1662300,ZBRA
2007-02-20,40.68000030517578,41.380001068115234,40.68000030517578,41.08000183105469,41.08000183105469,611300,ZBRA
2007-02-21,40.95000076293945,41.81999969482422,40.95000076293945,41.599998474121094,41.599998474121094,915800,ZBRA
2007-02-22,41.43000030517578,41.689998626708984,41.189998626708984,41.650001525878906,41.650001525878906,528600,ZBRA
2007-02-23,41.75,42.33000183105469,41.599998474121094,42.18000030517578,42.18000030517578,601500,ZBRA
2007-02-26,42.369998931884766,42.380001068115234,41.630001068115234,41.790000915527344,41.790000915527344,544200,ZBRA
2007-02-27,41.5099983215332,41.61000061035156,39.9900016784668,40.0099983215332,40.0099983215332,668800,ZBRA
2007-02-28,40.0,40.20000076293945,39.54999923706055,39.61000061035156,39.61000061035156,881200,ZBRA
2007-03-01,39.2400016784668,40.130001068115234,38.88999938964844,40.099998474121094,40.099998474121094,723100,ZBRA
2007-03-02,40.09000015258789,40.470001220703125,39.099998474121094,39.22999954223633,39.22999954223633,524200,ZBRA
2007-03-05,39.0,39.619998931884766,38.77000045776367,38.849998474121094,38.849998474121094,777700,ZBRA
2007-03-06,39.029998779296875,39.470001220703125,38.84000015258789,39.099998474121094,39.099998474121094,666600,ZBRA
2007-03-07,39.150001525878906,39.45000076293945,38.90999984741211,39.06999969482422,39.06999969482422,642600,ZBRA
2007-03-08,39.290000915527344,39.560001373291016,38.779998779296875,38.90999984741211,38.90999984741211,521700,ZBRA
2007-03-09,38.779998779296875,38.93000030517578,38.290000915527344,38.61000061035156,38.61000061035156,608800,ZBRA
2007-03-12,38.29999923706055,38.599998474121094,38.13999938964844,38.29999923706055,38.29999923706055,973800,ZBRA
2007-03-13,38.02000045776367,38.18000030517578,37.27000045776367,37.36000061035156,37.36000061035156,831800,ZBRA
2007-03-14,37.36000061035156,37.650001525878906,37.099998474121094,37.54999923706055,37.54999923706055,525800,ZBRA
2007-03-15,37.439998626708984,37.959999084472656,37.40999984741211,37.599998474121094,37.599998474121094,746300,ZBRA
2007-03-16,37.540000915527344,37.540000915527344,37.02000045776367,37.220001220703125,37.220001220703125,714200,ZBRA
2007-03-19,37.290000915527344,37.720001220703125,37.25,37.470001220703125,37.470001220703125,497000,ZBRA
2007-03-20,37.470001220703125,38.22999954223633,37.279998779296875,38.11000061035156,38.11000061035156,616600,ZBRA
2007-03-21,38.08000183105469,38.689998626708984,37.93000030517578,38.4900016784668,38.4900016784668,619600,ZBRA
2007-03-22,38.52000045776367,38.970001220703125,38.33000183105469,38.880001068115234,38.880001068115234,447300,ZBRA
2007-03-23,38.900001525878906,39.0099983215332,38.54999923706055,38.689998626708984,38.689998626708984,301200,ZBRA
2007-03-26,38.81999969482422,38.9900016784668,38.65999984741211,38.79999923706055,38.79999923706055,249600,ZBRA
2007-03-27,38.77000045776367,39.16999816894531,38.66999816894531,39.130001068115234,39.130001068115234,441200,ZBRA
2007-03-28,38.93000030517578,39.06999969482422,38.4900016784668,38.5,38.5,361300,ZBRA
2007-03-29,38.54999923706055,38.599998474121094,38.02000045776367,38.47999954223633,38.47999954223633,337100,ZBRA
2007-03-30,38.560001373291016,38.81999969482422,38.310001373291016,38.61000061035156,38.61000061035156,295300,ZBRA
2007-04-02,38.65999984741211,39.0,38.41999816894531,38.779998779296875,38.779998779296875,318900,ZBRA
2007-04-03,39.02000045776367,39.310001373291016,38.959999084472656,39.27000045776367,39.27000045776367,240700,ZBRA
2007-04-04,39.099998474121094,39.560001373291016,39.09000015258789,39.54999923706055,39.54999923706055,294900,ZBRA
2007-04-05,39.58000183105469,39.95000076293945,39.45000076293945,39.79999923706055,39.79999923706055,352400,ZBRA
2007-04-09,39.77000045776367,39.849998474121094,39.470001220703125,39.689998626708984,39.689998626708984,190900,ZBRA
2007-04-10,39.61000061035156,40.2400016784668,39.61000061035156,40.099998474121094,40.099998474121094,475400,ZBRA
2007-04-11,40.18000030517578,40.290000915527344,39.15999984741211,39.33000183105469,39.33000183105469,449700,ZBRA
2007-04-12,39.29999923706055,40.0,38.970001220703125,39.939998626708984,39.939998626708984,412400,ZBRA
2007-04-13,39.88999938964844,40.130001068115234,39.58000183105469,40.119998931884766,40.119998931884766,162600,ZBRA
2007-04-16,40.04999923706055,40.7599983215332,39.939998626708984,40.65999984741211,40.65999984741211,256000,ZBRA
2007-04-17,40.619998931884766,40.91999816894531,40.5,40.81999969482422,40.81999969482422,183900,ZBRA
2007-04-18,40.66999816894531,41.06999969482422,40.63999938964844,40.95000076293945,40.95000076293945,213300,ZBRA
2007-04-19,40.88999938964844,41.439998626708984,40.47999954223633,41.31999969482422,41.31999969482422,296900,ZBRA
2007-04-20,41.47999954223633,41.4900016784668,41.130001068115234,41.36000061035156,41.36000061035156,348800,ZBRA
2007-04-23,41.290000915527344,41.459999084472656,40.91999816894531,41.11000061035156,41.11000061035156,192600,ZBRA
2007-04-24,41.02000045776367,41.2400016784668,40.66999816894531,40.66999816894531,40.66999816894531,329900,ZBRA
2007-04-25,40.849998474121094,41.4900016784668,40.77000045776367,41.25,41.25,372400,ZBRA
2007-04-26,41.34000015258789,41.45000076293945,40.939998626708984,40.9900016784668,40.9900016784668,354000,ZBRA
2007-04-27,41.0,41.11000061035156,40.790000915527344,40.81999969482422,40.81999969482422,503400,ZBRA
2007-04-30,39.4900016784668,40.470001220703125,39.06999969482422,39.790000915527344,39.790000915527344,1147100,ZBRA
2007-05-01,39.77000045776367,39.97999954223633,38.65999984741211,38.900001525878906,38.900001525878906,713100,ZBRA
2007-05-02,39.0,39.599998474121094,38.86000061035156,39.41999816894531,39.41999816894531,477600,ZBRA
2007-05-03,39.22999954223633,39.68000030517578,38.9900016784668,39.15999984741211,39.15999984741211,370200,ZBRA
2007-05-04,39.15999984741211,39.66999816894531,39.150001525878906,39.52000045776367,39.52000045776367,408000,ZBRA
2007-05-07,39.58000183105469,39.70000076293945,39.31999969482422,39.349998474121094,39.349998474121094,178400,ZBRA
2007-05-08,39.279998779296875,39.54999923706055,39.150001525878906,39.47999954223633,39.47999954223633,336000,ZBRA
2007-05-09,39.27000045776367,39.70000076293945,39.15999984741211,39.650001525878906,39.650001525878906,502500,ZBRA
2007-05-10,39.560001373291016,39.720001220703125,37.9900016784668,38.099998474121094,38.099998474121094,777100,ZBRA
2007-05-11,38.650001525878906,38.65999984741211,37.97999954223633,38.47999954223633,38.47999954223633,365100,ZBRA
2007-05-14,38.41999816894531,38.63999938964844,38.09000015258789,38.349998474121094,38.349998474121094,327200,ZBRA
2007-05-15,38.2599983215332,38.66999816894531,38.0,38.029998779296875,38.029998779296875,409200,ZBRA
2007-05-16,38.20000076293945,38.470001220703125,38.0,38.43000030517578,38.43000030517578,1069200,ZBRA
2007-05-17,38.25,38.619998931884766,38.06999969482422,38.2599983215332,38.2599983215332,273300,ZBRA
2007-05-18,38.310001373291016,38.380001068115234,38.060001373291016,38.220001220703125,38.220001220703125,267100,ZBRA
2007-05-21,38.22999954223633,38.91999816894531,38.06999969482422,38.880001068115234,38.880001068115234,400200,ZBRA
2007-05-22,38.90999984741211,39.7400016784668,38.88999938964844,39.709999084472656,39.709999084472656,551500,ZBRA
2007-05-23,39.70000076293945,40.08000183105469,39.58000183105469,39.65999984741211,39.65999984741211,374400,ZBRA
2007-05-24,39.72999954223633,40.189998626708984,39.150001525878906,39.709999084472656,39.709999084472656,718300,ZBRA
2007-05-25,39.77000045776367,40.16999816894531,39.65999984741211,39.95000076293945,39.95000076293945,329200,ZBRA
2007-05-29,40.099998474121094,40.20000076293945,39.79999923706055,40.119998931884766,40.119998931884766,445600,ZBRA
2007-05-30,40.06999969482422,40.06999969482422,39.380001068115234,39.779998779296875,39.779998779296875,419500,ZBRA
2007-05-31,39.83000183105469,40.20000076293945,39.72999954223633,40.11000061035156,40.11000061035156,336300,ZBRA
2007-06-01,40.2400016784668,40.5099983215332,40.09000015258789,40.25,40.25,161800,ZBRA
2007-06-04,40.2400016784668,40.689998626708984,40.2400016784668,40.65999984741211,40.65999984741211,261200,ZBRA
2007-06-05,40.619998931884766,40.709999084472656,40.349998474121094,40.4900016784668,40.4900016784668,202000,ZBRA
2007-06-06,40.349998474121094,41.400001525878906,40.209999084472656,41.209999084472656,41.209999084472656,581600,ZBRA
2007-06-07,41.15999984741211,41.220001220703125,40.02000045776367,40.040000915527344,40.040000915527344,331800,ZBRA
2007-06-08,40.0099983215332,40.25,39.84000015258789,40.130001068115234,40.130001068115234,466000,ZBRA
2007-06-11,40.25,40.400001525878906,39.7400016784668,39.970001220703125,39.970001220703125,371300,ZBRA
2007-06-12,39.88999938964844,40.16999816894531,39.439998626708984,39.45000076293945,39.45000076293945,376800,ZBRA
2007-06-13,39.650001525878906,39.79999923706055,39.40999984741211,39.75,39.75,402900,ZBRA
2007-06-14,39.63999938964844,40.619998931884766,39.619998931884766,40.310001373291016,40.310001373291016,301600,ZBRA
2007-06-15,40.529998779296875,40.709999084472656,40.150001525878906,40.209999084472656,40.209999084472656,251400,ZBRA
2007-06-18,40.380001068115234,40.61000061035156,40.040000915527344,40.18000030517578,40.18000030517578,320100,ZBRA
2007-06-19,40.060001373291016,40.16999816894531,39.810001373291016,39.849998474121094,39.849998474121094,1001000,ZBRA
2007-06-20,39.97999954223633,40.099998474121094,39.349998474121094,39.400001525878906,39.400001525878906,759100,ZBRA
2007-06-21,39.27000045776367,39.68000030517578,39.04999923706055,39.09000015258789,39.09000015258789,633400,ZBRA
2007-06-22,39.04999923706055,39.13999938964844,38.5,38.849998474121094,38.849998474121094,829200,ZBRA
2007-06-25,38.810001373291016,39.529998779296875,38.61000061035156,38.939998626708984,38.939998626708984,582600,ZBRA
2007-06-26,39.0099983215332,39.27000045776367,38.75,39.08000183105469,39.08000183105469,457200,ZBRA
2007-06-27,38.970001220703125,39.349998474121094,38.810001373291016,39.290000915527344,39.290000915527344,330000,ZBRA
2007-06-28,39.16999816894531,39.33000183105469,38.77000045776367,38.88999938964844,38.88999938964844,723600,ZBRA
2007-06-29,38.869998931884766,39.060001373291016,38.47999954223633,38.7400016784668,38.7400016784668,658400,ZBRA
2007-07-02,38.77000045776367,39.06999969482422,38.7599983215332,39.02000045776367,39.02000045776367,387400,ZBRA
2007-07-03,39.040000915527344,39.599998474121094,38.869998931884766,39.45000076293945,39.45000076293945,160100,ZBRA
2007-07-05,39.400001525878906,39.79999923706055,38.97999954223633,39.54999923706055,39.54999923706055,238200,ZBRA
2007-07-06,39.45000076293945,39.59000015258789,39.119998931884766,39.5099983215332,39.5099983215332,252800,ZBRA
2007-07-09,39.56999969482422,39.650001525878906,38.939998626708984,39.15999984741211,39.15999984741211,180100,ZBRA
2007-07-10,38.97999954223633,39.56999969482422,38.58000183105469,39.5,39.5,366200,ZBRA
2007-07-11,39.529998779296875,39.529998779296875,38.959999084472656,39.310001373291016,39.310001373291016,286300,ZBRA
2007-07-12,39.52000045776367,39.869998931884766,39.2400016784668,39.869998931884766,39.869998931884766,284400,ZBRA
2007-07-13,41.5,42.16999816894531,41.099998474121094,42.0099983215332,42.0099983215332,809000,ZBRA
2007-07-16,41.790000915527344,42.25,41.66999816894531,42.08000183105469,42.08000183105469,323700,ZBRA
2007-07-17,42.060001373291016,42.220001220703125,41.84000015258789,41.880001068115234,41.880001068115234,315100,ZBRA
2007-07-18,41.77000045776367,42.22999954223633,41.5,41.93000030517578,41.93000030517578,378200,ZBRA
2007-07-19,42.029998779296875,42.5,42.02000045776367,42.279998779296875,42.279998779296875,541500,ZBRA
2007-07-20,42.209999084472656,42.209999084472656,41.689998626708984,41.720001220703125,41.720001220703125,393400,ZBRA
2007-07-23,41.810001373291016,41.810001373291016,41.02000045776367,41.040000915527344,41.040000915527344,545300,ZBRA
2007-07-24,40.58000183105469,40.77000045776367,39.9900016784668,40.34000015258789,40.34000015258789,651000,ZBRA
2007-07-25,34.20000076293945,37.369998931884766,32.93000030517578,36.58000183105469,36.58000183105469,4822100,ZBRA
2007-07-26,36.0,36.939998626708984,35.959999084472656,36.5,36.5,2038400,ZBRA
2007-07-27,36.5,36.790000915527344,36.0,36.33000183105469,36.33000183105469,1421600,ZBRA
2007-07-30,36.220001220703125,36.86000061035156,36.220001220703125,36.70000076293945,36.70000076293945,791600,ZBRA
2007-07-31,36.849998474121094,36.849998474121094,36.20000076293945,36.22999954223633,36.22999954223633,842500,ZBRA
2007-08-01,36.060001373291016,36.540000915527344,35.900001525878906,36.40999984741211,36.40999984741211,676600,ZBRA
2007-08-02,36.54999923706055,36.72999954223633,36.029998779296875,36.619998931884766,36.619998931884766,489800,ZBRA
2007-08-03,36.709999084472656,37.61000061035156,36.459999084472656,36.52000045776367,36.52000045776367,566400,ZBRA
2007-08-06,36.75,37.060001373291016,35.95000076293945,36.0,36.0,1163800,ZBRA
2007-08-07,35.900001525878906,36.220001220703125,35.7599983215332,36.0,36.0,994400,ZBRA
2007-08-08,36.279998779296875,36.77000045776367,36.0,36.16999816894531,36.16999816894531,1443700,ZBRA
2007-08-09,36.15999984741211,36.41999816894531,35.7599983215332,35.84000015258789,35.84000015258789,1329500,ZBRA
2007-08-10,35.959999084472656,36.459999084472656,34.5,35.7400016784668,35.7400016784668,1329600,ZBRA
2007-08-13,35.970001220703125,36.31999969482422,34.790000915527344,35.11000061035156,35.11000061035156,731900,ZBRA
2007-08-14,35.209999084472656,35.34000015258789,34.7400016784668,34.79999923706055,34.79999923706055,574500,ZBRA
2007-08-15,34.619998931884766,35.13999938964844,34.560001373291016,34.65999984741211,34.65999984741211,515600,ZBRA
2007-08-16,34.5099983215332,34.689998626708984,33.58000183105469,33.95000076293945,33.95000076293945,1062500,ZBRA
2007-08-17,34.41999816894531,35.31999969482422,34.34000015258789,35.27000045776367,35.27000045776367,616100,ZBRA
2007-08-20,35.2599983215332,35.66999816894531,34.7400016784668,34.86000061035156,34.86000061035156,429000,ZBRA
2007-08-21,34.619998931884766,35.119998931884766,34.619998931884766,35.0,35.0,571400,ZBRA
2007-08-22,35.22999954223633,35.5,34.83000183105469,35.41999816894531,35.41999816894531,381500,ZBRA
2007-08-23,35.25,35.529998779296875,34.88999938964844,34.90999984741211,34.90999984741211,265400,ZBRA
2007-08-24,34.79999923706055,35.40999984741211,34.79999923706055,35.38999938964844,35.38999938964844,234000,ZBRA
2007-08-27,35.40999984741211,35.599998474121094,35.040000915527344,35.16999816894531,35.16999816894531,237300,ZBRA
2007-08-28,35.0,35.369998931884766,34.5,34.54999923706055,34.54999923706055,366600,ZBRA
2007-08-29,34.63999938964844,35.72999954223633,34.52000045776367,35.709999084472656,35.709999084472656,288700,ZBRA
2007-08-30,35.38999938964844,36.5099983215332,35.38999938964844,36.310001373291016,36.310001373291016,317500,ZBRA
2007-08-31,36.79999923706055,36.79999923706055,36.040000915527344,36.29999923706055,36.29999923706055,217700,ZBRA
2007-09-04,36.2599983215332,37.040000915527344,36.2599983215332,36.79999923706055,36.79999923706055,227500,ZBRA
2007-09-05,36.47999954223633,37.029998779296875,36.459999084472656,36.75,36.75,362300,ZBRA
2007-09-06,36.77000045776367,37.2400016784668,36.47999954223633,36.84000015258789,36.84000015258789,257800,ZBRA
2007-09-07,36.439998626708984,36.849998474121094,36.119998931884766,36.810001373291016,36.810001373291016,362200,ZBRA
2007-09-10,36.900001525878906,36.9900016784668,36.02000045776367,36.029998779296875,36.029998779296875,373200,ZBRA
2007-09-11,36.11000061035156,36.18000030517578,35.41999816894531,36.06999969482422,36.06999969482422,338000,ZBRA
2007-09-12,36.11000061035156,36.869998931884766,35.90999984741211,35.9900016784668,35.9900016784668,252300,ZBRA
2007-09-13,36.189998626708984,36.2599983215332,35.45000076293945,36.0099983215332,36.0099983215332,259200,ZBRA
2007-09-14,35.79999923706055,36.150001525878906,35.43000030517578,35.779998779296875,35.779998779296875,337200,ZBRA
2007-09-17,35.75,36.31999969482422,35.459999084472656,35.540000915527344,35.540000915527344,258100,ZBRA
2007-09-18,35.790000915527344,35.959999084472656,35.04999923706055,35.900001525878906,35.900001525878906,529000,ZBRA
2007-09-19,35.9900016784668,37.0099983215332,35.9900016784668,36.810001373291016,36.810001373291016,458700,ZBRA
2007-09-20,37.470001220703125,37.470001220703125,36.34000015258789,36.650001525878906,36.650001525878906,475300,ZBRA
2007-09-21,36.91999816894531,36.939998626708984,36.150001525878906,36.25,36.25,418100,ZBRA
2007-09-24,36.29999923706055,36.29999923706055,35.380001068115234,35.4900016784668,35.4900016784668,297700,ZBRA
2007-09-25,35.349998474121094,35.619998931884766,35.25,35.560001373291016,35.560001373291016,299900,ZBRA
2007-09-26,35.70000076293945,36.16999816894531,35.650001525878906,35.959999084472656,35.959999084472656,410600,ZBRA
2007-09-27,36.0,36.91999816894531,36.0,36.7599983215332,36.7599983215332,272200,ZBRA
2007-09-28,36.709999084472656,36.77000045776367,35.97999954223633,36.4900016784668,36.4900016784668,210200,ZBRA
2007-10-01,36.5,37.18000030517578,36.349998474121094,36.95000076293945,36.95000076293945,193700,ZBRA
2007-10-02,35.61000061035156,36.06999969482422,34.72999954223633,34.77000045776367,34.77000045776367,858500,ZBRA
2007-10-03,34.689998626708984,34.81999969482422,34.369998931884766,34.619998931884766,34.619998931884766,600400,ZBRA
2007-10-04,34.630001068115234,34.630001068115234,33.290000915527344,33.33000183105469,33.33000183105469,659000,ZBRA
2007-10-05,33.369998931884766,34.06999969482422,33.33000183105469,34.0,34.0,438100,ZBRA
2007-10-08,33.869998931884766,34.220001220703125,32.93000030517578,33.2400016784668,33.2400016784668,424600,ZBRA
2007-10-09,33.41999816894531,33.959999084472656,33.25,33.59000015258789,33.59000015258789,465500,ZBRA
2007-10-10,33.599998474121094,34.33000183105469,33.43000030517578,34.16999816894531,34.16999816894531,554700,ZBRA
2007-10-11,34.2599983215332,34.31999969482422,33.36000061035156,33.52000045776367,33.52000045776367,394900,ZBRA
2007-10-12,33.4900016784668,33.93000030517578,33.400001525878906,33.56999969482422,33.56999969482422,496200,ZBRA
2007-10-15,33.68000030517578,34.040000915527344,33.52000045776367,33.97999954223633,33.97999954223633,553000,ZBRA
2007-10-16,33.849998474121094,34.31999969482422,33.75,34.16999816894531,34.16999816894531,928100,ZBRA
2007-10-17,34.18000030517578,34.68000030517578,34.15999984741211,34.619998931884766,34.619998931884766,412400,ZBRA
2007-10-18,34.560001373291016,34.88999938964844,34.380001068115234,34.45000076293945,34.45000076293945,448000,ZBRA
2007-10-19,34.40999984741211,34.709999084472656,33.810001373291016,33.91999816894531,33.91999816894531,451100,ZBRA
2007-10-22,33.22999954223633,38.75,33.22999954223633,37.349998474121094,37.349998474121094,2433700,ZBRA
2007-10-23,37.72999954223633,38.470001220703125,36.09000015258789,36.97999954223633,36.97999954223633,767400,ZBRA
2007-10-24,36.63999938964844,37.13999938964844,36.470001220703125,37.02000045776367,37.02000045776367,675900,ZBRA
2007-10-25,36.88999938964844,37.52000045776367,36.09000015258789,36.58000183105469,36.58000183105469,704000,ZBRA
2007-10-26,36.83000183105469,37.150001525878906,36.459999084472656,36.54999923706055,36.54999923706055,483200,ZBRA
2007-10-29,36.630001068115234,37.209999084472656,36.560001373291016,37.040000915527344,37.040000915527344,691000,ZBRA
2007-10-30,36.86000061035156,38.0,36.79999923706055,37.650001525878906,37.650001525878906,647200,ZBRA
2007-10-31,37.81999969482422,39.09000015258789,37.400001525878906,39.09000015258789,39.09000015258789,951300,ZBRA
2007-11-01,38.810001373291016,38.9900016784668,37.90999984741211,38.54999923706055,38.54999923706055,665700,ZBRA
2007-11-02,38.560001373291016,38.560001373291016,37.369998931884766,37.70000076293945,37.70000076293945,600200,ZBRA
2007-11-05,37.34000015258789,38.15999984741211,37.279998779296875,37.900001525878906,37.900001525878906,493800,ZBRA
2007-11-06,37.95000076293945,38.56999969482422,37.65999984741211,38.56999969482422,38.56999969482422,504500,ZBRA
2007-11-07,38.209999084472656,38.27000045776367,36.97999954223633,37.29999923706055,37.29999923706055,548800,ZBRA
2007-11-08,37.470001220703125,37.810001373291016,36.849998474121094,37.56999969482422,37.56999969482422,704100,ZBRA
2007-11-09,37.09000015258789,37.40999984741211,35.599998474121094,36.310001373291016,36.310001373291016,1090400,ZBRA
2007-11-12,36.18000030517578,37.93000030517578,36.11000061035156,37.22999954223633,37.22999954223633,612100,ZBRA
2007-11-13,37.40999984741211,38.619998931884766,37.15999984741211,38.38999938964844,38.38999938964844,503600,ZBRA
2007-11-14,38.619998931884766,38.79999923706055,37.279998779296875,37.54999923706055,37.54999923706055,436100,ZBRA
2007-11-15,37.20000076293945,37.779998779296875,37.0,37.150001525878906,37.150001525878906,617100,ZBRA
2007-11-16,37.20000076293945,37.279998779296875,36.70000076293945,37.16999816894531,37.16999816894531,354100,ZBRA
2007-11-19,36.900001525878906,37.38999938964844,36.81999969482422,36.900001525878906,36.900001525878906,397600,ZBRA
2007-11-20,36.75,37.20000076293945,36.41999816894531,36.939998626708984,36.939998626708984,529800,ZBRA
2007-11-21,36.619998931884766,37.0,36.38999938964844,36.61000061035156,36.61000061035156,419000,ZBRA
2007-11-23,36.84000015258789,37.099998474121094,36.41999816894531,36.790000915527344,36.790000915527344,109200,ZBRA
2007-11-26,36.7400016784668,37.31999969482422,36.709999084472656,36.720001220703125,36.720001220703125,320000,ZBRA
2007-11-27,36.63999938964844,38.16999816894531,36.63999938964844,37.380001068115234,37.380001068115234,644300,ZBRA
2007-11-28,37.61000061035156,38.2400016784668,37.40999984741211,37.970001220703125,37.970001220703125,336800,ZBRA
2007-11-29,37.880001068115234,38.79999923706055,37.529998779296875,38.7400016784668,38.7400016784668,440500,ZBRA
2007-11-30,38.9900016784668,38.9900016784668,38.06999969482422,38.56999969482422,38.56999969482422,447800,ZBRA
2007-12-03,38.43000030517578,38.439998626708984,37.349998474121094,37.400001525878906,37.400001525878906,527900,ZBRA
2007-12-04,37.439998626708984,37.93000030517578,37.15999984741211,37.66999816894531,37.66999816894531,510400,ZBRA
2007-12-05,38.0099983215332,38.0099983215332,37.22999954223633,37.540000915527344,37.540000915527344,393700,ZBRA
2007-12-06,37.630001068115234,37.81999969482422,37.22999954223633,37.75,37.75,661800,ZBRA
2007-12-07,37.650001525878906,37.790000915527344,37.130001068115234,37.38999938964844,37.38999938964844,446100,ZBRA
2007-12-10,37.41999816894531,37.41999816894531,36.65999984741211,36.97999954223633,36.97999954223633,559600,ZBRA
2007-12-11,36.91999816894531,37.310001373291016,35.88999938964844,35.900001525878906,35.900001525878906,552100,ZBRA
2007-12-12,36.13999938964844,36.20000076293945,34.90999984741211,35.189998626708984,35.189998626708984,1134300,ZBRA
2007-12-13,34.97999954223633,36.04999923706055,34.91999816894531,36.0099983215332,36.0099983215332,705700,ZBRA
2007-12-14,35.75,36.220001220703125,35.65999984741211,35.70000076293945,35.70000076293945,464700,ZBRA
2007-12-17,35.63999938964844,36.119998931884766,34.880001068115234,34.88999938964844,34.88999938964844,501000,ZBRA
2007-12-18,34.91999816894531,35.119998931884766,33.38999938964844,33.54999923706055,33.54999923706055,1003800,ZBRA
2007-12-19,33.540000915527344,34.2400016784668,33.29999923706055,34.060001373291016,34.060001373291016,916300,ZBRA
2007-12-20,34.2400016784668,34.86000061035156,34.060001373291016,34.790000915527344,34.790000915527344,758800,ZBRA
2007-12-21,35.599998474121094,35.75,34.5,34.63999938964844,34.63999938964844,1084500,ZBRA
2007-12-24,34.560001373291016,35.2400016784668,34.38999938964844,35.150001525878906,35.150001525878906,202500,ZBRA
2007-12-26,35.16999816894531,35.439998626708984,34.880001068115234,35.220001220703125,35.220001220703125,255500,ZBRA
2007-12-27,35.06999969482422,35.06999969482422,34.2599983215332,34.27000045776367,34.27000045776367,293200,ZBRA
2007-12-28,34.279998779296875,34.810001373291016,34.20000076293945,34.75,34.75,226700,ZBRA
2007-12-31,34.5,34.91999816894531,34.150001525878906,34.70000076293945,34.70000076293945,360900,ZBRA
2008-01-02,34.79999923706055,34.79999923706055,33.630001068115234,34.2599983215332,34.2599983215332,720200,ZBRA
2008-01-03,34.27000045776367,34.27000045776367,33.650001525878906,33.93000030517578,33.93000030517578,467600,ZBRA
2008-01-04,33.689998626708984,33.70000076293945,32.54999923706055,32.75,32.75,401400,ZBRA
2008-01-07,32.83000183105469,33.18000030517578,32.5099983215332,32.81999969482422,32.81999969482422,560100,ZBRA
2008-01-08,33.060001373291016,33.79999923706055,32.5099983215332,32.52000045776367,32.52000045776367,339200,ZBRA
2008-01-09,32.540000915527344,32.70000076293945,31.8700008392334,32.27000045776367,32.27000045776367,454200,ZBRA
2008-01-10,32.099998474121094,32.70000076293945,31.84000015258789,32.0,32.0,624900,ZBRA
2008-01-11,31.860000610351562,32.2400016784668,31.43000030517578,31.760000228881836,31.760000228881836,657800,ZBRA
2008-01-14,31.600000381469727,32.20000076293945,31.299999237060547,31.81999969482422,31.81999969482422,503500,ZBRA
2008-01-15,31.610000610351562,31.950000762939453,30.950000762939453,31.06999969482422,31.06999969482422,455400,ZBRA
2008-01-16,30.8799991607666,30.989999771118164,30.149999618530273,30.170000076293945,30.170000076293945,796000,ZBRA
2008-01-17,30.1299991607666,30.5,28.8700008392334,29.0,29.0,927600,ZBRA
2008-01-18,29.06999969482422,29.989999771118164,28.5,28.770000457763672,28.770000457763672,773700,ZBRA
2008-01-22,28.190000534057617,29.299999237060547,27.920000076293945,28.280000686645508,28.280000686645508,1254300,ZBRA
2008-01-23,27.68000030517578,29.790000915527344,27.5,29.469999313354492,29.469999313354492,753200,ZBRA
2008-01-24,29.600000381469727,30.0,29.229999542236328,29.40999984741211,29.40999984741211,722400,ZBRA
2008-01-25,29.65999984741211,30.3700008392334,29.510000228881836,30.030000686645508,30.030000686645508,566100,ZBRA
2008-01-28,29.889999389648438,30.299999237060547,29.450000762939453,30.299999237060547,30.299999237060547,498600,ZBRA
2008-01-29,30.149999618530273,30.399999618530273,29.850000381469727,30.350000381469727,30.350000381469727,318300,ZBRA
2008-01-30,29.75,31.020000457763672,29.75,30.84000015258789,30.84000015258789,544500,ZBRA
2008-01-31,30.510000228881836,31.010000228881836,30.15999984741211,30.709999084472656,30.709999084472656,455300,ZBRA
2008-02-01,30.729999542236328,31.940000534057617,30.40999984741211,31.889999389648438,31.889999389648438,486000,ZBRA
2008-02-04,31.860000610351562,31.860000610351562,30.8700008392334,31.040000915527344,31.040000915527344,270000,ZBRA
2008-02-05,30.75,31.5,30.729999542236328,31.030000686645508,31.030000686645508,385300,ZBRA
2008-02-06,31.1299991607666,31.459999084472656,30.489999771118164,30.799999237060547,30.799999237060547,399000,ZBRA
2008-02-07,30.68000030517578,31.200000762939453,29.75,29.979999542236328,29.979999542236328,571000,ZBRA
2008-02-08,29.899999618530273,30.420000076293945,29.799999237060547,29.950000762939453,29.950000762939453,559300,ZBRA
2008-02-11,29.860000610351562,30.299999237060547,29.6200008392334,30.18000030517578,30.18000030517578,664400,ZBRA
2008-02-12,30.399999618530273,30.489999771118164,29.989999771118164,30.149999618530273,30.149999618530273,318500,ZBRA
2008-02-13,30.43000030517578,30.850000381469727,30.219999313354492,30.5,30.5,709600,ZBRA
2008-02-14,30.56999969482422,30.59000015258789,30.139999389648438,30.139999389648438,30.139999389648438,305300,ZBRA
2008-02-15,29.979999542236328,30.15999984741211,29.889999389648438,30.0,30.0,438800,ZBRA
2008-02-19,30.18000030517578,30.459999084472656,29.649999618530273,29.84000015258789,29.84000015258789,589900,ZBRA
2008-02-20,29.65999984741211,30.1299991607666,29.6299991607666,30.0,30.0,698100,ZBRA
2008-02-21,30.100000381469727,30.100000381469727,29.329999923706055,29.389999389648438,29.389999389648438,369700,ZBRA
2008-02-22,29.59000015258789,29.59000015258789,28.969999313354492,29.3799991607666,29.3799991607666,623600,ZBRA
2008-02-25,33.36000061035156,33.41999816894531,32.04999923706055,33.06999969482422,33.06999969482422,2512200,ZBRA
2008-02-26,33.02000045776367,33.25,31.559999465942383,32.58000183105469,32.58000183105469,1488300,ZBRA
2008-02-27,32.380001068115234,33.4900016784668,32.209999084472656,33.380001068115234,33.380001068115234,667600,ZBRA
2008-02-28,33.040000915527344,33.400001525878906,32.65999984741211,33.349998474121094,33.349998474121094,614500,ZBRA
2008-02-29,33.0099983215332,33.720001220703125,32.75,33.31999969482422,33.31999969482422,786600,ZBRA
2008-03-03,33.060001373291016,33.599998474121094,32.7599983215332,33.119998931884766,33.119998931884766,1017100,ZBRA
2008-03-04,33.65999984741211,33.7599983215332,32.220001220703125,32.599998474121094,32.599998474121094,569600,ZBRA
2008-03-05,32.709999084472656,33.29999923706055,32.630001068115234,32.900001525878906,32.900001525878906,616500,ZBRA
2008-03-06,32.869998931884766,33.130001068115234,32.5099983215332,32.5099983215332,32.5099983215332,674100,ZBRA
2008-03-07,32.029998779296875,32.959999084472656,32.029998779296875,32.63999938964844,32.63999938964844,705400,ZBRA
2008-03-10,32.369998931884766,32.63999938964844,32.18000030517578,32.18000030517578,32.18000030517578,560500,ZBRA
2008-03-11,32.5,33.119998931884766,32.5,33.119998931884766,33.119998931884766,668300,ZBRA
2008-03-12,33.119998931884766,33.810001373291016,32.939998626708984,33.4900016784668,33.4900016784668,511200,ZBRA
2008-03-13,33.11000061035156,33.720001220703125,33.06999969482422,33.560001373291016,33.560001373291016,635900,ZBRA
2008-03-14,33.77000045776367,33.81999969482422,32.880001068115234,33.290000915527344,33.290000915527344,518500,ZBRA
2008-03-17,32.59000015258789,32.939998626708984,31.75,32.43000030517578,32.43000030517578,541200,ZBRA
2008-03-18,32.97999954223633,33.7400016784668,32.630001068115234,33.7400016784668,33.7400016784668,501200,ZBRA
2008-03-19,33.689998626708984,33.849998474121094,33.209999084472656,33.220001220703125,33.220001220703125,454900,ZBRA
2008-03-20,33.29999923706055,33.709999084472656,33.0,33.650001525878906,33.650001525878906,408900,ZBRA
2008-03-24,33.779998779296875,34.4900016784668,33.06999969482422,34.04999923706055,34.04999923706055,439600,ZBRA
2008-03-25,33.90999984741211,34.150001525878906,33.369998931884766,33.90999984741211,33.90999984741211,258200,ZBRA
2008-03-26,33.70000076293945,33.88999938964844,33.0,33.279998779296875,33.279998779296875,263100,ZBRA
2008-03-27,33.380001068115234,33.439998626708984,32.86000061035156,32.90999984741211,32.90999984741211,329400,ZBRA
2008-03-28,33.02000045776367,33.36000061035156,32.880001068115234,32.91999816894531,32.91999816894531,392400,ZBRA
2008-03-31,33.029998779296875,33.63999938964844,32.79999923706055,33.31999969482422,33.31999969482422,336600,ZBRA
2008-04-01,33.560001373291016,34.650001525878906,33.4900016784668,34.529998779296875,34.529998779296875,633800,ZBRA
2008-04-02,34.459999084472656,34.720001220703125,33.650001525878906,33.970001220703125,33.970001220703125,723400,ZBRA
2008-04-03,33.66999816894531,34.09000015258789,33.5099983215332,33.9900016784668,33.9900016784668,422800,ZBRA
2008-04-04,34.0,34.20000076293945,33.599998474121094,34.0,34.0,399700,ZBRA
2008-04-07,33.75,33.75,33.02000045776367,33.220001220703125,33.220001220703125,377800,ZBRA
2008-04-08,33.060001373291016,33.400001525878906,33.060001373291016,33.33000183105469,33.33000183105469,504700,ZBRA
2008-04-09,33.310001373291016,33.4900016784668,32.7400016784668,32.86000061035156,32.86000061035156,407300,ZBRA
2008-04-10,32.93000030517578,33.40999984741211,32.66999816894531,33.119998931884766,33.119998931884766,358900,ZBRA
2008-04-11,32.720001220703125,33.400001525878906,32.720001220703125,32.970001220703125,32.970001220703125,398800,ZBRA
2008-04-14,32.900001525878906,33.15999984741211,32.65999984741211,32.88999938964844,32.88999938964844,317700,ZBRA
2008-04-15,33.13999938964844,33.20000076293945,32.84000015258789,33.040000915527344,33.040000915527344,334700,ZBRA
2008-04-16,33.220001220703125,34.09000015258789,33.220001220703125,34.040000915527344,34.040000915527344,674900,ZBRA
2008-04-17,33.97999954223633,34.18000030517578,33.5099983215332,33.70000076293945,33.70000076293945,337000,ZBRA
2008-04-18,34.16999816894531,34.66999816894531,33.970001220703125,34.34000015258789,34.34000015258789,455300,ZBRA
2008-04-21,34.099998474121094,34.36000061035156,33.630001068115234,34.060001373291016,34.060001373291016,361300,ZBRA
2008-04-22,33.43000030517578,34.09000015258789,33.0,33.34000015258789,33.34000015258789,478200,ZBRA
2008-04-23,34.18000030517578,35.9900016784668,34.060001373291016,35.34000015258789,35.34000015258789,999400,ZBRA
2008-04-24,35.459999084472656,36.72999954223633,35.099998474121094,36.4900016784668,36.4900016784668,746300,ZBRA
2008-04-25,36.65999984741211,36.709999084472656,35.86000061035156,36.45000076293945,36.45000076293945,473100,ZBRA
2008-04-28,36.619998931884766,36.689998626708984,36.0,36.060001373291016,36.060001373291016,262100,ZBRA
2008-04-29,35.93000030517578,36.459999084472656,35.93000030517578,36.43000030517578,36.43000030517578,380600,ZBRA
2008-04-30,36.29999923706055,37.099998474121094,36.29999923706055,36.75,36.75,541600,ZBRA
2008-05-01,36.7599983215332,37.66999816894531,36.369998931884766,37.66999816894531,37.66999816894531,398900,ZBRA
2008-05-02,37.779998779296875,38.0,37.27000045776367,37.4900016784668,37.4900016784668,281000,ZBRA
2008-05-05,37.31999969482422,37.41999816894531,36.630001068115234,37.09000015258789,37.09000015258789,313500,ZBRA
2008-05-06,36.959999084472656,37.279998779296875,36.790000915527344,36.97999954223633,36.97999954223633,302400,ZBRA
2008-05-07,36.959999084472656,37.56999969482422,36.709999084472656,36.779998779296875,36.779998779296875,311600,ZBRA
2008-05-08,36.849998474121094,37.939998626708984,36.7400016784668,37.689998626708984,37.689998626708984,357900,ZBRA
2008-05-09,37.369998931884766,37.5,36.95000076293945,37.099998474121094,37.099998474121094,252700,ZBRA
2008-05-12,37.08000183105469,37.529998779296875,37.0,37.189998626708984,37.189998626708984,248900,ZBRA
2008-05-13,37.189998626708984,37.88999938964844,36.93000030517578,37.869998931884766,37.869998931884766,274800,ZBRA
2008-05-14,38.040000915527344,38.11000061035156,37.47999954223633,37.56999969482422,37.56999969482422,231300,ZBRA
2008-05-15,37.380001068115234,37.70000076293945,37.16999816894531,37.630001068115234,37.630001068115234,317100,ZBRA
2008-05-16,37.849998474121094,38.029998779296875,37.040000915527344,37.83000183105469,37.83000183105469,258100,ZBRA
2008-05-19,37.91999816894531,38.470001220703125,37.630001068115234,37.9900016784668,37.9900016784668,460300,ZBRA
2008-05-20,37.939998626708984,38.209999084472656,37.16999816894531,37.38999938964844,37.38999938964844,243200,ZBRA
2008-05-21,37.470001220703125,37.689998626708984,36.65999984741211,36.90999984741211,36.90999984741211,284400,ZBRA
2008-05-22,36.91999816894531,37.709999084472656,36.91999816894531,37.20000076293945,37.20000076293945,169500,ZBRA
2008-05-23,37.150001525878906,37.150001525878906,36.5,36.68000030517578,36.68000030517578,165300,ZBRA
2008-05-27,36.689998626708984,37.58000183105469,36.599998474121094,37.54999923706055,37.54999923706055,270200,ZBRA
2008-05-28,37.560001373291016,37.560001373291016,36.619998931884766,37.189998626708984,37.189998626708984,331200,ZBRA
2008-05-29,37.20000076293945,37.720001220703125,36.81999969482422,37.5099983215332,37.5099983215332,210100,ZBRA
2008-05-30,37.5,37.63999938964844,36.880001068115234,37.599998474121094,37.599998474121094,409200,ZBRA
2008-06-02,37.58000183105469,37.58000183105469,36.63999938964844,36.959999084472656,36.959999084472656,289700,ZBRA
2008-06-03,36.9900016784668,37.380001068115234,36.61000061035156,36.9900016784668,36.9900016784668,443400,ZBRA
2008-06-04,36.93000030517578,37.2400016784668,36.65999984741211,37.119998931884766,37.119998931884766,357400,ZBRA
2008-06-05,37.34000015258789,37.9900016784668,37.22999954223633,37.95000076293945,37.95000076293945,632800,ZBRA
2008-06-06,37.650001525878906,37.79999923706055,36.849998474121094,36.849998474121094,36.849998474121094,352200,ZBRA
2008-06-09,36.86000061035156,37.0,36.2400016784668,36.540000915527344,36.540000915527344,284200,ZBRA
2008-06-10,36.38999938964844,36.63999938964844,36.060001373291016,36.22999954223633,36.22999954223633,281300,ZBRA
2008-06-11,36.279998779296875,36.279998779296875,35.38999938964844,35.38999938964844,35.38999938964844,311200,ZBRA
2008-06-12,35.650001525878906,36.06999969482422,35.33000183105469,35.400001525878906,35.400001525878906,276200,ZBRA
2008-06-13,35.58000183105469,35.63999938964844,35.31999969482422,35.439998626708984,35.439998626708984,385700,ZBRA
2008-06-16,35.38999938964844,35.9900016784668,35.36000061035156,35.75,35.75,487400,ZBRA
2008-06-17,35.93000030517578,36.45000076293945,35.630001068115234,36.43000030517578,36.43000030517578,382000,ZBRA
2008-06-18,36.18000030517578,37.0099983215332,36.18000030517578,36.470001220703125,36.470001220703125,405400,ZBRA
2008-06-19,36.43000030517578,36.959999084472656,35.900001525878906,36.380001068115234,36.380001068115234,343700,ZBRA
2008-06-20,36.2599983215332,36.27000045776367,35.2400016784668,35.27000045776367,35.27000045776367,601000,ZBRA
2008-06-23,35.369998931884766,36.060001373291016,35.0,35.08000183105469,35.08000183105469,278500,ZBRA
2008-06-24,34.84000015258789,35.43000030517578,34.5,34.81999969482422,34.81999969482422,341700,ZBRA
2008-06-25,34.81999969482422,35.83000183105469,34.81999969482422,35.459999084472656,35.459999084472656,264300,ZBRA
2008-06-26,35.150001525878906,35.47999954223633,33.95000076293945,33.959999084472656,33.959999084472656,373300,ZBRA
2008-06-27,33.959999084472656,34.13999938964844,32.9900016784668,33.16999816894531,33.16999816894531,695400,ZBRA
2008-06-30,33.220001220703125,33.400001525878906,32.58000183105469,32.63999938964844,32.63999938964844,371200,ZBRA
2008-07-01,32.5,32.619998931884766,31.510000228881836,32.22999954223633,32.22999954223633,687700,ZBRA
2008-07-02,34.119998931884766,34.130001068115234,32.970001220703125,33.290000915527344,33.290000915527344,875000,ZBRA
2008-07-03,33.25,33.25,32.36000061035156,32.369998931884766,32.369998931884766,303600,ZBRA
2008-07-07,32.47999954223633,33.22999954223633,32.130001068115234,32.52000045776367,32.52000045776367,341400,ZBRA
2008-07-08,32.43000030517578,32.560001373291016,32.09000015258789,32.529998779296875,32.529998779296875,420900,ZBRA
2008-07-09,32.529998779296875,32.59000015258789,31.889999389648438,32.06999969482422,32.06999969482422,390600,ZBRA
2008-07-10,31.899999618530273,32.0099983215332,30.950000762939453,31.079999923706055,31.079999923706055,580700,ZBRA
2008-07-11,30.899999618530273,31.329999923706055,30.25,30.989999771118164,30.989999771118164,757700,ZBRA
2008-07-14,31.1299991607666,32.2400016784668,30.530000686645508,31.809999465942383,31.809999465942383,1032100,ZBRA
2008-07-15,31.690000534057617,32.150001525878906,30.850000381469727,31.510000228881836,31.510000228881836,555200,ZBRA
2008-07-16,31.610000610351562,32.18000030517578,30.729999542236328,31.93000030517578,31.93000030517578,471400,ZBRA
2008-07-17,31.969999313354492,32.2599983215332,31.399999618530273,32.220001220703125,32.220001220703125,329200,ZBRA
2008-07-18,31.959999084472656,32.04999923706055,31.450000762939453,31.709999084472656,31.709999084472656,266000,ZBRA
2008-07-21,31.93000030517578,31.940000534057617,31.299999237060547,31.860000610351562,31.860000610351562,265100,ZBRA
2008-07-22,31.5,32.43000030517578,31.299999237060547,32.36000061035156,32.36000061035156,497700,ZBRA
2008-07-23,32.560001373291016,33.400001525878906,32.27000045776367,32.83000183105469,32.83000183105469,609900,ZBRA
2008-07-24,29.219999313354492,31.440000534057617,29.15999984741211,30.020000457763672,30.020000457763672,1995600,ZBRA
2008-07-25,30.020000457763672,30.459999084472656,29.780000686645508,30.079999923706055,30.079999923706055,1079100,ZBRA
2008-07-28,30.0,30.219999313354492,29.34000015258789,29.440000534057617,29.440000534057617,1051800,ZBRA
2008-07-29,29.43000030517578,30.479999542236328,29.18000030517578,30.229999542236328,30.229999542236328,968000,ZBRA
2008-07-30,30.270000457763672,30.75,29.850000381469727,30.110000610351562,30.110000610351562,611600,ZBRA
2008-07-31,29.8700008392334,31.260000228881836,29.68000030517578,30.809999465942383,30.809999465942383,800900,ZBRA
2008-08-01,30.770000457763672,30.809999465942383,30.18000030517578,30.200000762939453,30.200000762939453,574100,ZBRA
2008-08-04,30.149999618530273,30.149999618530273,28.979999542236328,29.399999618530273,29.399999618530273,754100,ZBRA
2008-08-05,29.639999389648438,30.68000030517578,29.56999969482422,30.579999923706055,30.579999923706055,682900,ZBRA
2008-08-06,30.450000762939453,30.829999923706055,30.239999771118164,30.68000030517578,30.68000030517578,583500,ZBRA
2008-08-07,30.59000015258789,31.030000686645508,30.270000457763672,30.65999984741211,30.65999984741211,478700,ZBRA
2008-08-08,30.719999313354492,32.369998931884766,30.719999313354492,32.150001525878906,32.150001525878906,613000,ZBRA
2008-08-11,32.0099983215332,33.13999938964844,31.8799991607666,32.54999923706055,32.54999923706055,364100,ZBRA
2008-08-12,32.38999938964844,32.720001220703125,32.0099983215332,32.40999984741211,32.40999984741211,468700,ZBRA
2008-08-13,32.290000915527344,32.7400016784668,32.0,32.72999954223633,32.72999954223633,437600,ZBRA
2008-08-14,32.56999969482422,33.040000915527344,32.5099983215332,32.84000015258789,32.84000015258789,288700,ZBRA
2008-08-15,33.040000915527344,33.54999923706055,32.91999816894531,33.13999938964844,33.13999938964844,428900,ZBRA
2008-08-18,33.09000015258789,33.400001525878906,32.47999954223633,32.75,32.75,359100,ZBRA
2008-08-19,32.61000061035156,32.869998931884766,32.040000915527344,32.13999938964844,32.13999938964844,240400,ZBRA
2008-08-20,32.209999084472656,32.68000030517578,31.920000076293945,32.2400016784668,32.2400016784668,327100,ZBRA
2008-08-21,31.989999771118164,32.220001220703125,31.65999984741211,32.060001373291016,32.060001373291016,351100,ZBRA
2008-08-22,32.220001220703125,32.369998931884766,31.8700008392334,32.08000183105469,32.08000183105469,244700,ZBRA
2008-08-25,31.90999984741211,31.969999313354492,31.219999313354492,31.5,31.5,323000,ZBRA
2008-08-26,31.450000762939453,31.829999923706055,31.190000534057617,31.450000762939453,31.450000762939453,433000,ZBRA
2008-08-27,31.559999465942383,31.8700008392334,31.190000534057617,31.530000686645508,31.530000686645508,270200,ZBRA
2008-08-28,31.690000534057617,32.11000061035156,31.520000457763672,31.959999084472656,31.959999084472656,259500,ZBRA
2008-08-29,31.799999237060547,31.899999618530273,31.139999389648438,31.219999313354492,31.219999313354492,243400,ZBRA
2008-09-02,31.68000030517578,32.040000915527344,30.989999771118164,31.100000381469727,31.100000381469727,272800,ZBRA
2008-09-03,31.049999237060547,31.170000076293945,30.809999465942383,30.969999313354492,30.969999313354492,310800,ZBRA
2008-09-04,30.850000381469727,31.059999465942383,30.049999237060547,30.270000457763672,30.270000457763672,315600,ZBRA
2008-09-05,30.049999237060547,30.299999237060547,29.969999313354492,30.1299991607666,30.1299991607666,233000,ZBRA
2008-09-08,30.440000534057617,31.290000915527344,30.280000686645508,30.93000030517578,30.93000030517578,259500,ZBRA
2008-09-09,30.950000762939453,31.09000015258789,29.860000610351562,29.860000610351562,29.860000610351562,582000,ZBRA
2008-09-10,30.0,30.350000381469727,29.540000915527344,29.780000686645508,29.780000686645508,463500,ZBRA
2008-09-11,29.5,29.579999923706055,28.959999084472656,29.5,29.5,251600,ZBRA
2008-09-12,29.31999969482422,29.670000076293945,28.959999084472656,29.15999984741211,29.15999984741211,327900,ZBRA
2008-09-15,28.540000915527344,29.110000610351562,28.25,28.579999923706055,28.579999923706055,352200,ZBRA
2008-09-16,28.75,29.5,28.270000457763672,29.479999542236328,29.479999542236328,511900,ZBRA
2008-09-17,29.100000381469727,29.6299991607666,28.549999237060547,28.549999237060547,28.549999237060547,930200,ZBRA
2008-09-18,28.579999923706055,30.219999313354492,28.479999542236328,30.079999923706055,30.079999923706055,855300,ZBRA
2008-09-19,30.700000762939453,31.469999313354492,30.229999542236328,30.899999618530273,30.899999618530273,833400,ZBRA
2008-09-22,30.780000686645508,31.219999313354492,29.81999969482422,29.899999618530273,29.899999618530273,336800,ZBRA
2008-09-23,29.860000610351562,30.690000534057617,29.690000534057617,29.770000457763672,29.770000457763672,396700,ZBRA
2008-09-24,29.8700008392334,29.93000030517578,29.149999618530273,29.3799991607666,29.3799991607666,629200,ZBRA
2008-09-25,29.579999923706055,29.809999465942383,29.15999984741211,29.43000030517578,29.43000030517578,295000,ZBRA
2008-09-26,28.979999542236328,29.139999389648438,28.81999969482422,28.989999771118164,28.989999771118164,428500,ZBRA
2008-09-29,28.719999313354492,28.989999771118164,26.81999969482422,27.190000534057617,27.190000534057617,582300,ZBRA
2008-09-30,27.420000076293945,27.850000381469727,26.209999084472656,27.850000381469727,27.850000381469727,1040500,ZBRA
2008-10-01,27.270000457763672,28.139999389648438,27.18000030517578,27.670000076293945,27.670000076293945,472300,ZBRA
2008-10-02,27.5,27.809999465942383,26.719999313354492,26.940000534057617,26.940000534057617,583400,ZBRA
2008-10-03,27.209999084472656,27.209999084472656,24.950000762939453,25.270000457763672,25.270000457763672,740400,ZBRA
2008-10-06,24.809999465942383,25.260000228881836,23.139999389648438,24.149999618530273,24.149999618530273,847700,ZBRA
2008-10-07,24.100000381469727,24.81999969482422,23.020000457763672,23.040000915527344,23.040000915527344,698700,ZBRA
2008-10-08,22.75,22.84000015258789,21.510000228881836,21.969999313354492,21.969999313354492,704800,ZBRA
2008-10-09,22.100000381469727,22.139999389648438,20.450000762939453,20.690000534057617,20.690000534057617,685100,ZBRA
2008-10-10,19.90999984741211,20.56999969482422,18.469999313354492,19.520000457763672,19.520000457763672,1979400,ZBRA
2008-10-13,19.8700008392334,21.440000534057617,19.8700008392334,21.219999313354492,21.219999313354492,722600,ZBRA
2008-10-14,21.690000534057617,22.06999969482422,20.280000686645508,20.68000030517578,20.68000030517578,631300,ZBRA
2008-10-15,20.25,20.309999465942383,19.139999389648438,19.350000381469727,19.350000381469727,623900,ZBRA
2008-10-16,19.200000762939453,19.93000030517578,18.020000457763672,19.239999771118164,19.239999771118164,625000,ZBRA
2008-10-17,18.65999984741211,20.309999465942383,18.549999237060547,19.75,19.75,596600,ZBRA
2008-10-20,19.979999542236328,20.81999969482422,19.559999465942383,20.75,20.75,341600,ZBRA
2008-10-21,20.43000030517578,20.81999969482422,20.059999465942383,20.170000076293945,20.170000076293945,485600,ZBRA
2008-10-22,19.75,20.030000686645508,18.68000030517578,19.040000915527344,19.040000915527344,530500,ZBRA
2008-10-23,19.15999984741211,19.15999984741211,17.350000381469727,18.010000228881836,18.010000228881836,878200,ZBRA
2008-10-24,17.290000915527344,18.110000610351562,17.030000686645508,17.549999237060547,17.549999237060547,504800,ZBRA
2008-10-27,17.329999923706055,17.43000030517578,16.84000015258789,16.8799991607666,16.8799991607666,544400,ZBRA
2008-10-28,17.25,17.709999084472656,16.559999465942383,17.639999389648438,17.639999389648438,1075700,ZBRA
2008-10-29,17.950000762939453,19.18000030517578,17.649999618530273,18.040000915527344,18.040000915527344,905000,ZBRA
2008-10-30,18.700000762939453,20.270000457763672,18.389999389648438,20.260000228881836,20.260000228881836,664800,ZBRA
2008-10-31,20.329999923706055,20.450000762939453,19.959999084472656,20.239999771118164,20.239999771118164,465400,ZBRA
2008-11-03,20.290000915527344,20.6200008392334,20.079999923706055,20.190000534057617,20.190000534057617,326400,ZBRA
2008-11-04,20.56999969482422,20.940000534057617,20.049999237060547,20.729999542236328,20.729999542236328,377400,ZBRA
2008-11-05,20.450000762939453,20.530000686645508,19.649999618530273,19.65999984741211,19.65999984741211,353300,ZBRA
2008-11-06,19.579999923706055,19.90999984741211,18.639999389648438,18.690000534057617,18.690000534057617,508600,ZBRA
2008-11-07,18.809999465942383,19.31999969482422,18.700000762939453,19.079999923706055,19.079999923706055,270300,ZBRA
2008-11-10,19.479999542236328,19.799999237060547,19.0,19.149999618530273,19.149999618530273,308400,ZBRA
2008-11-11,18.799999237060547,19.90999984741211,18.510000228881836,18.649999618530273,18.649999618530273,309100,ZBRA
2008-11-12,18.479999542236328,18.719999313354492,18.18000030517578,18.309999465942383,18.309999465942383,499700,ZBRA
2008-11-13,18.389999389648438,19.709999084472656,17.8799991607666,19.709999084472656,19.709999084472656,760600,ZBRA
2008-11-14,19.420000076293945,19.850000381469727,18.899999618530273,19.1299991607666,19.1299991607666,685200,ZBRA
2008-11-17,19.09000015258789,19.770000457763672,18.959999084472656,19.299999237060547,19.299999237060547,596700,ZBRA
2008-11-18,19.399999618530273,19.690000534057617,18.780000686645508,19.469999313354492,19.469999313354492,424900,ZBRA
2008-11-19,19.459999084472656,20.06999969482422,18.25,18.299999237060547,18.299999237060547,376300,ZBRA
2008-11-20,18.049999237060547,18.290000915527344,16.510000228881836,16.610000610351562,16.610000610351562,631600,ZBRA
2008-11-21,16.940000534057617,17.3799991607666,16.18000030517578,17.360000610351562,17.360000610351562,395600,ZBRA
2008-11-24,17.190000534057617,19.3799991607666,17.010000228881836,19.1299991607666,19.1299991607666,737500,ZBRA
2008-11-25,19.280000686645508,19.65999984741211,18.40999984741211,19.549999237060547,19.549999237060547,578700,ZBRA
2008-11-26,19.049999237060547,20.780000686645508,18.860000610351562,20.649999618530273,20.649999618530273,371600,ZBRA
2008-11-28,20.459999084472656,21.229999542236328,20.459999084472656,21.15999984741211,21.15999984741211,147300,ZBRA
2008-12-01,20.690000534057617,21.100000381469727,18.969999313354492,18.979999542236328,18.979999542236328,540800,ZBRA
2008-12-02,19.3700008392334,19.90999984741211,19.139999389648438,19.59000015258789,19.59000015258789,476500,ZBRA
2008-12-03,19.18000030517578,19.68000030517578,18.84000015258789,19.5,19.5,735500,ZBRA
2008-12-04,19.1299991607666,19.530000686645508,17.84000015258789,18.110000610351562,18.110000610351562,738700,ZBRA
2008-12-05,17.969999313354492,18.549999237060547,17.639999389648438,18.510000228881836,18.510000228881836,831700,ZBRA
2008-12-08,18.969999313354492,19.950000762939453,18.559999465942383,19.690000534057617,19.690000534057617,807900,ZBRA
2008-12-09,19.989999771118164,20.440000534057617,19.399999618530273,19.93000030517578,19.93000030517578,433500,ZBRA
2008-12-10,20.06999969482422,20.600000381469727,19.75,20.09000015258789,20.09000015258789,273900,ZBRA
2008-12-11,19.889999389648438,20.600000381469727,19.290000915527344,19.56999969482422,19.56999969482422,506600,ZBRA
2008-12-12,19.049999237060547,19.709999084472656,18.829999923706055,19.56999969482422,19.56999969482422,365200,ZBRA
2008-12-15,19.530000686645508,19.760000228881836,19.059999465942383,19.479999542236328,19.479999542236328,405000,ZBRA
2008-12-16,19.600000381469727,20.010000228881836,19.219999313354492,19.799999237060547,19.799999237060547,613600,ZBRA
2008-12-17,19.479999542236328,20.059999465942383,19.479999542236328,19.920000076293945,19.920000076293945,434800,ZBRA
2008-12-18,19.850000381469727,20.020000457763672,19.020000457763672,19.43000030517578,19.43000030517578,555400,ZBRA
2008-12-19,19.049999237060547,19.81999969482422,19.010000228881836,19.559999465942383,19.559999465942383,1076400,ZBRA
2008-12-22,19.639999389648438,19.700000762939453,18.299999237060547,18.690000534057617,18.690000534057617,648700,ZBRA
2008-12-23,18.850000381469727,19.34000015258789,18.530000686645508,18.84000015258789,18.84000015258789,370600,ZBRA
2008-12-24,18.90999984741211,18.93000030517578,18.59000015258789,18.93000030517578,18.93000030517578,94100,ZBRA
2008-12-26,19.040000915527344,19.31999969482422,18.809999465942383,19.170000076293945,19.170000076293945,122100,ZBRA
2008-12-29,19.15999984741211,19.270000457763672,18.6200008392334,18.940000534057617,18.940000534057617,168400,ZBRA
2008-12-30,18.989999771118164,19.829999923706055,18.969999313354492,19.829999923706055,19.829999923706055,287200,ZBRA
2008-12-31,19.770000457763672,20.420000076293945,19.59000015258789,20.260000228881836,20.260000228881836,599400,ZBRA
2009-01-02,20.260000228881836,21.170000076293945,19.850000381469727,21.030000686645508,21.030000686645508,559600,ZBRA
2009-01-05,20.8700008392334,20.8700008392334,20.5,20.739999771118164,20.739999771118164,383100,ZBRA
2009-01-06,20.950000762939453,21.469999313354492,20.299999237060547,21.260000228881836,21.260000228881836,298500,ZBRA
2009-01-07,21.010000228881836,21.700000762939453,20.84000015258789,21.280000686645508,21.280000686645508,356900,ZBRA
2009-01-08,21.139999389648438,21.65999984741211,20.270000457763672,20.6299991607666,20.6299991607666,511100,ZBRA
2009-01-09,20.5,20.530000686645508,19.3799991607666,19.440000534057617,19.440000534057617,578700,ZBRA
2009-01-12,19.450000762939453,19.489999771118164,18.489999771118164,18.809999465942383,18.809999465942383,628400,ZBRA
2009-01-13,18.68000030517578,18.729999542236328,18.239999771118164,18.489999771118164,18.489999771118164,345300,ZBRA
2009-01-14,18.329999923706055,18.809999465942383,17.780000686645508,18.190000534057617,18.190000534057617,501200,ZBRA
2009-01-15,18.219999313354492,18.5,17.639999389648438,18.350000381469727,18.350000381469727,551300,ZBRA
2009-01-16,18.709999084472656,18.950000762939453,18.1200008392334,18.520000457763672,18.520000457763672,322400,ZBRA
2009-01-20,18.25,18.579999923706055,17.530000686645508,17.549999237060547,17.549999237060547,549700,ZBRA
2009-01-21,17.760000228881836,18.270000457763672,17.579999923706055,17.979999542236328,17.979999542236328,548100,ZBRA
2009-01-22,17.68000030517578,17.690000534057617,16.920000076293945,17.020000457763672,17.020000457763672,1253400,ZBRA
2009-01-23,17.43000030517578,17.790000915527344,16.65999984741211,17.34000015258789,17.34000015258789,542700,ZBRA
2009-01-26,17.3700008392334,17.770000457763672,17.100000381469727,17.329999923706055,17.329999923706055,330000,ZBRA
2009-01-27,17.3799991607666,17.950000762939453,17.3799991607666,17.799999237060547,17.799999237060547,203100,ZBRA
2009-01-28,17.989999771118164,18.149999618530273,17.760000228881836,18.0,18.0,402600,ZBRA
2009-01-29,17.799999237060547,17.799999237060547,17.170000076293945,17.3700008392334,17.3700008392334,376200,ZBRA
2009-01-30,17.399999618530273,17.469999313354492,16.799999237060547,16.829999923706055,16.829999923706055,386400,ZBRA
2009-02-02,16.799999237060547,17.200000762939453,16.700000762939453,17.100000381469727,17.100000381469727,371400,ZBRA
2009-02-03,17.190000534057617,17.459999084472656,16.850000381469727,17.40999984741211,17.40999984741211,291700,ZBRA
2009-02-04,17.3700008392334,17.920000076293945,17.309999465942383,17.420000076293945,17.420000076293945,455000,ZBRA
2009-02-05,17.25,17.6299991607666,16.899999618530273,17.40999984741211,17.40999984741211,361300,ZBRA
2009-02-06,17.3700008392334,18.93000030517578,17.270000457763672,18.709999084472656,18.709999084472656,640700,ZBRA
2009-02-09,18.639999389648438,18.639999389648438,18.1200008392334,18.350000381469727,18.350000381469727,390500,ZBRA
2009-02-10,18.190000534057617,18.510000228881836,17.65999984741211,17.75,17.75,544800,ZBRA
2009-02-11,17.790000915527344,18.31999969482422,17.489999771118164,17.65999984741211,17.65999984741211,292000,ZBRA
2009-02-12,17.489999771118164,17.549999237060547,16.8799991607666,17.299999237060547,17.299999237060547,542600,ZBRA
2009-02-13,17.190000534057617,17.75,17.100000381469727,17.190000534057617,17.190000534057617,625800,ZBRA
2009-02-17,16.0,17.639999389648438,16.0,17.25,17.25,959100,ZBRA
2009-02-18,17.280000686645508,17.780000686645508,17.049999237060547,17.530000686645508,17.530000686645508,608200,ZBRA
2009-02-19,17.049999237060547,17.709999084472656,17.030000686645508,17.56999969482422,17.56999969482422,864700,ZBRA
2009-02-20,17.209999084472656,17.489999771118164,16.799999237060547,17.030000686645508,17.030000686645508,927600,ZBRA
2009-02-23,17.209999084472656,17.299999237060547,16.649999618530273,16.950000762939453,16.950000762939453,1021200,ZBRA
2009-02-24,17.020000457763672,17.65999984741211,16.809999465942383,17.479999542236328,17.479999542236328,826900,ZBRA
2009-02-25,17.459999084472656,17.700000762939453,17.040000915527344,17.40999984741211,17.40999984741211,592400,ZBRA
2009-02-26,17.40999984741211,17.829999923706055,17.100000381469727,17.110000610351562,17.110000610351562,935600,ZBRA
2009-02-27,16.770000457763672,17.860000610351562,16.59000015258789,17.56999969482422,17.56999969482422,810000,ZBRA
2009-03-02,17.15999984741211,17.59000015258789,17.020000457763672,17.139999389648438,17.139999389648438,1318500,ZBRA
2009-03-03,17.440000534057617,17.770000457763672,17.190000534057617,17.479999542236328,17.479999542236328,979600,ZBRA
2009-03-04,17.670000076293945,18.010000228881836,17.40999984741211,17.649999618530273,17.649999618530273,856300,ZBRA
2009-03-05,17.59000015258789,17.68000030517578,17.329999923706055,17.389999389648438,17.389999389648438,813600,ZBRA
2009-03-06,17.639999389648438,17.75,16.399999618530273,16.690000534057617,16.690000534057617,1122000,ZBRA
2009-03-09,16.579999923706055,17.110000610351562,16.440000534057617,16.450000762939453,16.450000762939453,512600,ZBRA
2009-03-10,16.729999542236328,17.219999313354492,16.440000534057617,17.1200008392334,17.1200008392334,781500,ZBRA
2009-03-11,17.149999618530273,17.65999984741211,16.979999542236328,17.510000228881836,17.510000228881836,422900,ZBRA
2009-03-12,17.43000030517578,18.299999237060547,17.170000076293945,18.229999542236328,18.229999542236328,302000,ZBRA
2009-03-13,18.299999237060547,18.56999969482422,17.979999542236328,18.469999313354492,18.469999313354492,357400,ZBRA
2009-03-16,18.6200008392334,18.75,18.25,18.299999237060547,18.299999237060547,363500,ZBRA
2009-03-17,18.34000015258789,18.829999923706055,18.0,18.829999923706055,18.829999923706055,310600,ZBRA
2009-03-18,18.719999313354492,19.270000457763672,18.3799991607666,19.209999084472656,19.209999084472656,791500,ZBRA
2009-03-19,19.239999771118164,19.600000381469727,19.030000686645508,19.389999389648438,19.389999389648438,502300,ZBRA
2009-03-20,19.450000762939453,19.700000762939453,18.790000915527344,18.959999084472656,18.959999084472656,659300,ZBRA
2009-03-23,19.360000610351562,20.729999542236328,19.360000610351562,20.670000076293945,20.670000076293945,464000,ZBRA
2009-03-24,20.440000534057617,20.68000030517578,20.190000534057617,20.34000015258789,20.34000015258789,304300,ZBRA
2009-03-25,20.440000534057617,20.530000686645508,19.389999389648438,19.93000030517578,19.93000030517578,580200,ZBRA
2009-03-26,20.200000762939453,20.399999618530273,19.6200008392334,19.989999771118164,19.989999771118164,863900,ZBRA
2009-03-27,19.760000228881836,20.020000457763672,19.479999542236328,19.65999984741211,19.65999984741211,395500,ZBRA
2009-03-30,19.309999465942383,19.309999465942383,18.579999923706055,18.770000457763672,18.770000457763672,285900,ZBRA
2009-03-31,18.899999618530273,19.420000076293945,18.829999923706055,19.020000457763672,19.020000457763672,297200,ZBRA
2009-04-01,18.68000030517578,19.290000915527344,18.3799991607666,19.260000228881836,19.260000228881836,368800,ZBRA
2009-04-02,19.56999969482422,20.059999465942383,19.56999969482422,19.81999969482422,19.81999969482422,434900,ZBRA
2009-04-03,19.8700008392334,20.149999618530273,19.65999984741211,20.1299991607666,20.1299991607666,295300,ZBRA
2009-04-06,19.899999618530273,20.1200008392334,19.56999969482422,19.989999771118164,19.989999771118164,436000,ZBRA
2009-04-07,19.65999984741211,19.850000381469727,19.1299991607666,19.3799991607666,19.3799991607666,293200,ZBRA
2009-04-08,19.5,19.549999237060547,18.6200008392334,18.889999389648438,18.889999389648438,563800,ZBRA
2009-04-09,19.31999969482422,19.959999084472656,19.25,19.950000762939453,19.950000762939453,452200,ZBRA
2009-04-13,19.700000762939453,19.719999313354492,18.940000534057617,19.200000762939453,19.200000762939453,314500,ZBRA
2009-04-14,19.0,19.399999618530273,18.959999084472656,19.059999465942383,19.059999465942383,274600,ZBRA
2009-04-15,18.989999771118164,19.329999923706055,18.760000228881836,19.030000686645508,19.030000686645508,286700,ZBRA
2009-04-16,19.1299991607666,19.940000534057617,18.93000030517578,19.84000015258789,19.84000015258789,597400,ZBRA
2009-04-17,19.829999923706055,20.010000228881836,19.530000686645508,19.8799991607666,19.8799991607666,353600,ZBRA
2009-04-20,19.489999771118164,19.780000686645508,18.90999984741211,19.049999237060547,19.049999237060547,207900,ZBRA
2009-04-21,19.06999969482422,19.940000534057617,18.969999313354492,19.81999969482422,19.81999969482422,268200,ZBRA
2009-04-22,19.5,20.450000762939453,19.5,20.110000610351562,20.110000610351562,310600,ZBRA
2009-04-23,20.100000381469727,20.5,19.389999389648438,19.81999969482422,19.81999969482422,203100,ZBRA
2009-04-24,19.940000534057617,20.3799991607666,19.8799991607666,20.209999084472656,20.209999084472656,218500,ZBRA
2009-04-27,19.979999542236328,20.600000381469727,19.790000915527344,20.260000228881836,20.260000228881836,176600,ZBRA
2009-04-28,20.1200008392334,20.920000076293945,20.049999237060547,20.670000076293945,20.670000076293945,163800,ZBRA
2009-04-29,20.770000457763672,21.56999969482422,20.6200008392334,21.200000762939453,21.200000762939453,230100,ZBRA
2009-04-30,21.34000015258789,21.809999465942383,21.200000762939453,21.25,21.25,230100,ZBRA
2009-05-01,21.200000762939453,21.34000015258789,20.700000762939453,21.299999237060547,21.299999237060547,345200,ZBRA
2009-05-04,21.510000228881836,21.510000228881836,20.860000610351562,21.280000686645508,21.280000686645508,467300,ZBRA
2009-05-05,20.649999618530273,20.739999771118164,19.780000686645508,20.440000534057617,20.440000534057617,739600,ZBRA
2009-05-06,19.81999969482422,20.139999389648438,19.200000762939453,19.979999542236328,19.979999542236328,557300,ZBRA
2009-05-07,20.100000381469727,20.280000686645508,19.329999923706055,19.559999465942383,19.559999465942383,367200,ZBRA
2009-05-08,19.84000015258789,20.329999923706055,19.760000228881836,20.329999923706055,20.329999923706055,340300,ZBRA
2009-05-11,20.020000457763672,20.440000534057617,19.600000381469727,19.690000534057617,19.690000534057617,302800,ZBRA
2009-05-12,19.729999542236328,19.799999237060547,19.079999923706055,19.200000762939453,19.200000762939453,348200,ZBRA
2009-05-13,19.059999465942383,19.239999771118164,18.700000762939453,18.989999771118164,18.989999771118164,326200,ZBRA
2009-05-14,19.100000381469727,19.709999084472656,18.610000610351562,19.530000686645508,19.530000686645508,402300,ZBRA
2009-05-15,19.389999389648438,19.59000015258789,19.079999923706055,19.489999771118164,19.489999771118164,322900,ZBRA
2009-05-18,19.260000228881836,19.950000762939453,19.260000228881836,19.93000030517578,19.93000030517578,279500,ZBRA
2009-05-19,19.959999084472656,20.780000686645508,19.790000915527344,20.610000610351562,20.610000610351562,515600,ZBRA
2009-05-20,20.700000762939453,21.510000228881836,20.290000915527344,21.229999542236328,21.229999542236328,771200,ZBRA
2009-05-21,20.93000030517578,21.260000228881836,20.479999542236328,21.09000015258789,21.09000015258789,661800,ZBRA
2009-05-22,21.260000228881836,21.739999771118164,21.229999542236328,21.280000686645508,21.280000686645508,427000,ZBRA
2009-05-26,21.190000534057617,22.479999542236328,21.190000534057617,22.09000015258789,22.09000015258789,602600,ZBRA
2009-05-27,21.940000534057617,22.459999084472656,21.59000015258789,21.690000534057617,21.690000534057617,283000,ZBRA
2009-05-28,21.90999984741211,22.170000076293945,21.270000457763672,21.65999984741211,21.65999984741211,321600,ZBRA
2009-05-29,21.65999984741211,21.8700008392334,21.209999084472656,21.829999923706055,21.829999923706055,332000,ZBRA
2009-06-01,22.040000915527344,22.6200008392334,21.829999923706055,22.469999313354492,22.469999313354492,269900,ZBRA
2009-06-02,22.25,22.829999923706055,22.25,22.6200008392334,22.6200008392334,281400,ZBRA
2009-06-03,22.469999313354492,22.65999984741211,21.8700008392334,22.239999771118164,22.239999771118164,200600,ZBRA
2009-06-04,22.299999237060547,22.65999984741211,21.889999389648438,22.639999389648438,22.639999389648438,168900,ZBRA
2009-06-05,22.75,23.040000915527344,22.65999984741211,22.8700008392334,22.8700008392334,205100,ZBRA
2009-06-08,22.579999923706055,22.59000015258789,21.84000015258789,22.34000015258789,22.34000015258789,286400,ZBRA
2009-06-09,22.40999984741211,22.649999618530273,21.959999084472656,22.200000762939453,22.200000762939453,341600,ZBRA
2009-06-10,22.280000686645508,22.389999389648438,21.93000030517578,22.31999969482422,22.31999969482422,251000,ZBRA
2009-06-11,22.389999389648438,23.239999771118164,22.389999389648438,23.030000686645508,23.030000686645508,257500,ZBRA
2009-06-12,22.969999313354492,23.1299991607666,22.84000015258789,23.100000381469727,23.100000381469727,391400,ZBRA
2009-06-15,22.920000076293945,23.100000381469727,22.780000686645508,23.059999465942383,23.059999465942383,327600,ZBRA
2009-06-16,23.100000381469727,23.34000015258789,22.969999313354492,22.969999313354492,22.969999313354492,423700,ZBRA
2009-06-17,22.899999618530273,23.31999969482422,22.709999084472656,23.010000228881836,23.010000228881836,304800,ZBRA
2009-06-18,23.139999389648438,23.360000610351562,22.93000030517578,23.010000228881836,23.010000228881836,205800,ZBRA
2009-06-19,23.209999084472656,23.219999313354492,22.739999771118164,23.040000915527344,23.040000915527344,562400,ZBRA
2009-06-22,22.75,23.239999771118164,22.739999771118164,23.010000228881836,23.010000228881836,400300,ZBRA
2009-06-23,23.049999237060547,23.219999313354492,22.219999313354492,22.530000686645508,22.530000686645508,637300,ZBRA
2009-06-24,22.610000610351562,23.209999084472656,22.610000610351562,22.969999313354492,22.969999313354492,268900,ZBRA
2009-06-25,22.850000381469727,22.969999313354492,22.469999313354492,22.940000534057617,22.940000534057617,346300,ZBRA
2009-06-26,22.760000228881836,23.200000762939453,22.40999984741211,22.920000076293945,22.920000076293945,379400,ZBRA
2009-06-29,23.670000076293945,23.959999084472656,23.360000610351562,23.6200008392334,23.6200008392334,482800,ZBRA
2009-06-30,23.81999969482422,23.979999542236328,23.3700008392334,23.65999984741211,23.65999984741211,325900,ZBRA
2009-07-01,23.760000228881836,24.549999237060547,23.459999084472656,24.299999237060547,24.299999237060547,401500,ZBRA
2009-07-02,23.889999389648438,23.889999389648438,23.450000762939453,23.670000076293945,23.670000076293945,249600,ZBRA
2009-07-06,23.610000610351562,23.899999618530273,23.31999969482422,23.649999618530273,23.649999618530273,471600,ZBRA
2009-07-07,23.739999771118164,23.860000610351562,23.190000534057617,23.219999313354492,23.219999313354492,265700,ZBRA
2009-07-08,21.770000457763672,22.200000762939453,21.0,21.700000762939453,21.700000762939453,955600,ZBRA
2009-07-09,22.0,22.270000457763672,21.280000686645508,21.489999771118164,21.489999771118164,414000,ZBRA
2009-07-10,21.40999984741211,21.540000915527344,21.1200008392334,21.40999984741211,21.40999984741211,154100,ZBRA
2009-07-13,21.440000534057617,21.670000076293945,20.979999542236328,21.5,21.5,405300,ZBRA
2009-07-14,21.549999237060547,21.850000381469727,21.469999313354492,21.84000015258789,21.84000015258789,239900,ZBRA
2009-07-15,22.0,22.450000762939453,21.8700008392334,22.450000762939453,22.450000762939453,302600,ZBRA
2009-07-16,22.459999084472656,23.309999465942383,22.299999237060547,23.290000915527344,23.290000915527344,346100,ZBRA
2009-07-17,23.239999771118164,23.440000534057617,22.93000030517578,23.399999618530273,23.399999618530273,430400,ZBRA
2009-07-20,23.43000030517578,24.280000686645508,23.350000381469727,24.190000534057617,24.190000534057617,368400,ZBRA
2009-07-21,24.329999923706055,24.520000457763672,24.260000228881836,24.389999389648438,24.389999389648438,547400,ZBRA
2009-07-22,24.420000076293945,25.209999084472656,24.170000076293945,24.809999465942383,24.809999465942383,317400,ZBRA
2009-07-23,24.809999465942383,25.43000030517578,24.6299991607666,24.959999084472656,24.959999084472656,306800,ZBRA
2009-07-24,24.8799991607666,25.219999313354492,24.739999771118164,25.0,25.0,172600,ZBRA
2009-07-27,24.889999389648438,25.1299991607666,24.700000762939453,25.1299991607666,25.1299991607666,167200,ZBRA
2009-07-28,24.90999984741211,25.43000030517578,24.84000015258789,25.3799991607666,25.3799991607666,186000,ZBRA
2009-07-29,25.209999084472656,25.31999969482422,24.959999084472656,25.15999984741211,25.15999984741211,285900,ZBRA
2009-07-30,25.290000915527344,25.40999984741211,24.780000686645508,24.799999237060547,24.799999237060547,242300,ZBRA
2009-07-31,24.850000381469727,24.959999084472656,24.420000076293945,24.440000534057617,24.440000534057617,385700,ZBRA
2009-08-03,24.68000030517578,24.68000030517578,24.18000030517578,24.459999084472656,24.459999084472656,391400,ZBRA
2009-08-04,22.899999618530273,24.110000610351562,22.510000228881836,24.059999465942383,24.059999465942383,981900,ZBRA
2009-08-05,24.020000457763672,24.459999084472656,23.350000381469727,24.3700008392334,24.3700008392334,521900,ZBRA
2009-08-06,23.31999969482422,24.360000610351562,23.299999237060547,24.06999969482422,24.06999969482422,482100,ZBRA
2009-08-07,24.290000915527344,24.670000076293945,24.149999618530273,24.479999542236328,24.479999542236328,183900,ZBRA
2009-08-10,24.260000228881836,24.780000686645508,24.219999313354492,24.3700008392334,24.3700008392334,225800,ZBRA
2009-08-11,24.209999084472656,24.540000915527344,23.959999084472656,24.15999984741211,24.15999984741211,196600,ZBRA
2009-08-12,24.309999465942383,25.1200008392334,24.100000381469727,24.860000610351562,24.860000610351562,186500,ZBRA
2009-08-13,24.889999389648438,24.959999084472656,24.43000030517578,24.920000076293945,24.920000076293945,144100,ZBRA
2009-08-14,24.809999465942383,24.950000762939453,24.3700008392334,24.65999984741211,24.65999984741211,142200,ZBRA
2009-08-17,24.440000534057617,24.649999618530273,23.780000686645508,23.90999984741211,23.90999984741211,167100,ZBRA
2009-08-18,23.889999389648438,24.079999923706055,23.6299991607666,24.0,24.0,193800,ZBRA
2009-08-19,23.81999969482422,24.600000381469727,23.520000457763672,24.56999969482422,24.56999969482422,162800,ZBRA
2009-08-20,24.459999084472656,24.649999618530273,24.329999923706055,24.5,24.5,104500,ZBRA
2009-08-21,24.6299991607666,25.15999984741211,24.43000030517578,24.959999084472656,24.959999084472656,150600,ZBRA
2009-08-24,24.979999542236328,25.34000015258789,24.969999313354492,25.170000076293945,25.170000076293945,136400,ZBRA
2009-08-25,25.25,25.43000030517578,25.020000457763672,25.18000030517578,25.18000030517578,97300,ZBRA
2009-08-26,25.229999542236328,25.34000015258789,25.0,25.25,25.25,79100,ZBRA
2009-08-27,25.100000381469727,25.40999984741211,24.65999984741211,25.360000610351562,25.360000610351562,78500,ZBRA
2009-08-28,25.389999389648438,25.540000915527344,24.989999771118164,25.309999465942383,25.309999465942383,128100,ZBRA
2009-08-31,25.18000030517578,25.299999237060547,24.969999313354492,24.989999771118164,24.989999771118164,212100,ZBRA
2009-09-01,24.860000610351562,25.84000015258789,24.75,24.950000762939453,24.950000762939453,363400,ZBRA
2009-09-02,24.84000015258789,25.540000915527344,24.68000030517578,24.979999542236328,24.979999542236328,141600,ZBRA
2009-09-03,25.170000076293945,25.270000457763672,24.760000228881836,25.270000457763672,25.270000457763672,186600,ZBRA
2009-09-04,25.31999969482422,25.639999389648438,25.0,25.6200008392334,25.6200008392334,171000,ZBRA
2009-09-08,25.809999465942383,26.170000076293945,25.75,25.920000076293945,25.920000076293945,136100,ZBRA
2009-09-09,25.8799991607666,26.290000915527344,25.84000015258789,26.18000030517578,26.18000030517578,92000,ZBRA
2009-09-10,26.09000015258789,26.65999984741211,25.959999084472656,26.540000915527344,26.540000915527344,127900,ZBRA
2009-09-11,26.479999542236328,26.719999313354492,26.280000686645508,26.450000762939453,26.450000762939453,115600,ZBRA
2009-09-14,26.290000915527344,26.8799991607666,26.170000076293945,26.690000534057617,26.690000534057617,108600,ZBRA
2009-09-15,26.75,26.979999542236328,26.59000015258789,26.799999237060547,26.799999237060547,120200,ZBRA
2009-09-16,26.8700008392334,27.229999542236328,26.739999771118164,27.209999084472656,27.209999084472656,116000,ZBRA
2009-09-17,27.200000762939453,27.670000076293945,27.0,27.6200008392334,27.6200008392334,311200,ZBRA
2009-09-18,27.670000076293945,27.670000076293945,26.979999542236328,27.010000228881836,27.010000228881836,307300,ZBRA
2009-09-21,26.850000381469727,27.299999237060547,26.6200008392334,27.15999984741211,27.15999984741211,213100,ZBRA
2009-09-22,27.31999969482422,27.31999969482422,26.690000534057617,26.690000534057617,26.690000534057617,133800,ZBRA
2009-09-23,26.81999969482422,27.040000915527344,26.6200008392334,26.700000762939453,26.700000762939453,229900,ZBRA
2009-09-24,26.81999969482422,27.06999969482422,26.40999984741211,26.700000762939453,26.700000762939453,266600,ZBRA
2009-09-25,26.75,26.770000457763672,26.420000076293945,26.43000030517578,26.43000030517578,164100,ZBRA
2009-09-28,26.450000762939453,26.690000534057617,26.25,26.440000534057617,26.440000534057617,147700,ZBRA
2009-09-29,26.389999389648438,26.459999084472656,25.81999969482422,26.040000915527344,26.040000915527344,185600,ZBRA
2009-09-30,26.139999389648438,26.229999542236328,25.350000381469727,25.93000030517578,25.93000030517578,170700,ZBRA
2009-10-01,25.90999984741211,25.90999984741211,25.31999969482422,25.399999618530273,25.399999618530273,503000,ZBRA
2009-10-02,25.329999923706055,25.68000030517578,25.049999237060547,25.110000610351562,25.110000610351562,177600,ZBRA
2009-10-05,25.18000030517578,25.600000381469727,24.940000534057617,25.56999969482422,25.56999969482422,266200,ZBRA
2009-10-06,25.610000610351562,26.06999969482422,25.299999237060547,25.8799991607666,25.8799991607666,208600,ZBRA
2009-10-07,25.899999618530273,25.899999618530273,25.3700008392334,25.530000686645508,25.530000686645508,197200,ZBRA
2009-10-08,25.709999084472656,26.239999771118164,25.709999084472656,25.979999542236328,25.979999542236328,658100,ZBRA
2009-10-09,25.920000076293945,26.200000762939453,25.8799991607666,26.110000610351562,26.110000610351562,362700,ZBRA
2009-10-12,25.979999542236328,26.59000015258789,25.81999969482422,25.989999771118164,25.989999771118164,403000,ZBRA
2009-10-13,26.0,26.06999969482422,25.770000457763672,25.8700008392334,25.8700008392334,168300,ZBRA
2009-10-14,26.040000915527344,26.299999237060547,25.90999984741211,26.15999984741211,26.15999984741211,446300,ZBRA
2009-10-15,26.079999923706055,26.149999618530273,25.8700008392334,26.100000381469727,26.100000381469727,253200,ZBRA
2009-10-16,26.049999237060547,26.290000915527344,25.809999465942383,26.010000228881836,26.010000228881836,291200,ZBRA
2009-10-19,26.1200008392334,26.149999618530273,25.729999542236328,25.770000457763672,25.770000457763672,271700,ZBRA
2009-10-20,25.8799991607666,25.8799991607666,25.420000076293945,25.729999542236328,25.729999542236328,141700,ZBRA
2009-10-21,25.6299991607666,25.84000015258789,25.489999771118164,25.5,25.5,313100,ZBRA
2009-10-22,25.549999237060547,25.809999465942383,25.459999084472656,25.6299991607666,25.6299991607666,254100,ZBRA
2009-10-23,25.6299991607666,25.790000915527344,25.290000915527344,25.43000030517578,25.43000030517578,203600,ZBRA
2009-10-26,25.549999237060547,25.780000686645508,25.190000534057617,25.469999313354492,25.469999313354492,204500,ZBRA
2009-10-27,25.459999084472656,25.719999313354492,25.200000762939453,25.389999389648438,25.389999389648438,212500,ZBRA
2009-10-28,25.459999084472656,25.6299991607666,25.15999984741211,25.229999542236328,25.229999542236328,381700,ZBRA
2009-10-29,25.40999984741211,25.540000915527344,25.100000381469727,25.260000228881836,25.260000228881836,146600,ZBRA
2009-10-30,25.15999984741211,25.420000076293945,24.940000534057617,25.0,25.0,432400,ZBRA
2009-11-02,25.06999969482422,25.18000030517578,24.920000076293945,25.170000076293945,25.170000076293945,328200,ZBRA
2009-11-03,25.110000610351562,25.290000915527344,24.959999084472656,25.049999237060547,25.049999237060547,629100,ZBRA
2009-11-04,24.6200008392334,25.649999618530273,23.760000228881836,25.389999389648438,25.389999389648438,1146500,ZBRA
2009-11-05,25.530000686645508,26.100000381469727,25.530000686645508,26.059999465942383,26.059999465942383,305100,ZBRA
2009-11-06,25.959999084472656,26.360000610351562,25.959999084472656,26.100000381469727,26.100000381469727,189800,ZBRA
2009-11-09,25.920000076293945,26.399999618530273,25.90999984741211,26.34000015258789,26.34000015258789,229000,ZBRA
2009-11-10,26.299999237060547,26.729999542236328,26.299999237060547,26.68000030517578,26.68000030517578,226500,ZBRA
2009-11-11,26.780000686645508,27.1299991607666,26.5,27.110000610351562,27.110000610351562,184000,ZBRA
2009-11-12,27.219999313354492,27.399999618530273,26.850000381469727,26.860000610351562,26.860000610351562,212200,ZBRA
2009-11-13,27.030000686645508,27.309999465942383,26.709999084472656,27.09000015258789,27.09000015258789,190600,ZBRA
2009-11-16,27.25,28.0,27.229999542236328,27.850000381469727,27.850000381469727,171400,ZBRA
2009-11-17,27.790000915527344,28.329999923706055,27.719999313354492,27.899999618530273,27.899999618530273,196600,ZBRA
2009-11-18,27.979999542236328,27.979999542236328,27.479999542236328,27.540000915527344,27.540000915527344,103600,ZBRA
2009-11-19,27.329999923706055,27.459999084472656,27.0,27.239999771118164,27.239999771118164,147400,ZBRA
2009-11-20,27.0,27.34000015258789,27.0,27.309999465942383,27.309999465942383,147400,ZBRA
2009-11-23,27.510000228881836,27.770000457763672,27.40999984741211,27.520000457763672,27.520000457763672,114800,ZBRA
2009-11-24,27.5,27.579999923706055,27.25,27.43000030517578,27.43000030517578,113200,ZBRA
2009-11-25,27.540000915527344,27.59000015258789,27.25,27.489999771118164,27.489999771118164,108300,ZBRA
2009-11-27,27.040000915527344,27.290000915527344,26.790000915527344,27.020000457763672,27.020000457763672,91500,ZBRA
2009-11-30,26.950000762939453,26.950000762939453,26.329999923706055,26.610000610351562,26.610000610351562,264200,ZBRA
2009-12-01,26.690000534057617,27.520000457763672,26.65999984741211,27.5,27.5,315000,ZBRA
2009-12-02,27.389999389648438,27.790000915527344,27.219999313354492,27.329999923706055,27.329999923706055,182600,ZBRA
2009-12-03,27.31999969482422,27.610000610351562,27.139999389648438,27.18000030517578,27.18000030517578,127200,ZBRA
2009-12-04,27.43000030517578,27.899999618530273,27.25,27.809999465942383,27.809999465942383,176400,ZBRA
2009-12-07,27.670000076293945,28.059999465942383,27.56999969482422,27.799999237060547,27.799999237060547,83900,ZBRA
2009-12-08,27.68000030517578,27.729999542236328,27.09000015258789,27.65999984741211,27.65999984741211,174500,ZBRA
2009-12-09,27.549999237060547,27.59000015258789,27.1299991607666,27.329999923706055,27.329999923706055,97900,ZBRA
2009-12-10,27.309999465942383,27.309999465942383,26.8799991607666,27.06999969482422,27.06999969482422,173600,ZBRA
2009-12-11,27.219999313354492,27.34000015258789,26.729999542236328,26.729999542236328,26.729999542236328,232700,ZBRA
2009-12-14,26.799999237060547,27.290000915527344,26.709999084472656,27.25,27.25,130400,ZBRA
2009-12-15,27.100000381469727,27.799999237060547,27.079999923706055,27.760000228881836,27.760000228881836,178700,ZBRA
2009-12-16,27.790000915527344,27.950000762939453,27.43000030517578,27.43000030517578,27.43000030517578,192200,ZBRA
2009-12-17,27.170000076293945,27.469999313354492,27.020000457763672,27.280000686645508,27.280000686645508,148400,ZBRA
2009-12-18,27.40999984741211,27.530000686645508,27.100000381469727,27.229999542236328,27.229999542236328,556500,ZBRA
2009-12-21,27.450000762939453,27.93000030517578,27.399999618530273,27.68000030517578,27.68000030517578,111700,ZBRA
2009-12-22,27.770000457763672,28.260000228881836,27.649999618530273,28.040000915527344,28.040000915527344,187000,ZBRA
2009-12-23,28.049999237060547,28.549999237060547,27.90999984741211,28.31999969482422,28.31999969482422,116100,ZBRA
2009-12-24,28.290000915527344,28.56999969482422,28.049999237060547,28.540000915527344,28.540000915527344,43400,ZBRA
2009-12-28,28.549999237060547,28.68000030517578,27.90999984741211,28.09000015258789,28.09000015258789,126000,ZBRA
2009-12-29,28.190000534057617,28.40999984741211,27.90999984741211,28.3799991607666,28.3799991607666,132900,ZBRA
2009-12-30,28.209999084472656,28.440000534057617,28.079999923706055,28.389999389648438,28.389999389648438,109600,ZBRA
2009-12-31,28.31999969482422,28.8700008392334,28.219999313354492,28.350000381469727,28.350000381469727,184800,ZBRA
2010-01-04,28.469999313354492,28.700000762939453,28.06999969482422,28.670000076293945,28.670000076293945,168800,ZBRA
2010-01-05,28.549999237060547,29.3700008392334,28.540000915527344,28.6200008392334,28.6200008392334,168800,ZBRA
2010-01-06,27.40999984741211,28.489999771118164,27.31999969482422,28.399999618530273,28.399999618530273,385300,ZBRA
2010-01-07,28.229999542236328,28.299999237060547,27.610000610351562,27.690000534057617,27.690000534057617,183600,ZBRA
2010-01-08,27.579999923706055,27.610000610351562,27.280000686645508,27.600000381469727,27.600000381469727,266500,ZBRA
2010-01-11,27.639999389648438,27.84000015258789,27.290000915527344,27.690000534057617,27.690000534057617,104100,ZBRA
2010-01-12,27.530000686645508,27.8700008392334,27.329999923706055,27.65999984741211,27.65999984741211,120400,ZBRA
2010-01-13,27.65999984741211,28.079999923706055,27.469999313354492,28.049999237060547,28.049999237060547,155900,ZBRA
2010-01-14,28.040000915527344,28.309999465942383,27.860000610351562,28.1299991607666,28.1299991607666,119000,ZBRA
2010-01-15,28.040000915527344,28.09000015258789,27.799999237060547,27.90999984741211,27.90999984741211,107200,ZBRA
2010-01-19,27.860000610351562,28.469999313354492,27.860000610351562,28.469999313354492,28.469999313354492,105600,ZBRA
2010-01-20,28.209999084472656,28.31999969482422,28.0,28.239999771118164,28.239999771118164,149700,ZBRA
2010-01-21,28.309999465942383,28.770000457763672,28.079999923706055,28.31999969482422,28.31999969482422,142200,ZBRA
2010-01-22,28.239999771118164,28.420000076293945,27.309999465942383,27.450000762939453,27.450000762939453,310000,ZBRA
2010-01-25,27.700000762939453,27.950000762939453,27.329999923706055,27.530000686645508,27.530000686645508,280500,ZBRA
2010-01-26,27.56999969482422,27.6200008392334,27.329999923706055,27.3700008392334,27.3700008392334,117800,ZBRA
2010-01-27,27.350000381469727,27.559999465942383,26.959999084472656,26.969999313354492,26.969999313354492,224100,ZBRA
2010-01-28,26.93000030517578,26.93000030517578,26.43000030517578,26.719999313354492,26.719999313354492,160500,ZBRA
2010-01-29,26.770000457763672,27.040000915527344,26.100000381469727,26.100000381469727,26.100000381469727,358100,ZBRA
2010-02-01,26.200000762939453,26.780000686645508,26.1299991607666,26.739999771118164,26.739999771118164,205000,ZBRA
2010-02-02,26.700000762939453,27.280000686645508,26.639999389648438,27.110000610351562,27.110000610351562,183800,ZBRA
2010-02-03,27.06999969482422,27.299999237060547,26.90999984741211,26.920000076293945,26.920000076293945,162000,ZBRA
2010-02-04,26.770000457763672,27.010000228881836,26.420000076293945,26.420000076293945,26.420000076293945,123400,ZBRA
2010-02-05,26.3799991607666,27.190000534057617,26.299999237060547,26.969999313354492,26.969999313354492,318800,ZBRA
2010-02-08,26.940000534057617,27.389999389648438,26.540000915527344,27.34000015258789,27.34000015258789,581300,ZBRA
2010-02-09,27.020000457763672,28.149999618530273,26.610000610351562,28.079999923706055,28.079999923706055,824200,ZBRA
2010-02-10,28.799999237060547,28.809999465942383,28.049999237060547,28.68000030517578,28.68000030517578,519300,ZBRA
2010-02-11,28.75,29.579999923706055,28.670000076293945,29.280000686645508,29.280000686645508,580900,ZBRA
2010-02-12,29.209999084472656,29.360000610351562,28.799999237060547,29.329999923706055,29.329999923706055,431300,ZBRA
2010-02-16,29.540000915527344,29.549999237060547,29.280000686645508,29.530000686645508,29.530000686645508,260200,ZBRA
2010-02-17,29.510000228881836,29.770000457763672,29.260000228881836,29.65999984741211,29.65999984741211,254500,ZBRA
2010-02-18,29.739999771118164,29.850000381469727,29.559999465942383,29.729999542236328,29.729999542236328,203300,ZBRA
2010-02-19,29.729999542236328,29.889999389648438,29.65999984741211,29.799999237060547,29.799999237060547,119100,ZBRA
2010-02-22,29.780000686645508,29.809999465942383,29.459999084472656,29.510000228881836,29.510000228881836,121900,ZBRA
2010-02-23,29.440000534057617,29.5,28.979999542236328,29.059999465942383,29.059999465942383,153400,ZBRA
2010-02-24,29.059999465942383,29.260000228881836,28.81999969482422,29.09000015258789,29.09000015258789,77100,ZBRA
2010-02-25,28.68000030517578,29.040000915527344,28.6200008392334,29.0,29.0,136900,ZBRA
2010-02-26,29.040000915527344,29.040000915527344,28.43000030517578,28.56999969482422,28.56999969482422,167800,ZBRA
2010-03-01,28.559999465942383,29.559999465942383,28.559999465942383,29.489999771118164,29.489999771118164,165400,ZBRA
2010-03-02,29.479999542236328,29.729999542236328,29.34000015258789,29.6200008392334,29.6200008392334,196100,ZBRA
2010-03-03,29.700000762939453,29.850000381469727,29.440000534057617,29.510000228881836,29.510000228881836,321100,ZBRA
2010-03-04,29.6200008392334,29.6200008392334,28.84000015258789,28.889999389648438,28.889999389648438,386400,ZBRA
2010-03-05,29.06999969482422,29.5,28.8799991607666,28.979999542236328,28.979999542236328,404000,ZBRA
2010-03-08,28.899999618530273,29.280000686645508,28.8700008392334,29.059999465942383,29.059999465942383,217400,ZBRA
2010-03-09,28.770000457763672,29.18000030517578,28.450000762939453,29.09000015258789,29.09000015258789,239700,ZBRA
2010-03-10,28.979999542236328,29.260000228881836,28.75,29.100000381469727,29.100000381469727,364200,ZBRA
2010-03-11,29.049999237060547,29.34000015258789,28.899999618530273,29.309999465942383,29.309999465942383,379300,ZBRA
2010-03-12,29.280000686645508,29.790000915527344,29.020000457763672,29.790000915527344,29.790000915527344,214300,ZBRA
2010-03-15,29.700000762939453,30.719999313354492,29.610000610351562,30.079999923706055,30.079999923706055,556800,ZBRA
2010-03-16,30.059999465942383,30.209999084472656,29.889999389648438,30.020000457763672,30.020000457763672,186900,ZBRA
2010-03-17,30.139999389648438,30.329999923706055,30.0,30.149999618530273,30.149999618530273,160400,ZBRA
2010-03-18,30.25,30.389999389648438,30.049999237060547,30.149999618530273,30.149999618530273,134200,ZBRA
2010-03-19,30.079999923706055,30.31999969482422,29.440000534057617,29.68000030517578,29.68000030517578,312700,ZBRA
2010-03-22,29.469999313354492,30.260000228881836,29.399999618530273,30.1299991607666,30.1299991607666,111700,ZBRA
2010-03-23,30.06999969482422,30.06999969482422,29.670000076293945,29.950000762939453,29.950000762939453,182600,ZBRA
2010-03-24,29.75,29.799999237060547,29.329999923706055,29.40999984741211,29.40999984741211,123100,ZBRA
2010-03-25,29.65999984741211,29.709999084472656,29.030000686645508,29.030000686645508,29.030000686645508,178800,ZBRA
2010-03-26,29.15999984741211,29.350000381469727,28.780000686645508,29.31999969482422,29.31999969482422,163700,ZBRA
2010-03-29,29.479999542236328,29.6299991607666,29.1200008392334,29.43000030517578,29.43000030517578,119100,ZBRA
2010-03-30,29.350000381469727,29.84000015258789,29.139999389648438,29.579999923706055,29.579999923706055,109400,ZBRA
2010-03-31,29.579999923706055,30.059999465942383,29.43000030517578,29.600000381469727,29.600000381469727,175400,ZBRA
2010-04-01,29.799999237060547,30.219999313354492,29.690000534057617,29.93000030517578,29.93000030517578,130200,ZBRA
2010-04-05,29.940000534057617,30.520000457763672,29.68000030517578,30.459999084472656,30.459999084472656,98300,ZBRA
2010-04-06,30.239999771118164,30.770000457763672,30.0,30.6200008392334,30.6200008392334,71000,ZBRA
2010-04-07,30.5,30.6200008392334,30.030000686645508,30.229999542236328,30.229999542236328,171000,ZBRA
2010-04-08,30.040000915527344,30.040000915527344,28.5,29.309999465942383,29.309999465942383,567000,ZBRA
2010-04-09,29.309999465942383,29.43000030517578,28.959999084472656,29.420000076293945,29.420000076293945,328900,ZBRA
2010-04-12,29.489999771118164,29.610000610351562,29.309999465942383,29.610000610351562,29.610000610351562,114200,ZBRA
2010-04-13,29.540000915527344,29.600000381469727,29.31999969482422,29.559999465942383,29.559999465942383,91700,ZBRA
2010-04-14,29.760000228881836,30.469999313354492,29.760000228881836,30.229999542236328,30.229999542236328,172100,ZBRA
2010-04-15,30.110000610351562,30.479999542236328,29.850000381469727,30.3799991607666,30.3799991607666,147400,ZBRA
2010-04-16,30.200000762939453,30.93000030517578,30.100000381469727,30.799999237060547,30.799999237060547,263000,ZBRA
2010-04-19,30.780000686645508,30.959999084472656,29.959999084472656,30.469999313354492,30.469999313354492,244600,ZBRA
2010-04-20,30.530000686645508,31.0,30.309999465942383,30.610000610351562,30.610000610351562,159700,ZBRA
2010-04-21,30.540000915527344,30.829999923706055,30.309999465942383,30.5,30.5,96000,ZBRA
2010-04-22,30.219999313354492,30.639999389648438,29.969999313354492,30.559999465942383,30.559999465942383,124500,ZBRA
2010-04-23,30.43000030517578,30.489999771118164,29.850000381469727,30.360000610351562,30.360000610351562,213700,ZBRA
2010-04-26,30.329999923706055,30.8799991607666,30.18000030517578,30.690000534057617,30.690000534057617,151000,ZBRA
2010-04-27,30.5,30.770000457763672,29.979999542236328,30.010000228881836,30.010000228881836,119600,ZBRA
2010-04-28,30.079999923706055,30.260000228881836,29.850000381469727,29.8700008392334,29.8700008392334,148200,ZBRA
2010-04-29,30.040000915527344,30.469999313354492,29.829999923706055,30.31999969482422,30.31999969482422,175700,ZBRA
2010-04-30,30.389999389648438,30.450000762939453,28.920000076293945,29.049999237060547,29.049999237060547,337000,ZBRA
2010-05-03,29.229999542236328,29.3799991607666,28.549999237060547,28.65999984741211,28.65999984741211,497800,ZBRA
2010-05-04,30.040000915527344,30.559999465942383,28.18000030517578,29.010000228881836,29.010000228881836,1263200,ZBRA
2010-05-05,29.1200008392334,30.100000381469727,28.40999984741211,28.93000030517578,28.93000030517578,542200,ZBRA
2010-05-06,28.799999237060547,29.1299991607666,24.84000015258789,27.81999969482422,27.81999969482422,307500,ZBRA
2010-05-07,27.389999389648438,27.799999237060547,26.670000076293945,26.989999771118164,26.989999771118164,288400,ZBRA
2010-05-10,27.549999237060547,28.530000686645508,27.549999237060547,28.329999923706055,28.329999923706055,187600,ZBRA
2010-05-11,28.06999969482422,29.200000762939453,28.06999969482422,28.56999969482422,28.56999969482422,259500,ZBRA
2010-05-12,28.700000762939453,29.510000228881836,28.65999984741211,29.299999237060547,29.299999237060547,227400,ZBRA
2010-05-13,29.170000076293945,29.799999237060547,29.040000915527344,29.170000076293945,29.170000076293945,185300,ZBRA
2010-05-14,29.0,29.110000610351562,28.290000915527344,28.40999984741211,28.40999984741211,399500,ZBRA
2010-05-17,28.600000381469727,29.020000457763672,27.8799991607666,28.5,28.5,411400,ZBRA
2010-05-18,28.610000610351562,29.020000457763672,28.34000015258789,28.459999084472656,28.459999084472656,330400,ZBRA
2010-05-19,28.309999465942383,28.889999389648438,27.950000762939453,28.1299991607666,28.1299991607666,238500,ZBRA
2010-05-20,27.549999237060547,27.579999923706055,26.799999237060547,26.799999237060547,26.799999237060547,181800,ZBRA
2010-05-21,26.649999618530273,27.25,26.260000228881836,26.799999237060547,26.799999237060547,287600,ZBRA
2010-05-24,26.670000076293945,27.020000457763672,26.40999984741211,26.530000686645508,26.530000686645508,301700,ZBRA
2010-05-25,26.200000762939453,26.6299991607666,25.639999389648438,26.510000228881836,26.510000228881836,345000,ZBRA
2010-05-26,26.520000457763672,27.219999313354492,26.510000228881836,26.8799991607666,26.8799991607666,344500,ZBRA
2010-05-27,27.360000610351562,27.969999313354492,27.350000381469727,27.8799991607666,27.8799991607666,213800,ZBRA
2010-05-28,27.75,28.0,27.31999969482422,27.5,27.5,172600,ZBRA
2010-06-01,27.43000030517578,27.799999237060547,26.959999084472656,26.969999313354492,26.969999313354492,225900,ZBRA
2010-06-02,27.010000228881836,27.31999969482422,26.739999771118164,27.15999984741211,27.15999984741211,217800,ZBRA
2010-06-03,27.110000610351562,28.15999984741211,27.010000228881836,28.079999923706055,28.079999923706055,331300,ZBRA
2010-06-04,27.56999969482422,28.030000686645508,26.829999923706055,26.959999084472656,26.959999084472656,257100,ZBRA
2010-06-07,27.0,27.040000915527344,26.110000610351562,26.170000076293945,26.170000076293945,173100,ZBRA
2010-06-08,26.149999618530273,26.290000915527344,25.690000534057617,26.09000015258789,26.09000015258789,145500,ZBRA
2010-06-09,26.25,26.8700008392334,25.920000076293945,26.389999389648438,26.389999389648438,364200,ZBRA
2010-06-10,26.790000915527344,26.959999084472656,26.3799991607666,26.649999618530273,26.649999618530273,123400,ZBRA
2010-06-11,26.3799991607666,27.09000015258789,26.3799991607666,27.059999465942383,27.059999465942383,113400,ZBRA
2010-06-14,27.190000534057617,27.43000030517578,26.90999984741211,26.940000534057617,26.940000534057617,96300,ZBRA
2010-06-15,27.049999237060547,27.579999923706055,26.889999389648438,27.5,27.5,110600,ZBRA
2010-06-16,27.229999542236328,27.639999389648438,26.959999084472656,27.530000686645508,27.530000686645508,131200,ZBRA
2010-06-17,27.549999237060547,27.68000030517578,27.18000030517578,27.3700008392334,27.3700008392334,101300,ZBRA
2010-06-18,27.329999923706055,27.579999923706055,27.170000076293945,27.489999771118164,27.489999771118164,288500,ZBRA
2010-06-21,27.690000534057617,27.81999969482422,26.600000381469727,26.709999084472656,26.709999084472656,179900,ZBRA
2010-06-22,26.68000030517578,27.059999465942383,26.280000686645508,26.31999969482422,26.31999969482422,321400,ZBRA
2010-06-23,26.25,26.6200008392334,25.950000762939453,26.440000534057617,26.440000534057617,151400,ZBRA
2010-06-24,26.309999465942383,26.489999771118164,26.079999923706055,26.200000762939453,26.200000762939453,233600,ZBRA
2010-06-25,26.200000762939453,26.690000534057617,26.200000762939453,26.399999618530273,26.399999618530273,1143900,ZBRA
2010-06-28,26.389999389648438,26.75,26.040000915527344,26.600000381469727,26.600000381469727,299200,ZBRA
2010-06-29,26.31999969482422,26.31999969482422,25.860000610351562,26.0,26.0,184600,ZBRA
2010-06-30,26.030000686645508,26.18000030517578,25.329999923706055,25.3700008392334,25.3700008392334,365100,ZBRA
2010-07-01,25.360000610351562,25.420000076293945,24.31999969482422,24.770000457763672,24.770000457763672,447900,ZBRA
2010-07-02,24.799999237060547,24.809999465942383,24.450000762939453,24.65999984741211,24.65999984741211,276700,ZBRA
2010-07-06,24.860000610351562,25.229999542236328,24.139999389648438,24.3700008392334,24.3700008392334,276100,ZBRA
2010-07-07,24.34000015258789,25.209999084472656,24.239999771118164,25.209999084472656,25.209999084472656,180900,ZBRA
2010-07-08,25.350000381469727,25.6200008392334,25.190000534057617,25.350000381469727,25.350000381469727,215000,ZBRA
2010-07-09,25.399999618530273,26.309999465942383,25.399999618530273,26.100000381469727,26.100000381469727,285800,ZBRA
2010-07-12,25.959999084472656,26.510000228881836,25.899999618530273,26.309999465942383,26.309999465942383,168900,ZBRA
2010-07-13,26.479999542236328,27.0,26.360000610351562,26.93000030517578,26.93000030517578,255800,ZBRA
2010-07-14,26.799999237060547,27.200000762939453,26.030000686645508,26.889999389648438,26.889999389648438,223000,ZBRA
2010-07-15,26.84000015258789,26.93000030517578,26.270000457763672,26.5,26.5,215300,ZBRA
2010-07-16,26.309999465942383,26.31999969482422,25.399999618530273,25.450000762939453,25.450000762939453,204200,ZBRA
2010-07-19,25.459999084472656,25.649999618530273,25.15999984741211,25.600000381469727,25.600000381469727,103100,ZBRA
2010-07-20,25.350000381469727,26.020000457763672,25.09000015258789,26.020000457763672,26.020000457763672,151500,ZBRA
2010-07-21,26.219999313354492,26.219999313354492,25.43000030517578,25.469999313354492,25.469999313354492,117900,ZBRA
2010-07-22,25.780000686645508,26.31999969482422,25.780000686645508,26.170000076293945,26.170000076293945,170600,ZBRA
2010-07-23,26.1299991607666,26.84000015258789,25.989999771118164,26.770000457763672,26.770000457763672,264900,ZBRA
2010-07-26,26.940000534057617,27.450000762939453,26.940000534057617,27.440000534057617,27.440000534057617,115200,ZBRA
2010-07-27,27.540000915527344,27.75,27.239999771118164,27.270000457763672,27.270000457763672,150900,ZBRA
2010-07-28,27.170000076293945,27.540000915527344,27.170000076293945,27.43000030517578,27.43000030517578,208000,ZBRA
2010-07-29,27.440000534057617,27.700000762939453,27.260000228881836,27.459999084472656,27.459999084472656,359400,ZBRA
2010-07-30,27.100000381469727,27.68000030517578,26.270000457763672,27.440000534057617,27.440000534057617,195800,ZBRA
2010-08-02,27.75,27.75,27.450000762939453,27.59000015258789,27.59000015258789,158000,ZBRA
2010-08-03,27.420000076293945,27.639999389648438,27.290000915527344,27.399999618530273,27.399999618530273,138400,ZBRA
2010-08-04,27.600000381469727,28.25,27.520000457763672,28.09000015258789,28.09000015258789,368800,ZBRA
2010-08-05,29.040000915527344,30.450000762939453,28.84000015258789,30.350000381469727,30.350000381469727,664300,ZBRA
2010-08-06,29.920000076293945,30.489999771118164,29.290000915527344,30.239999771118164,30.239999771118164,324000,ZBRA
2010-08-09,30.43000030517578,30.5,30.139999389648438,30.440000534057617,30.440000534057617,230800,ZBRA
2010-08-10,30.059999465942383,30.200000762939453,29.700000762939453,29.969999313354492,29.969999313354492,246600,ZBRA
2010-08-11,29.59000015258789,29.709999084472656,28.989999771118164,29.059999465942383,29.059999465942383,190500,ZBRA
2010-08-12,28.559999465942383,28.90999984741211,28.34000015258789,28.760000228881836,28.760000228881836,181200,ZBRA
2010-08-13,28.690000534057617,29.06999969482422,28.399999618530273,28.43000030517578,28.43000030517578,122500,ZBRA
2010-08-16,28.31999969482422,28.549999237060547,28.09000015258789,28.309999465942383,28.309999465942383,152300,ZBRA
2010-08-17,28.610000610351562,28.610000610351562,28.25,28.510000228881836,28.510000228881836,278200,ZBRA
2010-08-18,28.450000762939453,28.549999237060547,28.25,28.299999237060547,28.299999237060547,153300,ZBRA
2010-08-19,28.15999984741211,28.31999969482422,27.729999542236328,27.829999923706055,27.829999923706055,239000,ZBRA
2010-08-20,27.75,28.139999389648438,27.530000686645508,28.079999923706055,28.079999923706055,304600,ZBRA
2010-08-23,28.280000686645508,28.780000686645508,28.010000228881836,28.40999984741211,28.40999984741211,457300,ZBRA
2010-08-24,28.030000686645508,28.09000015258789,27.709999084472656,27.829999923706055,27.829999923706055,110400,ZBRA
2010-08-25,27.65999984741211,28.030000686645508,27.530000686645508,27.959999084472656,27.959999084472656,123100,ZBRA
2010-08-26,28.030000686645508,28.209999084472656,27.799999237060547,28.110000610351562,28.110000610351562,134700,ZBRA
2010-08-27,28.350000381469727,28.850000381469727,28.059999465942383,28.770000457763672,28.770000457763672,187700,ZBRA
2010-08-30,28.729999542236328,28.770000457763672,28.389999389648438,28.40999984741211,28.40999984741211,287900,ZBRA
2010-08-31,28.309999465942383,28.68000030517578,27.969999313354492,28.6200008392334,28.6200008392334,296300,ZBRA
2010-09-01,29.020000457763672,29.239999771118164,28.719999313354492,29.170000076293945,29.170000076293945,128100,ZBRA
2010-09-02,29.260000228881836,29.610000610351562,29.020000457763672,29.56999969482422,29.56999969482422,240800,ZBRA
2010-09-03,29.829999923706055,30.209999084472656,29.670000076293945,29.950000762939453,29.950000762939453,122700,ZBRA
2010-09-07,29.770000457763672,30.0,29.309999465942383,29.440000534057617,29.440000534057617,98000,ZBRA
2010-09-08,29.549999237060547,30.010000228881836,29.420000076293945,29.770000457763672,29.770000457763672,177800,ZBRA
2010-09-09,30.139999389648438,30.670000076293945,30.139999389648438,30.530000686645508,30.530000686645508,211600,ZBRA
2010-09-10,30.65999984741211,31.239999771118164,30.530000686645508,31.06999969482422,31.06999969482422,263900,ZBRA
2010-09-13,31.239999771118164,31.959999084472656,31.15999984741211,31.739999771118164,31.739999771118164,457300,ZBRA
2010-09-14,31.770000457763672,31.959999084472656,31.709999084472656,31.739999771118164,31.739999771118164,164300,ZBRA
2010-09-15,31.75,31.899999618530273,31.420000076293945,31.700000762939453,31.700000762939453,336800,ZBRA
2010-09-16,31.56999969482422,31.989999771118164,31.56999969482422,31.790000915527344,31.790000915527344,149000,ZBRA
2010-09-17,31.860000610351562,32.0,31.649999618530273,31.729999542236328,31.729999542236328,391400,ZBRA
2010-09-20,31.889999389648438,32.66999816894531,31.739999771118164,32.56999969482422,32.56999969482422,367100,ZBRA
2010-09-21,32.5,33.150001525878906,32.2400016784668,32.86000061035156,32.86000061035156,404600,ZBRA
2010-09-22,32.86000061035156,33.11000061035156,32.11000061035156,32.40999984741211,32.40999984741211,226500,ZBRA
2010-09-23,32.18000030517578,32.70000076293945,31.860000610351562,32.380001068115234,32.380001068115234,163300,ZBRA
2010-09-24,32.810001373291016,33.11000061035156,32.040000915527344,32.7599983215332,32.7599983215332,177700,ZBRA
2010-09-27,32.709999084472656,32.95000076293945,32.380001068115234,32.400001525878906,32.400001525878906,156900,ZBRA
2010-09-28,32.470001220703125,32.66999816894531,32.13999938964844,32.5,32.5,167300,ZBRA
2010-09-29,32.5,33.02000045776367,32.29999923706055,32.900001525878906,32.900001525878906,183100,ZBRA
2010-09-30,32.970001220703125,33.81999969482422,32.91999816894531,33.63999938964844,33.63999938964844,432500,ZBRA
2010-10-01,33.88999938964844,34.130001068115234,33.470001220703125,33.83000183105469,33.83000183105469,495800,ZBRA
2010-10-04,33.63999938964844,33.95000076293945,33.13999938964844,33.5099983215332,33.5099983215332,237800,ZBRA
2010-10-05,33.939998626708984,35.08000183105469,33.630001068115234,34.790000915527344,34.790000915527344,359500,ZBRA
2010-10-06,34.869998931884766,34.90999984741211,34.0,34.18000030517578,34.18000030517578,238500,ZBRA
2010-10-07,34.220001220703125,34.279998779296875,33.779998779296875,34.18000030517578,34.18000030517578,143700,ZBRA
2010-10-08,34.61000061035156,35.0,34.209999084472656,34.689998626708984,34.689998626708984,167700,ZBRA
2010-10-11,34.65999984741211,35.099998474121094,34.4900016784668,34.959999084472656,34.959999084472656,152300,ZBRA
2010-10-12,34.81999969482422,35.290000915527344,34.77000045776367,35.18000030517578,35.18000030517578,144000,ZBRA
2010-10-13,35.29999923706055,35.45000076293945,35.08000183105469,35.099998474121094,35.099998474121094,140700,ZBRA
2010-10-14,35.0,35.25,34.70000076293945,34.869998931884766,34.869998931884766,327000,ZBRA
2010-10-15,34.93000030517578,35.209999084472656,34.88999938964844,35.119998931884766,35.119998931884766,285300,ZBRA
2010-10-18,35.18000030517578,35.349998474121094,34.84000015258789,35.18000030517578,35.18000030517578,157100,ZBRA
2010-10-19,34.70000076293945,35.11000061035156,34.380001068115234,34.84000015258789,34.84000015258789,199900,ZBRA
2010-10-20,35.029998779296875,35.63999938964844,34.970001220703125,35.040000915527344,35.040000915527344,244100,ZBRA
2010-10-21,35.15999984741211,35.369998931884766,34.880001068115234,35.13999938964844,35.13999938964844,124400,ZBRA
2010-10-22,35.13999938964844,35.75,35.06999969482422,35.59000015258789,35.59000015258789,119700,ZBRA
2010-10-25,35.779998779296875,36.349998474121094,35.68000030517578,36.119998931884766,36.119998931884766,184000,ZBRA
2010-10-26,36.0,36.59000015258789,35.810001373291016,36.040000915527344,36.040000915527344,313400,ZBRA
2010-10-27,35.849998474121094,36.099998474121094,35.47999954223633,35.61000061035156,35.61000061035156,204400,ZBRA
2010-10-28,35.900001525878906,35.97999954223633,35.56999969482422,35.77000045776367,35.77000045776367,141000,ZBRA
2010-10-29,35.75,36.20000076293945,35.68000030517578,35.779998779296875,35.779998779296875,234100,ZBRA
2010-11-01,36.040000915527344,36.16999816894531,35.439998626708984,35.650001525878906,35.650001525878906,211100,ZBRA
2010-11-02,35.88999938964844,36.33000183105469,35.88999938964844,36.290000915527344,36.290000915527344,187000,ZBRA
2010-11-03,36.25,36.560001373291016,35.79999923706055,36.529998779296875,36.529998779296875,176800,ZBRA
2010-11-04,37.060001373291016,38.83000183105469,36.9900016784668,38.599998474121094,38.599998474121094,588900,ZBRA
2010-11-05,38.5,38.63999938964844,37.9900016784668,38.20000076293945,38.20000076293945,223800,ZBRA
2010-11-08,37.709999084472656,38.41999816894531,36.040000915527344,38.18000030517578,38.18000030517578,297300,ZBRA
2010-11-09,38.16999816894531,38.41999816894531,37.75,37.79999923706055,37.79999923706055,213600,ZBRA
2010-11-10,37.81999969482422,37.97999954223633,37.27000045776367,37.5,37.5,220600,ZBRA
2010-11-11,37.119998931884766,37.630001068115234,36.709999084472656,37.540000915527344,37.540000915527344,295700,ZBRA
2010-11-12,37.220001220703125,37.400001525878906,36.68000030517578,36.959999084472656,36.959999084472656,129800,ZBRA
2010-11-15,37.0099983215332,37.310001373291016,36.77000045776367,36.95000076293945,36.95000076293945,135400,ZBRA
2010-11-16,36.599998474121094,36.7400016784668,36.0,36.45000076293945,36.45000076293945,113300,ZBRA
2010-11-17,36.470001220703125,37.349998474121094,36.16999816894531,37.029998779296875,37.029998779296875,412800,ZBRA
2010-11-18,37.41999816894531,37.619998931884766,37.15999984741211,37.279998779296875,37.279998779296875,290000,ZBRA
2010-11-19,37.150001525878906,37.22999954223633,36.869998931884766,37.08000183105469,37.08000183105469,194900,ZBRA
2010-11-22,36.849998474121094,37.31999969482422,36.7599983215332,36.9900016784668,36.9900016784668,443500,ZBRA
2010-11-23,36.650001525878906,37.060001373291016,36.4900016784668,37.029998779296875,37.029998779296875,413200,ZBRA
2010-11-24,37.279998779296875,37.709999084472656,36.939998626708984,37.380001068115234,37.380001068115234,399000,ZBRA
2010-11-26,37.150001525878906,37.63999938964844,36.970001220703125,37.31999969482422,37.31999969482422,45200,ZBRA
2010-11-29,37.150001525878906,37.2400016784668,36.34000015258789,36.91999816894531,36.91999816894531,168100,ZBRA
2010-11-30,36.560001373291016,36.880001068115234,36.0,36.439998626708984,36.439998626708984,309900,ZBRA
2010-12-01,36.88999938964844,37.5,36.599998474121094,37.459999084472656,37.459999084472656,244900,ZBRA
2010-12-02,37.56999969482422,38.150001525878906,37.540000915527344,37.880001068115234,37.880001068115234,149600,ZBRA
2010-12-03,37.689998626708984,38.220001220703125,37.54999923706055,38.15999984741211,38.15999984741211,133800,ZBRA
2010-12-06,38.02000045776367,38.630001068115234,37.4900016784668,38.459999084472656,38.459999084472656,455300,ZBRA
2010-12-07,38.75,39.13999938964844,38.09000015258789,38.209999084472656,38.209999084472656,336400,ZBRA
2010-12-08,38.130001068115234,38.4900016784668,38.02000045776367,38.4900016784668,38.4900016784668,175200,ZBRA
2010-12-09,38.77000045776367,38.95000076293945,38.45000076293945,38.689998626708984,38.689998626708984,172900,ZBRA
2010-12-10,38.630001068115234,38.97999954223633,38.5,38.86000061035156,38.86000061035156,81200,ZBRA
2010-12-13,39.0,39.310001373291016,38.7599983215332,38.849998474121094,38.849998474121094,122100,ZBRA
2010-12-14,38.849998474121094,39.08000183105469,38.72999954223633,38.900001525878906,38.900001525878906,175800,ZBRA
2010-12-15,38.90999984741211,39.279998779296875,38.560001373291016,38.630001068115234,38.630001068115234,242100,ZBRA
2010-12-16,38.61000061035156,39.0099983215332,38.5,38.880001068115234,38.880001068115234,278900,ZBRA
2010-12-17,39.0099983215332,39.209999084472656,38.61000061035156,38.84000015258789,38.84000015258789,740700,ZBRA
2010-12-20,38.7599983215332,38.790000915527344,38.22999954223633,38.29999923706055,38.29999923706055,257800,ZBRA
2010-12-21,38.400001525878906,39.11000061035156,38.16999816894531,38.369998931884766,38.369998931884766,300900,ZBRA
2010-12-22,38.29999923706055,38.77000045776367,38.29999923706055,38.540000915527344,38.540000915527344,299200,ZBRA
2010-12-23,38.630001068115234,38.68000030517578,38.369998931884766,38.4900016784668,38.4900016784668,131700,ZBRA
2010-12-27,38.45000076293945,38.650001525878906,38.060001373291016,38.41999816894531,38.41999816894531,128500,ZBRA
2010-12-28,38.5,38.5099983215332,38.13999938964844,38.25,38.25,215200,ZBRA
2010-12-29,38.36000061035156,38.59000015258789,38.13999938964844,38.439998626708984,38.439998626708984,117200,ZBRA
2010-12-30,38.4900016784668,38.4900016784668,38.22999954223633,38.29999923706055,38.29999923706055,112900,ZBRA
2010-12-31,38.15999984741211,38.5,37.9900016784668,37.9900016784668,37.9900016784668,156800,ZBRA
2011-01-03,38.27000045776367,38.810001373291016,38.040000915527344,38.20000076293945,38.20000076293945,231700,ZBRA
2011-01-04,38.47999954223633,38.47999954223633,37.650001525878906,37.84000015258789,37.84000015258789,192300,ZBRA
2011-01-05,37.63999938964844,37.91999816894531,37.470001220703125,37.79999923706055,37.79999923706055,186100,ZBRA
2011-01-06,37.880001068115234,37.880001068115234,37.2599983215332,37.47999954223633,37.47999954223633,287400,ZBRA
2011-01-07,37.470001220703125,38.130001068115234,37.189998626708984,37.599998474121094,37.599998474121094,247200,ZBRA
2011-01-10,37.54999923706055,38.0099983215332,37.2599983215332,37.709999084472656,37.709999084472656,303800,ZBRA
2011-01-11,37.81999969482422,38.66999816894531,37.70000076293945,38.5099983215332,38.5099983215332,209100,ZBRA
2011-01-12,38.869998931884766,38.869998931884766,38.279998779296875,38.54999923706055,38.54999923706055,122100,ZBRA
2011-01-13,38.61000061035156,38.95000076293945,38.58000183105469,38.790000915527344,38.790000915527344,141200,ZBRA
2011-01-14,38.68000030517578,38.81999969482422,38.52000045776367,38.66999816894531,38.66999816894531,133000,ZBRA
2011-01-18,38.75,39.08000183105469,38.43000030517578,38.970001220703125,38.970001220703125,402000,ZBRA
2011-01-19,39.0,39.5,38.380001068115234,38.54999923706055,38.54999923706055,160700,ZBRA
2011-01-20,38.31999969482422,38.70000076293945,38.02000045776367,38.18000030517578,38.18000030517578,153200,ZBRA
2011-01-21,38.439998626708984,38.439998626708984,37.63999938964844,37.83000183105469,37.83000183105469,91100,ZBRA
2011-01-24,37.88999938964844,38.75,37.7599983215332,38.529998779296875,38.529998779296875,159400,ZBRA
2011-01-25,38.349998474121094,38.63999938964844,38.189998626708984,38.619998931884766,38.619998931884766,233800,ZBRA
2011-01-26,38.70000076293945,39.380001068115234,38.61000061035156,39.130001068115234,39.130001068115234,124800,ZBRA
2011-01-27,39.099998474121094,39.560001373291016,39.099998474121094,39.459999084472656,39.459999084472656,161600,ZBRA
2011-01-28,39.560001373291016,39.7599983215332,38.209999084472656,38.27000045776367,38.27000045776367,156900,ZBRA
2011-01-31,38.5099983215332,39.349998474121094,38.0,38.900001525878906,38.900001525878906,191900,ZBRA
2011-02-01,39.279998779296875,40.29999923706055,38.77000045776367,40.0,40.0,239200,ZBRA
2011-02-02,39.83000183105469,40.529998779296875,39.72999954223633,39.79999923706055,39.79999923706055,98700,ZBRA
2011-02-03,39.720001220703125,40.220001220703125,39.189998626708984,40.08000183105469,40.08000183105469,104700,ZBRA
2011-02-04,39.90999984741211,40.369998931884766,39.58000183105469,40.349998474121094,40.349998474121094,99100,ZBRA
2011-02-07,40.529998779296875,40.9900016784668,40.2400016784668,40.45000076293945,40.45000076293945,131300,ZBRA
2011-02-08,40.380001068115234,40.70000076293945,40.09000015258789,40.209999084472656,40.209999084472656,82800,ZBRA
2011-02-09,39.939998626708984,41.0,39.939998626708984,40.70000076293945,40.70000076293945,222900,ZBRA
2011-02-10,40.689998626708984,41.22999954223633,40.529998779296875,40.95000076293945,40.95000076293945,90500,ZBRA
2011-02-11,40.75,41.47999954223633,40.75,41.18000030517578,41.18000030517578,154800,ZBRA
2011-02-14,41.099998474121094,41.470001220703125,40.779998779296875,41.099998474121094,41.099998474121094,151100,ZBRA
2011-02-15,39.63999938964844,39.88999938964844,37.84000015258789,38.47999954223633,38.47999954223633,540400,ZBRA
2011-02-16,38.7400016784668,38.79999923706055,38.34000015258789,38.630001068115234,38.630001068115234,300200,ZBRA
2011-02-17,38.54999923706055,39.5099983215332,38.41999816894531,39.189998626708984,39.189998626708984,294200,ZBRA
2011-02-18,38.88999938964844,39.849998474121094,38.84000015258789,39.38999938964844,39.38999938964844,373700,ZBRA
2011-02-22,39.040000915527344,39.47999954223633,38.2599983215332,38.380001068115234,38.380001068115234,521200,ZBRA
2011-02-23,37.880001068115234,38.91999816894531,37.41999816894531,37.439998626708984,37.439998626708984,577800,ZBRA
2011-02-24,37.47999954223633,37.68000030517578,36.97999954223633,37.20000076293945,37.20000076293945,297300,ZBRA
2011-02-25,37.34000015258789,37.540000915527344,37.130001068115234,37.34000015258789,37.34000015258789,370000,ZBRA
2011-02-28,37.599998474121094,37.7599983215332,37.290000915527344,37.31999969482422,37.31999969482422,401000,ZBRA
2011-03-01,37.15999984741211,37.369998931884766,36.47999954223633,36.650001525878906,36.650001525878906,420000,ZBRA
2011-03-02,36.68000030517578,36.97999954223633,36.58000183105469,36.72999954223633,36.72999954223633,255100,ZBRA
2011-03-03,37.029998779296875,37.63999938964844,36.959999084472656,37.38999938964844,37.38999938964844,429800,ZBRA
2011-03-04,37.4900016784668,37.9900016784668,37.22999954223633,37.54999923706055,37.54999923706055,340600,ZBRA
2011-03-07,37.540000915527344,37.58000183105469,36.45000076293945,36.689998626708984,36.689998626708984,220100,ZBRA
2011-03-08,36.810001373291016,37.29999923706055,36.72999954223633,37.11000061035156,37.11000061035156,317700,ZBRA
2011-03-09,37.0,37.0,36.650001525878906,36.86000061035156,36.86000061035156,227700,ZBRA
2011-03-10,36.31999969482422,36.70000076293945,36.0099983215332,36.20000076293945,36.20000076293945,190200,ZBRA
2011-03-11,36.18000030517578,36.34000015258789,35.95000076293945,36.2400016784668,36.2400016784668,124300,ZBRA
2011-03-14,35.90999984741211,36.119998931884766,35.61000061035156,35.95000076293945,35.95000076293945,231400,ZBRA
2011-03-15,34.95000076293945,35.79999923706055,34.65999984741211,35.5099983215332,35.5099983215332,205500,ZBRA
2011-03-16,35.41999816894531,35.5099983215332,34.790000915527344,35.20000076293945,35.20000076293945,347900,ZBRA
2011-03-17,35.56999969482422,35.810001373291016,35.15999984741211,35.349998474121094,35.349998474121094,201800,ZBRA
2011-03-18,35.7400016784668,36.0099983215332,35.43000030517578,35.970001220703125,35.970001220703125,487600,ZBRA
2011-03-21,36.22999954223633,37.25,36.22999954223633,37.099998474121094,37.099998474121094,318100,ZBRA
2011-03-22,37.08000183105469,37.290000915527344,36.959999084472656,37.099998474121094,37.099998474121094,181500,ZBRA
2011-03-23,37.099998474121094,37.5,36.970001220703125,37.29999923706055,37.29999923706055,269900,ZBRA
2011-03-24,37.47999954223633,38.310001373291016,37.18000030517578,38.13999938964844,38.13999938964844,371700,ZBRA
2011-03-25,38.810001373291016,40.369998931884766,38.810001373291016,39.869998931884766,39.869998931884766,420900,ZBRA
2011-03-28,39.68000030517578,39.970001220703125,39.029998779296875,39.060001373291016,39.060001373291016,233800,ZBRA
2011-03-29,38.93000030517578,39.290000915527344,38.77000045776367,39.040000915527344,39.040000915527344,264600,ZBRA
2011-03-30,39.2599983215332,39.31999969482422,38.81999969482422,38.97999954223633,38.97999954223633,195400,ZBRA
2011-03-31,38.959999084472656,39.36000061035156,38.75,39.2400016784668,39.2400016784668,147400,ZBRA
2011-04-01,39.400001525878906,39.650001525878906,39.150001525878906,39.31999969482422,39.31999969482422,169800,ZBRA
2011-04-04,39.4900016784668,39.779998779296875,39.16999816894531,39.349998474121094,39.349998474121094,160200,ZBRA
2011-04-05,39.36000061035156,39.689998626708984,39.04999923706055,39.349998474121094,39.349998474121094,119200,ZBRA
2011-04-06,39.349998474121094,39.59000015258789,38.849998474121094,39.099998474121094,39.099998474121094,117600,ZBRA
2011-04-07,38.75,39.13999938964844,38.689998626708984,38.720001220703125,38.720001220703125,259200,ZBRA
2011-04-08,38.72999954223633,38.849998474121094,38.22999954223633,38.41999816894531,38.41999816894531,242600,ZBRA
2011-04-11,38.36000061035156,38.54999923706055,38.11000061035156,38.38999938964844,38.38999938964844,210600,ZBRA
2011-04-12,38.119998931884766,38.4900016784668,37.7599983215332,37.790000915527344,37.790000915527344,104200,ZBRA
2011-04-13,37.84000015258789,38.11000061035156,37.52000045776367,37.91999816894531,37.91999816894531,145700,ZBRA
2011-04-14,37.58000183105469,38.029998779296875,37.29999923706055,37.7599983215332,37.7599983215332,134100,ZBRA
2011-04-15,37.79999923706055,38.099998474121094,37.61000061035156,37.959999084472656,37.959999084472656,86900,ZBRA
2011-04-18,37.43000030517578,37.58000183105469,36.54999923706055,36.93000030517578,36.93000030517578,285500,ZBRA
2011-04-19,37.02000045776367,37.099998474121094,36.86000061035156,36.9900016784668,36.9900016784668,182700,ZBRA
2011-04-20,37.52000045776367,38.099998474121094,37.5099983215332,38.04999923706055,38.04999923706055,127300,ZBRA
2011-04-21,38.16999816894531,38.459999084472656,37.91999816894531,38.04999923706055,38.04999923706055,120900,ZBRA
2011-04-25,37.7599983215332,38.439998626708984,37.349998474121094,37.869998931884766,37.869998931884766,348900,ZBRA
2011-04-26,37.970001220703125,38.68000030517578,37.869998931884766,38.470001220703125,38.470001220703125,152600,ZBRA
2011-04-27,38.380001068115234,38.75,38.220001220703125,38.75,38.75,180000,ZBRA
2011-04-28,38.61000061035156,39.0,38.5099983215332,38.709999084472656,38.709999084472656,106000,ZBRA
2011-04-29,38.630001068115234,39.349998474121094,38.630001068115234,39.290000915527344,39.290000915527344,236000,ZBRA
2011-05-02,40.18000030517578,41.290000915527344,40.0,40.099998474121094,40.099998474121094,450000,ZBRA
2011-05-03,39.72999954223633,40.5099983215332,39.72999954223633,39.91999816894531,39.91999816894531,339900,ZBRA
2011-05-04,41.84000015258789,43.2400016784668,41.84000015258789,42.13999938964844,42.13999938964844,1241300,ZBRA
2011-05-05,41.81999969482422,42.470001220703125,41.2599983215332,41.56999969482422,41.56999969482422,341200,ZBRA
2011-05-06,42.060001373291016,42.45000076293945,41.5,41.70000076293945,41.70000076293945,497600,ZBRA
2011-05-09,41.540000915527344,42.16999816894531,41.31999969482422,41.790000915527344,41.790000915527344,658100,ZBRA
2011-05-10,41.54999923706055,43.09000015258789,41.54999923706055,42.90999984741211,42.90999984741211,469500,ZBRA
2011-05-11,42.720001220703125,43.029998779296875,42.20000076293945,42.27000045776367,42.27000045776367,297600,ZBRA
2011-05-12,42.06999969482422,43.18000030517578,41.81999969482422,42.7599983215332,42.7599983215332,286200,ZBRA
2011-05-13,42.58000183105469,42.84000015258789,41.959999084472656,42.029998779296875,42.029998779296875,143000,ZBRA
2011-05-16,41.790000915527344,41.84000015258789,41.279998779296875,41.45000076293945,41.45000076293945,313300,ZBRA
2011-05-17,41.130001068115234,41.529998779296875,40.470001220703125,41.400001525878906,41.400001525878906,218600,ZBRA
2011-05-18,41.31999969482422,42.36000061035156,40.90999984741211,42.18000030517578,42.18000030517578,135200,ZBRA
2011-05-19,42.369998931884766,42.65999984741211,41.83000183105469,42.36000061035156,42.36000061035156,123000,ZBRA
2011-05-20,42.16999816894531,42.68000030517578,41.900001525878906,42.20000076293945,42.20000076293945,144100,ZBRA
2011-05-23,41.529998779296875,41.720001220703125,41.119998931884766,41.630001068115234,41.630001068115234,239100,ZBRA
2011-05-24,41.880001068115234,42.20000076293945,41.06999969482422,41.119998931884766,41.119998931884766,344900,ZBRA
2011-05-25,40.810001373291016,42.209999084472656,40.810001373291016,42.189998626708984,42.189998626708984,296100,ZBRA
2011-05-26,42.040000915527344,43.279998779296875,41.810001373291016,42.959999084472656,42.959999084472656,267000,ZBRA
2011-05-27,43.040000915527344,43.4900016784668,42.959999084472656,43.2400016784668,43.2400016784668,212600,ZBRA
2011-05-31,43.95000076293945,44.5,43.619998931884766,44.45000076293945,44.45000076293945,445400,ZBRA
2011-06-01,44.16999816894531,44.529998779296875,42.72999954223633,42.84000015258789,42.84000015258789,291000,ZBRA
2011-06-02,42.95000076293945,43.0099983215332,42.31999969482422,42.59000015258789,42.59000015258789,268000,ZBRA
2011-06-03,41.939998626708984,42.119998931884766,41.560001373291016,41.61000061035156,41.61000061035156,359500,ZBRA
2011-06-06,41.47999954223633,41.61000061035156,41.09000015258789,41.09000015258789,41.09000015258789,323200,ZBRA
2011-06-07,41.09000015258789,41.66999816894531,40.790000915527344,41.2400016784668,41.2400016784668,220700,ZBRA
2011-06-08,41.189998626708984,41.63999938964844,40.790000915527344,41.209999084472656,41.209999084472656,228600,ZBRA
2011-06-09,41.310001373291016,41.34000015258789,40.90999984741211,41.040000915527344,41.040000915527344,201200,ZBRA
2011-06-10,40.79999923706055,41.040000915527344,40.08000183105469,40.2400016784668,40.2400016784668,279700,ZBRA
2011-06-13,40.400001525878906,40.59000015258789,39.68000030517578,39.9900016784668,39.9900016784668,191500,ZBRA
2011-06-14,40.349998474121094,41.310001373291016,40.349998474121094,41.209999084472656,41.209999084472656,378900,ZBRA
2011-06-15,40.790000915527344,41.220001220703125,40.709999084472656,40.7400016784668,40.7400016784668,208300,ZBRA
2011-06-16,40.79999923706055,41.150001525878906,40.040000915527344,40.5,40.5,215000,ZBRA
2011-06-17,40.779998779296875,41.11000061035156,39.88999938964844,39.9900016784668,39.9900016784668,491800,ZBRA
2011-06-20,39.81999969482422,40.34000015258789,39.77000045776367,40.099998474121094,40.099998474121094,220500,ZBRA
2011-06-21,40.400001525878906,40.810001373291016,40.04999923706055,40.70000076293945,40.70000076293945,204300,ZBRA
2011-06-22,40.68000030517578,41.13999938964844,40.47999954223633,40.7599983215332,40.7599983215332,138300,ZBRA
2011-06-23,40.29999923706055,41.119998931884766,39.810001373291016,41.0099983215332,41.0099983215332,166700,ZBRA
2011-06-24,41.0099983215332,41.18000030517578,39.91999816894531,39.9900016784668,39.9900016784668,519600,ZBRA
2011-06-27,39.900001525878906,40.65999984741211,39.779998779296875,40.58000183105469,40.58000183105469,146900,ZBRA
2011-06-28,40.70000076293945,41.43000030517578,40.529998779296875,41.38999938964844,41.38999938964844,167800,ZBRA
2011-06-29,41.439998626708984,41.88999938964844,41.2599983215332,41.720001220703125,41.720001220703125,123900,ZBRA
2011-06-30,41.84000015258789,42.66999816894531,41.66999816894531,42.16999816894531,42.16999816894531,203000,ZBRA
2011-07-01,42.220001220703125,42.90999984741211,42.04999923706055,42.869998931884766,42.869998931884766,174900,ZBRA
2011-07-05,42.880001068115234,43.029998779296875,42.560001373291016,42.68000030517578,42.68000030517578,104900,ZBRA
2011-07-06,42.599998474121094,43.130001068115234,42.560001373291016,43.0,43.0,583300,ZBRA
2011-07-07,43.369998931884766,43.61000061035156,42.709999084472656,43.04999923706055,43.04999923706055,254200,ZBRA
2011-07-08,42.650001525878906,43.34000015258789,42.27000045776367,43.31999969482422,43.31999969482422,147700,ZBRA
2011-07-11,42.77000045776367,42.970001220703125,41.9900016784668,42.209999084472656,42.209999084472656,127600,ZBRA
2011-07-12,42.13999938964844,42.29999923706055,41.849998474121094,42.0099983215332,42.0099983215332,107500,ZBRA
2011-07-13,42.31999969482422,42.81999969482422,41.4900016784668,41.959999084472656,41.959999084472656,167400,ZBRA
2011-07-14,42.060001373291016,42.22999954223633,41.33000183105469,41.52000045776367,41.52000045776367,167100,ZBRA
2011-07-15,41.75,41.83000183105469,41.310001373291016,41.810001373291016,41.810001373291016,133300,ZBRA
2011-07-18,41.470001220703125,42.189998626708984,40.97999954223633,42.060001373291016,42.060001373291016,235100,ZBRA
2011-07-19,42.380001068115234,42.88999938964844,42.36000061035156,42.72999954223633,42.72999954223633,226000,ZBRA
2011-07-20,42.810001373291016,42.9900016784668,42.0,42.09000015258789,42.09000015258789,193700,ZBRA
2011-07-21,42.290000915527344,42.849998474121094,41.81999969482422,42.59000015258789,42.59000015258789,176100,ZBRA
2011-07-22,42.47999954223633,42.880001068115234,42.310001373291016,42.70000076293945,42.70000076293945,68400,ZBRA
2011-07-25,42.22999954223633,43.06999969482422,42.08000183105469,42.369998931884766,42.369998931884766,186600,ZBRA
2011-07-26,42.290000915527344,42.31999969482422,41.56999969482422,41.61000061035156,41.61000061035156,222200,ZBRA
2011-07-27,41.36000061035156,41.380001068115234,40.380001068115234,40.41999816894531,40.41999816894531,159600,ZBRA
2011-07-28,40.43000030517578,41.18000030517578,40.13999938964844,40.209999084472656,40.209999084472656,238300,ZBRA
2011-07-29,39.91999816894531,40.439998626708984,39.380001068115234,40.0,40.0,187700,ZBRA
2011-08-01,40.45000076293945,40.45000076293945,38.88999938964844,39.41999816894531,39.41999816894531,199300,ZBRA
2011-08-02,39.06999969482422,39.779998779296875,38.68000030517578,38.689998626708984,38.689998626708984,225900,ZBRA
2011-08-03,38.810001373291016,38.810001373291016,37.15999984741211,38.56999969482422,38.56999969482422,376200,ZBRA
2011-08-04,38.5,38.5099983215332,35.31999969482422,35.34000015258789,35.34000015258789,446200,ZBRA
2011-08-05,35.5099983215332,37.97999954223633,33.18000030517578,34.650001525878906,34.650001525878906,708000,ZBRA
2011-08-08,33.43000030517578,34.20000076293945,31.15999984741211,31.229999542236328,31.229999542236328,644600,ZBRA
2011-08-09,31.959999084472656,32.369998931884766,30.030000686645508,32.2599983215332,32.2599983215332,504600,ZBRA
2011-08-10,31.450000762939453,32.59000015258789,30.940000534057617,31.56999969482422,31.56999969482422,642200,ZBRA
2011-08-11,31.780000686645508,34.13999938964844,31.530000686645508,33.83000183105469,33.83000183105469,338600,ZBRA
2011-08-12,34.15999984741211,34.52000045776367,33.63999938964844,34.279998779296875,34.279998779296875,323000,ZBRA
2011-08-15,34.58000183105469,34.970001220703125,34.220001220703125,34.90999984741211,34.90999984741211,117500,ZBRA
2011-08-16,34.540000915527344,35.119998931884766,34.36000061035156,34.7400016784668,34.7400016784668,183000,ZBRA
2011-08-17,34.939998626708984,35.45000076293945,34.060001373291016,34.619998931884766,34.619998931884766,206400,ZBRA
2011-08-18,33.650001525878906,33.650001525878906,32.43000030517578,32.70000076293945,32.70000076293945,223800,ZBRA
2011-08-19,32.15999984741211,32.900001525878906,31.8700008392334,31.940000534057617,31.940000534057617,213500,ZBRA
2011-08-22,32.720001220703125,33.04999923706055,31.350000381469727,31.979999542236328,31.979999542236328,228400,ZBRA
2011-08-23,32.13999938964844,33.630001068115234,31.780000686645508,33.540000915527344,33.540000915527344,159400,ZBRA
2011-08-24,33.25,34.25,33.11000061035156,34.189998626708984,34.189998626708984,110800,ZBRA
2011-08-25,34.47999954223633,34.47999954223633,33.099998474121094,33.2599983215332,33.2599983215332,176900,ZBRA
2011-08-26,32.95000076293945,34.119998931884766,32.41999816894531,33.790000915527344,33.790000915527344,216000,ZBRA
2011-08-29,34.13999938964844,35.25,34.040000915527344,35.09000015258789,35.09000015258789,224700,ZBRA
2011-08-30,34.959999084472656,35.619998931884766,34.709999084472656,35.439998626708984,35.439998626708984,108100,ZBRA
2011-08-31,35.59000015258789,36.36000061035156,35.41999816894531,35.93000030517578,35.93000030517578,246900,ZBRA
2011-09-01,35.939998626708984,36.36000061035156,34.97999954223633,35.150001525878906,35.150001525878906,193800,ZBRA
2011-09-02,34.400001525878906,34.59000015258789,33.5,33.7599983215332,33.7599983215332,152700,ZBRA
2011-09-06,32.59000015258789,33.31999969482422,32.31999969482422,33.220001220703125,33.220001220703125,135400,ZBRA
2011-09-07,33.880001068115234,34.29999923706055,33.630001068115234,34.119998931884766,34.119998931884766,210300,ZBRA
2011-09-08,33.869998931884766,34.380001068115234,33.720001220703125,33.779998779296875,33.779998779296875,180300,ZBRA
2011-09-09,33.400001525878906,33.70000076293945,32.459999084472656,32.7400016784668,32.7400016784668,208900,ZBRA
2011-09-12,32.150001525878906,33.0099983215332,32.150001525878906,32.97999954223633,32.97999954223633,156800,ZBRA
2011-09-13,33.209999084472656,33.779998779296875,32.650001525878906,32.7400016784668,32.7400016784668,344300,ZBRA
2011-09-14,33.08000183105469,33.25,32.119998931884766,32.209999084472656,32.209999084472656,612400,ZBRA
2011-09-15,32.54999923706055,32.54999923706055,31.420000076293945,32.040000915527344,32.040000915527344,548900,ZBRA
2011-09-16,32.060001373291016,32.439998626708984,31.81999969482422,32.0,32.0,521100,ZBRA
2011-09-19,31.280000686645508,31.5,30.399999618530273,30.639999389648438,30.639999389648438,506000,ZBRA
2011-09-20,30.809999465942383,31.190000534057617,30.489999771118164,30.510000228881836,30.510000228881836,386500,ZBRA
2011-09-21,30.530000686645508,31.690000534057617,30.450000762939453,30.8799991607666,30.8799991607666,402000,ZBRA
2011-09-22,29.860000610351562,29.90999984741211,28.260000228881836,28.610000610351562,28.610000610351562,404300,ZBRA
2011-09-23,28.56999969482422,28.969999313354492,28.200000762939453,28.969999313354492,28.969999313354492,246200,ZBRA
2011-09-26,29.1200008392334,29.829999923706055,28.25,29.729999542236328,29.729999542236328,209900,ZBRA
2011-09-27,30.450000762939453,32.09000015258789,30.06999969482422,31.18000030517578,31.18000030517578,463600,ZBRA
2011-09-28,31.25,31.59000015258789,30.479999542236328,30.540000915527344,30.540000915527344,248600,ZBRA
2011-09-29,31.110000610351562,31.510000228881836,30.209999084472656,30.899999618530273,30.899999618530273,135500,ZBRA
2011-09-30,30.40999984741211,31.5,30.299999237060547,30.940000534057617,30.940000534057617,393000,ZBRA
2011-10-03,30.81999969482422,31.600000381469727,29.90999984741211,30.010000228881836,30.010000228881836,358700,ZBRA
2011-10-04,29.540000915527344,31.479999542236328,29.540000915527344,31.459999084472656,31.459999084472656,315300,ZBRA
2011-10-05,31.540000915527344,32.93000030517578,31.360000610351562,32.58000183105469,32.58000183105469,266900,ZBRA
2011-10-06,32.540000915527344,33.810001373291016,32.540000915527344,33.630001068115234,33.630001068115234,240900,ZBRA
2011-10-07,33.66999816894531,33.880001068115234,32.9900016784668,33.029998779296875,33.029998779296875,332500,ZBRA
2011-10-10,33.599998474121094,33.90999984741211,33.22999954223633,33.84000015258789,33.84000015258789,219700,ZBRA
2011-10-11,33.63999938964844,34.279998779296875,33.63999938964844,34.060001373291016,34.060001373291016,123400,ZBRA
2011-10-12,34.31999969482422,34.720001220703125,34.0099983215332,34.130001068115234,34.130001068115234,123500,ZBRA
2011-10-13,34.0,34.459999084472656,33.88999938964844,34.33000183105469,34.33000183105469,134100,ZBRA
2011-10-14,34.81999969482422,34.81999969482422,34.209999084472656,34.779998779296875,34.779998779296875,84900,ZBRA
2011-10-17,34.630001068115234,34.779998779296875,33.5099983215332,33.79999923706055,33.79999923706055,171000,ZBRA
2011-10-18,33.689998626708984,34.58000183105469,33.220001220703125,34.439998626708984,34.439998626708984,78000,ZBRA
2011-10-19,34.29999923706055,34.7400016784668,33.849998474121094,33.959999084472656,33.959999084472656,605500,ZBRA
2011-10-20,33.900001525878906,34.15999984741211,33.310001373291016,34.04999923706055,34.04999923706055,283900,ZBRA
2011-10-21,34.540000915527344,34.97999954223633,34.459999084472656,34.88999938964844,34.88999938964844,53900,ZBRA
2011-10-24,35.0099983215332,35.560001373291016,35.0,35.45000076293945,35.45000076293945,189000,ZBRA
2011-10-25,35.400001525878906,35.54999923706055,34.630001068115234,34.689998626708984,34.689998626708984,97500,ZBRA
2011-10-26,35.11000061035156,35.650001525878906,34.38999938964844,35.470001220703125,35.470001220703125,85300,ZBRA
2011-10-27,36.11000061035156,37.4900016784668,35.939998626708984,37.27000045776367,37.27000045776367,188800,ZBRA
2011-10-28,37.13999938964844,37.45000076293945,36.439998626708984,36.65999984741211,36.65999984741211,120400,ZBRA
2011-10-31,36.20000076293945,36.33000183105469,35.29999923706055,35.7400016784668,35.7400016784668,119000,ZBRA
2011-11-01,34.560001373291016,35.130001068115234,33.65999984741211,33.970001220703125,33.970001220703125,213500,ZBRA
2011-11-02,34.529998779296875,35.47999954223633,34.22999954223633,35.400001525878906,35.400001525878906,342100,ZBRA
2011-11-03,35.83000183105469,36.459999084472656,35.33000183105469,36.20000076293945,36.20000076293945,164300,ZBRA
2011-11-04,35.790000915527344,36.439998626708984,35.619998931884766,36.310001373291016,36.310001373291016,70200,ZBRA
2011-11-07,36.16999816894531,36.560001373291016,35.25,36.529998779296875,36.529998779296875,84600,ZBRA
2011-11-08,37.08000183105469,37.560001373291016,36.380001068115234,36.869998931884766,36.869998931884766,282400,ZBRA
2011-11-09,36.220001220703125,37.220001220703125,35.7599983215332,36.0,36.0,133400,ZBRA
2011-11-10,36.459999084472656,36.70000076293945,35.95000076293945,36.099998474121094,36.099998474121094,76900,ZBRA
2011-11-11,36.56999969482422,37.720001220703125,36.06999969482422,37.61000061035156,37.61000061035156,197600,ZBRA
2011-11-14,37.4900016784668,37.77000045776367,37.060001373291016,37.22999954223633,37.22999954223633,160200,ZBRA
2011-11-15,37.060001373291016,38.099998474121094,36.880001068115234,37.97999954223633,37.97999954223633,111300,ZBRA
2011-11-16,37.77000045776367,38.36000061035156,37.59000015258789,37.709999084472656,37.709999084472656,114100,ZBRA
2011-11-17,37.54999923706055,37.869998931884766,36.75,36.939998626708984,36.939998626708984,191100,ZBRA
2011-11-18,37.18000030517578,37.20000076293945,36.529998779296875,36.56999969482422,36.56999969482422,185600,ZBRA
2011-11-21,36.0099983215332,36.52000045776367,35.22999954223633,35.43000030517578,35.43000030517578,227300,ZBRA
2011-11-22,35.470001220703125,35.52000045776367,35.0,35.29999923706055,35.29999923706055,403700,ZBRA
2011-11-23,35.02000045776367,35.029998779296875,34.529998779296875,34.61000061035156,34.61000061035156,207300,ZBRA
2011-11-25,34.52000045776367,35.029998779296875,34.439998626708984,34.5,34.5,45400,ZBRA
2011-11-28,35.56999969482422,35.81999969482422,34.90999984741211,35.400001525878906,35.400001525878906,245000,ZBRA
2011-11-29,35.5,35.790000915527344,35.25,35.439998626708984,35.439998626708984,109700,ZBRA
2011-11-30,36.54999923706055,37.869998931884766,36.54999923706055,37.86000061035156,37.86000061035156,314200,ZBRA
2011-12-01,37.540000915527344,38.47999954223633,37.5099983215332,37.880001068115234,37.880001068115234,158900,ZBRA
2011-12-02,38.22999954223633,38.349998474121094,37.400001525878906,37.5,37.5,77700,ZBRA
2011-12-05,38.349998474121094,38.47999954223633,37.84000015258789,37.95000076293945,37.95000076293945,185700,ZBRA
2011-12-06,38.06999969482422,38.06999969482422,37.58000183105469,37.83000183105469,37.83000183105469,150400,ZBRA
2011-12-07,37.619998931884766,38.41999816894531,37.2599983215332,38.25,38.25,135000,ZBRA
2011-12-08,37.91999816894531,38.27000045776367,37.20000076293945,37.31999969482422,37.31999969482422,97000,ZBRA
2011-12-09,37.529998779296875,38.220001220703125,37.119998931884766,38.13999938964844,38.13999938964844,114000,ZBRA
2011-12-12,37.630001068115234,37.630001068115234,36.77000045776367,37.16999816894531,37.16999816894531,110400,ZBRA
2011-12-13,37.41999816894531,37.77000045776367,36.18000030517578,36.38999938964844,36.38999938964844,126300,ZBRA
2011-12-14,36.130001068115234,36.400001525878906,35.7599983215332,36.310001373291016,36.310001373291016,144600,ZBRA
2011-12-15,36.68000030517578,36.79999923706055,36.369998931884766,36.720001220703125,36.720001220703125,112900,ZBRA
2011-12-16,36.900001525878906,37.66999816894531,36.47999954223633,37.02000045776367,37.02000045776367,452800,ZBRA
2011-12-19,37.0099983215332,37.16999816894531,35.25,35.29999923706055,35.29999923706055,374200,ZBRA
2011-12-20,36.04999923706055,36.810001373291016,35.63999938964844,36.22999954223633,36.22999954223633,156000,ZBRA
2011-12-21,36.11000061035156,36.11000061035156,35.400001525878906,35.810001373291016,35.810001373291016,119800,ZBRA
2011-12-22,35.86000061035156,36.619998931884766,35.75,36.380001068115234,36.380001068115234,114600,ZBRA
2011-12-23,36.560001373291016,36.56999969482422,36.09000015258789,36.52000045776367,36.52000045776367,38100,ZBRA
2011-12-27,36.380001068115234,36.900001525878906,36.380001068115234,36.59000015258789,36.59000015258789,56000,ZBRA
2011-12-28,36.59000015258789,36.709999084472656,35.560001373291016,35.70000076293945,35.70000076293945,72200,ZBRA
2011-12-29,35.72999954223633,36.06999969482422,35.70000076293945,35.97999954223633,35.97999954223633,43100,ZBRA
2011-12-30,35.97999954223633,36.150001525878906,35.7400016784668,35.779998779296875,35.779998779296875,98000,ZBRA
2012-01-03,36.29999923706055,36.650001525878906,35.630001068115234,35.720001220703125,35.720001220703125,120900,ZBRA
2012-01-04,35.68000030517578,35.720001220703125,35.2599983215332,35.45000076293945,35.45000076293945,252500,ZBRA
2012-01-05,35.220001220703125,35.63999938964844,34.880001068115234,35.400001525878906,35.400001525878906,186500,ZBRA
2012-01-06,35.36000061035156,35.52000045776367,34.970001220703125,35.11000061035156,35.11000061035156,194400,ZBRA
2012-01-09,35.189998626708984,35.41999816894531,34.88999938964844,34.95000076293945,34.95000076293945,169400,ZBRA
2012-01-10,35.33000183105469,35.61000061035156,35.20000076293945,35.27000045776367,35.27000045776367,105100,ZBRA
2012-01-11,35.150001525878906,35.689998626708984,35.029998779296875,35.59000015258789,35.59000015258789,84500,ZBRA
2012-01-12,35.5,35.54999923706055,34.93000030517578,34.9900016784668,34.9900016784668,190700,ZBRA
2012-01-13,34.61000061035156,35.13999938964844,34.61000061035156,34.970001220703125,34.970001220703125,190300,ZBRA
2012-01-17,35.20000076293945,35.63999938964844,35.0,35.54999923706055,35.54999923706055,95100,ZBRA
2012-01-18,35.529998779296875,36.540000915527344,35.27000045776367,36.540000915527344,36.540000915527344,86400,ZBRA
2012-01-19,36.560001373291016,37.459999084472656,36.349998474121094,37.2599983215332,37.2599983215332,132700,ZBRA
2012-01-20,37.16999816894531,37.630001068115234,37.0099983215332,37.58000183105469,37.58000183105469,105000,ZBRA
2012-01-23,37.619998931884766,38.06999969482422,37.27000045776367,37.630001068115234,37.630001068115234,68200,ZBRA
2012-01-24,37.25,37.5,37.130001068115234,37.279998779296875,37.279998779296875,88100,ZBRA
2012-01-25,37.34000015258789,37.68000030517578,36.88999938964844,37.540000915527344,37.540000915527344,209600,ZBRA
2012-01-26,37.68000030517578,37.81999969482422,37.5,37.720001220703125,37.720001220703125,151600,ZBRA
2012-01-27,37.619998931884766,37.93000030517578,37.59000015258789,37.900001525878906,37.900001525878906,44200,ZBRA
2012-01-30,37.650001525878906,37.97999954223633,37.540000915527344,37.810001373291016,37.810001373291016,80500,ZBRA
2012-01-31,38.099998474121094,38.099998474121094,37.54999923706055,37.84000015258789,37.84000015258789,143200,ZBRA
2012-02-01,38.060001373291016,40.0,37.880001068115234,39.869998931884766,39.869998931884766,443300,ZBRA
2012-02-02,39.72999954223633,39.939998626708984,38.90999984741211,38.9900016784668,38.9900016784668,185100,ZBRA
2012-02-03,39.380001068115234,39.63999938964844,39.20000076293945,39.279998779296875,39.279998779296875,252100,ZBRA
2012-02-06,38.959999084472656,39.43000030517578,38.869998931884766,39.40999984741211,39.40999984741211,55100,ZBRA
2012-02-07,39.380001068115234,39.709999084472656,39.130001068115234,39.52000045776367,39.52000045776367,94600,ZBRA
2012-02-08,39.650001525878906,39.849998474121094,39.290000915527344,39.34000015258789,39.34000015258789,116500,ZBRA
2012-02-09,39.4900016784668,39.880001068115234,39.2599983215332,39.84000015258789,39.84000015258789,150900,ZBRA
2012-02-10,39.34000015258789,39.5,39.02000045776367,39.25,39.25,72100,ZBRA
2012-02-13,39.720001220703125,39.95000076293945,39.43000030517578,39.66999816894531,39.66999816894531,154200,ZBRA
2012-02-14,36.599998474121094,39.54999923706055,36.16999816894531,38.83000183105469,38.83000183105469,715500,ZBRA
2012-02-15,38.95000076293945,39.22999954223633,38.09000015258789,38.5,38.5,328000,ZBRA
2012-02-16,38.54999923706055,39.52000045776367,38.349998474121094,39.0099983215332,39.0099983215332,289300,ZBRA
2012-02-17,39.150001525878906,39.150001525878906,38.09000015258789,38.34000015258789,38.34000015258789,225400,ZBRA
2012-02-21,38.29999923706055,38.7599983215332,38.09000015258789,38.13999938964844,38.13999938964844,215800,ZBRA
2012-02-22,38.0099983215332,38.09000015258789,37.77000045776367,37.91999816894531,37.91999816894531,267300,ZBRA
2012-02-23,37.869998931884766,38.56999969482422,37.33000183105469,38.5099983215332,38.5099983215332,255000,ZBRA
2012-02-24,38.540000915527344,38.7599983215332,38.459999084472656,38.63999938964844,38.63999938964844,216700,ZBRA
2012-02-27,38.290000915527344,38.83000183105469,37.849998474121094,38.630001068115234,38.630001068115234,308400,ZBRA
2012-02-28,38.619998931884766,38.77000045776367,38.349998474121094,38.52000045776367,38.52000045776367,171800,ZBRA
2012-02-29,38.65999984741211,38.709999084472656,38.119998931884766,38.439998626708984,38.439998626708984,389200,ZBRA
2012-03-01,38.630001068115234,38.93000030517578,38.22999954223633,38.31999969482422,38.31999969482422,237200,ZBRA
2012-03-02,38.22999954223633,38.540000915527344,38.06999969482422,38.150001525878906,38.150001525878906,201200,ZBRA
2012-03-05,38.11000061035156,38.369998931884766,37.970001220703125,38.20000076293945,38.20000076293945,161200,ZBRA
2012-03-06,37.84000015258789,37.86000061035156,37.459999084472656,37.599998474121094,37.599998474121094,174200,ZBRA
2012-03-07,37.75,38.13999938964844,37.540000915527344,37.9900016784668,37.9900016784668,82600,ZBRA
2012-03-08,38.189998626708984,39.0,37.959999084472656,38.63999938964844,38.63999938964844,135700,ZBRA
2012-03-09,38.4900016784668,39.47999954223633,38.4900016784668,39.34000015258789,39.34000015258789,138900,ZBRA
2012-03-12,39.15999984741211,40.040000915527344,38.970001220703125,39.97999954223633,39.97999954223633,213100,ZBRA
2012-03-13,40.119998931884766,40.95000076293945,39.959999084472656,40.95000076293945,40.95000076293945,215900,ZBRA
2012-03-14,40.7599983215332,41.130001068115234,40.59000015258789,40.88999938964844,40.88999938964844,246200,ZBRA
2012-03-15,40.88999938964844,41.40999984741211,40.65999984741211,41.279998779296875,41.279998779296875,198200,ZBRA
2012-03-16,41.20000076293945,41.20000076293945,40.900001525878906,41.040000915527344,41.040000915527344,237100,ZBRA
2012-03-19,40.849998474121094,41.47999954223633,40.77000045776367,40.97999954223633,40.97999954223633,135800,ZBRA
2012-03-20,40.75,40.77000045776367,40.439998626708984,40.619998931884766,40.619998931884766,113800,ZBRA
2012-03-21,40.68000030517578,40.790000915527344,40.40999984741211,40.47999954223633,40.47999954223633,165400,ZBRA
2012-03-22,40.13999938964844,40.66999816894531,39.709999084472656,40.470001220703125,40.470001220703125,125300,ZBRA
2012-03-23,40.36000061035156,40.779998779296875,40.2400016784668,40.54999923706055,40.54999923706055,181500,ZBRA
2012-03-26,41.0,41.459999084472656,40.81999969482422,41.459999084472656,41.459999084472656,92000,ZBRA
2012-03-27,41.61000061035156,41.880001068115234,41.40999984741211,41.58000183105469,41.58000183105469,119300,ZBRA
2012-03-28,41.54999923706055,41.83000183105469,41.36000061035156,41.63999938964844,41.63999938964844,129100,ZBRA
2012-03-29,41.43000030517578,41.779998779296875,41.11000061035156,41.52000045776367,41.52000045776367,120500,ZBRA
2012-03-30,41.810001373291016,41.810001373291016,41.18000030517578,41.18000030517578,41.18000030517578,130200,ZBRA
2012-04-02,41.13999938964844,41.790000915527344,40.88999938964844,41.45000076293945,41.45000076293945,248200,ZBRA
2012-04-03,41.349998474121094,41.68000030517578,40.849998474121094,41.20000076293945,41.20000076293945,183700,ZBRA
2012-04-04,40.77000045776367,40.95000076293945,40.15999984741211,40.61000061035156,40.61000061035156,123500,ZBRA
2012-04-05,40.529998779296875,40.75,40.33000183105469,40.369998931884766,40.369998931884766,60300,ZBRA
2012-04-09,39.900001525878906,39.900001525878906,39.5,39.810001373291016,39.810001373291016,272100,ZBRA
2012-04-10,39.70000076293945,39.91999816894531,38.4900016784668,38.619998931884766,38.619998931884766,210000,ZBRA
2012-04-11,38.849998474121094,38.849998474121094,38.36000061035156,38.5,38.5,195600,ZBRA
2012-04-12,38.459999084472656,38.97999954223633,38.459999084472656,38.66999816894531,38.66999816894531,174500,ZBRA
2012-04-13,38.59000015258789,38.75,38.0,38.06999969482422,38.06999969482422,107900,ZBRA
2012-04-16,38.34000015258789,38.5099983215332,37.900001525878906,38.099998474121094,38.099998474121094,128800,ZBRA
2012-04-17,38.40999984741211,39.36000061035156,38.400001525878906,39.119998931884766,39.119998931884766,198800,ZBRA
2012-04-18,38.84000015258789,39.189998626708984,37.9900016784668,38.0,38.0,223800,ZBRA
2012-04-19,38.040000915527344,38.040000915527344,37.279998779296875,37.459999084472656,37.459999084472656,437800,ZBRA
2012-04-20,37.5,38.20000076293945,37.400001525878906,37.95000076293945,37.95000076293945,216900,ZBRA
2012-04-23,37.33000183105469,37.5099983215332,36.66999816894531,37.29999923706055,37.29999923706055,233200,ZBRA
2012-04-24,37.2599983215332,37.470001220703125,37.040000915527344,37.18000030517578,37.18000030517578,154100,ZBRA
2012-04-25,37.66999816894531,38.16999816894531,36.470001220703125,37.869998931884766,37.869998931884766,185800,ZBRA
2012-04-26,37.720001220703125,37.7599983215332,36.86000061035156,37.15999984741211,37.15999984741211,717400,ZBRA
2012-04-27,36.95000076293945,37.689998626708984,36.40999984741211,37.650001525878906,37.650001525878906,479100,ZBRA
2012-04-30,37.45000076293945,38.849998474121094,37.45000076293945,38.790000915527344,38.790000915527344,457500,ZBRA
2012-05-01,38.650001525878906,39.7599983215332,38.650001525878906,39.15999984741211,39.15999984741211,254000,ZBRA
2012-05-02,38.81999969482422,39.060001373291016,38.75,39.0,39.0,360300,ZBRA
2012-05-03,38.95000076293945,39.29999923706055,38.369998931884766,38.5,38.5,212600,ZBRA
2012-05-04,38.220001220703125,38.220001220703125,37.630001068115234,37.849998474121094,37.849998474121094,208500,ZBRA
2012-05-07,37.54999923706055,37.81999969482422,37.18000030517578,37.59000015258789,37.59000015258789,191000,ZBRA
2012-05-08,37.04999923706055,37.86000061035156,37.0099983215332,37.81999969482422,37.81999969482422,280000,ZBRA
2012-05-09,37.310001373291016,37.79999923706055,37.16999816894531,37.66999816894531,37.66999816894531,63000,ZBRA
2012-05-10,37.900001525878906,37.95000076293945,37.52000045776367,37.63999938964844,37.63999938964844,123000,ZBRA
2012-05-11,37.380001068115234,37.91999816894531,37.380001068115234,37.540000915527344,37.540000915527344,56900,ZBRA
2012-05-14,37.15999984741211,37.20000076293945,36.72999954223633,36.88999938964844,36.88999938964844,120200,ZBRA
2012-05-15,36.970001220703125,37.380001068115234,36.400001525878906,37.06999969482422,37.06999969482422,169000,ZBRA
2012-05-16,37.130001068115234,37.68000030517578,37.02000045776367,37.099998474121094,37.099998474121094,211800,ZBRA
2012-05-17,37.20000076293945,37.31999969482422,36.61000061035156,36.650001525878906,36.650001525878906,127400,ZBRA
2012-05-18,36.83000183105469,36.83000183105469,35.869998931884766,35.970001220703125,35.970001220703125,136800,ZBRA
2012-05-21,34.779998779296875,35.380001068115234,34.369998931884766,35.02000045776367,35.02000045776367,233500,ZBRA
2012-05-22,35.02000045776367,35.220001220703125,34.529998779296875,34.650001525878906,34.650001525878906,184000,ZBRA
2012-05-23,34.36000061035156,34.88999938964844,34.119998931884766,34.79999923706055,34.79999923706055,158000,ZBRA
2012-05-24,34.810001373291016,34.849998474121094,33.88999938964844,34.130001068115234,34.130001068115234,221600,ZBRA
2012-05-25,34.189998626708984,34.5,34.09000015258789,34.20000076293945,34.20000076293945,113700,ZBRA
2012-05-29,34.5,35.060001373291016,34.31999969482422,34.869998931884766,34.869998931884766,179600,ZBRA
2012-05-30,34.599998474121094,34.790000915527344,33.77000045776367,33.79999923706055,33.79999923706055,144800,ZBRA
2012-05-31,33.779998779296875,33.88999938964844,33.11000061035156,33.470001220703125,33.470001220703125,259000,ZBRA
2012-06-01,32.88999938964844,33.0,32.59000015258789,32.619998931884766,32.619998931884766,239200,ZBRA
2012-06-04,32.75,33.279998779296875,32.720001220703125,33.20000076293945,33.20000076293945,229700,ZBRA
2012-06-05,33.15999984741211,33.90999984741211,32.93000030517578,33.470001220703125,33.470001220703125,193500,ZBRA
2012-06-06,33.689998626708984,33.86000061035156,33.380001068115234,33.4900016784668,33.4900016784668,213700,ZBRA
2012-06-07,33.83000183105469,34.2599983215332,32.9900016784668,33.09000015258789,33.09000015258789,282200,ZBRA
2012-06-08,32.9900016784668,33.20000076293945,32.86000061035156,32.88999938964844,32.88999938964844,190600,ZBRA
2012-06-11,33.130001068115234,33.220001220703125,32.119998931884766,32.34000015258789,32.34000015258789,314600,ZBRA
2012-06-12,32.459999084472656,32.849998474121094,32.18000030517578,32.650001525878906,32.650001525878906,195700,ZBRA
2012-06-13,32.5,33.119998931884766,32.29999923706055,32.40999984741211,32.40999984741211,203300,ZBRA
2012-06-14,32.459999084472656,32.630001068115234,32.09000015258789,32.20000076293945,32.20000076293945,192000,ZBRA
2012-06-15,32.29999923706055,32.5,32.11000061035156,32.290000915527344,32.290000915527344,336400,ZBRA
2012-06-18,32.02000045776367,32.650001525878906,31.790000915527344,32.61000061035156,32.61000061035156,216900,ZBRA
2012-06-19,32.7599983215332,33.040000915527344,32.45000076293945,32.79999923706055,32.79999923706055,100800,ZBRA
2012-06-20,32.790000915527344,33.40999984741211,32.790000915527344,33.209999084472656,33.209999084472656,132700,ZBRA
2012-06-21,33.119998931884766,33.34000015258789,32.150001525878906,32.310001373291016,32.310001373291016,105200,ZBRA
2012-06-22,32.540000915527344,33.08000183105469,32.459999084472656,32.93000030517578,32.93000030517578,971000,ZBRA
2012-06-25,32.439998626708984,32.529998779296875,32.16999816894531,32.400001525878906,32.400001525878906,167100,ZBRA
2012-06-26,32.40999984741211,32.79999923706055,32.310001373291016,32.560001373291016,32.560001373291016,172500,ZBRA
2012-06-27,32.68000030517578,32.9900016784668,32.43000030517578,32.88999938964844,32.88999938964844,98800,ZBRA
2012-06-28,32.65999984741211,32.9900016784668,32.380001068115234,32.939998626708984,32.939998626708984,176400,ZBRA
2012-06-29,33.54999923706055,34.40999984741211,33.16999816894531,34.36000061035156,34.36000061035156,234400,ZBRA
2012-07-02,34.33000183105469,34.630001068115234,33.45000076293945,33.709999084472656,33.709999084472656,273700,ZBRA
2012-07-03,33.650001525878906,34.20000076293945,33.650001525878906,34.13999938964844,34.13999938964844,57800,ZBRA
2012-07-05,34.2400016784668,34.33000183105469,33.619998931884766,34.33000183105469,34.33000183105469,132100,ZBRA
2012-07-06,33.970001220703125,34.06999969482422,33.689998626708984,33.880001068115234,33.880001068115234,137900,ZBRA
2012-07-09,33.81999969482422,34.11000061035156,33.59000015258789,33.810001373291016,33.810001373291016,145600,ZBRA
2012-07-10,33.9900016784668,34.310001373291016,33.59000015258789,33.970001220703125,33.970001220703125,235600,ZBRA
2012-07-11,34.0099983215332,34.33000183105469,33.7400016784668,33.93000030517578,33.93000030517578,200500,ZBRA
2012-07-12,33.650001525878906,33.86000061035156,33.40999984741211,33.66999816894531,33.66999816894531,153000,ZBRA
2012-07-13,33.849998474121094,33.959999084472656,33.59000015258789,33.7400016784668,33.7400016784668,168100,ZBRA
2012-07-16,33.599998474121094,34.22999954223633,33.540000915527344,33.939998626708984,33.939998626708984,97700,ZBRA
2012-07-17,34.040000915527344,34.77000045776367,33.81999969482422,34.72999954223633,34.72999954223633,248500,ZBRA
2012-07-18,34.61000061035156,35.439998626708984,34.61000061035156,35.27000045776367,35.27000045776367,278200,ZBRA
2012-07-19,35.36000061035156,35.709999084472656,35.27000045776367,35.5,35.5,151100,ZBRA
2012-07-20,35.400001525878906,35.65999984741211,35.02000045776367,35.16999816894531,35.16999816894531,190000,ZBRA
2012-07-23,34.630001068115234,35.060001373291016,34.25,34.91999816894531,34.91999816894531,252200,ZBRA
2012-07-24,34.91999816894531,34.91999816894531,33.849998474121094,34.209999084472656,34.209999084472656,481900,ZBRA
2012-07-25,34.25,35.0099983215332,33.88999938964844,34.970001220703125,34.970001220703125,160900,ZBRA
2012-07-26,35.34000015258789,35.560001373291016,34.939998626708984,35.2599983215332,35.2599983215332,196400,ZBRA
2012-07-27,35.459999084472656,36.31999969482422,35.279998779296875,35.88999938964844,35.88999938964844,146200,ZBRA
2012-07-30,36.0,36.209999084472656,35.2400016784668,35.560001373291016,35.560001373291016,209800,ZBRA
2012-07-31,34.720001220703125,35.9900016784668,33.25,34.540000915527344,34.540000915527344,762100,ZBRA
2012-08-01,34.72999954223633,35.25,34.72999954223633,34.86000061035156,34.86000061035156,214100,ZBRA
2012-08-02,34.599998474121094,35.060001373291016,34.43000030517578,34.619998931884766,34.619998931884766,166700,ZBRA
2012-08-03,35.27000045776367,36.209999084472656,35.060001373291016,35.77000045776367,35.77000045776367,176500,ZBRA
2012-08-06,35.779998779296875,36.15999984741211,35.529998779296875,35.65999984741211,35.65999984741211,110500,ZBRA
2012-08-07,35.869998931884766,36.150001525878906,35.58000183105469,35.75,35.75,94200,ZBRA
2012-08-08,35.56999969482422,35.79999923706055,35.36000061035156,35.540000915527344,35.540000915527344,124200,ZBRA
2012-08-09,35.599998474121094,35.599998474121094,35.189998626708984,35.25,35.25,141900,ZBRA
2012-08-10,35.09000015258789,35.33000183105469,34.650001525878906,34.84000015258789,34.84000015258789,154500,ZBRA
2012-08-13,34.86000061035156,35.15999984741211,34.54999923706055,35.02000045776367,35.02000045776367,158000,ZBRA
2012-08-14,35.27000045776367,35.959999084472656,35.27000045776367,35.77000045776367,35.77000045776367,176100,ZBRA
2012-08-15,35.7400016784668,36.27000045776367,35.650001525878906,36.2400016784668,36.2400016784668,95800,ZBRA
2012-08-16,36.22999954223633,37.06999969482422,36.130001068115234,37.0099983215332,37.0099983215332,146300,ZBRA
2012-08-17,36.83000183105469,37.209999084472656,36.66999816894531,36.959999084472656,36.959999084472656,243000,ZBRA
2012-08-20,36.849998474121094,37.13999938964844,36.63999938964844,37.02000045776367,37.02000045776367,128400,ZBRA
2012-08-21,37.099998474121094,37.29999923706055,36.86000061035156,37.02000045776367,37.02000045776367,115200,ZBRA
2012-08-22,36.900001525878906,37.189998626708984,36.560001373291016,36.880001068115234,36.880001068115234,177400,ZBRA
2012-08-23,36.720001220703125,37.18000030517578,36.619998931884766,37.130001068115234,37.130001068115234,185500,ZBRA
2012-08-24,36.9900016784668,37.459999084472656,36.88999938964844,36.9900016784668,36.9900016784668,288600,ZBRA
2012-08-27,37.20000076293945,37.369998931884766,36.959999084472656,37.150001525878906,37.150001525878906,110800,ZBRA
2012-08-28,37.189998626708984,37.400001525878906,36.959999084472656,37.15999984741211,37.15999984741211,204300,ZBRA
2012-08-29,37.25,37.41999816894531,36.9900016784668,37.34000015258789,37.34000015258789,99600,ZBRA
2012-08-30,37.119998931884766,37.29999923706055,36.91999816894531,37.13999938964844,37.13999938964844,245800,ZBRA
2012-08-31,37.40999984741211,37.439998626708984,36.9900016784668,37.290000915527344,37.290000915527344,384000,ZBRA
2012-09-04,37.25,37.790000915527344,36.939998626708984,37.27000045776367,37.27000045776367,489900,ZBRA
2012-09-05,37.2599983215332,37.849998474121094,37.2599983215332,37.68000030517578,37.68000030517578,216300,ZBRA
2012-09-06,37.81999969482422,38.47999954223633,37.689998626708984,38.439998626708984,38.439998626708984,142500,ZBRA
2012-09-07,38.459999084472656,38.59000015258789,38.099998474121094,38.40999984741211,38.40999984741211,99900,ZBRA
2012-09-10,38.400001525878906,38.7400016784668,38.150001525878906,38.2400016784668,38.2400016784668,157400,ZBRA
2012-09-11,38.25,38.56999969482422,38.060001373291016,38.16999816894531,38.16999816894531,243300,ZBRA
2012-09-12,38.22999954223633,38.56999969482422,37.95000076293945,38.47999954223633,38.47999954223633,166100,ZBRA
2012-09-13,38.45000076293945,38.52000045776367,38.04999923706055,38.38999938964844,38.38999938964844,249800,ZBRA
2012-09-14,38.349998474121094,38.7400016784668,38.27000045776367,38.40999984741211,38.40999984741211,300800,ZBRA
2012-09-17,38.380001068115234,38.40999984741211,38.0,38.20000076293945,38.20000076293945,132000,ZBRA
2012-09-18,37.95000076293945,38.47999954223633,37.95000076293945,38.27000045776367,38.27000045776367,283000,ZBRA
2012-09-19,38.310001373291016,38.630001068115234,38.150001525878906,38.400001525878906,38.400001525878906,242800,ZBRA
2012-09-20,38.25,38.31999969482422,37.81999969482422,38.2599983215332,38.2599983215332,154100,ZBRA
2012-09-21,38.540000915527344,38.7400016784668,38.40999984741211,38.5,38.5,301600,ZBRA
2012-09-24,38.439998626708984,38.59000015258789,38.16999816894531,38.380001068115234,38.380001068115234,285000,ZBRA
2012-09-25,38.59000015258789,38.70000076293945,37.83000183105469,37.84000015258789,37.84000015258789,224400,ZBRA
2012-09-26,37.81999969482422,38.15999984741211,37.130001068115234,37.380001068115234,37.380001068115234,130100,ZBRA
2012-09-27,37.58000183105469,38.08000183105469,37.34000015258789,37.900001525878906,37.900001525878906,154900,ZBRA
2012-09-28,37.810001373291016,38.060001373291016,37.470001220703125,37.4900016784668,37.4900016784668,185700,ZBRA
2012-10-01,37.599998474121094,37.91999816894531,37.290000915527344,37.70000076293945,37.70000076293945,347200,ZBRA
2012-10-02,37.849998474121094,38.560001373291016,37.41999816894531,37.61000061035156,37.61000061035156,205100,ZBRA
2012-10-03,37.599998474121094,37.880001068115234,37.43000030517578,37.459999084472656,37.459999084472656,105600,ZBRA
2012-10-04,37.560001373291016,37.7599983215332,37.290000915527344,37.689998626708984,37.689998626708984,124100,ZBRA
2012-10-05,37.790000915527344,38.290000915527344,37.70000076293945,37.779998779296875,37.779998779296875,176200,ZBRA
2012-10-08,37.68000030517578,38.060001373291016,37.52000045776367,38.0099983215332,38.0099983215332,82400,ZBRA
2012-10-09,37.91999816894531,38.0,37.2400016784668,37.290000915527344,37.290000915527344,169200,ZBRA
2012-10-10,37.36000061035156,37.36000061035156,36.810001373291016,36.869998931884766,36.869998931884766,140600,ZBRA
2012-10-11,37.189998626708984,37.290000915527344,36.84000015258789,36.91999816894531,36.91999816894531,186000,ZBRA
2012-10-12,36.900001525878906,37.0,36.40999984741211,36.4900016784668,36.4900016784668,127600,ZBRA
2012-10-15,36.470001220703125,36.47999954223633,35.91999816894531,36.33000183105469,36.33000183105469,161700,ZBRA
2012-10-16,36.43000030517578,36.869998931884766,36.27000045776367,36.7400016784668,36.7400016784668,356400,ZBRA
2012-10-17,36.869998931884766,37.040000915527344,36.38999938964844,36.650001525878906,36.650001525878906,177400,ZBRA
2012-10-18,36.65999984741211,36.90999984741211,36.349998474121094,36.4900016784668,36.4900016784668,384900,ZBRA
2012-10-19,36.5099983215332,36.66999816894531,36.0099983215332,36.20000076293945,36.20000076293945,243300,ZBRA
2012-10-22,36.09000015258789,36.61000061035156,36.029998779296875,36.54999923706055,36.54999923706055,173700,ZBRA
2012-10-23,36.220001220703125,36.599998474121094,35.900001525878906,36.439998626708984,36.439998626708984,127000,ZBRA
2012-10-24,36.4900016784668,36.599998474121094,35.0099983215332,35.11000061035156,35.11000061035156,215900,ZBRA
2012-10-25,35.349998474121094,35.61000061035156,34.91999816894531,35.540000915527344,35.540000915527344,123600,ZBRA
2012-10-26,35.66999816894531,35.70000076293945,35.20000076293945,35.40999984741211,35.40999984741211,103500,ZBRA
2012-10-31,35.810001373291016,35.95000076293945,35.31999969482422,35.93000030517578,35.93000030517578,137000,ZBRA
2012-11-01,35.91999816894531,37.45000076293945,35.91999816894531,36.97999954223633,36.97999954223633,223700,ZBRA
2012-11-02,37.0,37.099998474121094,36.029998779296875,36.099998474121094,36.099998474121094,322600,ZBRA
2012-11-05,36.150001525878906,36.810001373291016,36.130001068115234,36.5,36.5,157000,ZBRA
2012-11-06,36.70000076293945,39.119998931884766,36.70000076293945,38.290000915527344,38.290000915527344,498200,ZBRA
2012-11-07,38.0,38.040000915527344,37.5099983215332,37.779998779296875,37.779998779296875,156900,ZBRA
2012-11-08,37.810001373291016,38.27000045776367,37.61000061035156,37.83000183105469,37.83000183105469,117300,ZBRA
2012-11-09,37.72999954223633,38.279998779296875,37.0,38.130001068115234,38.130001068115234,171500,ZBRA
2012-11-12,38.18000030517578,38.470001220703125,37.619998931884766,37.88999938964844,37.88999938964844,117300,ZBRA
2012-11-13,37.68000030517578,38.099998474121094,37.56999969482422,37.650001525878906,37.650001525878906,70900,ZBRA
2012-11-14,37.77000045776367,37.86000061035156,37.0099983215332,37.029998779296875,37.029998779296875,80300,ZBRA
2012-11-15,37.09000015258789,37.36000061035156,37.060001373291016,37.290000915527344,37.290000915527344,101800,ZBRA
2012-11-16,37.41999816894531,37.59000015258789,37.060001373291016,37.2599983215332,37.2599983215332,131800,ZBRA
2012-11-19,37.5099983215332,37.79999923706055,37.5,37.77000045776367,37.77000045776367,88500,ZBRA
2012-11-20,37.720001220703125,38.029998779296875,37.47999954223633,38.029998779296875,38.029998779296875,81900,ZBRA
2012-11-21,38.0,38.349998474121094,37.7599983215332,38.34000015258789,38.34000015258789,38300,ZBRA
2012-11-23,38.400001525878906,39.11000061035156,38.060001373291016,39.060001373291016,39.060001373291016,31800,ZBRA
2012-11-26,38.720001220703125,39.349998474121094,38.66999816894531,38.88999938964844,38.88999938964844,72800,ZBRA
2012-11-27,38.70000076293945,38.970001220703125,38.400001525878906,38.689998626708984,38.689998626708984,75500,ZBRA
2012-11-28,38.369998931884766,38.54999923706055,38.189998626708984,38.220001220703125,38.220001220703125,173500,ZBRA
2012-11-29,38.5,38.9900016784668,38.0,38.97999954223633,38.97999954223633,68200,ZBRA
2012-11-30,38.93000030517578,39.099998474121094,38.529998779296875,38.95000076293945,38.95000076293945,317900,ZBRA
2012-12-03,39.11000061035156,40.150001525878906,38.83000183105469,39.88999938964844,39.88999938964844,371000,ZBRA
2012-12-04,39.5099983215332,40.119998931884766,39.5099983215332,39.95000076293945,39.95000076293945,95000,ZBRA
2012-12-05,39.849998474121094,39.939998626708984,39.22999954223633,39.689998626708984,39.689998626708984,105600,ZBRA
2012-12-06,39.790000915527344,40.04999923706055,39.65999984741211,39.779998779296875,39.779998779296875,74800,ZBRA
2012-12-07,39.84000015258789,40.0,39.25,39.47999954223633,39.47999954223633,55600,ZBRA
2012-12-10,39.61000061035156,39.95000076293945,39.36000061035156,39.849998474121094,39.849998474121094,130900,ZBRA
2012-12-11,40.06999969482422,40.36000061035156,39.900001525878906,40.16999816894531,40.16999816894531,80600,ZBRA
2012-12-12,40.349998474121094,40.40999984741211,39.68000030517578,39.72999954223633,39.72999954223633,63700,ZBRA
2012-12-13,39.68000030517578,39.86000061035156,38.970001220703125,39.09000015258789,39.09000015258789,149500,ZBRA
2012-12-14,39.09000015258789,39.279998779296875,38.720001220703125,38.81999969482422,38.81999969482422,112900,ZBRA
2012-12-17,38.880001068115234,39.209999084472656,38.56999969482422,39.08000183105469,39.08000183105469,125300,ZBRA
2012-12-18,39.04999923706055,39.97999954223633,38.970001220703125,39.939998626708984,39.939998626708984,161500,ZBRA
2012-12-19,39.79999923706055,40.34000015258789,39.439998626708984,39.54999923706055,39.54999923706055,154200,ZBRA
2012-12-20,39.63999938964844,40.2599983215332,39.63999938964844,40.029998779296875,40.029998779296875,198300,ZBRA
2012-12-21,39.20000076293945,40.029998779296875,39.0,39.7400016784668,39.7400016784668,738000,ZBRA
2012-12-24,39.619998931884766,40.029998779296875,39.56999969482422,39.75,39.75,63700,ZBRA
2012-12-26,39.880001068115234,39.93000030517578,39.16999816894531,39.220001220703125,39.220001220703125,138200,ZBRA
2012-12-27,39.36000061035156,39.529998779296875,38.58000183105469,39.369998931884766,39.369998931884766,128800,ZBRA
2012-12-28,39.13999938964844,39.34000015258789,38.93000030517578,39.11000061035156,39.11000061035156,114900,ZBRA
2012-12-31,39.09000015258789,39.38999938964844,38.84000015258789,39.310001373291016,39.310001373291016,163900,ZBRA
2013-01-02,40.040000915527344,40.97999954223633,40.040000915527344,40.959999084472656,40.959999084472656,213800,ZBRA
2013-01-03,40.790000915527344,41.369998931884766,40.7599983215332,41.0,41.0,99900,ZBRA
2013-01-04,40.5099983215332,41.18000030517578,40.38999938964844,40.66999816894531,40.66999816894531,146000,ZBRA
2013-01-07,40.56999969482422,41.0,40.310001373291016,40.900001525878906,40.900001525878906,90600,ZBRA
2013-01-08,40.650001525878906,41.060001373291016,40.650001525878906,40.93000030517578,40.93000030517578,112600,ZBRA
2013-01-09,41.08000183105469,41.439998626708984,40.900001525878906,41.369998931884766,41.369998931884766,68900,ZBRA
2013-01-10,41.470001220703125,41.470001220703125,40.849998474121094,41.150001525878906,41.150001525878906,89800,ZBRA
2013-01-11,41.220001220703125,41.540000915527344,41.06999969482422,41.29999923706055,41.29999923706055,251800,ZBRA
2013-01-14,41.150001525878906,41.369998931884766,40.79999923706055,40.97999954223633,40.97999954223633,95800,ZBRA
2013-01-15,40.869998931884766,41.40999984741211,40.529998779296875,41.13999938964844,41.13999938964844,165700,ZBRA
2013-01-16,40.970001220703125,41.34000015258789,40.970001220703125,41.11000061035156,41.11000061035156,88100,ZBRA
2013-01-17,41.16999816894531,41.560001373291016,41.16999816894531,41.31999969482422,41.31999969482422,215600,ZBRA
2013-01-18,41.279998779296875,41.619998931884766,41.279998779296875,41.529998779296875,41.529998779296875,138500,ZBRA
2013-01-22,41.459999084472656,41.86000061035156,41.459999084472656,41.720001220703125,41.720001220703125,100700,ZBRA
2013-01-23,41.93000030517578,42.08000183105469,41.720001220703125,41.79999923706055,41.79999923706055,146900,ZBRA
2013-01-24,41.70000076293945,43.130001068115234,41.70000076293945,43.0,43.0,168800,ZBRA
2013-01-25,43.060001373291016,43.189998626708984,42.630001068115234,42.86000061035156,42.86000061035156,155700,ZBRA
2013-01-28,43.02000045776367,43.290000915527344,42.0099983215332,42.119998931884766,42.119998931884766,427500,ZBRA
2013-01-29,41.95000076293945,42.13999938964844,41.18000030517578,42.09000015258789,42.09000015258789,253500,ZBRA
2013-01-30,42.18000030517578,42.91999816894531,42.15999984741211,42.68000030517578,42.68000030517578,245700,ZBRA
2013-01-31,42.689998626708984,43.470001220703125,42.4900016784668,43.279998779296875,43.279998779296875,259400,ZBRA
2013-02-01,43.459999084472656,43.79999923706055,43.33000183105469,43.650001525878906,43.650001525878906,237000,ZBRA
2013-02-04,43.25,43.91999816894531,43.22999954223633,43.38999938964844,43.38999938964844,180200,ZBRA
2013-02-05,43.5,43.72999954223633,43.349998474121094,43.41999816894531,43.41999816894531,274900,ZBRA
2013-02-06,43.36000061035156,43.9900016784668,43.060001373291016,43.93000030517578,43.93000030517578,156800,ZBRA
2013-02-07,43.880001068115234,43.91999816894531,43.560001373291016,43.70000076293945,43.70000076293945,123800,ZBRA
2013-02-08,43.630001068115234,44.20000076293945,43.630001068115234,44.06999969482422,44.06999969482422,87400,ZBRA
2013-02-11,44.150001525878906,44.16999816894531,43.290000915527344,43.38999938964844,43.38999938964844,149000,ZBRA
2013-02-12,43.470001220703125,44.400001525878906,43.400001525878906,44.25,44.25,261300,ZBRA
2013-02-13,44.41999816894531,44.91999816894531,44.2400016784668,44.900001525878906,44.900001525878906,177000,ZBRA
2013-02-14,44.77000045776367,44.97999954223633,44.119998931884766,44.619998931884766,44.619998931884766,155200,ZBRA
2013-02-15,44.630001068115234,44.959999084472656,44.29999923706055,44.95000076293945,44.95000076293945,152100,ZBRA
2013-02-19,44.779998779296875,45.599998474121094,44.779998779296875,45.369998931884766,45.369998931884766,144900,ZBRA
2013-02-20,45.439998626708984,45.9900016784668,45.060001373291016,45.119998931884766,45.119998931884766,233700,ZBRA
2013-02-21,44.86000061035156,45.27000045776367,44.2599983215332,44.709999084472656,44.709999084472656,151100,ZBRA
2013-02-22,44.970001220703125,45.209999084472656,44.84000015258789,45.209999084472656,45.209999084472656,86400,ZBRA
2013-02-25,45.279998779296875,45.400001525878906,44.29999923706055,44.31999969482422,44.31999969482422,115700,ZBRA
2013-02-26,44.54999923706055,44.560001373291016,44.11000061035156,44.45000076293945,44.45000076293945,106700,ZBRA
2013-02-27,44.5099983215332,45.099998474121094,44.369998931884766,44.86000061035156,44.86000061035156,53800,ZBRA
2013-02-28,44.900001525878906,45.4900016784668,44.720001220703125,44.720001220703125,44.720001220703125,114800,ZBRA
2013-03-01,44.439998626708984,44.59000015258789,43.66999816894531,44.04999923706055,44.04999923706055,282700,ZBRA
2013-03-04,44.0099983215332,44.5099983215332,43.619998931884766,44.279998779296875,44.279998779296875,253300,ZBRA
2013-03-05,44.54999923706055,45.0099983215332,44.54999923706055,44.869998931884766,44.869998931884766,348000,ZBRA
2013-03-06,45.08000183105469,45.41999816894531,44.68000030517578,44.790000915527344,44.790000915527344,256500,ZBRA
2013-03-07,44.880001068115234,44.880001068115234,44.54999923706055,44.619998931884766,44.619998931884766,236400,ZBRA
2013-03-08,44.79999923706055,45.220001220703125,44.560001373291016,45.040000915527344,45.040000915527344,159000,ZBRA
2013-03-11,44.97999954223633,45.47999954223633,44.93000030517578,45.470001220703125,45.470001220703125,104500,ZBRA
2013-03-12,45.400001525878906,45.56999969482422,44.90999984741211,45.52000045776367,45.52000045776367,75600,ZBRA
2013-03-13,45.65999984741211,45.83000183105469,45.470001220703125,45.720001220703125,45.720001220703125,67000,ZBRA
2013-03-14,45.849998474121094,46.470001220703125,45.81999969482422,46.13999938964844,46.13999938964844,159700,ZBRA
2013-03-15,45.97999954223633,46.290000915527344,45.369998931884766,46.27000045776367,46.27000045776367,487600,ZBRA
2013-03-18,45.63999938964844,46.689998626708984,45.540000915527344,46.15999984741211,46.15999984741211,137300,ZBRA
2013-03-19,46.2599983215332,46.439998626708984,45.900001525878906,46.20000076293945,46.20000076293945,104300,ZBRA
2013-03-20,46.529998779296875,46.540000915527344,46.189998626708984,46.459999084472656,46.459999084472656,103000,ZBRA
2013-03-21,46.060001373291016,46.119998931884766,45.56999969482422,45.810001373291016,45.810001373291016,98400,ZBRA
2013-03-22,46.02000045776367,46.15999984741211,45.79999923706055,46.119998931884766,46.119998931884766,145000,ZBRA
2013-03-25,46.150001525878906,46.33000183105469,45.43000030517578,45.61000061035156,45.61000061035156,120600,ZBRA
2013-03-26,45.869998931884766,46.11000061035156,45.779998779296875,46.029998779296875,46.029998779296875,111500,ZBRA
2013-03-27,45.689998626708984,46.560001373291016,45.5099983215332,46.4900016784668,46.4900016784668,100800,ZBRA
2013-03-28,46.349998474121094,47.2400016784668,46.25,47.130001068115234,47.130001068115234,118800,ZBRA
2013-04-01,47.09000015258789,47.20000076293945,45.72999954223633,46.150001525878906,46.150001525878906,168100,ZBRA
2013-04-02,46.150001525878906,46.31999969482422,45.70000076293945,45.7599983215332,45.7599983215332,159500,ZBRA
2013-04-03,45.810001373291016,46.11000061035156,44.880001068115234,45.0,45.0,160400,ZBRA
2013-04-04,45.150001525878906,45.4900016784668,44.79999923706055,45.279998779296875,45.279998779296875,117700,ZBRA
2013-04-05,44.869998931884766,45.119998931884766,44.689998626708984,44.959999084472656,44.959999084472656,71300,ZBRA
2013-04-08,45.08000183105469,45.41999816894531,44.720001220703125,45.369998931884766,45.369998931884766,74000,ZBRA
2013-04-09,45.40999984741211,45.4900016784668,45.11000061035156,45.29999923706055,45.29999923706055,76700,ZBRA
2013-04-10,45.36000061035156,46.33000183105469,45.279998779296875,46.18000030517578,46.18000030517578,87100,ZBRA
2013-04-11,46.279998779296875,46.630001068115234,46.0099983215332,46.560001373291016,46.560001373291016,99900,ZBRA
2013-04-12,46.43000030517578,46.68000030517578,45.84000015258789,45.97999954223633,45.97999954223633,74400,ZBRA
2013-04-15,45.86000061035156,45.970001220703125,44.86000061035156,45.02000045776367,45.02000045776367,177800,ZBRA
2013-04-16,45.349998474121094,45.4900016784668,44.810001373291016,45.369998931884766,45.369998931884766,83900,ZBRA
2013-04-17,44.9900016784668,45.20000076293945,44.56999969482422,44.86000061035156,44.86000061035156,152700,ZBRA
2013-04-18,44.88999938964844,45.13999938964844,44.06999969482422,44.119998931884766,44.119998931884766,103900,ZBRA
2013-04-19,44.310001373291016,44.66999816894531,43.91999816894531,44.52000045776367,44.52000045776367,79800,ZBRA
2013-04-22,44.5,45.11000061035156,44.15999984741211,45.0,45.0,151900,ZBRA
2013-04-23,45.29999923706055,46.130001068115234,45.18000030517578,46.060001373291016,46.060001373291016,77800,ZBRA
2013-04-24,46.06999969482422,46.099998474121094,45.529998779296875,45.709999084472656,45.709999084472656,87100,ZBRA
2013-04-25,45.880001068115234,46.36000061035156,45.72999954223633,46.099998474121094,46.099998474121094,34900,ZBRA
2013-04-26,46.04999923706055,46.189998626708984,45.56999969482422,45.75,45.75,99000,ZBRA
2013-04-29,45.939998626708984,46.650001525878906,45.08000183105469,46.20000076293945,46.20000076293945,70600,ZBRA
2013-04-30,46.29999923706055,46.779998779296875,45.77000045776367,46.650001525878906,46.650001525878906,232800,ZBRA
2013-05-01,46.43000030517578,46.939998626708984,45.939998626708984,45.95000076293945,45.95000076293945,171600,ZBRA
2013-05-02,44.58000183105469,45.68000030517578,43.720001220703125,45.56999969482422,45.56999969482422,470000,ZBRA
2013-05-03,45.88999938964844,46.5099983215332,45.54999923706055,46.06999969482422,46.06999969482422,260400,ZBRA
2013-05-06,46.029998779296875,46.400001525878906,46.0099983215332,46.06999969482422,46.06999969482422,207300,ZBRA
2013-05-07,45.7599983215332,46.72999954223633,45.7599983215332,46.66999816894531,46.66999816894531,200900,ZBRA
2013-05-08,46.459999084472656,46.86000061035156,46.25,46.400001525878906,46.400001525878906,294300,ZBRA
2013-05-09,46.279998779296875,46.84000015258789,46.08000183105469,46.72999954223633,46.72999954223633,223700,ZBRA
2013-05-10,46.880001068115234,46.9900016784668,46.459999084472656,46.58000183105469,46.58000183105469,83700,ZBRA
2013-05-13,46.43000030517578,46.65999984741211,46.43000030517578,46.560001373291016,46.560001373291016,177800,ZBRA
2013-05-14,46.4900016784668,46.790000915527344,46.41999816894531,46.599998474121094,46.599998474121094,214000,ZBRA
2013-05-15,46.56999969482422,46.63999938964844,46.349998474121094,46.4900016784668,46.4900016784668,237400,ZBRA
2013-05-16,46.47999954223633,46.68000030517578,46.099998474121094,46.16999816894531,46.16999816894531,87700,ZBRA
2013-05-17,46.41999816894531,46.560001373291016,46.0,46.209999084472656,46.209999084472656,143100,ZBRA
2013-05-20,46.2400016784668,46.31999969482422,46.04999923706055,46.189998626708984,46.189998626708984,131900,ZBRA
2013-05-21,46.25,46.79999923706055,46.189998626708984,46.619998931884766,46.619998931884766,122700,ZBRA
2013-05-22,46.56999969482422,46.65999984741211,45.27000045776367,45.38999938964844,45.38999938964844,184200,ZBRA
2013-05-23,44.93000030517578,46.470001220703125,44.779998779296875,46.310001373291016,46.310001373291016,153400,ZBRA
2013-05-24,45.95000076293945,46.16999816894531,45.400001525878906,45.90999984741211,45.90999984741211,76900,ZBRA
2013-05-28,46.220001220703125,47.189998626708984,45.95000076293945,46.810001373291016,46.810001373291016,140500,ZBRA
2013-05-29,46.5,46.61000061035156,45.959999084472656,45.959999084472656,45.959999084472656,163900,ZBRA
2013-05-30,45.900001525878906,46.470001220703125,45.810001373291016,46.29999923706055,46.29999923706055,134600,ZBRA
2013-05-31,46.15999984741211,46.47999954223633,45.63999938964844,45.65999984741211,45.65999984741211,110300,ZBRA
2013-06-03,45.61000061035156,45.880001068115234,45.220001220703125,45.65999984741211,45.65999984741211,152600,ZBRA
2013-06-04,45.58000183105469,45.79999923706055,45.040000915527344,45.439998626708984,45.439998626708984,294800,ZBRA
2013-06-05,45.349998474121094,45.599998474121094,44.9900016784668,45.2400016784668,45.2400016784668,173600,ZBRA
2013-06-06,45.099998474121094,45.369998931884766,44.540000915527344,45.27000045776367,45.27000045776367,132200,ZBRA
2013-06-07,45.560001373291016,45.65999984741211,45.13999938964844,45.47999954223633,45.47999954223633,102500,ZBRA
2013-06-10,45.59000015258789,46.099998474121094,45.380001068115234,45.95000076293945,45.95000076293945,88000,ZBRA
2013-06-11,45.43000030517578,46.189998626708984,45.040000915527344,45.720001220703125,45.720001220703125,78000,ZBRA
2013-06-12,46.13999938964844,46.529998779296875,45.060001373291016,45.130001068115234,45.130001068115234,84500,ZBRA
2013-06-13,44.970001220703125,45.90999984741211,44.7599983215332,45.72999954223633,45.72999954223633,82100,ZBRA
2013-06-14,45.77000045776367,45.77000045776367,45.18000030517578,45.41999816894531,45.41999816894531,91400,ZBRA
2013-06-17,45.650001525878906,45.70000076293945,45.220001220703125,45.4900016784668,45.4900016784668,83900,ZBRA
2013-06-18,45.400001525878906,45.880001068115234,45.310001373291016,45.63999938964844,45.63999938964844,114800,ZBRA
2013-06-19,45.68000030517578,45.68000030517578,44.939998626708984,44.97999954223633,44.97999954223633,52400,ZBRA
2013-06-20,44.66999816894531,44.77000045776367,44.0099983215332,44.040000915527344,44.040000915527344,135200,ZBRA
2013-06-21,44.18000030517578,44.59000015258789,43.38999938964844,43.970001220703125,43.970001220703125,296100,ZBRA
2013-06-24,43.439998626708984,44.349998474121094,42.86000061035156,42.869998931884766,42.869998931884766,178100,ZBRA
2013-06-25,43.16999816894531,43.369998931884766,42.5099983215332,43.13999938964844,43.13999938964844,140800,ZBRA
2013-06-26,43.529998779296875,43.529998779296875,42.61000061035156,42.689998626708984,42.689998626708984,250700,ZBRA
2013-06-27,43.0,43.369998931884766,42.630001068115234,43.209999084472656,43.209999084472656,322400,ZBRA
2013-06-28,43.150001525878906,43.72999954223633,42.86000061035156,43.439998626708984,43.439998626708984,360500,ZBRA
2013-07-01,43.619998931884766,44.31999969482422,43.41999816894531,43.9900016784668,43.9900016784668,177700,ZBRA
2013-07-02,43.90999984741211,44.47999954223633,43.77000045776367,44.099998474121094,44.099998474121094,163500,ZBRA
2013-07-03,44.029998779296875,44.41999816894531,43.689998626708984,44.130001068115234,44.130001068115234,127200,ZBRA
2013-07-05,44.41999816894531,44.65999984741211,44.220001220703125,44.38999938964844,44.38999938964844,144400,ZBRA
2013-07-08,44.470001220703125,44.619998931884766,44.13999938964844,44.29999923706055,44.29999923706055,180300,ZBRA
2013-07-09,44.400001525878906,44.599998474121094,43.97999954223633,44.54999923706055,44.54999923706055,316500,ZBRA
2013-07-10,44.45000076293945,45.0,44.439998626708984,44.75,44.75,136200,ZBRA
2013-07-11,45.119998931884766,45.779998779296875,45.040000915527344,45.599998474121094,45.599998474121094,142900,ZBRA
2013-07-12,45.5,46.16999816894531,45.25,46.04999923706055,46.04999923706055,126800,ZBRA
2013-07-15,46.040000915527344,46.290000915527344,45.68000030517578,46.13999938964844,46.13999938964844,120700,ZBRA
2013-07-16,46.25,46.27000045776367,45.91999816894531,46.119998931884766,46.119998931884766,106800,ZBRA
2013-07-17,46.16999816894531,46.279998779296875,45.68000030517578,45.90999984741211,45.90999984741211,144400,ZBRA
2013-07-18,45.9900016784668,46.470001220703125,45.790000915527344,46.40999984741211,46.40999984741211,120000,ZBRA
2013-07-19,46.11000061035156,46.349998474121094,45.970001220703125,46.25,46.25,100100,ZBRA
2013-07-22,46.18000030517578,46.380001068115234,45.86000061035156,46.310001373291016,46.310001373291016,71600,ZBRA
2013-07-23,46.290000915527344,46.63999938964844,46.040000915527344,46.369998931884766,46.369998931884766,110000,ZBRA
2013-07-24,46.4900016784668,46.72999954223633,46.13999938964844,46.31999969482422,46.31999969482422,92000,ZBRA
2013-07-25,46.290000915527344,46.689998626708984,45.959999084472656,46.43000030517578,46.43000030517578,107000,ZBRA
2013-07-26,46.209999084472656,46.41999816894531,45.68000030517578,46.13999938964844,46.13999938964844,94900,ZBRA
2013-07-29,46.119998931884766,46.33000183105469,45.7599983215332,46.06999969482422,46.06999969482422,76600,ZBRA
2013-07-30,46.2599983215332,46.779998779296875,45.880001068115234,46.220001220703125,46.220001220703125,118000,ZBRA
2013-07-31,46.380001068115234,46.66999816894531,46.09000015258789,46.16999816894531,46.16999816894531,155000,ZBRA
2013-08-01,46.52000045776367,48.369998931884766,46.16999816894531,47.849998474121094,47.849998474121094,390700,ZBRA
2013-08-02,47.5,47.790000915527344,47.29999923706055,47.56999969482422,47.56999969482422,103000,ZBRA
2013-08-05,47.380001068115234,48.13999938964844,47.380001068115234,48.119998931884766,48.119998931884766,103900,ZBRA
2013-08-06,48.0,49.380001068115234,46.59000015258789,48.029998779296875,48.029998779296875,250200,ZBRA
2013-08-07,47.540000915527344,47.75,47.31999969482422,47.5,47.5,183900,ZBRA
2013-08-08,47.720001220703125,47.72999954223633,47.27000045776367,47.5,47.5,116500,ZBRA
2013-08-09,47.220001220703125,47.880001068115234,47.220001220703125,47.5,47.5,91900,ZBRA
2013-08-12,47.36000061035156,48.209999084472656,47.36000061035156,48.150001525878906,48.150001525878906,86200,ZBRA
2013-08-13,48.06999969482422,48.540000915527344,47.790000915527344,48.27000045776367,48.27000045776367,104300,ZBRA
2013-08-14,48.45000076293945,48.560001373291016,48.08000183105469,48.11000061035156,48.11000061035156,122000,ZBRA
2013-08-15,47.54999923706055,47.7599983215332,47.16999816894531,47.459999084472656,47.459999084472656,123800,ZBRA
2013-08-16,47.45000076293945,47.7599983215332,47.09000015258789,47.2599983215332,47.2599983215332,132900,ZBRA
2013-08-19,47.15999984741211,47.689998626708984,46.75,47.06999969482422,47.06999969482422,205100,ZBRA
2013-08-20,47.130001068115234,48.08000183105469,47.08000183105469,47.52000045776367,47.52000045776367,184500,ZBRA
2013-08-21,47.5099983215332,47.95000076293945,47.220001220703125,47.22999954223633,47.22999954223633,170100,ZBRA
2013-08-22,47.36000061035156,47.63999938964844,46.65999984741211,47.369998931884766,47.369998931884766,94400,ZBRA
2013-08-23,47.400001525878906,47.61000061035156,46.90999984741211,47.33000183105469,47.33000183105469,127800,ZBRA
2013-08-26,47.27000045776367,47.54999923706055,47.0,47.27000045776367,47.27000045776367,111100,ZBRA
2013-08-27,46.75,47.04999923706055,46.560001373291016,46.630001068115234,46.630001068115234,132700,ZBRA
2013-08-28,46.630001068115234,46.95000076293945,46.40999984741211,46.470001220703125,46.470001220703125,111500,ZBRA
2013-08-29,46.16999816894531,47.0,46.0099983215332,46.79999923706055,46.79999923706055,110500,ZBRA
2013-08-30,46.7400016784668,46.7400016784668,45.5099983215332,45.599998474121094,45.599998474121094,137900,ZBRA
2013-09-03,46.09000015258789,46.380001068115234,44.58000183105469,45.79999923706055,45.79999923706055,565800,ZBRA
2013-09-04,45.7599983215332,46.040000915527344,45.619998931884766,45.86000061035156,45.86000061035156,253200,ZBRA
2013-09-05,45.93000030517578,46.150001525878906,45.630001068115234,45.93000030517578,45.93000030517578,139100,ZBRA
2013-09-06,45.9900016784668,46.06999969482422,45.290000915527344,45.779998779296875,45.779998779296875,206700,ZBRA
2013-09-09,45.880001068115234,46.5,45.810001373291016,46.369998931884766,46.369998931884766,101600,ZBRA
2013-09-10,46.47999954223633,47.40999984741211,46.47999954223633,47.380001068115234,47.380001068115234,125800,ZBRA
2013-09-11,46.72999954223633,46.75,45.13999938964844,45.72999954223633,45.72999954223633,384000,ZBRA
2013-09-12,45.619998931884766,45.68000030517578,44.349998474121094,44.86000061035156,44.86000061035156,293000,ZBRA
2013-09-13,45.040000915527344,45.27000045776367,44.099998474121094,44.689998626708984,44.689998626708984,353400,ZBRA
2013-09-16,45.209999084472656,45.68000030517578,44.29999923706055,44.400001525878906,44.400001525878906,282400,ZBRA
2013-09-17,44.52000045776367,44.88999938964844,44.36000061035156,44.61000061035156,44.61000061035156,230000,ZBRA
2013-09-18,44.5099983215332,44.7400016784668,43.91999816894531,44.369998931884766,44.369998931884766,239600,ZBRA
2013-09-19,44.380001068115234,44.7599983215332,44.34000015258789,44.560001373291016,44.560001373291016,154000,ZBRA
2013-09-20,44.560001373291016,44.7400016784668,44.25,44.470001220703125,44.470001220703125,343700,ZBRA
2013-09-23,44.459999084472656,44.709999084472656,44.2599983215332,44.5099983215332,44.5099983215332,185200,ZBRA
2013-09-24,44.63999938964844,45.31999969482422,44.31999969482422,45.220001220703125,45.220001220703125,266100,ZBRA
2013-09-25,45.16999816894531,45.810001373291016,44.93000030517578,45.59000015258789,45.59000015258789,280700,ZBRA
2013-09-26,45.540000915527344,45.970001220703125,45.38999938964844,45.72999954223633,45.72999954223633,186300,ZBRA
2013-09-27,45.599998474121094,45.810001373291016,45.0,45.52000045776367,45.52000045776367,231400,ZBRA
2013-09-30,45.06999969482422,45.56999969482422,45.0,45.560001373291016,45.560001373291016,361900,ZBRA
2013-10-01,45.4900016784668,47.0,45.25,46.56999969482422,46.56999969482422,472200,ZBRA
2013-10-02,46.18000030517578,46.84000015258789,46.119998931884766,46.599998474121094,46.599998474121094,170300,ZBRA
2013-10-03,46.43000030517578,46.56999969482422,45.810001373291016,46.16999816894531,46.16999816894531,225700,ZBRA
2013-10-04,46.16999816894531,46.83000183105469,46.11000061035156,46.52000045776367,46.52000045776367,86800,ZBRA
2013-10-07,46.099998474121094,46.459999084472656,45.86000061035156,46.13999938964844,46.13999938964844,157400,ZBRA
2013-10-08,46.040000915527344,46.75,45.619998931884766,45.90999984741211,45.90999984741211,157000,ZBRA
2013-10-09,46.040000915527344,46.33000183105469,45.43000030517578,46.150001525878906,46.150001525878906,161600,ZBRA
2013-10-10,46.529998779296875,46.83000183105469,46.209999084472656,46.709999084472656,46.709999084472656,382300,ZBRA
2013-10-11,46.529998779296875,47.20000076293945,46.529998779296875,47.16999816894531,47.16999816894531,134700,ZBRA
2013-10-14,46.650001525878906,47.20000076293945,46.41999816894531,47.18000030517578,47.18000030517578,101700,ZBRA
2013-10-15,47.119998931884766,47.15999984741211,46.38999938964844,46.939998626708984,46.939998626708984,325500,ZBRA
2013-10-16,47.20000076293945,47.31999969482422,46.75,47.22999954223633,47.22999954223633,195000,ZBRA
2013-10-17,47.15999984741211,47.90999984741211,46.77000045776367,47.86000061035156,47.86000061035156,121600,ZBRA
2013-10-18,47.77000045776367,47.970001220703125,47.34000015258789,47.900001525878906,47.900001525878906,133700,ZBRA
2013-10-21,47.869998931884766,48.27000045776367,47.68000030517578,48.25,48.25,97200,ZBRA
2013-10-22,48.27000045776367,48.36000061035156,47.88999938964844,48.099998474121094,48.099998474121094,135300,ZBRA
2013-10-23,47.709999084472656,47.709999084472656,47.15999984741211,47.33000183105469,47.33000183105469,80000,ZBRA
2013-10-24,47.459999084472656,47.650001525878906,46.81999969482422,46.900001525878906,46.900001525878906,144900,ZBRA
2013-10-25,47.029998779296875,47.31999969482422,46.27000045776367,47.25,47.25,143100,ZBRA
2013-10-28,47.349998474121094,48.209999084472656,47.11000061035156,48.189998626708984,48.189998626708984,404100,ZBRA
2013-10-29,48.189998626708984,48.810001373291016,47.869998931884766,48.59000015258789,48.59000015258789,247600,ZBRA
2013-10-30,48.75,48.75,48.349998474121094,48.529998779296875,48.529998779296875,175600,ZBRA
2013-10-31,48.58000183105469,48.900001525878906,48.13999938964844,48.310001373291016,48.310001373291016,103500,ZBRA
2013-11-01,48.45000076293945,48.61000061035156,47.86000061035156,48.279998779296875,48.279998779296875,121000,ZBRA
2013-11-04,48.31999969482422,49.0,48.20000076293945,48.5,48.5,150300,ZBRA
2013-11-05,52.54999923706055,53.65999984741211,52.0,52.81999969482422,52.81999969482422,765900,ZBRA
2013-11-06,52.97999954223633,53.43000030517578,51.529998779296875,51.54999923706055,51.54999923706055,483600,ZBRA
2013-11-07,51.529998779296875,51.77000045776367,50.52000045776367,50.720001220703125,50.720001220703125,515600,ZBRA
2013-11-08,50.66999816894531,51.16999816894531,50.16999816894531,50.619998931884766,50.619998931884766,359100,ZBRA
2013-11-11,50.75,50.790000915527344,50.150001525878906,50.400001525878906,50.400001525878906,196500,ZBRA
2013-11-12,50.41999816894531,51.18000030517578,50.189998626708984,51.130001068115234,51.130001068115234,144500,ZBRA
2013-11-13,50.77000045776367,51.099998474121094,50.56999969482422,51.08000183105469,51.08000183105469,136800,ZBRA
2013-11-14,50.959999084472656,51.29999923706055,50.66999816894531,51.27000045776367,51.27000045776367,109300,ZBRA
2013-11-15,51.40999984741211,51.689998626708984,51.20000076293945,51.540000915527344,51.540000915527344,207900,ZBRA
2013-11-18,51.45000076293945,51.849998474121094,51.310001373291016,51.45000076293945,51.45000076293945,181900,ZBRA
2013-11-19,51.560001373291016,52.15999984741211,51.380001068115234,51.5,51.5,161800,ZBRA
2013-11-20,51.72999954223633,52.34000015258789,51.36000061035156,52.0099983215332,52.0099983215332,223600,ZBRA
2013-11-21,52.150001525878906,52.150001525878906,51.630001068115234,51.75,51.75,149600,ZBRA
2013-11-22,51.709999084472656,51.93000030517578,51.47999954223633,51.88999938964844,51.88999938964844,106000,ZBRA
2013-11-25,52.0,52.34000015258789,51.619998931884766,52.27000045776367,52.27000045776367,90100,ZBRA
2013-11-26,52.189998626708984,52.34000015258789,51.7599983215332,52.11000061035156,52.11000061035156,125600,ZBRA
2013-11-27,52.150001525878906,52.25,51.77000045776367,52.16999816894531,52.16999816894531,72300,ZBRA
2013-11-29,52.16999816894531,52.31999969482422,51.790000915527344,51.84000015258789,51.84000015258789,60000,ZBRA
2013-12-02,51.939998626708984,52.56999969482422,51.310001373291016,52.189998626708984,52.189998626708984,189800,ZBRA
2013-12-03,52.20000076293945,52.599998474121094,51.9900016784668,52.22999954223633,52.22999954223633,229200,ZBRA
2013-12-04,51.97999954223633,52.11000061035156,50.90999984741211,51.560001373291016,51.560001373291016,215700,ZBRA
2013-12-05,51.33000183105469,51.529998779296875,50.65999984741211,50.95000076293945,50.95000076293945,249200,ZBRA
2013-12-06,51.34000015258789,52.43000030517578,51.130001068115234,51.86000061035156,51.86000061035156,243300,ZBRA
2013-12-09,51.86000061035156,52.06999969482422,51.459999084472656,51.689998626708984,51.689998626708984,154800,ZBRA
2013-12-10,51.47999954223633,51.75,50.880001068115234,50.90999984741211,50.90999984741211,187500,ZBRA
2013-12-11,50.93000030517578,51.790000915527344,50.52000045776367,50.56999969482422,50.56999969482422,224300,ZBRA
2013-12-12,50.45000076293945,51.130001068115234,50.09000015258789,50.68000030517578,50.68000030517578,186400,ZBRA
2013-12-13,50.72999954223633,51.25,50.029998779296875,50.29999923706055,50.29999923706055,94000,ZBRA
2013-12-16,50.380001068115234,51.279998779296875,50.380001068115234,51.15999984741211,51.15999984741211,124200,ZBRA
2013-12-17,51.029998779296875,51.459999084472656,50.869998931884766,50.9900016784668,50.9900016784668,158600,ZBRA
2013-12-18,50.959999084472656,51.54999923706055,50.27000045776367,51.47999954223633,51.47999954223633,144600,ZBRA
2013-12-19,51.540000915527344,52.349998474121094,50.86000061035156,51.970001220703125,51.970001220703125,269400,ZBRA
2013-12-20,51.880001068115234,52.81999969482422,51.68000030517578,52.66999816894531,52.66999816894531,412300,ZBRA
2013-12-23,52.79999923706055,54.130001068115234,52.75,54.11000061035156,54.11000061035156,416100,ZBRA
2013-12-24,53.880001068115234,54.61000061035156,53.880001068115234,54.290000915527344,54.290000915527344,156500,ZBRA
2013-12-26,54.41999816894531,55.220001220703125,54.41999816894531,55.119998931884766,55.119998931884766,178300,ZBRA
2013-12-27,54.95000076293945,55.04999923706055,54.439998626708984,54.4900016784668,54.4900016784668,136000,ZBRA
2013-12-30,54.54999923706055,54.959999084472656,53.900001525878906,54.029998779296875,54.029998779296875,147800,ZBRA
2013-12-31,54.15999984741211,54.720001220703125,53.599998474121094,54.08000183105469,54.08000183105469,124600,ZBRA
2014-01-02,53.84000015258789,54.400001525878906,52.900001525878906,53.18000030517578,53.18000030517578,190800,ZBRA
2014-01-03,53.2599983215332,53.790000915527344,53.150001525878906,53.58000183105469,53.58000183105469,102900,ZBRA
2014-01-06,53.650001525878906,53.970001220703125,53.11000061035156,53.400001525878906,53.400001525878906,219200,ZBRA
2014-01-07,53.540000915527344,54.13999938964844,53.22999954223633,53.95000076293945,53.95000076293945,192900,ZBRA
2014-01-08,53.7400016784668,54.2400016784668,53.47999954223633,53.90999984741211,53.90999984741211,202100,ZBRA
2014-01-09,54.040000915527344,54.2400016784668,53.4900016784668,54.15999984741211,54.15999984741211,122000,ZBRA
2014-01-10,54.209999084472656,54.31999969482422,53.65999984741211,54.279998779296875,54.279998779296875,158900,ZBRA
2014-01-13,54.02000045776367,54.54999923706055,53.369998931884766,53.65999984741211,53.65999984741211,136900,ZBRA
2014-01-14,53.7599983215332,54.630001068115234,53.36000061035156,54.599998474121094,54.599998474121094,121600,ZBRA
2014-01-15,54.630001068115234,54.81999969482422,54.4900016784668,54.619998931884766,54.619998931884766,140100,ZBRA
2014-01-16,54.40999984741211,54.90999984741211,54.119998931884766,54.189998626708984,54.189998626708984,97300,ZBRA
2014-01-17,54.189998626708984,54.369998931884766,53.650001525878906,53.869998931884766,53.869998931884766,117400,ZBRA
2014-01-21,54.27000045776367,54.470001220703125,53.79999923706055,53.900001525878906,53.900001525878906,129400,ZBRA
2014-01-22,53.90999984741211,54.29999923706055,53.86000061035156,54.08000183105469,54.08000183105469,107100,ZBRA
2014-01-23,53.7400016784668,53.880001068115234,53.40999984741211,53.61000061035156,53.61000061035156,147400,ZBRA
2014-01-24,53.45000076293945,53.56999969482422,52.66999816894531,53.08000183105469,53.08000183105469,247900,ZBRA
2014-01-27,53.04999923706055,53.65999984741211,52.7599983215332,53.310001373291016,53.310001373291016,252200,ZBRA
2014-01-28,53.189998626708984,53.81999969482422,53.15999984741211,53.70000076293945,53.70000076293945,175700,ZBRA
2014-01-29,53.2599983215332,53.7599983215332,53.2599983215332,53.560001373291016,53.560001373291016,244100,ZBRA
2014-01-30,54.369998931884766,55.849998474121094,54.0,55.810001373291016,55.810001373291016,387100,ZBRA
2014-01-31,55.54999923706055,55.72999954223633,54.790000915527344,54.959999084472656,54.959999084472656,237300,ZBRA
2014-02-03,54.95000076293945,55.29999923706055,52.650001525878906,53.20000076293945,53.20000076293945,506700,ZBRA
2014-02-04,53.459999084472656,54.08000183105469,52.720001220703125,53.56999969482422,53.56999969482422,284700,ZBRA
2014-02-05,53.29999923706055,53.66999816894531,52.61000061035156,53.56999969482422,53.56999969482422,172100,ZBRA
2014-02-06,53.59000015258789,54.189998626708984,53.040000915527344,53.939998626708984,53.939998626708984,75400,ZBRA
2014-02-07,54.29999923706055,54.7400016784668,54.060001373291016,54.619998931884766,54.619998931884766,118200,ZBRA
2014-02-10,54.400001525878906,54.83000183105469,54.15999984741211,54.54999923706055,54.54999923706055,253900,ZBRA
2014-02-11,54.59000015258789,54.86000061035156,54.16999816894531,54.75,54.75,197700,ZBRA
2014-02-12,54.66999816894531,55.20000076293945,54.599998474121094,54.970001220703125,54.970001220703125,243500,ZBRA
2014-02-13,54.79999923706055,55.2599983215332,54.77000045776367,55.220001220703125,55.220001220703125,146300,ZBRA
2014-02-14,55.16999816894531,55.9900016784668,55.08000183105469,55.959999084472656,55.959999084472656,213500,ZBRA
2014-02-18,56.0,56.90999984741211,55.75,56.7400016784668,56.7400016784668,284400,ZBRA
2014-02-19,62.7599983215332,64.98999786376953,60.9900016784668,64.86000061035156,64.86000061035156,1300400,ZBRA
2014-02-20,64.9000015258789,65.91999816894531,64.9000015258789,65.43000030517578,65.43000030517578,881100,ZBRA
2014-02-21,65.5999984741211,67.04000091552734,65.11000061035156,66.23999786376953,66.23999786376953,806100,ZBRA
2014-02-24,66.25,67.5,65.80999755859375,66.80000305175781,66.80000305175781,574600,ZBRA
2014-02-25,67.19999694824219,68.29000091552734,66.83000183105469,68.26000213623047,68.26000213623047,350100,ZBRA
2014-02-26,68.55999755859375,69.41999816894531,67.91000366210938,69.19000244140625,69.19000244140625,379600,ZBRA
2014-02-27,69.22000122070312,69.3499984741211,68.41999816894531,68.68000030517578,68.68000030517578,307900,ZBRA
2014-02-28,68.8499984741211,69.91999816894531,68.66000366210938,68.98999786376953,68.98999786376953,326900,ZBRA
2014-03-03,68.1500015258789,69.56999969482422,68.1500015258789,69.19999694824219,69.19999694824219,307700,ZBRA
2014-03-04,70.0999984741211,71.62000274658203,70.0999984741211,71.55999755859375,71.55999755859375,346700,ZBRA
2014-03-05,71.68000030517578,72.12999725341797,71.12000274658203,71.80000305175781,71.80000305175781,342300,ZBRA
2014-03-06,71.81999969482422,72.76000213623047,70.86000061035156,70.94999694824219,70.94999694824219,288300,ZBRA
2014-03-07,71.36000061035156,71.36000061035156,70.41000366210938,70.61000061035156,70.61000061035156,219900,ZBRA
2014-03-10,70.63999938964844,70.95999908447266,69.44000244140625,69.6500015258789,69.6500015258789,248900,ZBRA
2014-03-11,69.87000274658203,69.87000274658203,68.01000213623047,68.80999755859375,68.80999755859375,364800,ZBRA
2014-03-12,68.80999755859375,68.97000122070312,68.13999938964844,68.58999633789062,68.58999633789062,408500,ZBRA
2014-03-13,68.94999694824219,69.18000030517578,68.51000213623047,68.94000244140625,68.94000244140625,290600,ZBRA
2014-03-14,69.05000305175781,69.37999725341797,68.3499984741211,68.87999725341797,68.87999725341797,175600,ZBRA
2014-03-17,69.0999984741211,69.91999816894531,69.0,69.5,69.5,584900,ZBRA
2014-03-18,69.63999938964844,70.37000274658203,69.26000213623047,70.0199966430664,70.0199966430664,134200,ZBRA
2014-03-19,69.91000366210938,71.01000213623047,69.83999633789062,70.73999786376953,70.73999786376953,287500,ZBRA
2014-03-20,70.56999969482422,71.48999786376953,70.31999969482422,71.05000305175781,71.05000305175781,207800,ZBRA
2014-03-21,71.20999908447266,71.87000274658203,70.80000305175781,71.18000030517578,71.18000030517578,339400,ZBRA
2014-03-24,71.36000061035156,71.44999694824219,69.47000122070312,70.19000244140625,70.19000244140625,160600,ZBRA
2014-03-25,70.77999877929688,71.63999938964844,70.05000305175781,70.44999694824219,70.44999694824219,233500,ZBRA
2014-03-26,70.44999694824219,70.87999725341797,68.62000274658203,68.79000091552734,68.79000091552734,148900,ZBRA
2014-03-27,68.75,69.11000061035156,68.05999755859375,68.70999908447266,68.70999908447266,189200,ZBRA
2014-03-28,68.80000305175781,69.33999633789062,68.37000274658203,68.70999908447266,68.70999908447266,162200,ZBRA
2014-03-31,69.19999694824219,69.83000183105469,68.72000122070312,69.41000366210938,69.41000366210938,172500,ZBRA
2014-04-01,69.5999984741211,70.4000015258789,69.22000122070312,69.58000183105469,69.58000183105469,345300,ZBRA
2014-04-02,69.91999816894531,70.36000061035156,69.29000091552734,69.7300033569336,69.7300033569336,403400,ZBRA
2014-04-03,69.83000183105469,70.0999984741211,69.11000061035156,69.5199966430664,69.5199966430664,297500,ZBRA
2014-04-04,69.94000244140625,69.94000244140625,67.58999633789062,68.22000122070312,68.22000122070312,341800,ZBRA
2014-04-07,68.18000030517578,68.58000183105469,67.30000305175781,67.66999816894531,67.66999816894531,376400,ZBRA
2014-04-08,67.83000183105469,68.55000305175781,66.66999816894531,68.33999633789062,68.33999633789062,244700,ZBRA
2014-04-09,68.4000015258789,69.43000030517578,67.9800033569336,69.01000213623047,69.01000213623047,332400,ZBRA
2014-04-10,68.76000213623047,69.33999633789062,67.4800033569336,67.7699966430664,67.7699966430664,239800,ZBRA
2014-04-11,67.5,68.20999908447266,66.63999938964844,66.79000091552734,66.79000091552734,345900,ZBRA
2014-04-14,67.56999969482422,68.58999633789062,67.44999694824219,68.27999877929688,68.27999877929688,436300,ZBRA
2014-04-15,71.0999984741211,71.73999786376953,60.060001373291016,61.38999938964844,61.38999938964844,4061800,ZBRA
2014-04-16,62.650001525878906,64.44000244140625,61.54999923706055,63.88999938964844,63.88999938964844,2249700,ZBRA
2014-04-17,64.12000274658203,64.43000030517578,63.369998931884766,63.52000045776367,63.52000045776367,692000,ZBRA
2014-04-21,63.65999984741211,64.6500015258789,63.59000015258789,64.33999633789062,64.33999633789062,1182900,ZBRA
2014-04-22,64.30000305175781,67.05000305175781,63.939998626708984,66.9800033569336,66.9800033569336,1533100,ZBRA
2014-04-23,67.0,68.02999877929688,66.30000305175781,68.0,68.0,844200,ZBRA
2014-04-24,68.27999877929688,69.77999877929688,67.05000305175781,69.30000305175781,69.30000305175781,971800,ZBRA
2014-04-25,69.0,69.05999755859375,67.26000213623047,67.69999694824219,67.69999694824219,352800,ZBRA
2014-04-28,67.70999908447266,68.11000061035156,65.44000244140625,67.0199966430664,67.0199966430664,446900,ZBRA
2014-04-29,67.26000213623047,68.12999725341797,65.66999816894531,67.52999877929688,67.52999877929688,382000,ZBRA
2014-04-30,67.61000061035156,69.62000274658203,67.31999969482422,69.44000244140625,69.44000244140625,619500,ZBRA
2014-05-01,69.33000183105469,71.08000183105469,69.33000183105469,70.52999877929688,70.52999877929688,1013000,ZBRA
2014-05-02,70.52999877929688,72.0199966430664,69.83999633789062,71.91999816894531,71.91999816894531,1066700,ZBRA
2014-05-05,71.7699966430664,72.9000015258789,70.66999816894531,72.19999694824219,72.19999694824219,932300,ZBRA
2014-05-06,70.62000274658203,74.05999755859375,70.5,73.9800033569336,73.9800033569336,1560900,ZBRA
2014-05-07,73.73999786376953,74.87000274658203,72.83000183105469,74.72000122070312,74.72000122070312,1061100,ZBRA
2014-05-08,74.33999633789062,75.31999969482422,74.0999984741211,74.51000213623047,74.51000213623047,959600,ZBRA
2014-05-09,74.48999786376953,74.7699966430664,73.6500015258789,74.02999877929688,74.02999877929688,496800,ZBRA
2014-05-12,74.13999938964844,75.30000305175781,73.80000305175781,74.2300033569336,74.2300033569336,766200,ZBRA
2014-05-13,74.33999633789062,74.5999984741211,73.38999938964844,73.41000366210938,73.41000366210938,720100,ZBRA
2014-05-14,73.25,74.1500015258789,72.94000244140625,73.38999938964844,73.38999938964844,489000,ZBRA
2014-05-15,73.0999984741211,73.12999725341797,71.27999877929688,72.36000061035156,72.36000061035156,566900,ZBRA
2014-05-16,72.05000305175781,72.41000366210938,71.51000213623047,72.30000305175781,72.30000305175781,432600,ZBRA
2014-05-19,72.36000061035156,72.75,71.87999725341797,72.22000122070312,72.22000122070312,670900,ZBRA
2014-05-20,72.08999633789062,72.54000091552734,71.22000122070312,71.80999755859375,71.80999755859375,466200,ZBRA
2014-05-21,72.06999969482422,72.7699966430664,71.48999786376953,71.61000061035156,71.61000061035156,265300,ZBRA
2014-05-22,71.94000244140625,72.80999755859375,71.72000122070312,72.30999755859375,72.30999755859375,277200,ZBRA
2014-05-23,72.5,73.58999633789062,72.16000366210938,73.33000183105469,73.33000183105469,356200,ZBRA
2014-05-27,74.01000213623047,74.01000213623047,73.12999725341797,73.16999816894531,73.16999816894531,345800,ZBRA
2014-05-28,73.5199966430664,73.9800033569336,72.5,72.95999908447266,72.95999908447266,287800,ZBRA
2014-05-29,73.26000213623047,73.55999755859375,72.62000274658203,73.55000305175781,73.55000305175781,648300,ZBRA
2014-05-30,73.75,74.87999725341797,73.62000274658203,74.30000305175781,74.30000305175781,511300,ZBRA
2014-06-02,74.30000305175781,74.81999969482422,72.7300033569336,74.77999877929688,74.77999877929688,480100,ZBRA
2014-06-03,74.62999725341797,75.5,74.41000366210938,75.29000091552734,75.29000091552734,464000,ZBRA
2014-06-04,75.2300033569336,77.45999908447266,75.12999725341797,77.36000061035156,77.36000061035156,962200,ZBRA
2014-06-05,77.91000366210938,77.98999786376953,76.8499984741211,77.73999786376953,77.73999786376953,671900,ZBRA
2014-06-06,77.83999633789062,78.6500015258789,77.20999908447266,78.11000061035156,78.11000061035156,414800,ZBRA
2014-06-09,78.30000305175781,79.02999877929688,77.56999969482422,78.87000274658203,78.87000274658203,384600,ZBRA
2014-06-10,78.88999938964844,79.05999755859375,77.97000122070312,78.77999877929688,78.77999877929688,224200,ZBRA
2014-06-11,78.70999908447266,79.43000030517578,78.26000213623047,78.80999755859375,78.80999755859375,206500,ZBRA
2014-06-12,78.98999786376953,79.29000091552734,78.3499984741211,78.87000274658203,78.87000274658203,217200,ZBRA
2014-06-13,78.5999984741211,78.7699966430664,75.87000274658203,76.30999755859375,76.30999755859375,813400,ZBRA
2014-06-16,76.05999755859375,77.31999969482422,75.63999938964844,76.11000061035156,76.11000061035156,590500,ZBRA
2014-06-17,75.88999938964844,87.52999877929688,75.4000015258789,82.91000366210938,82.91000366210938,1040400,ZBRA
2014-06-18,78.5199966430664,79.20999908447266,77.55999755859375,78.87000274658203,78.87000274658203,937700,ZBRA
2014-06-19,79.08999633789062,79.36000061035156,78.3499984741211,78.83000183105469,78.83000183105469,607000,ZBRA
2014-06-20,78.83000183105469,79.2699966430664,78.41999816894531,78.88999938964844,78.88999938964844,388000,ZBRA
2014-06-23,79.0,79.5999984741211,78.83999633789062,79.55999755859375,79.55999755859375,254900,ZBRA
2014-06-24,79.19999694824219,80.20999908447266,78.75,79.01000213623047,79.01000213623047,600400,ZBRA
2014-06-25,78.75,79.48999786376953,78.5199966430664,79.36000061035156,79.36000061035156,832500,ZBRA
2014-06-26,79.33000183105469,80.5199966430664,78.69000244140625,80.31999969482422,80.31999969482422,437400,ZBRA
2014-06-27,80.2699966430664,81.18000030517578,79.86000061035156,81.01000213623047,81.01000213623047,1324700,ZBRA
2014-06-30,80.87000274658203,82.62000274658203,80.87000274658203,82.31999969482422,82.31999969482422,487600,ZBRA
2014-07-01,82.29000091552734,85.26000213623047,82.29000091552734,85.05999755859375,85.05999755859375,775900,ZBRA
2014-07-02,84.94999694824219,85.52999877929688,84.05000305175781,84.87999725341797,84.87999725341797,465500,ZBRA
2014-07-03,85.55000305175781,86.0199966430664,84.87999725341797,85.37999725341797,85.37999725341797,299600,ZBRA
2014-07-07,85.0,85.16000366210938,84.37999725341797,84.72000122070312,84.72000122070312,415600,ZBRA
2014-07-08,82.55999755859375,83.55000305175781,82.4000015258789,83.38999938964844,83.38999938964844,726600,ZBRA
2014-07-09,84.04000091552734,84.69999694824219,83.5,84.56999969482422,84.56999969482422,300100,ZBRA
2014-07-10,83.52999877929688,84.4000015258789,82.98999786376953,83.93000030517578,83.93000030517578,491400,ZBRA
2014-07-11,84.04000091552734,84.18000030517578,83.30999755859375,83.58999633789062,83.58999633789062,251800,ZBRA
2014-07-14,84.3499984741211,84.9800033569336,83.37999725341797,83.68000030517578,83.68000030517578,650000,ZBRA
2014-07-15,83.95999908447266,84.48999786376953,81.80999755859375,82.68000030517578,82.68000030517578,442500,ZBRA
2014-07-16,83.01000213623047,83.06999969482422,81.26000213623047,81.69999694824219,81.69999694824219,500300,ZBRA
2014-07-17,81.58999633789062,82.9000015258789,80.29000091552734,80.37999725341797,80.37999725341797,594100,ZBRA
2014-07-18,80.8499984741211,82.18000030517578,80.8499984741211,82.0999984741211,82.0999984741211,257000,ZBRA
2014-07-21,81.62999725341797,82.80000305175781,81.3499984741211,81.80000305175781,81.80000305175781,347500,ZBRA
2014-07-22,82.37999725341797,83.1500015258789,82.26000213623047,82.30000305175781,82.30000305175781,223100,ZBRA
2014-07-23,82.23999786376953,82.55999755859375,81.91000366210938,82.0199966430664,82.0199966430664,294000,ZBRA
2014-07-24,82.31999969482422,83.05999755859375,81.81999969482422,82.30999755859375,82.30999755859375,199900,ZBRA
2014-07-25,82.05999755859375,82.18000030517578,81.5,81.63999938964844,81.63999938964844,183700,ZBRA
2014-07-28,81.80000305175781,82.06999969482422,81.25,81.5,81.5,260800,ZBRA
2014-07-29,81.86000061035156,82.31999969482422,81.4000015258789,81.6500015258789,81.6500015258789,381500,ZBRA
2014-07-30,82.11000061035156,82.62000274658203,81.72000122070312,82.04000091552734,82.04000091552734,305600,ZBRA
2014-07-31,81.4000015258789,81.62999725341797,79.80999755859375,80.06999969482422,80.06999969482422,326400,ZBRA
2014-08-01,80.0199966430664,81.01000213623047,79.0199966430664,80.30999755859375,80.30999755859375,480900,ZBRA
2014-08-04,80.77999877929688,82.63999938964844,80.31999969482422,82.55000305175781,82.55000305175781,499300,ZBRA
2014-08-05,80.0,80.81999969482422,75.37000274658203,76.80999755859375,76.80999755859375,1542100,ZBRA
2014-08-06,76.52999877929688,76.69000244140625,75.37000274658203,75.9000015258789,75.9000015258789,444600,ZBRA
2014-08-07,75.9800033569336,76.41000366210938,74.43000030517578,74.68000030517578,74.68000030517578,387800,ZBRA
2014-08-08,74.68000030517578,75.30000305175781,74.29000091552734,75.1500015258789,75.1500015258789,315300,ZBRA
2014-08-11,75.36000061035156,75.36000061035156,74.01000213623047,74.27999877929688,74.27999877929688,383400,ZBRA
2014-08-12,74.0999984741211,74.7300033569336,72.9000015258789,73.9000015258789,73.9000015258789,475600,ZBRA
2014-08-13,73.87999725341797,74.95999908447266,73.69999694824219,74.7699966430664,74.7699966430664,336500,ZBRA
2014-08-14,75.04000091552734,75.5,74.36000061035156,74.47000122070312,74.47000122070312,408300,ZBRA
2014-08-15,74.91999816894531,75.45999908447266,74.44999694824219,75.13999938964844,75.13999938964844,284100,ZBRA
2014-08-18,75.27999877929688,76.76000213623047,75.27999877929688,76.70999908447266,76.70999908447266,344700,ZBRA
2014-08-19,76.97000122070312,78.0,76.91000366210938,77.83999633789062,77.83999633789062,438300,ZBRA
2014-08-20,77.83000183105469,78.22000122070312,77.2300033569336,77.51000213623047,77.51000213623047,226400,ZBRA
2014-08-21,77.6500015258789,77.6500015258789,76.7300033569336,77.3499984741211,77.3499984741211,235800,ZBRA
2014-08-22,77.4800033569336,77.4800033569336,76.41999816894531,77.0,77.0,243700,ZBRA
2014-08-25,77.61000061035156,77.61000061035156,76.98999786376953,77.2699966430664,77.2699966430664,163600,ZBRA
2014-08-26,77.2699966430664,77.56999969482422,75.76000213623047,77.05000305175781,77.05000305175781,210200,ZBRA
2014-08-27,77.0199966430664,77.5199966430664,76.48999786376953,77.44000244140625,77.44000244140625,227800,ZBRA
2014-08-28,77.19999694824219,77.97000122070312,76.76000213623047,77.72000122070312,77.72000122070312,244400,ZBRA
2014-08-29,77.98999786376953,78.41999816894531,77.72000122070312,78.02999877929688,78.02999877929688,154200,ZBRA
2014-09-02,77.93000030517578,78.44000244140625,76.81999969482422,77.70999908447266,77.70999908447266,744400,ZBRA
2014-09-03,78.12999725341797,78.12999725341797,76.41999816894531,76.55999755859375,76.55999755859375,320100,ZBRA
2014-09-04,76.51000213623047,77.30000305175781,74.7300033569336,75.01000213623047,75.01000213623047,372900,ZBRA
2014-09-05,75.0199966430664,76.08000183105469,74.56999969482422,75.54000091552734,75.54000091552734,260000,ZBRA
2014-09-08,74.83000183105469,75.06999969482422,73.1500015258789,74.04000091552734,74.04000091552734,513400,ZBRA
2014-09-09,74.12999725341797,74.75,73.80999755859375,73.98999786376953,73.98999786376953,341400,ZBRA
2014-09-10,74.08999633789062,74.69999694824219,73.63999938964844,74.2699966430664,74.2699966430664,253500,ZBRA
2014-09-11,73.68000030517578,75.30000305175781,73.37000274658203,74.98999786376953,74.98999786376953,324700,ZBRA
2014-09-12,74.66999816894531,75.05000305175781,73.83000183105469,74.19000244140625,74.19000244140625,269200,ZBRA
2014-09-15,74.04000091552734,74.2699966430664,73.16999816894531,73.5,73.5,252800,ZBRA
2014-09-16,73.5,75.12000274658203,73.2699966430664,74.7699966430664,74.7699966430664,379900,ZBRA
2014-09-17,75.05999755859375,75.97000122070312,73.93000030517578,74.54000091552734,74.54000091552734,311500,ZBRA
2014-09-18,74.86000061035156,75.83999633789062,74.52999877929688,75.41000366210938,75.41000366210938,282700,ZBRA
2014-09-19,75.47000122070312,75.4800033569336,73.79000091552734,74.08999633789062,74.08999633789062,423900,ZBRA
2014-09-22,73.76000213623047,74.30000305175781,73.13999938964844,73.55999755859375,73.55999755859375,374600,ZBRA
2014-09-23,73.29000091552734,74.62999725341797,73.04000091552734,73.79000091552734,73.79000091552734,401400,ZBRA
2014-09-24,73.5199966430664,74.20999908447266,73.20999908447266,73.9000015258789,73.9000015258789,400600,ZBRA
2014-09-25,73.8499984741211,73.88999938964844,72.0999984741211,72.33000183105469,72.33000183105469,361600,ZBRA
2014-09-26,72.7300033569336,73.80000305175781,72.45999908447266,73.7699966430664,73.7699966430664,343200,ZBRA
2014-09-29,72.83999633789062,72.87000274658203,71.70999908447266,71.72000122070312,71.72000122070312,699100,ZBRA
2014-09-30,71.69000244140625,71.91000366210938,70.27999877929688,70.97000122070312,70.97000122070312,600900,ZBRA
2014-10-01,70.7300033569336,71.12999725341797,68.13999938964844,68.20999908447266,68.20999908447266,573800,ZBRA
2014-10-02,67.97000122070312,68.41999816894531,65.37999725341797,66.98999786376953,66.98999786376953,1096100,ZBRA
2014-10-03,69.54000091552734,71.30000305175781,68.61000061035156,70.61000061035156,70.61000061035156,1176900,ZBRA
2014-10-06,71.0,71.31999969482422,69.98999786376953,70.01000213623047,70.01000213623047,398800,ZBRA
2014-10-07,69.56999969482422,69.5999984741211,68.19000244140625,68.20999908447266,68.20999908447266,485700,ZBRA
2014-10-08,67.87000274658203,68.38999938964844,66.55999755859375,67.56999969482422,67.56999969482422,941200,ZBRA
2014-10-09,67.22000122070312,67.66999816894531,66.37999725341797,66.47000122070312,66.47000122070312,384200,ZBRA
2014-10-10,66.3499984741211,66.41999816894531,64.55000305175781,64.61000061035156,64.61000061035156,464900,ZBRA
2014-10-13,64.52999877929688,64.93000030517578,62.34000015258789,62.470001220703125,62.470001220703125,516100,ZBRA
2014-10-14,62.91999816894531,63.54999923706055,60.619998931884766,60.79999923706055,60.79999923706055,1018300,ZBRA
2014-10-15,59.79999923706055,63.11000061035156,58.95000076293945,62.5099983215332,62.5099983215332,1211900,ZBRA
2014-10-16,61.36000061035156,64.23999786376953,61.36000061035156,63.970001220703125,63.970001220703125,960800,ZBRA
2014-10-17,64.91999816894531,66.48999786376953,64.44000244140625,66.0,66.0,651600,ZBRA
2014-10-20,65.44999694824219,66.94000244140625,65.37000274658203,66.27999877929688,66.27999877929688,528800,ZBRA
2014-10-21,66.45999908447266,68.0199966430664,66.45999908447266,67.91000366210938,67.91000366210938,631700,ZBRA
2014-10-22,68.2699966430664,68.36000061035156,67.02999877929688,67.12999725341797,67.12999725341797,441000,ZBRA
2014-10-23,67.97000122070312,69.43000030517578,67.48999786376953,69.02999877929688,69.02999877929688,419700,ZBRA
2014-10-24,69.08000183105469,69.41000366210938,68.58000183105469,69.30000305175781,69.30000305175781,251000,ZBRA
2014-10-27,68.68000030517578,69.76000213623047,68.62999725341797,69.6500015258789,69.6500015258789,331700,ZBRA
2014-10-28,70.12000274658203,71.5,70.0,71.33000183105469,71.33000183105469,331100,ZBRA
2014-10-29,71.45999908447266,71.7300033569336,70.73999786376953,71.2699966430664,71.2699966430664,315400,ZBRA
2014-10-30,71.13999938964844,71.95999908447266,70.98999786376953,71.16999816894531,71.16999816894531,455400,ZBRA
2014-10-31,72.4000015258789,74.05999755859375,71.48999786376953,73.75,73.75,562800,ZBRA
2014-11-03,74.44000244140625,74.93000030517578,73.43000030517578,73.87999725341797,73.87999725341797,833000,ZBRA
2014-11-04,73.58000183105469,74.13999938964844,69.51000213623047,72.77999877929688,72.77999877929688,1544000,ZBRA
2014-11-05,73.08000183105469,73.8499984741211,71.01000213623047,73.06999969482422,73.06999969482422,1475600,ZBRA
2014-11-06,73.04000091552734,74.30000305175781,72.9000015258789,73.87999725341797,73.87999725341797,816600,ZBRA
2014-11-07,73.7300033569336,74.44999694824219,72.13999938964844,72.58999633789062,72.58999633789062,507200,ZBRA
2014-11-10,72.44000244140625,73.20999908447266,72.41000366210938,72.9800033569336,72.9800033569336,318300,ZBRA
2014-11-11,73.05999755859375,73.26000213623047,71.51000213623047,72.2699966430664,72.2699966430664,293800,ZBRA
2014-11-12,72.05999755859375,72.63999938964844,71.51000213623047,71.93000030517578,71.93000030517578,333500,ZBRA
2014-11-13,71.86000061035156,72.0999984741211,70.37000274658203,70.61000061035156,70.61000061035156,496700,ZBRA
2014-11-14,70.5,71.20999908447266,69.94000244140625,70.69000244140625,70.69000244140625,559200,ZBRA
2014-11-17,70.83000183105469,71.29000091552734,70.22000122070312,70.7699966430664,70.7699966430664,379500,ZBRA
2014-11-18,70.7699966430664,72.30000305175781,70.7699966430664,71.44000244140625,71.44000244140625,315700,ZBRA
2014-11-19,71.26000213623047,71.26000213623047,69.9800033569336,70.19000244140625,70.19000244140625,381000,ZBRA
2014-11-20,69.91000366210938,70.3499984741211,69.45999908447266,69.83999633789062,69.83999633789062,349500,ZBRA
2014-11-21,73.94000244140625,74.5,72.29000091552734,72.55000305175781,72.55000305175781,581500,ZBRA
2014-11-24,72.63999938964844,73.06999969482422,72.02999877929688,72.43000030517578,72.43000030517578,356500,ZBRA
2014-11-25,72.7699966430664,73.30999755859375,71.9800033569336,73.0199966430664,73.0199966430664,497800,ZBRA
2014-11-26,73.0999984741211,73.36000061035156,72.76000213623047,73.08999633789062,73.08999633789062,277500,ZBRA
2014-11-28,72.9800033569336,73.69999694824219,72.48999786376953,73.1500015258789,73.1500015258789,242200,ZBRA
2014-12-01,73.0,73.51000213623047,71.2699966430664,72.9000015258789,72.9000015258789,536200,ZBRA
2014-12-02,73.25,75.27999877929688,72.62999725341797,75.1500015258789,75.1500015258789,582100,ZBRA
2014-12-03,75.58999633789062,77.25,75.1500015258789,77.08000183105469,77.08000183105469,852500,ZBRA
2014-12-04,76.8499984741211,77.11000061035156,75.91000366210938,76.55000305175781,76.55000305175781,454800,ZBRA
2014-12-05,76.9000015258789,77.27999877929688,76.18000030517578,76.48999786376953,76.48999786376953,379200,ZBRA
2014-12-08,76.23999786376953,76.94999694824219,74.87999725341797,75.27999877929688,75.27999877929688,311000,ZBRA
2014-12-09,74.22000122070312,76.25,73.63999938964844,76.16999816894531,76.16999816894531,471500,ZBRA
2014-12-10,75.95999908447266,77.01000213623047,75.0199966430664,75.4800033569336,75.4800033569336,444900,ZBRA
2014-12-11,76.0,76.43000030517578,75.5999984741211,75.83000183105469,75.83000183105469,448600,ZBRA
2014-12-12,74.9000015258789,75.5199966430664,74.05999755859375,74.08999633789062,74.08999633789062,365900,ZBRA
2014-12-15,74.69999694824219,75.4800033569336,73.7300033569336,74.66999816894531,74.66999816894531,716300,ZBRA
2014-12-16,74.12999725341797,75.1500015258789,72.5999984741211,75.01000213623047,75.01000213623047,746600,ZBRA
2014-12-17,74.72000122070312,76.41000366210938,74.72000122070312,76.18000030517578,76.18000030517578,451600,ZBRA
2014-12-18,77.2699966430664,78.01000213623047,76.88999938964844,77.94999694824219,77.94999694824219,409300,ZBRA
2014-12-19,78.08999633789062,78.75,77.58000183105469,78.0999984741211,78.0999984741211,749000,ZBRA
2014-12-22,78.27999877929688,78.94000244140625,77.68000030517578,78.3499984741211,78.3499984741211,239400,ZBRA
2014-12-23,78.98999786376953,79.11000061035156,77.8499984741211,78.08000183105469,78.08000183105469,308000,ZBRA
2014-12-24,78.02999877929688,78.79000091552734,77.4000015258789,78.33000183105469,78.33000183105469,120100,ZBRA
2014-12-26,78.58999633789062,78.9800033569336,77.91000366210938,78.0999984741211,78.0999984741211,242900,ZBRA
2014-12-29,78.0,78.29000091552734,77.47000122070312,78.05000305175781,78.05000305175781,158500,ZBRA
2014-12-30,77.68000030517578,78.88999938964844,77.55999755859375,78.31999969482422,78.31999969482422,286000,ZBRA
2014-12-31,78.33999633789062,78.80999755859375,77.37000274658203,77.41000366210938,77.41000366210938,282000,ZBRA
2015-01-02,77.98999786376953,78.41999816894531,76.05999755859375,77.43000030517578,77.43000030517578,411800,ZBRA
2015-01-05,76.69000244140625,77.0,75.73999786376953,76.33999633789062,76.33999633789062,420300,ZBRA
2015-01-06,76.27999877929688,76.27999877929688,74.4000015258789,75.79000091552734,75.79000091552734,527500,ZBRA
2015-01-07,76.37999725341797,78.13999938964844,75.51000213623047,77.72000122070312,77.72000122070312,467800,ZBRA
2015-01-08,78.66000366210938,79.80999755859375,78.58999633789062,79.37999725341797,79.37999725341797,324400,ZBRA
2015-01-09,79.45999908447266,80.79000091552734,78.83999633789062,80.54000091552734,80.54000091552734,561300,ZBRA
2015-01-12,80.38999938964844,81.36000061035156,80.38999938964844,80.66000366210938,80.66000366210938,638100,ZBRA
2015-01-13,80.9800033569336,83.22000122070312,80.9800033569336,82.54000091552734,82.54000091552734,856000,ZBRA
2015-01-14,81.41999816894531,82.4000015258789,80.43000030517578,81.2300033569336,81.2300033569336,376600,ZBRA
2015-01-15,81.3499984741211,83.01000213623047,80.2699966430664,81.27999877929688,81.27999877929688,675900,ZBRA
2015-01-16,81.0,83.0199966430664,80.8499984741211,82.91000366210938,82.91000366210938,474700,ZBRA
2015-01-20,83.25,83.83999633789062,81.2300033569336,82.1500015258789,82.1500015258789,328100,ZBRA
2015-01-21,81.80999755859375,82.97000122070312,81.22000122070312,82.7300033569336,82.7300033569336,259000,ZBRA
2015-01-22,83.04000091552734,85.05999755859375,81.44999694824219,84.95999908447266,84.95999908447266,594000,ZBRA
2015-01-23,84.6500015258789,85.0,84.0199966430664,84.19000244140625,84.19000244140625,371500,ZBRA
2015-01-26,84.16999816894531,84.91999816894531,82.94999694824219,84.54000091552734,84.54000091552734,372000,ZBRA
2015-01-27,83.52999877929688,84.69000244140625,82.93000030517578,84.61000061035156,84.61000061035156,355200,ZBRA
2015-01-28,85.19999694824219,85.66000366210938,84.05999755859375,84.18000030517578,84.18000030517578,387300,ZBRA
2015-01-29,84.36000061035156,84.36000061035156,82.30999755859375,83.66999816894531,83.66999816894531,381600,ZBRA
2015-01-30,83.12000274658203,83.98999786376953,82.55000305175781,83.45999908447266,83.45999908447266,500300,ZBRA
2015-02-02,83.58000183105469,84.08999633789062,82.12000274658203,84.06999969482422,84.06999969482422,493400,ZBRA
2015-02-03,84.31999969482422,86.69999694824219,84.0199966430664,86.62999725341797,86.62999725341797,394800,ZBRA
2015-02-04,86.01000213623047,86.62999725341797,85.7699966430664,86.5,86.5,463700,ZBRA
2015-02-05,86.80999755859375,88.11000061035156,86.04000091552734,86.95999908447266,86.95999908447266,908400,ZBRA
2015-02-06,86.63999938964844,87.44000244140625,86.16000366210938,87.1500015258789,87.1500015258789,446100,ZBRA
2015-02-09,86.91999816894531,88.16999816894531,86.45999908447266,87.43000030517578,87.43000030517578,504300,ZBRA
2015-02-10,88.27999877929688,88.27999877929688,87.44999694824219,88.08999633789062,88.08999633789062,343500,ZBRA
2015-02-11,88.0999984741211,88.36000061035156,87.55999755859375,88.2699966430664,88.2699966430664,309400,ZBRA
2015-02-12,88.9000015258789,89.9800033569336,88.55000305175781,89.47000122070312,89.47000122070312,426900,ZBRA
2015-02-13,89.75,90.69999694824219,88.76000213623047,90.52999877929688,90.52999877929688,333500,ZBRA
2015-02-17,90.87999725341797,91.0,89.0,89.48999786376953,89.48999786376953,404000,ZBRA
2015-02-18,89.02999877929688,90.80000305175781,89.02999877929688,89.54000091552734,89.54000091552734,510100,ZBRA
2015-02-19,89.56999969482422,90.66000366210938,89.19000244140625,89.73999786376953,89.73999786376953,421300,ZBRA
2015-02-20,89.4800033569336,91.12000274658203,88.54000091552734,91.0,91.0,324600,ZBRA
2015-02-23,90.79000091552734,91.5,89.83999633789062,91.48999786376953,91.48999786376953,267500,ZBRA
2015-02-24,91.81999969482422,92.4800033569336,90.8499984741211,92.4000015258789,92.4000015258789,339900,ZBRA
2015-02-25,92.0,92.27999877929688,91.05999755859375,91.58000183105469,91.58000183105469,304800,ZBRA
2015-02-26,91.7699966430664,92.1500015258789,91.1500015258789,91.76000213623047,91.76000213623047,225600,ZBRA
2015-02-27,92.16999816894531,92.44999694824219,90.30000305175781,91.05000305175781,91.05000305175781,327100,ZBRA
2015-03-02,90.41000366210938,91.94999694824219,90.41000366210938,91.80000305175781,91.80000305175781,368300,ZBRA
2015-03-03,91.79000091552734,91.81999969482422,90.69000244140625,91.36000061035156,91.36000061035156,195300,ZBRA
2015-03-04,90.83999633789062,91.44999694824219,90.43000030517578,91.02999877929688,91.02999877929688,274100,ZBRA
2015-03-05,91.37999725341797,91.45999908447266,90.62000274658203,91.16000366210938,91.16000366210938,186400,ZBRA
2015-03-06,90.81999969482422,91.43000030517578,89.26000213623047,89.62999725341797,89.62999725341797,368400,ZBRA
2015-03-09,89.5,90.04000091552734,88.47000122070312,89.4000015258789,89.4000015258789,504700,ZBRA
2015-03-10,88.51000213623047,89.04000091552734,87.56999969482422,87.80000305175781,87.80000305175781,236300,ZBRA
2015-03-11,87.66999816894531,88.22000122070312,86.76000213623047,88.0,88.0,777500,ZBRA
2015-03-12,88.0,88.48999786376953,87.76000213623047,87.81999969482422,87.81999969482422,356900,ZBRA
2015-03-13,87.56999969482422,88.33999633789062,86.6500015258789,87.70999908447266,87.70999908447266,532300,ZBRA
2015-03-16,88.61000061035156,90.06999969482422,88.19000244140625,88.9000015258789,88.9000015258789,710600,ZBRA
2015-03-17,86.0,88.41000366210938,84.16000366210938,85.9800033569336,85.9800033569336,1870200,ZBRA
2015-03-18,85.45999908447266,86.3499984741211,82.52999877929688,85.81999969482422,85.81999969482422,1289700,ZBRA
2015-03-19,85.27999877929688,86.33000183105469,84.7300033569336,86.06999969482422,86.06999969482422,825100,ZBRA
2015-03-20,86.29000091552734,88.23999786376953,85.80999755859375,88.16000366210938,88.16000366210938,850700,ZBRA
2015-03-23,88.16000366210938,92.43000030517578,88.16000366210938,92.25,92.25,892000,ZBRA
2015-03-24,90.87999725341797,92.16000366210938,90.11000061035156,90.98999786376953,90.98999786376953,723900,ZBRA
2015-03-25,91.47000122070312,92.12000274658203,88.02999877929688,88.19999694824219,88.19999694824219,448700,ZBRA
2015-03-26,87.66999816894531,87.66999816894531,85.58000183105469,86.38999938964844,86.38999938964844,516700,ZBRA
2015-03-27,86.13999938964844,87.81999969482422,85.4000015258789,87.41000366210938,87.41000366210938,370700,ZBRA
2015-03-30,87.77999877929688,88.98999786376953,87.41000366210938,88.0199966430664,88.0199966430664,239600,ZBRA
2015-03-31,90.6500015258789,90.88999938964844,89.73999786376953,90.72000122070312,90.72000122070312,578200,ZBRA
2015-04-01,90.62999725341797,90.62999725341797,87.9800033569336,89.55999755859375,89.55999755859375,339800,ZBRA
2015-04-02,89.41000366210938,90.80000305175781,89.05999755859375,89.33999633789062,89.33999633789062,223100,ZBRA
2015-04-06,88.80000305175781,91.83000183105469,88.41000366210938,91.72000122070312,91.72000122070312,585900,ZBRA
2015-04-07,92.1500015258789,93.88999938964844,92.1500015258789,92.58999633789062,92.58999633789062,601600,ZBRA
2015-04-08,92.81999969482422,94.5,91.88999938964844,94.37999725341797,94.37999725341797,649200,ZBRA
2015-04-09,94.55000305175781,95.56999969482422,93.58000183105469,95.5,95.5,460000,ZBRA
2015-04-10,95.76000213623047,96.2300033569336,95.25,95.45999908447266,95.45999908447266,219200,ZBRA
2015-04-13,95.43000030517578,95.55000305175781,94.0199966430664,94.12999725341797,94.12999725341797,229700,ZBRA
2015-04-14,94.19999694824219,95.12999725341797,93.88999938964844,95.05000305175781,95.05000305175781,278600,ZBRA
2015-04-15,95.47000122070312,96.5,95.11000061035156,95.80999755859375,95.80999755859375,423600,ZBRA
2015-04-16,95.91000366210938,96.70999908447266,95.55000305175781,96.51000213623047,96.51000213623047,337500,ZBRA
2015-04-17,96.06999969482422,96.23999786376953,94.41999816894531,95.52999877929688,95.52999877929688,275000,ZBRA
2015-04-20,95.62999725341797,96.55000305175781,95.47000122070312,96.12999725341797,96.12999725341797,208100,ZBRA
2015-04-21,96.56999969482422,97.38999938964844,96.0,96.95999908447266,96.95999908447266,230000,ZBRA
2015-04-22,96.98999786376953,97.30000305175781,95.81999969482422,97.08000183105469,97.08000183105469,208300,ZBRA
2015-04-23,96.91000366210938,98.12000274658203,96.86000061035156,97.9800033569336,97.9800033569336,205100,ZBRA
2015-04-24,98.0999984741211,98.29000091552734,96.63999938964844,96.69000244140625,96.69000244140625,208400,ZBRA
2015-04-27,97.30000305175781,97.62999725341797,94.4800033569336,94.80999755859375,94.80999755859375,291500,ZBRA
2015-04-28,94.55000305175781,95.63999938964844,93.30999755859375,95.2699966430664,95.2699966430664,303400,ZBRA
2015-04-29,95.12000274658203,95.19999694824219,93.12999725341797,94.16000366210938,94.16000366210938,369700,ZBRA
2015-04-30,93.45999908447266,94.13999938964844,91.31999969482422,92.08000183105469,92.08000183105469,404600,ZBRA
2015-05-01,91.66000366210938,93.11000061035156,91.26000213623047,92.5,92.5,359100,ZBRA
2015-05-04,92.69999694824219,93.1500015258789,91.69999694824219,92.02999877929688,92.02999877929688,289700,ZBRA
2015-05-05,91.62000274658203,91.93000030517578,89.91999816894531,90.48999786376953,90.48999786376953,369200,ZBRA
2015-05-06,90.69999694824219,90.69999694824219,89.19000244140625,89.68000030517578,89.68000030517578,309500,ZBRA
2015-05-07,89.68000030517578,91.47000122070312,89.38999938964844,91.2699966430664,91.2699966430664,353400,ZBRA
2015-05-08,92.44999694824219,93.2699966430664,91.6500015258789,92.77999877929688,92.77999877929688,372100,ZBRA
2015-05-11,93.0199966430664,93.76000213623047,92.1500015258789,93.05999755859375,93.05999755859375,477100,ZBRA
2015-05-12,92.16999816894531,93.79000091552734,92.0,93.66000366210938,93.66000366210938,556800,ZBRA
2015-05-13,98.41000366210938,107.08000183105469,98.12000274658203,106.75,106.75,2153500,ZBRA
2015-05-14,106.6500015258789,109.7699966430664,105.2699966430664,108.19999694824219,108.19999694824219,1066200,ZBRA
2015-05-15,108.05999755859375,109.75,108.05999755859375,109.48999786376953,109.48999786376953,651100,ZBRA
2015-05-18,109.5999984741211,111.44999694824219,109.3499984741211,109.73999786376953,109.73999786376953,639200,ZBRA
2015-05-19,109.80000305175781,110.80999755859375,109.30999755859375,109.66999816894531,109.66999816894531,443100,ZBRA
2015-05-20,109.75,110.81999969482422,108.87000274658203,108.9800033569336,108.9800033569336,594500,ZBRA
2015-05-21,109.0199966430664,109.8499984741211,107.33000183105469,109.33999633789062,109.33999633789062,487700,ZBRA
2015-05-22,109.33000183105469,110.30999755859375,108.68000030517578,109.6500015258789,109.6500015258789,264100,ZBRA
2015-05-26,109.37999725341797,109.37999725341797,107.4000015258789,107.98999786376953,107.98999786376953,318500,ZBRA
2015-05-27,108.0,108.0,106.61000061035156,107.2300033569336,107.2300033569336,708500,ZBRA
2015-05-28,107.2300033569336,109.68000030517578,107.08000183105469,109.4000015258789,109.4000015258789,344600,ZBRA
2015-05-29,110.27999877929688,111.11000061035156,109.63999938964844,109.63999938964844,109.63999938964844,458900,ZBRA
2015-06-01,110.29000091552734,111.18000030517578,109.27999877929688,110.33999633789062,110.33999633789062,354200,ZBRA
2015-06-02,109.77999877929688,114.81999969482422,108.79000091552734,114.08999633789062,114.08999633789062,856400,ZBRA
2015-06-03,114.8499984741211,115.20999908447266,114.0,114.06999969482422,114.06999969482422,515700,ZBRA
2015-06-04,113.94999694824219,114.51000213623047,112.80000305175781,113.47000122070312,113.47000122070312,274300,ZBRA
2015-06-05,113.51000213623047,114.3499984741211,112.37000274658203,114.29000091552734,114.29000091552734,336700,ZBRA
2015-06-08,114.30999755859375,114.76000213623047,112.38999938964844,112.94999694824219,112.94999694824219,305600,ZBRA
2015-06-09,113.0199966430664,113.0999984741211,110.2300033569336,112.4800033569336,112.4800033569336,334500,ZBRA
2015-06-10,112.80000305175781,115.91000366210938,112.80000305175781,115.68000030517578,115.68000030517578,554800,ZBRA
2015-06-11,116.06999969482422,116.91999816894531,114.70999908447266,115.56999969482422,115.56999969482422,374700,ZBRA
2015-06-12,114.25,115.55999755859375,114.04000091552734,114.6500015258789,114.6500015258789,195300,ZBRA
2015-06-15,114.08999633789062,114.36000061035156,112.20999908447266,114.26000213623047,114.26000213623047,215200,ZBRA
2015-06-16,115.0,116.0199966430664,113.30999755859375,113.68000030517578,113.68000030517578,274300,ZBRA
2015-06-17,113.83999633789062,114.91000366210938,112.56999969482422,112.97000122070312,112.97000122070312,260600,ZBRA
2015-06-18,113.0,115.52999877929688,112.51000213623047,115.2300033569336,115.2300033569336,590100,ZBRA
2015-06-19,115.66999816894531,116.8499984741211,114.62000274658203,116.58000183105469,116.58000183105469,603200,ZBRA
2015-06-22,117.0999984741211,118.51000213623047,115.13999938964844,118.19000244140625,118.19000244140625,468400,ZBRA
2015-06-23,118.70999908447266,119.47000122070312,116.30000305175781,117.91999816894531,117.91999816894531,445400,ZBRA
2015-06-24,117.81999969482422,118.0999984741211,115.16000366210938,115.43000030517578,115.43000030517578,280000,ZBRA
2015-06-25,115.41000366210938,115.41000366210938,113.0999984741211,114.70999908447266,114.70999908447266,329900,ZBRA
2015-06-26,114.66000366210938,115.26000213623047,112.36000061035156,113.0,113.0,460600,ZBRA
2015-06-29,112.2300033569336,113.31999969482422,108.88999938964844,109.0,109.0,510800,ZBRA
2015-06-30,109.55000305175781,112.11000061035156,109.55000305175781,111.05000305175781,111.05000305175781,725500,ZBRA
2015-07-01,112.62000274658203,115.44999694824219,112.12000274658203,112.80999755859375,112.80999755859375,418300,ZBRA
2015-07-02,113.3499984741211,113.5199966430664,110.55999755859375,112.43000030517578,112.43000030517578,361400,ZBRA
2015-07-06,111.62999725341797,112.86000061035156,110.33999633789062,111.83999633789062,111.83999633789062,307000,ZBRA
2015-07-07,112.19999694824219,112.43000030517578,109.4000015258789,112.31999969482422,112.31999969482422,285800,ZBRA
2015-07-08,111.69000244140625,112.05999755859375,108.12999725341797,108.47000122070312,108.47000122070312,416000,ZBRA
2015-07-09,109.62000274658203,110.06999969482422,108.26000213623047,108.44000244140625,108.44000244140625,419300,ZBRA
2015-07-10,109.66000366210938,109.9800033569336,106.6500015258789,109.75,109.75,573800,ZBRA
2015-07-13,111.16999816894531,111.55000305175781,110.16999816894531,110.51000213623047,110.51000213623047,332600,ZBRA
2015-07-14,110.8499984741211,114.43000030517578,110.7699966430664,114.05999755859375,114.05999755859375,410500,ZBRA
2015-07-15,114.61000061035156,114.61000061035156,111.76000213623047,111.98999786376953,111.98999786376953,300800,ZBRA
2015-07-16,113.16999816894531,114.63999938964844,112.41999816894531,114.0999984741211,114.0999984741211,269500,ZBRA
2015-07-17,114.41000366210938,114.88999938964844,112.0999984741211,114.18000030517578,114.18000030517578,376800,ZBRA
2015-07-20,115.0,117.0,114.56999969482422,115.37999725341797,115.37999725341797,439300,ZBRA
2015-07-21,115.45999908447266,116.2699966430664,114.31999969482422,114.52999877929688,114.52999877929688,412000,ZBRA
2015-07-22,114.13999938964844,114.75,113.0,113.70999908447266,113.70999908447266,371900,ZBRA
2015-07-23,114.11000061035156,115.7699966430664,112.7300033569336,112.8499984741211,112.8499984741211,268600,ZBRA
2015-07-24,112.97000122070312,113.9000015258789,110.4000015258789,110.88999938964844,110.88999938964844,279600,ZBRA
2015-07-27,109.51000213623047,109.73999786376953,103.5,106.62000274658203,106.62000274658203,739800,ZBRA
2015-07-28,106.66999816894531,108.16999816894531,106.0199966430664,107.51000213623047,107.51000213623047,407600,ZBRA
2015-07-29,107.51000213623047,107.69000244140625,105.61000061035156,106.30999755859375,106.30999755859375,469400,ZBRA
2015-07-30,105.63999938964844,106.7300033569336,104.69000244140625,105.97000122070312,105.97000122070312,370100,ZBRA
2015-07-31,106.70999908447266,107.77999877929688,105.80000305175781,107.62999725341797,107.62999725341797,393400,ZBRA
2015-08-03,107.75,107.75,104.30999755859375,105.68000030517578,105.68000030517578,353300,ZBRA
2015-08-04,105.44999694824219,106.76000213623047,104.43000030517578,105.18000030517578,105.18000030517578,395300,ZBRA
2015-08-05,105.5,107.62999725341797,105.33999633789062,105.88999938964844,105.88999938964844,422700,ZBRA
2015-08-06,106.29000091552734,106.30999755859375,103.5999984741211,104.19000244140625,104.19000244140625,434200,ZBRA
2015-08-07,104.11000061035156,106.26000213623047,103.27999877929688,106.08000183105469,106.08000183105469,466100,ZBRA
2015-08-10,107.7300033569336,110.45999908447266,106.70999908447266,110.04000091552734,110.04000091552734,754200,ZBRA
2015-08-11,96.5999984741211,96.73999786376953,81.01000213623047,83.80000305175781,83.80000305175781,4453300,ZBRA
2015-08-12,83.0,87.58999633789062,82.02999877929688,87.55999755859375,87.55999755859375,1978000,ZBRA
2015-08-13,86.81999969482422,88.52999877929688,85.30999755859375,86.73999786376953,86.73999786376953,900000,ZBRA
2015-08-14,86.73999786376953,89.26000213623047,85.76000213623047,89.18000030517578,89.18000030517578,1013600,ZBRA
2015-08-17,88.54000091552734,91.48999786376953,87.5999984741211,90.58999633789062,90.58999633789062,852700,ZBRA
2015-08-18,89.7300033569336,90.0,86.51000213623047,87.01000213623047,87.01000213623047,539000,ZBRA
2015-08-19,86.83999633789062,88.7300033569336,85.8499984741211,87.06999969482422,87.06999969482422,460000,ZBRA
2015-08-20,85.91000366210938,88.02999877929688,84.62999725341797,84.80999755859375,84.80999755859375,636900,ZBRA
2015-08-21,83.81999969482422,85.12000274658203,81.0999984741211,81.25,81.25,534800,ZBRA
2015-08-24,76.55000305175781,79.11000061035156,75.12999725341797,79.02999877929688,79.02999877929688,962700,ZBRA
2015-08-25,81.54000091552734,82.0,77.69999694824219,78.0,78.0,913800,ZBRA
2015-08-26,81.0,81.01000213623047,78.05000305175781,80.02999877929688,80.02999877929688,824200,ZBRA
2015-08-27,81.06999969482422,83.69999694824219,79.9800033569336,83.69999694824219,83.69999694824219,513100,ZBRA
2015-08-28,83.08999633789062,84.9000015258789,82.7699966430664,83.41999816894531,83.41999816894531,277800,ZBRA
2015-08-31,82.69999694824219,83.93000030517578,81.7699966430664,82.87999725341797,82.87999725341797,459800,ZBRA
2015-09-01,82.27999877929688,82.93000030517578,80.16000366210938,80.62000274658203,80.62000274658203,550600,ZBRA
2015-09-02,81.20999908447266,81.36000061035156,78.9000015258789,80.69000244140625,80.69000244140625,586800,ZBRA
2015-09-03,80.87000274658203,83.31999969482422,79.55000305175781,80.12999725341797,80.12999725341797,530000,ZBRA
2015-09-04,79.29000091552734,80.0999984741211,78.37000274658203,79.13999938964844,79.13999938964844,649600,ZBRA
2015-09-08,80.97000122070312,83.16000366210938,80.27999877929688,82.69000244140625,82.69000244140625,448900,ZBRA
2015-09-09,83.91000366210938,84.9800033569336,80.86000061035156,81.05000305175781,81.05000305175781,370200,ZBRA
2015-09-10,80.72000122070312,82.27999877929688,80.0199966430664,81.25,81.25,289600,ZBRA
2015-09-11,81.0,81.81999969482422,80.22000122070312,81.61000061035156,81.61000061035156,303200,ZBRA
2015-09-14,81.61000061035156,81.77999877929688,79.5999984741211,80.20999908447266,80.20999908447266,405100,ZBRA
2015-09-15,80.72000122070312,83.08999633789062,80.0,83.02999877929688,83.02999877929688,314600,ZBRA
2015-09-16,83.33999633789062,84.8499984741211,82.58000183105469,84.41000366210938,84.41000366210938,463700,ZBRA
2015-09-17,84.36000061035156,88.0199966430664,83.83999633789062,86.9000015258789,86.9000015258789,578600,ZBRA
2015-09-18,85.27999877929688,86.11000061035156,83.01000213623047,84.55999755859375,84.55999755859375,596300,ZBRA
2015-09-21,85.37999725341797,85.66999816894531,82.98999786376953,83.0,83.0,321100,ZBRA
2015-09-22,81.86000061035156,82.30000305175781,80.56999969482422,81.43000030517578,81.43000030517578,298400,ZBRA
2015-09-23,81.9000015258789,81.9000015258789,80.33999633789062,80.48999786376953,80.48999786376953,305100,ZBRA
2015-09-24,79.5,80.69999694824219,77.91999816894531,80.04000091552734,80.04000091552734,943500,ZBRA
2015-09-25,81.26000213623047,81.26000213623047,77.43000030517578,78.08000183105469,78.08000183105469,685000,ZBRA
2015-09-28,77.51000213623047,77.72000122070312,73.93000030517578,74.44000244140625,74.44000244140625,947600,ZBRA
2015-09-29,74.30999755859375,75.02999877929688,71.94999694824219,72.20999908447266,72.20999908447266,895000,ZBRA
2015-09-30,72.7300033569336,76.61000061035156,72.7300033569336,76.55000305175781,76.55000305175781,618800,ZBRA
2015-10-01,76.19999694824219,77.12000274658203,75.19999694824219,76.86000061035156,76.86000061035156,464900,ZBRA
2015-10-02,75.7300033569336,78.88999938964844,75.43000030517578,78.7300033569336,78.7300033569336,341500,ZBRA
2015-10-05,79.30000305175781,80.83000183105469,78.80999755859375,79.66000366210938,79.66000366210938,460600,ZBRA
2015-10-06,79.3499984741211,79.87999725341797,77.05000305175781,78.13999938964844,78.13999938964844,514400,ZBRA
2015-10-07,78.54000091552734,80.0999984741211,77.70999908447266,79.02999877929688,79.02999877929688,571000,ZBRA
2015-10-08,78.80000305175781,78.91999816894531,76.55999755859375,78.08999633789062,78.08999633789062,775500,ZBRA
2015-10-09,78.33999633789062,79.0199966430664,77.48999786376953,78.33000183105469,78.33000183105469,511400,ZBRA
2015-10-12,78.30000305175781,78.30999755859375,76.87000274658203,77.30999755859375,77.30999755859375,344900,ZBRA
2015-10-13,76.48999786376953,77.44999694824219,75.4800033569336,75.62000274658203,75.62000274658203,506500,ZBRA
2015-10-14,75.7699966430664,76.72000122070312,74.52999877929688,74.62999725341797,74.62999725341797,326700,ZBRA
2015-10-15,74.47000122070312,75.37000274658203,73.72000122070312,74.87000274658203,74.87000274658203,533900,ZBRA
2015-10-16,74.7699966430664,75.83000183105469,73.98999786376953,75.0,75.0,536400,ZBRA
2015-10-19,74.87999725341797,75.13999938964844,73.66000366210938,73.75,73.75,462500,ZBRA
2015-10-20,73.5999984741211,74.02999877929688,72.2300033569336,73.05000305175781,73.05000305175781,485800,ZBRA
2015-10-21,73.68000030517578,73.8499984741211,71.20999908447266,71.87000274658203,71.87000274658203,601500,ZBRA
2015-10-22,72.11000061035156,73.68000030517578,71.86000061035156,72.6500015258789,72.6500015258789,464000,ZBRA
2015-10-23,73.7300033569336,76.41000366210938,72.68000030517578,76.04000091552734,76.04000091552734,587100,ZBRA
2015-10-26,75.69999694824219,76.80000305175781,75.69999694824219,76.23999786376953,76.23999786376953,420100,ZBRA
2015-10-27,76.16000366210938,76.48999786376953,74.54000091552734,75.37000274658203,75.37000274658203,394300,ZBRA
2015-10-28,75.47000122070312,78.94999694824219,75.37999725341797,78.63999938964844,78.63999938964844,463600,ZBRA
2015-10-29,78.27999877929688,78.62000274658203,76.5999984741211,77.83999633789062,77.83999633789062,364100,ZBRA
2015-10-30,77.9800033569336,78.11000061035156,76.27999877929688,76.9000015258789,76.9000015258789,313900,ZBRA
2015-11-02,76.98999786376953,78.7699966430664,76.98999786376953,78.62000274658203,78.62000274658203,497200,ZBRA
2015-11-03,78.25,79.37999725341797,77.6500015258789,78.62000274658203,78.62000274658203,253300,ZBRA
2015-11-04,78.75,80.43000030517578,78.19999694824219,79.68000030517578,79.68000030517578,521800,ZBRA
2015-11-05,79.93000030517578,80.94999694824219,78.98999786376953,79.58999633789062,79.58999633789062,381700,ZBRA
2015-11-06,79.52999877929688,81.91000366210938,79.02999877929688,81.44999694824219,81.44999694824219,584300,ZBRA
2015-11-09,81.11000061035156,83.0199966430664,79.20999908447266,82.98999786376953,82.98999786376953,845000,ZBRA
2015-11-10,80.69000244140625,82.9000015258789,75.0199966430664,75.77999877929688,75.77999877929688,1518500,ZBRA
2015-11-11,77.80999755859375,78.47000122070312,74.48999786376953,75.30000305175781,75.30000305175781,491800,ZBRA
2015-11-12,75.56999969482422,75.95999908447266,70.91999816894531,71.04000091552734,71.04000091552734,675600,ZBRA
2015-11-13,71.16999816894531,71.2699966430664,67.4000015258789,67.70999908447266,67.70999908447266,919300,ZBRA
2015-11-16,68.5999984741211,72.72000122070312,68.58000183105469,72.19999694824219,72.19999694824219,1308600,ZBRA
2015-11-17,71.70999908447266,74.02999877929688,71.70999908447266,73.52999877929688,73.52999877929688,596800,ZBRA
2015-11-18,73.97000122070312,75.41999816894531,73.0999984741211,75.19000244140625,75.19000244140625,334100,ZBRA
2015-11-19,74.9000015258789,75.70999908447266,73.91000366210938,75.5199966430664,75.5199966430664,1155800,ZBRA
2015-11-20,75.86000061035156,76.73999786376953,74.75,74.88999938964844,74.88999938964844,303500,ZBRA
2015-11-23,74.51000213623047,75.70999908447266,74.12000274658203,75.41999816894531,75.41999816894531,320300,ZBRA
2015-11-24,75.06999969482422,78.19999694824219,74.0,77.83999633789062,77.83999633789062,431800,ZBRA
2015-11-25,77.6500015258789,78.88999938964844,77.16999816894531,78.56999969482422,78.56999969482422,292100,ZBRA
2015-11-27,78.55000305175781,78.55000305175781,77.13999938964844,77.72000122070312,77.72000122070312,175700,ZBRA
2015-11-30,77.68000030517578,80.4000015258789,77.68000030517578,80.19999694824219,80.19999694824219,436500,ZBRA
2015-12-01,80.30999755859375,81.0,79.36000061035156,79.88999938964844,79.88999938964844,329600,ZBRA
2015-12-02,79.9000015258789,79.9000015258789,77.87000274658203,78.05999755859375,78.05999755859375,370300,ZBRA
2015-12-03,78.26000213623047,78.80000305175781,76.69000244140625,77.22000122070312,77.22000122070312,391700,ZBRA
2015-12-04,77.37000274658203,78.2300033569336,76.9000015258789,77.62999725341797,77.62999725341797,482600,ZBRA
2015-12-07,77.3499984741211,78.13999938964844,75.61000061035156,76.1500015258789,76.1500015258789,648200,ZBRA
2015-12-08,75.20999908447266,76.19999694824219,74.94999694824219,75.51000213623047,75.51000213623047,526400,ZBRA
2015-12-09,75.16999816894531,77.7699966430664,74.33999633789062,74.63999938964844,74.63999938964844,569300,ZBRA
2015-12-10,74.63999938964844,76.56999969482422,74.63999938964844,75.88999938964844,75.88999938964844,560400,ZBRA
2015-12-11,74.8499984741211,74.86000061035156,72.41000366210938,72.52999877929688,72.52999877929688,864600,ZBRA
2015-12-14,72.81999969482422,74.12000274658203,68.2699966430664,68.7699966430664,68.7699966430664,1882600,ZBRA
2015-12-15,69.55999755859375,70.26000213623047,68.38999938964844,70.0,70.0,854200,ZBRA
2015-12-16,70.55999755859375,71.38999938964844,69.55999755859375,70.19999694824219,70.19999694824219,381900,ZBRA
2015-12-17,70.29000091552734,70.73999786376953,66.37000274658203,66.44999694824219,66.44999694824219,1157300,ZBRA
2015-12-18,65.58000183105469,66.1500015258789,63.91999816894531,64.41000366210938,64.41000366210938,1935800,ZBRA
2015-12-21,65.29000091552734,67.66999816894531,64.41000366210938,67.5999984741211,67.5999984741211,1680600,ZBRA
2015-12-22,67.3499984741211,69.83000183105469,66.62000274658203,69.66000366210938,69.66000366210938,1008300,ZBRA
2015-12-23,70.38999938964844,71.76000213623047,68.9000015258789,71.0199966430664,71.0199966430664,592500,ZBRA
2015-12-24,70.69999694824219,71.4800033569336,70.44000244140625,70.87000274658203,70.87000274658203,132300,ZBRA
2015-12-28,70.7699966430664,70.87999725341797,69.72000122070312,70.08999633789062,70.08999633789062,460800,ZBRA
2015-12-29,70.55999755859375,71.16999816894531,69.55000305175781,70.2699966430664,70.2699966430664,245800,ZBRA
2015-12-30,69.83999633789062,70.4000015258789,69.4000015258789,69.44999694824219,69.44999694824219,308700,ZBRA
2015-12-31,69.29000091552734,70.72000122070312,69.29000091552734,69.6500015258789,69.6500015258789,369200,ZBRA
2016-01-04,67.68000030517578,67.68000030517578,65.62000274658203,66.48999786376953,66.48999786376953,656200,ZBRA
2016-01-05,66.54000091552734,66.6500015258789,64.62000274658203,64.81999969482422,64.81999969482422,611300,ZBRA
2016-01-06,63.56999969482422,64.31999969482422,61.54999923706055,62.22999954223633,62.22999954223633,881900,ZBRA
2016-01-07,60.66999816894531,61.54999923706055,58.11000061035156,59.40999984741211,59.40999984741211,1210600,ZBRA
2016-01-08,59.79999923706055,59.97999954223633,58.970001220703125,59.25,59.25,1034700,ZBRA
2016-01-11,59.5,60.31999969482422,57.70000076293945,58.86000061035156,58.86000061035156,1034700,ZBRA
2016-01-12,59.56999969482422,60.279998779296875,58.36000061035156,59.849998474121094,59.849998474121094,561300,ZBRA
2016-01-13,59.970001220703125,60.7599983215332,56.33000183105469,56.5099983215332,56.5099983215332,614400,ZBRA
2016-01-14,56.810001373291016,59.04999923706055,55.939998626708984,57.83000183105469,57.83000183105469,780500,ZBRA
2016-01-15,56.0099983215332,56.900001525878906,54.88999938964844,56.54999923706055,56.54999923706055,1876300,ZBRA
2016-01-19,57.119998931884766,58.68000030517578,55.56999969482422,56.66999816894531,56.66999816894531,1211300,ZBRA
2016-01-20,55.58000183105469,59.83000183105469,55.5,57.25,57.25,1720000,ZBRA
2016-01-21,57.25,57.72999954223633,55.5,55.560001373291016,55.560001373291016,784600,ZBRA
2016-01-22,56.61000061035156,57.63999938964844,55.560001373291016,56.5,56.5,536000,ZBRA
2016-01-25,55.88999938964844,56.95000076293945,55.150001525878906,55.380001068115234,55.380001068115234,952800,ZBRA
2016-01-26,55.5,58.59000015258789,55.29999923706055,58.52000045776367,58.52000045776367,930700,ZBRA
2016-01-27,58.0,59.33000183105469,57.119998931884766,57.27000045776367,57.27000045776367,937700,ZBRA
2016-01-28,58.20000076293945,58.2400016784668,55.33000183105469,55.70000076293945,55.70000076293945,452700,ZBRA
2016-01-29,56.11000061035156,60.470001220703125,56.11000061035156,60.400001525878906,60.400001525878906,678300,ZBRA
2016-02-01,59.459999084472656,60.459999084472656,58.66999816894531,60.02000045776367,60.02000045776367,725700,ZBRA
2016-02-02,58.900001525878906,59.540000915527344,57.689998626708984,57.93000030517578,57.93000030517578,875300,ZBRA
2016-02-03,58.20000076293945,59.7400016784668,56.5,59.689998626708984,59.689998626708984,721700,ZBRA
2016-02-04,59.400001525878906,62.380001068115234,58.970001220703125,61.0099983215332,61.0099983215332,864500,ZBRA
2016-02-05,60.810001373291016,60.88999938964844,57.08000183105469,57.380001068115234,57.380001068115234,877100,ZBRA
2016-02-08,56.36000061035156,56.619998931884766,53.75,54.439998626708984,54.439998626708984,728400,ZBRA
2016-02-09,53.439998626708984,54.9900016784668,52.13999938964844,54.68000030517578,54.68000030517578,662600,ZBRA
2016-02-10,55.25,58.75,54.83000183105469,57.79999923706055,57.79999923706055,890200,ZBRA
2016-02-11,56.349998474121094,58.52000045776367,56.029998779296875,57.63999938964844,57.63999938964844,881100,ZBRA
2016-02-12,58.880001068115234,59.90999984741211,57.68000030517578,59.310001373291016,59.310001373291016,576300,ZBRA
2016-02-16,60.150001525878906,64.5999984741211,59.59000015258789,64.38999938964844,64.38999938964844,852200,ZBRA
2016-02-17,65.27999877929688,67.22000122070312,64.13999938964844,67.05000305175781,67.05000305175781,956100,ZBRA
2016-02-18,67.12000274658203,67.76000213623047,66.01000213623047,66.76000213623047,66.76000213623047,653200,ZBRA
2016-02-19,66.2699966430664,67.37999725341797,64.22000122070312,67.2699966430664,67.2699966430664,511700,ZBRA
2016-02-22,68.0999984741211,69.5199966430664,67.0999984741211,68.30999755859375,68.30999755859375,582300,ZBRA
2016-02-23,68.06999969482422,69.33000183105469,67.41999816894531,68.86000061035156,68.86000061035156,604000,ZBRA
2016-02-24,68.0999984741211,70.16999816894531,66.9800033569336,70.04000091552734,70.04000091552734,887000,ZBRA
2016-02-25,69.37000274658203,70.30000305175781,58.619998931884766,59.779998779296875,59.779998779296875,2665500,ZBRA
2016-02-26,59.65999984741211,60.189998626708984,58.22999954223633,59.529998779296875,59.529998779296875,1158800,ZBRA
2016-02-29,59.56999969482422,61.970001220703125,59.18000030517578,61.779998779296875,61.779998779296875,853400,ZBRA
2016-03-01,62.2599983215332,63.04999923706055,61.290000915527344,62.88999938964844,62.88999938964844,737500,ZBRA
2016-03-02,63.060001373291016,65.56999969482422,62.349998474121094,65.4800033569336,65.4800033569336,546800,ZBRA
2016-03-03,65.47000122070312,66.80999755859375,65.2699966430664,66.51000213623047,66.51000213623047,625400,ZBRA
2016-03-04,66.52999877929688,67.19000244140625,64.69999694824219,65.41000366210938,65.41000366210938,613800,ZBRA
2016-03-07,65.08000183105469,67.44999694824219,64.5199966430664,67.44000244140625,67.44000244140625,559100,ZBRA
2016-03-08,66.83999633789062,67.70999908447266,63.40999984741211,63.529998779296875,63.529998779296875,709700,ZBRA
2016-03-09,63.779998779296875,65.23999786376953,62.77000045776367,65.08999633789062,65.08999633789062,419200,ZBRA
2016-03-10,65.58000183105469,65.86000061035156,62.72999954223633,64.19000244140625,64.19000244140625,492100,ZBRA
2016-03-11,64.95999908447266,67.11000061035156,64.4000015258789,67.01000213623047,67.01000213623047,360300,ZBRA
2016-03-14,66.80000305175781,67.16000366210938,65.4000015258789,65.83000183105469,65.83000183105469,456600,ZBRA
2016-03-15,65.16999816894531,65.73999786376953,62.79999923706055,63.41999816894531,63.41999816894531,609200,ZBRA
2016-03-16,63.130001068115234,65.69000244140625,62.65999984741211,65.58000183105469,65.58000183105469,580600,ZBRA
2016-03-17,65.56999969482422,66.58000183105469,64.55000305175781,66.04000091552734,66.04000091552734,724600,ZBRA
2016-03-18,65.52999877929688,67.91999816894531,65.2300033569336,67.79000091552734,67.79000091552734,691100,ZBRA
2016-03-21,67.48999786376953,68.52999877929688,67.23999786376953,68.5199966430664,68.5199966430664,322300,ZBRA
2016-03-22,68.01000213623047,69.69999694824219,68.01000213623047,69.1500015258789,69.1500015258789,416300,ZBRA
2016-03-23,68.56999969482422,69.13999938964844,67.87999725341797,67.9000015258789,67.9000015258789,605300,ZBRA
2016-03-24,68.4800033569336,68.5,67.33000183105469,68.19000244140625,68.19000244140625,425500,ZBRA
2016-03-28,68.3499984741211,68.86000061035156,66.87999725341797,67.51000213623047,67.51000213623047,371200,ZBRA
2016-03-29,66.56999969482422,68.8499984741211,66.27999877929688,68.58999633789062,68.58999633789062,517100,ZBRA
2016-03-30,69.08999633789062,69.5,67.58000183105469,67.94999694824219,67.94999694824219,491000,ZBRA
2016-03-31,67.87000274658203,69.2699966430664,67.83999633789062,69.0,69.0,556800,ZBRA
2016-04-01,68.01000213623047,68.30000305175781,66.51000213623047,68.1500015258789,68.1500015258789,454800,ZBRA
2016-04-04,68.16999816894531,68.4000015258789,66.12000274658203,66.70999908447266,66.70999908447266,446900,ZBRA
2016-04-05,65.83999633789062,66.01000213623047,65.0199966430664,65.72000122070312,65.72000122070312,338600,ZBRA
2016-04-06,65.83999633789062,66.83999633789062,64.44000244140625,66.79000091552734,66.79000091552734,214000,ZBRA
2016-04-07,66.13999938964844,66.86000061035156,65.22000122070312,65.9800033569336,65.9800033569336,389300,ZBRA
2016-04-08,66.69000244140625,67.41000366210938,65.37999725341797,66.02999877929688,66.02999877929688,228800,ZBRA
2016-04-11,66.43000030517578,67.6500015258789,65.83999633789062,65.94999694824219,65.94999694824219,205600,ZBRA
2016-04-12,66.0,66.43000030517578,64.47000122070312,65.91000366210938,65.91000366210938,217000,ZBRA
2016-04-13,66.37000274658203,68.48999786376953,65.80000305175781,68.05999755859375,68.05999755859375,673800,ZBRA
2016-04-14,67.79000091552734,68.02999877929688,64.37999725341797,65.05999755859375,65.05999755859375,898100,ZBRA
2016-04-15,64.66000366210938,65.0199966430664,63.869998931884766,64.37000274658203,64.37000274658203,442200,ZBRA
2016-04-18,64.0999984741211,64.68000030517578,63.54999923706055,64.01000213623047,64.01000213623047,728900,ZBRA
2016-04-19,64.37999725341797,65.5,63.599998474121094,64.3499984741211,64.3499984741211,1148200,ZBRA
2016-04-20,64.27999877929688,65.0,64.0999984741211,64.47000122070312,64.47000122070312,1340700,ZBRA
2016-04-21,64.58999633789062,65.25,64.26000213623047,64.69999694824219,64.69999694824219,492200,ZBRA
2016-04-22,64.45999908447266,65.75,63.97999954223633,65.26000213623047,65.26000213623047,671000,ZBRA
2016-04-25,65.18000030517578,65.19999694824219,62.90999984741211,63.65999984741211,63.65999984741211,337600,ZBRA
2016-04-26,64.0199966430664,64.37999725341797,62.5,64.0999984741211,64.0999984741211,995600,ZBRA
2016-04-27,63.970001220703125,64.25,63.2599983215332,63.52000045776367,63.52000045776367,568800,ZBRA
2016-04-28,63.369998931884766,64.23999786376953,62.65999984741211,62.79999923706055,62.79999923706055,575100,ZBRA
2016-04-29,62.77000045776367,63.02000045776367,62.04999923706055,62.560001373291016,62.560001373291016,548800,ZBRA
2016-05-02,62.709999084472656,63.369998931884766,61.77000045776367,63.189998626708984,63.189998626708984,392400,ZBRA
2016-05-03,62.59000015258789,63.90999984741211,62.369998931884766,63.56999969482422,63.56999969482422,453600,ZBRA
2016-05-04,62.77000045776367,64.12000274658203,62.720001220703125,63.04999923706055,63.04999923706055,451100,ZBRA
2016-05-05,63.459999084472656,63.83000183105469,62.54999923706055,63.2400016784668,63.2400016784668,402500,ZBRA
2016-05-06,62.81999969482422,63.75,62.119998931884766,63.45000076293945,63.45000076293945,443300,ZBRA
2016-05-09,63.18000030517578,63.689998626708984,62.18000030517578,62.58000183105469,62.58000183105469,619100,ZBRA
2016-05-10,55.0099983215332,56.09000015258789,51.15999984741211,51.459999084472656,51.459999084472656,5280000,ZBRA
2016-05-11,51.11000061035156,53.7400016784668,50.900001525878906,51.41999816894531,51.41999816894531,2505200,ZBRA
2016-05-12,51.52000045776367,51.900001525878906,50.83000183105469,51.70000076293945,51.70000076293945,1169300,ZBRA
2016-05-13,51.369998931884766,51.95000076293945,50.380001068115234,50.38999938964844,50.38999938964844,670800,ZBRA
2016-05-16,50.63999938964844,51.15999984741211,49.599998474121094,49.84000015258789,49.84000015258789,1159300,ZBRA
2016-05-17,49.91999816894531,50.470001220703125,49.25,49.61000061035156,49.61000061035156,1040100,ZBRA
2016-05-18,49.41999816894531,50.45000076293945,49.41999816894531,49.9900016784668,49.9900016784668,1003700,ZBRA
2016-05-19,50.0,50.349998474121094,48.5099983215332,48.83000183105469,48.83000183105469,742800,ZBRA
2016-05-20,48.90999984741211,50.47999954223633,48.90999984741211,49.93000030517578,49.93000030517578,913800,ZBRA
2016-05-23,49.84000015258789,51.029998779296875,49.400001525878906,50.5,50.5,833600,ZBRA
2016-05-24,50.720001220703125,51.5,50.5,50.77000045776367,50.77000045776367,589500,ZBRA
2016-05-25,50.790000915527344,52.099998474121094,50.790000915527344,51.7599983215332,51.7599983215332,563000,ZBRA
2016-05-26,51.779998779296875,52.060001373291016,51.33000183105469,51.849998474121094,51.849998474121094,452200,ZBRA
2016-05-27,51.900001525878906,53.0,51.709999084472656,52.81999969482422,52.81999969482422,611300,ZBRA
2016-05-31,52.939998626708984,53.290000915527344,52.75,53.11000061035156,53.11000061035156,546800,ZBRA
2016-06-01,52.93000030517578,53.86000061035156,52.630001068115234,53.61000061035156,53.61000061035156,606800,ZBRA
2016-06-02,53.380001068115234,54.400001525878906,53.099998474121094,54.310001373291016,54.310001373291016,429200,ZBRA
2016-06-03,54.43000030517578,54.9900016784668,53.869998931884766,54.7599983215332,54.7599983215332,604300,ZBRA
2016-06-06,55.029998779296875,56.15999984741211,54.68000030517578,55.880001068115234,55.880001068115234,530900,ZBRA
2016-06-07,56.0,56.36000061035156,55.220001220703125,56.220001220703125,56.220001220703125,496700,ZBRA
2016-06-08,55.630001068115234,56.209999084472656,55.439998626708984,56.04999923706055,56.04999923706055,611700,ZBRA
2016-06-09,55.72999954223633,56.439998626708984,55.0,56.2599983215332,56.2599983215332,530200,ZBRA
2016-06-10,55.529998779296875,56.18000030517578,54.95000076293945,56.02000045776367,56.02000045776367,869400,ZBRA
2016-06-13,55.70000076293945,56.209999084472656,55.22999954223633,55.400001525878906,55.400001525878906,729400,ZBRA
2016-06-14,55.310001373291016,55.97999954223633,54.939998626708984,55.25,55.25,869700,ZBRA
2016-06-15,55.36000061035156,56.31999969482422,55.18000030517578,55.91999816894531,55.91999816894531,475300,ZBRA
2016-06-16,55.58000183105469,56.72999954223633,55.25,56.619998931884766,56.619998931884766,658200,ZBRA
2016-06-17,56.599998474121094,57.75,56.560001373291016,56.93000030517578,56.93000030517578,540900,ZBRA
2016-06-20,57.65999984741211,58.02000045776367,56.86000061035156,57.560001373291016,57.560001373291016,468100,ZBRA
2016-06-21,57.439998626708984,57.439998626708984,56.61000061035156,57.20000076293945,57.20000076293945,468800,ZBRA
2016-06-22,57.15999984741211,57.95000076293945,57.029998779296875,57.599998474121094,57.599998474121094,407500,ZBRA
2016-06-23,58.11000061035156,59.13999938964844,56.650001525878906,59.130001068115234,59.130001068115234,327200,ZBRA
2016-06-24,56.7400016784668,57.349998474121094,54.150001525878906,54.54999923706055,54.54999923706055,2037300,ZBRA
2016-06-27,53.400001525878906,53.630001068115234,49.16999816894531,49.61000061035156,49.61000061035156,2509800,ZBRA
2016-06-28,49.61000061035156,50.83000183105469,49.380001068115234,50.7599983215332,50.7599983215332,1299000,ZBRA
2016-06-29,50.97999954223633,52.310001373291016,48.84000015258789,49.540000915527344,49.540000915527344,1844100,ZBRA
2016-06-30,49.88999938964844,50.599998474121094,48.63999938964844,50.099998474121094,50.099998474121094,1017100,ZBRA
2016-07-01,50.0099983215332,50.7400016784668,49.29999923706055,49.81999969482422,49.81999969482422,757900,ZBRA
2016-07-05,49.5,49.959999084472656,47.0,47.61000061035156,47.61000061035156,994500,ZBRA
2016-07-06,47.47999954223633,47.59000015258789,46.130001068115234,46.93000030517578,46.93000030517578,1239900,ZBRA
2016-07-07,47.130001068115234,47.7400016784668,46.41999816894531,46.9900016784668,46.9900016784668,1104400,ZBRA
2016-07-08,47.529998779296875,48.040000915527344,47.2599983215332,47.880001068115234,47.880001068115234,743700,ZBRA
2016-07-11,48.31999969482422,48.86000061035156,48.04999923706055,48.22999954223633,48.22999954223633,469100,ZBRA
2016-07-12,48.56999969482422,50.209999084472656,48.56999969482422,49.689998626708984,49.689998626708984,688100,ZBRA
2016-07-13,49.689998626708984,50.720001220703125,48.779998779296875,49.189998626708984,49.189998626708984,451100,ZBRA
2016-07-14,49.61000061035156,50.349998474121094,49.34000015258789,49.380001068115234,49.380001068115234,684800,ZBRA
2016-07-15,49.400001525878906,50.130001068115234,49.130001068115234,49.9900016784668,49.9900016784668,754500,ZBRA
2016-07-18,50.13999938964844,50.599998474121094,49.72999954223633,50.5099983215332,50.5099983215332,449000,ZBRA
2016-07-19,50.209999084472656,51.150001525878906,49.959999084472656,50.04999923706055,50.04999923706055,436500,ZBRA
2016-07-20,50.13999938964844,51.31999969482422,50.0099983215332,51.25,51.25,588300,ZBRA
2016-07-21,51.099998474121094,51.90999984741211,50.439998626708984,50.630001068115234,50.630001068115234,420700,ZBRA
2016-07-22,50.5099983215332,51.560001373291016,50.06999969482422,51.209999084472656,51.209999084472656,317300,ZBRA
2016-07-25,51.0,51.95000076293945,50.93000030517578,51.68000030517578,51.68000030517578,487800,ZBRA
2016-07-26,51.68000030517578,52.91999816894531,51.68000030517578,52.650001525878906,52.650001525878906,554000,ZBRA
2016-07-27,53.0,53.720001220703125,52.41999816894531,52.970001220703125,52.970001220703125,660700,ZBRA
2016-07-28,52.88999938964844,53.189998626708984,52.58000183105469,53.0,53.0,326000,ZBRA
2016-07-29,53.0,53.33000183105469,52.529998779296875,53.0099983215332,53.0099983215332,368400,ZBRA
2016-08-01,53.209999084472656,53.70000076293945,52.84000015258789,53.540000915527344,53.540000915527344,488800,ZBRA
2016-08-02,53.7400016784668,53.900001525878906,52.31999969482422,52.5099983215332,52.5099983215332,508600,ZBRA
2016-08-03,52.77000045776367,56.040000915527344,52.77000045776367,55.88999938964844,55.88999938964844,997700,ZBRA
2016-08-04,56.0,56.72999954223633,55.40999984741211,56.599998474121094,56.599998474121094,753200,ZBRA
2016-08-05,56.7599983215332,57.88999938964844,56.20000076293945,57.43000030517578,57.43000030517578,722700,ZBRA
2016-08-08,57.43000030517578,58.150001525878906,57.119998931884766,57.9900016784668,57.9900016784668,778400,ZBRA
2016-08-09,63.9900016784668,64.68000030517578,60.56999969482422,62.81999969482422,62.81999969482422,1631900,ZBRA
2016-08-10,63.4900016784668,67.2699966430664,62.70000076293945,64.81999969482422,64.81999969482422,1824800,ZBRA
2016-08-11,64.83000183105469,65.19999694824219,63.529998779296875,64.93000030517578,64.93000030517578,1021600,ZBRA
2016-08-12,64.66000366210938,67.0,64.2699966430664,66.72000122070312,66.72000122070312,852400,ZBRA
2016-08-15,66.7300033569336,68.77999877929688,66.7300033569336,68.70999908447266,68.70999908447266,772800,ZBRA
2016-08-16,68.44000244140625,70.25,67.94000244140625,70.19000244140625,70.19000244140625,762700,ZBRA
2016-08-17,70.30000305175781,71.02999877929688,66.58000183105469,66.88999938964844,66.88999938964844,950200,ZBRA
2016-08-18,66.88999938964844,67.47000122070312,66.30000305175781,66.8499984741211,66.8499984741211,655200,ZBRA
2016-08-19,66.47000122070312,68.94999694824219,66.47000122070312,68.88999938964844,68.88999938964844,642100,ZBRA
2016-08-22,68.69000244140625,68.7699966430664,67.80999755859375,68.55000305175781,68.55000305175781,417200,ZBRA
2016-08-23,69.1500015258789,69.63999938964844,68.36000061035156,69.38999938964844,69.38999938964844,290100,ZBRA
2016-08-24,69.12999725341797,69.5199966430664,68.76000213623047,68.91999816894531,68.91999816894531,354800,ZBRA
2016-08-25,68.5199966430664,70.12000274658203,68.2300033569336,69.95999908447266,69.95999908447266,475700,ZBRA
2016-08-26,69.80000305175781,70.72000122070312,69.55000305175781,70.44999694824219,70.44999694824219,420800,ZBRA
2016-08-29,70.44999694824219,71.61000061035156,70.05000305175781,71.19000244140625,71.19000244140625,247300,ZBRA
2016-08-30,70.72000122070312,71.41999816894531,70.23999786376953,70.87000274658203,70.87000274658203,389100,ZBRA
2016-08-31,70.4800033569336,70.5199966430664,69.48999786376953,69.95999908447266,69.95999908447266,465100,ZBRA
2016-09-01,69.70999908447266,70.66000366210938,68.44000244140625,69.29000091552734,69.29000091552734,695000,ZBRA
2016-09-02,69.62000274658203,69.93000030517578,68.88999938964844,69.62999725341797,69.62999725341797,676000,ZBRA
2016-09-06,69.55999755859375,70.2300033569336,68.98999786376953,69.2300033569336,69.2300033569336,378300,ZBRA
2016-09-07,68.70999908447266,69.55000305175781,68.3499984741211,68.94999694824219,68.94999694824219,564800,ZBRA
2016-09-08,68.9800033569336,69.04000091552734,67.9800033569336,68.19000244140625,68.19000244140625,455700,ZBRA
2016-09-09,67.94999694824219,68.3499984741211,65.83000183105469,66.12000274658203,66.12000274658203,503100,ZBRA
2016-09-12,65.45999908447266,67.2699966430664,65.45999908447266,66.87999725341797,66.87999725341797,596200,ZBRA
2016-09-13,66.55999755859375,67.02999877929688,65.81999969482422,66.18000030517578,66.18000030517578,367800,ZBRA
2016-09-14,66.30000305175781,66.36000061035156,64.87000274658203,65.12000274658203,65.12000274658203,430400,ZBRA
2016-09-15,65.12999725341797,67.43000030517578,64.62000274658203,67.13999938964844,67.13999938964844,325000,ZBRA
2016-09-16,66.72000122070312,67.38999938964844,66.4000015258789,67.26000213623047,67.26000213623047,412500,ZBRA
2016-09-19,67.3499984741211,69.51000213623047,66.72000122070312,68.7699966430664,68.7699966430664,482100,ZBRA
2016-09-20,69.13999938964844,69.13999938964844,68.11000061035156,68.55999755859375,68.55999755859375,295100,ZBRA
2016-09-21,68.69999694824219,70.56999969482422,68.69999694824219,70.44000244140625,70.44000244140625,317700,ZBRA
2016-09-22,71.0,71.41999816894531,70.41000366210938,71.05999755859375,71.05999755859375,335400,ZBRA
2016-09-23,70.5999984741211,71.08999633789062,68.88999938964844,69.0,69.0,239600,ZBRA
2016-09-26,68.83999633789062,69.2300033569336,68.2699966430664,68.56999969482422,68.56999969482422,259500,ZBRA
2016-09-27,68.43000030517578,69.55000305175781,68.36000061035156,68.94999694824219,68.94999694824219,190600,ZBRA
2016-09-28,69.27999877929688,70.30000305175781,69.19000244140625,69.83999633789062,69.83999633789062,318000,ZBRA
2016-09-29,69.62000274658203,69.88999938964844,68.66999816894531,69.04000091552734,69.04000091552734,233500,ZBRA
2016-09-30,69.18000030517578,69.83000183105469,68.77999877929688,69.61000061035156,69.61000061035156,394900,ZBRA
2016-10-03,69.13999938964844,70.52999877929688,69.06999969482422,69.91999816894531,69.91999816894531,334300,ZBRA
2016-10-04,69.93000030517578,70.61000061035156,69.33999633789062,69.41000366210938,69.41000366210938,257600,ZBRA
2016-10-05,69.9800033569336,70.94999694824219,68.61000061035156,70.0,70.0,398300,ZBRA
2016-10-06,69.97000122070312,70.05999755859375,68.87999725341797,69.05999755859375,69.05999755859375,395400,ZBRA
2016-10-07,68.9000015258789,69.13999938964844,67.87000274658203,68.72000122070312,68.72000122070312,287300,ZBRA
2016-10-10,69.29000091552734,69.93000030517578,68.63999938964844,68.68000030517578,68.68000030517578,215500,ZBRA
2016-10-11,68.56999969482422,68.58000183105469,65.86000061035156,66.80999755859375,66.80999755859375,682900,ZBRA
2016-10-12,66.7300033569336,67.12999725341797,66.18000030517578,66.56999969482422,66.56999969482422,436900,ZBRA
2016-10-13,65.88999938964844,65.88999938964844,63.849998474121094,64.87999725341797,64.87999725341797,490300,ZBRA
2016-10-14,65.56999969482422,66.81999969482422,64.41000366210938,65.01000213623047,65.01000213623047,289400,ZBRA
2016-10-17,65.12999725341797,65.5,64.80000305175781,65.27999877929688,65.27999877929688,188500,ZBRA
2016-10-18,66.1500015258789,66.1500015258789,64.9000015258789,65.36000061035156,65.36000061035156,195300,ZBRA
2016-10-19,65.41999816894531,66.04000091552734,64.94000244140625,65.45999908447266,65.45999908447266,204900,ZBRA
2016-10-20,65.12000274658203,66.02999877929688,65.12000274658203,65.2699966430664,65.2699966430664,297500,ZBRA
2016-10-21,65.06999969482422,65.30999755859375,64.4800033569336,64.69999694824219,64.69999694824219,261500,ZBRA
2016-10-24,64.91000366210938,65.95999908447266,64.91000366210938,65.43000030517578,65.43000030517578,218700,ZBRA
2016-10-25,65.44999694824219,65.73999786376953,64.86000061035156,65.06999969482422,65.06999969482422,237600,ZBRA
2016-10-26,64.66999816894531,67.37999725341797,64.66999816894531,67.1500015258789,67.1500015258789,349800,ZBRA
2016-10-27,67.45999908447266,67.45999908447266,66.16999816894531,66.33000183105469,66.33000183105469,198600,ZBRA
2016-10-28,66.5,67.37999725341797,65.87999725341797,66.2699966430664,66.2699966430664,230900,ZBRA
2016-10-31,66.02999877929688,66.98999786376953,65.68000030517578,65.83999633789062,65.83999633789062,403900,ZBRA
2016-11-01,65.69999694824219,66.62999725341797,65.02999877929688,66.58000183105469,66.58000183105469,486800,ZBRA
2016-11-02,66.23999786376953,66.4800033569336,64.47000122070312,65.44999694824219,65.44999694824219,595200,ZBRA
2016-11-03,65.45999908447266,66.05999755859375,63.869998931884766,64.08000183105469,64.08000183105469,453400,ZBRA
2016-11-04,64.29000091552734,64.44000244140625,62.90999984741211,62.970001220703125,62.970001220703125,497400,ZBRA
2016-11-07,64.04000091552734,65.29000091552734,63.79999923706055,64.69000244140625,64.69000244140625,532700,ZBRA
2016-11-08,64.70999908447266,65.2699966430664,63.810001373291016,64.80999755859375,64.80999755859375,394500,ZBRA
2016-11-09,63.970001220703125,67.63999938964844,63.540000915527344,67.1500015258789,67.1500015258789,370200,ZBRA
2016-11-10,67.83999633789062,69.68000030517578,67.55000305175781,68.18000030517578,68.18000030517578,952900,ZBRA
2016-11-11,67.95999908447266,68.19999694824219,66.45999908447266,66.87999725341797,66.87999725341797,787000,ZBRA
2016-11-14,67.18000030517578,67.18000030517578,65.69000244140625,66.80999755859375,66.80999755859375,686600,ZBRA
2016-11-15,67.91999816894531,76.61000061035156,67.27999877929688,75.45999908447266,75.45999908447266,3211300,ZBRA
2016-11-16,75.4000015258789,75.87999725341797,72.22000122070312,72.94999694824219,72.94999694824219,1273200,ZBRA
2016-11-17,72.97000122070312,74.19000244140625,71.55000305175781,73.94000244140625,73.94000244140625,718200,ZBRA
2016-11-18,73.51000213623047,75.80000305175781,72.7300033569336,75.01000213623047,75.01000213623047,509600,ZBRA
2016-11-21,75.48999786376953,76.11000061035156,74.91999816894531,75.43000030517578,75.43000030517578,440600,ZBRA
2016-11-22,76.04000091552734,77.20999908447266,75.6500015258789,77.11000061035156,77.11000061035156,378700,ZBRA
2016-11-23,77.02999877929688,79.12000274658203,77.0,79.0999984741211,79.0999984741211,699600,ZBRA
2016-11-25,79.0999984741211,79.18000030517578,75.94000244140625,79.0999984741211,79.0999984741211,183900,ZBRA
2016-11-28,78.58999633789062,78.95999908447266,77.27999877929688,78.12000274658203,78.12000274658203,457800,ZBRA
2016-11-29,77.80000305175781,79.26000213623047,77.5199966430664,78.80999755859375,78.80999755859375,456000,ZBRA
2016-11-30,79.31999969482422,79.83999633789062,78.41999816894531,79.05000305175781,79.05000305175781,424900,ZBRA
2016-12-01,79.81999969482422,79.81999969482422,76.63999938964844,76.83999633789062,76.83999633789062,640800,ZBRA
2016-12-02,76.83000183105469,78.70999908447266,75.69999694824219,78.3499984741211,78.3499984741211,366100,ZBRA
2016-12-05,78.83999633789062,81.20999908447266,78.45999908447266,80.94000244140625,80.94000244140625,532700,ZBRA
2016-12-06,81.38999938964844,82.18000030517578,79.81999969482422,81.61000061035156,81.61000061035156,350900,ZBRA
2016-12-07,81.5,83.1500015258789,79.9800033569336,82.91999816894531,82.91999816894531,465600,ZBRA
2016-12-08,83.37999725341797,83.87000274658203,82.51000213623047,83.38999938964844,83.38999938964844,299600,ZBRA
2016-12-09,84.16000366210938,85.37999725341797,82.86000061035156,83.2699966430664,83.2699966430664,310200,ZBRA
2016-12-12,83.43000030517578,83.98999786376953,82.45999908447266,82.80000305175781,82.80000305175781,369100,ZBRA
2016-12-13,83.4000015258789,85.01000213623047,83.0,84.5,84.5,382200,ZBRA
2016-12-14,84.12999725341797,85.11000061035156,80.61000061035156,84.52999877929688,84.52999877929688,414500,ZBRA
2016-12-15,84.66999816894531,85.37000274658203,84.20999908447266,85.19999694824219,85.19999694824219,335000,ZBRA
2016-12-16,85.11000061035156,85.61000061035156,84.08999633789062,84.5199966430664,84.5199966430664,630600,ZBRA
2016-12-19,84.97000122070312,86.55000305175781,82.97000122070312,86.27999877929688,86.27999877929688,426400,ZBRA
2016-12-20,87.37999725341797,87.94999694824219,85.91000366210938,87.48999786376953,87.48999786376953,374900,ZBRA
2016-12-21,87.1500015258789,87.94000244140625,86.58999633789062,86.7699966430664,86.7699966430664,253900,ZBRA
2016-12-22,87.05000305175781,87.52999877929688,85.87999725341797,86.16999816894531,86.16999816894531,246700,ZBRA
2016-12-23,86.06999969482422,86.56999969482422,85.72000122070312,86.41999816894531,86.41999816894531,106200,ZBRA
2016-12-27,86.69000244140625,87.66999816894531,85.33000183105469,87.05000305175781,87.05000305175781,154300,ZBRA
2016-12-28,87.19000244140625,88.0,85.30999755859375,85.61000061035156,85.61000061035156,144000,ZBRA
2016-12-29,85.41000366210938,86.25,84.61000061035156,85.94000244140625,85.94000244140625,177400,ZBRA
2016-12-30,86.05999755859375,86.30000305175781,85.33000183105469,85.76000213623047,85.76000213623047,219800,ZBRA
2017-01-03,86.58000183105469,87.27999877929688,85.5999984741211,86.25,86.25,388200,ZBRA
2017-01-04,85.75,88.02999877929688,85.75,87.02999877929688,87.02999877929688,463200,ZBRA
2017-01-05,86.52999877929688,87.19999694824219,84.31999969482422,84.75,84.75,486600,ZBRA
2017-01-06,84.98999786376953,86.2300033569336,84.02999877929688,85.95999908447266,85.95999908447266,308300,ZBRA
2017-01-09,85.68000030517578,86.73999786376953,85.23999786376953,85.97000122070312,85.97000122070312,263300,ZBRA
2017-01-10,86.44999694824219,86.44999694824219,85.26000213623047,85.44000244140625,85.44000244140625,420500,ZBRA
2017-01-11,85.2300033569336,86.8499984741211,84.81999969482422,84.98999786376953,84.98999786376953,346100,ZBRA
2017-01-12,84.5199966430664,84.80000305175781,81.62999725341797,83.76000213623047,83.76000213623047,456500,ZBRA
2017-01-13,84.19000244140625,85.06999969482422,83.86000061035156,83.88999938964844,83.88999938964844,402400,ZBRA
2017-01-17,83.51000213623047,84.29000091552734,82.7300033569336,82.9800033569336,82.9800033569336,199500,ZBRA
2017-01-18,83.06999969482422,84.13999938964844,83.0199966430664,83.97000122070312,83.97000122070312,274800,ZBRA
2017-01-19,83.91000366210938,84.83000183105469,83.43000030517578,83.75,83.75,224700,ZBRA
2017-01-20,84.05999755859375,84.29000091552734,83.0999984741211,83.47000122070312,83.47000122070312,187000,ZBRA
2017-01-23,83.30999755859375,84.20999908447266,81.7300033569336,84.19000244140625,84.19000244140625,337900,ZBRA
2017-01-24,84.58999633789062,85.77999877929688,83.94000244140625,84.9800033569336,84.9800033569336,280200,ZBRA
2017-01-25,85.55000305175781,85.55000305175781,84.12999725341797,85.06999969482422,85.06999969482422,294100,ZBRA
2017-01-26,84.94000244140625,85.41999816894531,84.4800033569336,84.68000030517578,84.68000030517578,157400,ZBRA
2017-01-27,84.79000091552734,84.9800033569336,82.45999908447266,84.55999755859375,84.55999755859375,261300,ZBRA
2017-01-30,83.87999725341797,84.66999816894531,82.5,84.4800033569336,84.4800033569336,264400,ZBRA
2017-01-31,84.51000213623047,84.63999938964844,82.43000030517578,83.66999816894531,83.66999816894531,294000,ZBRA
2017-02-01,84.5,84.93000030517578,82.5199966430664,82.61000061035156,82.61000061035156,434600,ZBRA
2017-02-02,82.52999877929688,83.45999908447266,81.0199966430664,82.7699966430664,82.7699966430664,406700,ZBRA
2017-02-03,83.04000091552734,83.69000244140625,82.77999877929688,83.48999786376953,83.48999786376953,360300,ZBRA
2017-02-06,83.18000030517578,84.38999938964844,82.43000030517578,83.06999969482422,83.06999969482422,198100,ZBRA
2017-02-07,83.41000366210938,83.81999969482422,82.5,83.58000183105469,83.58000183105469,160100,ZBRA
2017-02-08,83.5,83.91000366210938,82.48999786376953,83.52999877929688,83.52999877929688,208500,ZBRA
2017-02-09,83.48999786376953,84.95999908447266,83.05000305175781,84.62999725341797,84.62999725341797,202400,ZBRA
2017-02-10,84.98999786376953,85.31999969482422,84.01000213623047,85.02999877929688,85.02999877929688,184700,ZBRA
2017-02-13,85.16000366210938,85.9800033569336,84.75,85.31999969482422,85.31999969482422,172500,ZBRA
2017-02-14,85.31999969482422,85.62999725341797,84.8499984741211,85.37000274658203,85.37000274658203,200800,ZBRA
2017-02-15,84.44999694824219,85.83000183105469,84.44999694824219,85.80999755859375,85.80999755859375,214000,ZBRA
2017-02-16,85.7300033569336,85.94999694824219,84.94000244140625,85.2300033569336,85.2300033569336,369700,ZBRA
2017-02-17,84.73999786376953,85.98999786376953,84.36000061035156,85.98999786376953,85.98999786376953,236400,ZBRA
2017-02-21,86.20999908447266,86.7699966430664,85.56999969482422,86.68000030517578,86.68000030517578,360500,ZBRA
2017-02-22,86.4800033569336,86.7699966430664,84.9000015258789,85.7300033569336,85.7300033569336,358200,ZBRA
2017-02-23,90.0,93.61000061035156,88.51000213623047,89.9000015258789,89.9000015258789,918900,ZBRA
2017-02-24,89.98999786376953,93.04000091552734,89.3499984741211,92.94000244140625,92.94000244140625,1079900,ZBRA
2017-02-27,93.0,93.0999984741211,91.7300033569336,92.38999938964844,92.38999938964844,648000,ZBRA
2017-02-28,92.01000213623047,92.44000244140625,90.69999694824219,90.70999908447266,90.70999908447266,424500,ZBRA
2017-03-01,91.37999725341797,91.91999816894531,90.2699966430664,90.70999908447266,90.70999908447266,602600,ZBRA
2017-03-02,90.58999633789062,90.58999633789062,88.2300033569336,88.9800033569336,88.9800033569336,390700,ZBRA
2017-03-03,89.01000213623047,90.0199966430664,88.61000061035156,89.3499984741211,89.3499984741211,250300,ZBRA
2017-03-06,89.19000244140625,89.19000244140625,88.13999938964844,88.44999694824219,88.44999694824219,248600,ZBRA
2017-03-07,88.2699966430664,89.22000122070312,87.9800033569336,88.0199966430664,88.0199966430664,315400,ZBRA
2017-03-08,88.0,88.86000061035156,86.45999908447266,88.30999755859375,88.30999755859375,335400,ZBRA
2017-03-09,87.95999908447266,89.11000061035156,87.77999877929688,88.58000183105469,88.58000183105469,218800,ZBRA
2017-03-10,88.88999938964844,89.44999694824219,88.38999938964844,89.27999877929688,89.27999877929688,223700,ZBRA
2017-03-13,89.5999984741211,89.95999908447266,88.58000183105469,89.2699966430664,89.2699966430664,154500,ZBRA
2017-03-14,88.88999938964844,89.41000366210938,87.98999786376953,88.93000030517578,88.93000030517578,200800,ZBRA
2017-03-15,89.55000305175781,91.43000030517578,87.91000366210938,90.88999938964844,90.88999938964844,440800,ZBRA
2017-03-16,90.45999908447266,92.06999969482422,90.0199966430664,91.30999755859375,91.30999755859375,327900,ZBRA
2017-03-17,91.63999938964844,92.0,90.2300033569336,90.75,90.75,435300,ZBRA
2017-03-20,90.76000213623047,91.2300033569336,89.91999816894531,90.06999969482422,90.06999969482422,180400,ZBRA
2017-03-21,90.37000274658203,90.97000122070312,85.87999725341797,86.1500015258789,86.1500015258789,365900,ZBRA
2017-03-22,85.97000122070312,87.05000305175781,85.0,86.86000061035156,86.86000061035156,285500,ZBRA
2017-03-23,86.66000366210938,87.86000061035156,86.30000305175781,86.87999725341797,86.87999725341797,195100,ZBRA
2017-03-24,87.22000122070312,87.79000091552734,86.06999969482422,86.7300033569336,86.7300033569336,172200,ZBRA
2017-03-27,85.91999816894531,87.05999755859375,84.31999969482422,86.5,86.5,217900,ZBRA
2017-03-28,86.91999816894531,88.86000061035156,86.30999755859375,88.58000183105469,88.58000183105469,284900,ZBRA
2017-03-29,88.62999725341797,88.9800033569336,87.56999969482422,88.83000183105469,88.83000183105469,257700,ZBRA
2017-03-30,88.80000305175781,90.47000122070312,88.80000305175781,89.55999755859375,89.55999755859375,312100,ZBRA
2017-03-31,89.69000244140625,91.52999877929688,89.11000061035156,91.25,91.25,313800,ZBRA
2017-04-03,91.16000366210938,92.11000061035156,90.83000183105469,91.43000030517578,91.43000030517578,429400,ZBRA
2017-04-04,91.25,92.4000015258789,90.93000030517578,91.68000030517578,91.68000030517578,350800,ZBRA
2017-04-05,92.06999969482422,92.79000091552734,90.30999755859375,90.61000061035156,90.61000061035156,562700,ZBRA
2017-04-06,90.5,93.2699966430664,90.16999816894531,92.7300033569336,92.7300033569336,222900,ZBRA
2017-04-07,92.16000366210938,92.95999908447266,91.8499984741211,92.12999725341797,92.12999725341797,318500,ZBRA
2017-04-10,92.08999633789062,93.29000091552734,91.58999633789062,92.12999725341797,92.12999725341797,156300,ZBRA
2017-04-11,91.79000091552734,92.18000030517578,90.72000122070312,91.93000030517578,91.93000030517578,211900,ZBRA
2017-04-12,91.76000213623047,92.61000061035156,88.6500015258789,88.70999908447266,88.70999908447266,314100,ZBRA
2017-04-13,88.55999755859375,89.12999725341797,86.81999969482422,87.33000183105469,87.33000183105469,323600,ZBRA
2017-04-17,88.0,88.94999694824219,87.2699966430664,88.87999725341797,88.87999725341797,236000,ZBRA
2017-04-18,88.81999969482422,90.0,88.41000366210938,89.88999938964844,89.88999938964844,197800,ZBRA
2017-04-19,90.13999938964844,90.54000091552734,89.7699966430664,90.41000366210938,90.41000366210938,232700,ZBRA
2017-04-20,90.76000213623047,91.37000274658203,90.55999755859375,90.81999969482422,90.81999969482422,271500,ZBRA
2017-04-21,90.83999633789062,91.13999938964844,89.75,90.97000122070312,90.97000122070312,214800,ZBRA
2017-04-24,91.91000366210938,93.22000122070312,91.12000274658203,93.0199966430664,93.0199966430664,304500,ZBRA
2017-04-25,93.30000305175781,96.0,93.30000305175781,95.04000091552734,95.04000091552734,358000,ZBRA
2017-04-26,95.37999725341797,96.54000091552734,93.6500015258789,93.83999633789062,93.83999633789062,245600,ZBRA
2017-04-27,94.26000213623047,95.2699966430664,93.37999725341797,94.16000366210938,94.16000366210938,291900,ZBRA
2017-04-28,94.12999725341797,94.54000091552734,93.11000061035156,94.2699966430664,94.2699966430664,309700,ZBRA
2017-05-01,94.56999969482422,96.26000213623047,93.86000061035156,94.8499984741211,94.8499984741211,273000,ZBRA
2017-05-02,95.33999633789062,95.43000030517578,92.81999969482422,93.86000061035156,93.86000061035156,284900,ZBRA
2017-05-03,93.22000122070312,94.02999877929688,92.66000366210938,93.94000244140625,93.94000244140625,202600,ZBRA
2017-05-04,94.16999816894531,94.36000061035156,92.77999877929688,94.29000091552734,94.29000091552734,209100,ZBRA
2017-05-05,94.61000061035156,96.6500015258789,94.33999633789062,96.55999755859375,96.55999755859375,315000,ZBRA
2017-05-08,96.69999694824219,96.94000244140625,94.62999725341797,96.69000244140625,96.69000244140625,414600,ZBRA
2017-05-09,99.0,99.0,96.5199966430664,98.44999694824219,98.44999694824219,957800,ZBRA
2017-05-10,97.45999908447266,100.19000244140625,97.1500015258789,98.87000274658203,98.87000274658203,578100,ZBRA
2017-05-11,98.27999877929688,99.43000030517578,97.19999694824219,99.0999984741211,99.0999984741211,315700,ZBRA
2017-05-12,98.94000244140625,99.7300033569336,98.3499984741211,99.63999938964844,99.63999938964844,229800,ZBRA
2017-05-15,99.7300033569336,100.98999786376953,99.68000030517578,100.69000244140625,100.69000244140625,357500,ZBRA
2017-05-16,101.0,101.0,99.7699966430664,100.5,100.5,290700,ZBRA
2017-05-17,99.27999877929688,99.36000061035156,96.7699966430664,98.11000061035156,98.11000061035156,440200,ZBRA
2017-05-18,97.56999969482422,99.0,96.5199966430664,98.11000061035156,98.11000061035156,293800,ZBRA
2017-05-19,98.77999877929688,99.27999877929688,98.12999725341797,98.4800033569336,98.4800033569336,266700,ZBRA
2017-05-22,99.06999969482422,103.77999877929688,98.94999694824219,103.68000030517578,103.68000030517578,655400,ZBRA
2017-05-23,104.27999877929688,104.27999877929688,101.6500015258789,102.27999877929688,102.27999877929688,305700,ZBRA
2017-05-24,102.05000305175781,104.47000122070312,102.0,104.41000366210938,104.41000366210938,341000,ZBRA
2017-05-25,105.0,107.2699966430664,104.51000213623047,106.30000305175781,106.30000305175781,427900,ZBRA
2017-05-26,106.05000305175781,106.5,105.0,105.91999816894531,105.91999816894531,237700,ZBRA
2017-05-30,105.55000305175781,107.1500015258789,105.01000213623047,106.7300033569336,106.7300033569336,274300,ZBRA
2017-05-31,105.05000305175781,105.94999694824219,102.0999984741211,104.33999633789062,104.33999633789062,565000,ZBRA
2017-06-01,105.06999969482422,108.2699966430664,104.4800033569336,108.13999938964844,108.13999938964844,493800,ZBRA
2017-06-02,108.33000183105469,108.76000213623047,107.37999725341797,107.75,107.75,346200,ZBRA
2017-06-05,108.04000091552734,108.36000061035156,105.80999755859375,105.9000015258789,105.9000015258789,273100,ZBRA
2017-06-06,105.02999877929688,106.18000030517578,105.02999877929688,105.23999786376953,105.23999786376953,308500,ZBRA
2017-06-07,105.79000091552734,106.83999633789062,104.91999816894531,106.56999969482422,106.56999969482422,431000,ZBRA
2017-06-08,106.5999984741211,108.19999694824219,106.02999877929688,108.02999877929688,108.02999877929688,438400,ZBRA
2017-06-09,108.11000061035156,109.30000305175781,104.44999694824219,106.08999633789062,106.08999633789062,526000,ZBRA
2017-06-12,105.43000030517578,105.58999633789062,101.75,104.13999938964844,104.13999938964844,437000,ZBRA
2017-06-13,105.19999694824219,105.44999694824219,104.02999877929688,104.77999877929688,104.77999877929688,297800,ZBRA
2017-06-14,105.52999877929688,105.52999877929688,102.18000030517578,103.0,103.0,330600,ZBRA
2017-06-15,101.69999694824219,104.44000244140625,101.01000213623047,104.4000015258789,104.4000015258789,283600,ZBRA
2017-06-16,103.91000366210938,105.52999877929688,102.88999938964844,104.30000305175781,104.30000305175781,682700,ZBRA
2017-06-19,105.16000366210938,106.4800033569336,104.79000091552734,106.0,106.0,519000,ZBRA
2017-06-20,105.8499984741211,106.54000091552734,105.30000305175781,105.83000183105469,105.83000183105469,326000,ZBRA
2017-06-21,106.19999694824219,106.4000015258789,104.68000030517578,105.1500015258789,105.1500015258789,295900,ZBRA
2017-06-22,104.94000244140625,105.94000244140625,103.69000244140625,105.08000183105469,105.08000183105469,320800,ZBRA
2017-06-23,105.44999694824219,106.5,104.38999938964844,105.25,105.25,572700,ZBRA
2017-06-26,105.58000183105469,106.62000274658203,103.68000030517578,104.19000244140625,104.19000244140625,223200,ZBRA
2017-06-27,104.25,105.44999694824219,101.30999755859375,101.43000030517578,101.43000030517578,226600,ZBRA
2017-06-28,101.76000213623047,102.66999816894531,100.7300033569336,102.0,102.0,351000,ZBRA
2017-06-29,102.05000305175781,102.38999938964844,99.08000183105469,100.2300033569336,100.2300033569336,645700,ZBRA
2017-06-30,100.63999938964844,101.66000366210938,99.73999786376953,100.5199966430664,100.5199966430664,457100,ZBRA
2017-07-03,100.91000366210938,101.19000244140625,99.01000213623047,99.69000244140625,99.69000244140625,169400,ZBRA
2017-07-05,99.7300033569336,100.4800033569336,98.61000061035156,99.86000061035156,99.86000061035156,351200,ZBRA
2017-07-06,99.33000183105469,99.79000091552734,97.83000183105469,98.66000366210938,98.66000366210938,341500,ZBRA
2017-07-07,99.19000244140625,100.5999984741211,97.8499984741211,99.8499984741211,99.8499984741211,321500,ZBRA
2017-07-10,99.66000366210938,100.2699966430664,99.06999969482422,100.02999877929688,100.02999877929688,322500,ZBRA
2017-07-11,100.0,101.83999633789062,99.52999877929688,100.66999816894531,100.66999816894531,443400,ZBRA
2017-07-12,101.58000183105469,102.22000122070312,100.4800033569336,100.5199966430664,100.5199966430664,262600,ZBRA
2017-07-13,100.51000213623047,101.01000213623047,99.94000244140625,100.18000030517578,100.18000030517578,274200,ZBRA
2017-07-14,100.43000030517578,102.26000213623047,100.3499984741211,102.0999984741211,102.0999984741211,250000,ZBRA
2017-07-17,102.3499984741211,102.79000091552734,100.62000274658203,100.72000122070312,100.72000122070312,173700,ZBRA
2017-07-18,100.8499984741211,101.19999694824219,99.7699966430664,100.5199966430664,100.5199966430664,224100,ZBRA
2017-07-19,100.52999877929688,101.20999908447266,99.94999694824219,100.62000274658203,100.62000274658203,294600,ZBRA
2017-07-20,100.70999908447266,100.77999877929688,99.70999908447266,100.0,100.0,288800,ZBRA
2017-07-21,100.18000030517578,100.18000030517578,98.41000366210938,98.83000183105469,98.83000183105469,313300,ZBRA
2017-07-24,98.8499984741211,100.68000030517578,98.8499984741211,100.31999969482422,100.31999969482422,306800,ZBRA
2017-07-25,100.7699966430664,100.7699966430664,99.61000061035156,100.22000122070312,100.22000122070312,583600,ZBRA
2017-07-26,100.38999938964844,101.06999969482422,99.86000061035156,100.05999755859375,100.05999755859375,217300,ZBRA
2017-07-27,100.58000183105469,103.12999725341797,100.54000091552734,102.7699966430664,102.7699966430664,414100,ZBRA
2017-07-28,102.5199966430664,103.69000244140625,101.44999694824219,102.76000213623047,102.76000213623047,388100,ZBRA
2017-07-31,102.8499984741211,103.12000274658203,101.69000244140625,101.72000122070312,101.72000122070312,267900,ZBRA
2017-08-01,102.0999984741211,102.25,101.0999984741211,101.1500015258789,101.1500015258789,265200,ZBRA
2017-08-02,101.29000091552734,101.29000091552734,97.0199966430664,97.75,97.75,424000,ZBRA
2017-08-03,97.4800033569336,98.0199966430664,95.87999725341797,95.97000122070312,95.97000122070312,302000,ZBRA
2017-08-04,96.0,97.4800033569336,95.58000183105469,96.19999694824219,96.19999694824219,407700,ZBRA
2017-08-07,96.27999877929688,97.55000305175781,94.77999877929688,97.25,97.25,782200,ZBRA
2017-08-08,99.0,107.3499984741211,98.5,106.6500015258789,106.6500015258789,1203800,ZBRA
2017-08-09,107.05999755859375,107.29000091552734,102.87999725341797,103.83999633789062,103.83999633789062,677200,ZBRA
2017-08-10,103.11000061035156,104.98999786376953,102.04000091552734,102.5,102.5,420400,ZBRA
2017-08-11,102.47000122070312,105.16000366210938,102.23999786376953,103.48999786376953,103.48999786376953,365000,ZBRA
2017-08-14,105.52999877929688,105.52999877929688,103.16000366210938,103.19000244140625,103.19000244140625,376700,ZBRA
2017-08-15,103.55999755859375,107.1500015258789,101.37999725341797,106.0999984741211,106.0999984741211,555100,ZBRA
2017-08-16,106.1500015258789,108.98999786376953,105.69000244140625,106.44000244140625,106.44000244140625,508800,ZBRA
2017-08-17,106.12000274658203,106.12000274658203,103.02999877929688,103.06999969482422,103.06999969482422,254100,ZBRA
2017-08-18,102.54000091552734,103.79000091552734,101.91999816894531,102.91999816894531,102.91999816894531,258400,ZBRA
2017-08-21,102.94000244140625,103.72000122070312,102.1500015258789,102.19999694824219,102.19999694824219,428200,ZBRA
2017-08-22,102.91999816894531,103.9000015258789,102.30999755859375,103.29000091552734,103.29000091552734,213100,ZBRA
2017-08-23,102.69999694824219,104.04000091552734,102.69000244140625,102.93000030517578,102.93000030517578,171700,ZBRA
2017-08-24,103.0,103.5999984741211,102.25,102.4800033569336,102.4800033569336,252800,ZBRA
2017-08-25,103.01000213623047,103.48999786376953,102.5999984741211,102.7699966430664,102.7699966430664,193000,ZBRA
2017-08-28,102.80000305175781,103.30999755859375,102.55999755859375,102.81999969482422,102.81999969482422,273800,ZBRA
2017-08-29,102.19999694824219,102.5999984741211,101.16999816894531,101.58999633789062,101.58999633789062,272300,ZBRA
2017-08-30,101.7300033569336,102.38999938964844,101.37000274658203,101.9800033569336,101.9800033569336,239200,ZBRA
2017-08-31,102.0199966430664,103.37000274658203,101.72000122070312,103.08999633789062,103.08999633789062,255900,ZBRA
2017-09-01,103.38999938964844,104.54000091552734,102.79000091552734,104.18000030517578,104.18000030517578,206500,ZBRA
2017-09-05,104.19999694824219,104.37999725341797,99.87000274658203,100.73999786376953,100.73999786376953,242000,ZBRA
2017-09-06,100.87000274658203,101.56999969482422,100.02999877929688,100.8499984741211,100.8499984741211,295900,ZBRA
2017-09-07,101.12000274658203,101.12000274658203,100.12000274658203,100.75,100.75,201300,ZBRA
2017-09-08,100.38999938964844,100.72000122070312,99.58999633789062,99.76000213623047,99.76000213623047,155100,ZBRA
2017-09-11,100.98999786376953,103.5,100.91000366210938,103.12999725341797,103.12999725341797,280100,ZBRA
2017-09-12,103.69000244140625,104.30000305175781,102.18000030517578,103.44999694824219,103.44999694824219,187400,ZBRA
2017-09-13,102.81999969482422,104.36000061035156,102.4000015258789,104.19999694824219,104.19999694824219,403600,ZBRA
2017-09-14,104.2699966430664,105.5199966430664,103.51000213623047,105.4800033569336,105.4800033569336,361600,ZBRA
2017-09-15,105.5,105.9800033569336,104.75,105.81999969482422,105.81999969482422,417100,ZBRA
2017-09-18,106.04000091552734,108.13999938964844,105.9000015258789,108.04000091552734,108.04000091552734,507400,ZBRA
2017-09-19,108.12000274658203,108.9800033569336,107.4800033569336,108.16000366210938,108.16000366210938,370600,ZBRA
2017-09-20,108.38999938964844,108.38999938964844,106.41999816894531,106.86000061035156,106.86000061035156,342100,ZBRA
2017-09-21,107.04000091552734,108.76000213623047,106.55999755859375,107.68000030517578,107.68000030517578,242800,ZBRA
2017-09-22,107.30000305175781,109.19000244140625,106.7699966430664,108.91000366210938,108.91000366210938,179100,ZBRA
2017-09-25,108.41000366210938,108.44999694824219,106.45999908447266,106.69000244140625,106.69000244140625,250100,ZBRA
2017-09-26,106.69999694824219,107.75,105.94000244140625,106.16000366210938,106.16000366210938,350900,ZBRA
2017-09-27,106.81999969482422,107.44000244140625,105.7699966430664,106.76000213623047,106.76000213623047,306700,ZBRA
2017-09-28,106.72000122070312,109.88999938964844,106.26000213623047,109.04000091552734,109.04000091552734,315600,ZBRA
2017-09-29,108.95999908447266,109.68000030517578,107.11000061035156,108.58000183105469,108.58000183105469,269400,ZBRA
2017-10-02,108.4800033569336,111.2300033569336,108.41000366210938,109.87999725341797,109.87999725341797,393000,ZBRA
2017-10-03,109.91000366210938,111.11000061035156,109.36000061035156,110.80000305175781,110.80000305175781,542100,ZBRA
2017-10-04,111.0,112.52999877929688,110.94000244140625,111.4000015258789,111.4000015258789,348100,ZBRA
2017-10-05,111.66000366210938,112.05999755859375,110.80999755859375,111.0199966430664,111.0199966430664,183800,ZBRA
2017-10-06,110.30000305175781,111.62000274658203,110.01000213623047,110.76000213623047,110.76000213623047,272700,ZBRA
2017-10-09,110.98999786376953,110.98999786376953,109.79000091552734,109.91000366210938,109.91000366210938,109000,ZBRA
2017-10-10,110.63999938964844,110.63999938964844,108.9800033569336,110.2699966430664,110.2699966430664,146000,ZBRA
2017-10-11,110.62999725341797,111.36000061035156,110.20999908447266,111.30000305175781,111.30000305175781,272800,ZBRA
2017-10-12,111.29000091552734,111.36000061035156,109.98999786376953,110.08999633789062,110.08999633789062,170500,ZBRA
2017-10-13,110.66000366210938,110.66000366210938,109.58999633789062,109.79000091552734,109.79000091552734,162600,ZBRA
2017-10-16,110.1500015258789,110.5199966430664,109.5999984741211,110.16000366210938,110.16000366210938,291800,ZBRA
2017-10-17,109.86000061035156,110.94000244140625,109.12000274658203,110.87999725341797,110.87999725341797,127700,ZBRA
2017-10-18,111.47000122070312,113.12000274658203,111.1500015258789,112.76000213623047,112.76000213623047,217700,ZBRA
2017-10-19,112.06999969482422,112.62999725341797,110.56999969482422,112.12999725341797,112.12999725341797,170200,ZBRA
2017-10-20,112.55999755859375,112.66999816894531,111.2300033569336,111.37999725341797,111.37999725341797,182300,ZBRA
2017-10-23,111.18000030517578,111.68000030517578,110.41999816894531,111.45999908447266,111.45999908447266,119900,ZBRA
2017-10-24,111.77999877929688,112.31999969482422,111.33999633789062,111.77999877929688,111.77999877929688,174700,ZBRA
2017-10-25,111.77999877929688,112.48999786376953,110.12000274658203,110.80000305175781,110.80000305175781,202300,ZBRA
2017-10-26,111.05000305175781,111.7699966430664,110.20999908447266,111.4800033569336,111.4800033569336,206600,ZBRA
2017-10-27,111.48999786376953,111.97000122070312,110.55999755859375,111.61000061035156,111.61000061035156,225300,ZBRA
2017-10-30,111.4000015258789,111.7300033569336,109.79000091552734,110.47000122070312,110.47000122070312,192700,ZBRA
2017-10-31,114.05000305175781,117.44000244140625,113.81999969482422,115.98999786376953,115.98999786376953,498400,ZBRA
2017-11-01,117.05000305175781,117.05000305175781,113.12000274658203,113.7699966430664,113.7699966430664,265100,ZBRA
2017-11-02,113.5999984741211,114.6500015258789,111.26000213623047,112.69999694824219,112.69999694824219,206100,ZBRA
2017-11-03,113.12999725341797,114.4000015258789,112.2699966430664,114.33000183105469,114.33000183105469,378400,ZBRA
2017-11-06,114.23999786376953,116.41000366210938,113.41999816894531,115.79000091552734,115.79000091552734,596200,ZBRA
2017-11-07,110.5999984741211,114.52999877929688,106.37000274658203,109.30999755859375,109.30999755859375,1279200,ZBRA
2017-11-08,110.19000244140625,111.19999694824219,106.41999816894531,106.61000061035156,106.61000061035156,795300,ZBRA
2017-11-09,106.30000305175781,106.30000305175781,103.12000274658203,104.43000030517578,104.43000030517578,406200,ZBRA
2017-11-10,104.44000244140625,104.9800033569336,102.62000274658203,104.41999816894531,104.41999816894531,321000,ZBRA
2017-11-13,103.66999816894531,105.48999786376953,102.76000213623047,104.94000244140625,104.94000244140625,335600,ZBRA
2017-11-14,104.97000122070312,105.48999786376953,104.16000366210938,104.98999786376953,104.98999786376953,345400,ZBRA
2017-11-15,104.16999816894531,105.06999969482422,103.0199966430664,104.33999633789062,104.33999633789062,244300,ZBRA
2017-11-16,104.69000244140625,108.02999877929688,104.69000244140625,107.86000061035156,107.86000061035156,391900,ZBRA
2017-11-17,107.30000305175781,109.83000183105469,106.5,108.76000213623047,108.76000213623047,471000,ZBRA
2017-11-20,109.25,109.52999877929688,107.9000015258789,108.88999938964844,108.88999938964844,318500,ZBRA
2017-11-21,109.29000091552734,109.97000122070312,108.56999969482422,108.7699966430664,108.7699966430664,284400,ZBRA
2017-11-22,108.83999633789062,110.4000015258789,108.0,108.55999755859375,108.55999755859375,225100,ZBRA
2017-11-24,108.79000091552734,109.98999786376953,108.62999725341797,109.12999725341797,109.12999725341797,82800,ZBRA
2017-11-27,109.31999969482422,109.88999938964844,108.25,108.7300033569336,108.7300033569336,200100,ZBRA
2017-11-28,108.77999877929688,109.5199966430664,108.26000213623047,109.33999633789062,109.33999633789062,189700,ZBRA
2017-11-29,111.62999725341797,112.38999938964844,108.58000183105469,109.43000030517578,109.43000030517578,319500,ZBRA
2017-11-30,110.05999755859375,110.7699966430664,109.36000061035156,110.31999969482422,110.31999969482422,221900,ZBRA
2017-12-01,110.33000183105469,110.8499984741211,108.44999694824219,110.36000061035156,110.36000061035156,350900,ZBRA
2017-12-04,111.43000030517578,111.69999694824219,109.41000366210938,109.51000213623047,109.51000213623047,360400,ZBRA
2017-12-05,109.31999969482422,110.12999725341797,107.13999938964844,107.36000061035156,107.36000061035156,266000,ZBRA
2017-12-06,106.93000030517578,108.12000274658203,105.25,105.30999755859375,105.30999755859375,314500,ZBRA
2017-12-07,105.76000213623047,108.16999816894531,105.72000122070312,107.66999816894531,107.66999816894531,341800,ZBRA
2017-12-08,108.44000244140625,108.9800033569336,107.4000015258789,107.91000366210938,107.91000366210938,174200,ZBRA
2017-12-11,107.94999694824219,108.38999938964844,107.62999725341797,107.70999908447266,107.70999908447266,180000,ZBRA
2017-12-12,107.75,108.29000091552734,106.33000183105469,106.43000030517578,106.43000030517578,253300,ZBRA
2017-12-13,106.69999694824219,107.20999908447266,105.75,105.98999786376953,105.98999786376953,176700,ZBRA
2017-12-14,105.87000274658203,107.01000213623047,103.87999725341797,104.13999938964844,104.13999938964844,239600,ZBRA
2017-12-15,104.41000366210938,105.37999725341797,101.48999786376953,101.83000183105469,101.83000183105469,763600,ZBRA
2017-12-18,102.62000274658203,104.52999877929688,102.62000274658203,103.6500015258789,103.6500015258789,325800,ZBRA
2017-12-19,103.7300033569336,104.97000122070312,103.7300033569336,103.93000030517578,103.93000030517578,238000,ZBRA
2017-12-20,104.7699966430664,106.66000366210938,104.11000061035156,106.37999725341797,106.37999725341797,486000,ZBRA
2017-12-21,106.5999984741211,106.94000244140625,105.58999633789062,106.52999877929688,106.52999877929688,372100,ZBRA
2017-12-22,106.2699966430664,106.72000122070312,104.27999877929688,105.1500015258789,105.1500015258789,138300,ZBRA
2017-12-26,104.88999938964844,105.3499984741211,104.26000213623047,104.79000091552734,104.79000091552734,157300,ZBRA
2017-12-27,104.7699966430664,105.88999938964844,104.7699966430664,104.94999694824219,104.94999694824219,106100,ZBRA
2017-12-28,105.12999725341797,105.19000244140625,103.66000366210938,104.27999877929688,104.27999877929688,119000,ZBRA
2017-12-29,104.33000183105469,104.94000244140625,103.27999877929688,103.80000305175781,103.80000305175781,159500,ZBRA
2018-01-02,104.0999984741211,105.13999938964844,102.75,103.70999908447266,103.70999908447266,310600,ZBRA
2018-01-03,103.7300033569336,106.25,103.4800033569336,105.7699966430664,105.7699966430664,253000,ZBRA
2018-01-04,106.16999816894531,108.11000061035156,105.83999633789062,107.86000061035156,107.86000061035156,435200,ZBRA
2018-01-05,108.05999755859375,109.94999694824219,108.01000213623047,109.54000091552734,109.54000091552734,301800,ZBRA
2018-01-08,109.7300033569336,111.4000015258789,109.56999969482422,110.62999725341797,110.62999725341797,218600,ZBRA
2018-01-09,111.33999633789062,114.44000244140625,111.33999633789062,114.0199966430664,114.0199966430664,355400,ZBRA
2018-01-10,113.45999908447266,114.98999786376953,113.18000030517578,114.77999877929688,114.77999877929688,403000,ZBRA
2018-01-11,114.94999694824219,121.29000091552734,114.29000091552734,121.16999816894531,121.16999816894531,493200,ZBRA
2018-01-12,121.0,123.66000366210938,119.8499984741211,123.1500015258789,123.1500015258789,420800,ZBRA
2018-01-16,123.16000366210938,124.62000274658203,123.02999877929688,123.37999725341797,123.37999725341797,402100,ZBRA
2018-01-17,123.52999877929688,124.37999725341797,123.20999908447266,123.77999877929688,123.77999877929688,444900,ZBRA
2018-01-18,124.20999908447266,124.80000305175781,123.04000091552734,123.2300033569336,123.2300033569336,387200,ZBRA
2018-01-19,123.62000274658203,124.44999694824219,122.19000244140625,123.75,123.75,310400,ZBRA
2018-01-22,123.2699966430664,124.3499984741211,122.05000305175781,124.29000091552734,124.29000091552734,186700,ZBRA
2018-01-23,124.29000091552734,126.27999877929688,122.94999694824219,125.68000030517578,125.68000030517578,392800,ZBRA
2018-01-24,125.69000244140625,126.48999786376953,123.1500015258789,123.3499984741211,123.3499984741211,448700,ZBRA
2018-01-25,123.8499984741211,124.73999786376953,122.27999877929688,123.5,123.5,246200,ZBRA
2018-01-26,123.87999725341797,124.58000183105469,122.79000091552734,123.4800033569336,123.4800033569336,405100,ZBRA
2018-01-29,123.7699966430664,125.33999633789062,122.0999984741211,124.61000061035156,124.61000061035156,234300,ZBRA
2018-01-30,124.19999694824219,124.69000244140625,122.94000244140625,124.12999725341797,124.12999725341797,244800,ZBRA
2018-01-31,125.55000305175781,125.94999694824219,122.83000183105469,123.16000366210938,123.16000366210938,214800,ZBRA
2018-02-01,122.55000305175781,123.25,120.75,121.5,121.5,262100,ZBRA
2018-02-02,121.93000030517578,122.77999877929688,120.13999938964844,120.7300033569336,120.7300033569336,287500,ZBRA
2018-02-05,119.27999877929688,121.83999633789062,117.0199966430664,117.0199966430664,117.0199966430664,373700,ZBRA
2018-02-06,115.5199966430664,117.45999908447266,113.33000183105469,116.51000213623047,116.51000213623047,283600,ZBRA
2018-02-07,116.18000030517578,117.12999725341797,115.33000183105469,116.43000030517578,116.43000030517578,240400,ZBRA
2018-02-08,116.9000015258789,117.93000030517578,113.5199966430664,113.54000091552734,113.54000091552734,253100,ZBRA
2018-02-09,114.80000305175781,115.66000366210938,110.4800033569336,114.91999816894531,114.91999816894531,410100,ZBRA
2018-02-12,115.36000061035156,116.98999786376953,114.56999969482422,116.01000213623047,116.01000213623047,253600,ZBRA
2018-02-13,115.69999694824219,116.94000244140625,115.37999725341797,116.70999908447266,116.70999908447266,199200,ZBRA
2018-02-14,116.2699966430664,118.93000030517578,116.0,118.80000305175781,118.80000305175781,299500,ZBRA
2018-02-15,119.66000366210938,120.62000274658203,118.25,120.54000091552734,120.54000091552734,287800,ZBRA
2018-02-16,120.13999938964844,121.01000213623047,119.6500015258789,120.25,120.25,223900,ZBRA
2018-02-20,119.91000366210938,121.51000213623047,119.3499984741211,120.06999969482422,120.06999969482422,537500,ZBRA
2018-02-21,120.31999969482422,122.06999969482422,120.08999633789062,120.3499984741211,120.3499984741211,645800,ZBRA
2018-02-22,129.0,137.55999755859375,127.51000213623047,135.24000549316406,135.24000549316406,1421300,ZBRA
2018-02-23,137.0,142.64999389648438,136.82000732421875,141.89999389648438,141.89999389648438,797800,ZBRA
2018-02-26,142.24000549316406,144.52999877929688,140.25,140.99000549316406,140.99000549316406,771800,ZBRA
2018-02-27,142.19000244140625,143.52000427246094,140.32000732421875,140.3699951171875,140.3699951171875,516500,ZBRA
2018-02-28,140.39999389648438,141.75999450683594,137.8000030517578,138.13999938964844,138.13999938964844,315200,ZBRA
2018-03-01,138.66000366210938,141.8300018310547,136.22999572753906,140.67999267578125,140.67999267578125,375600,ZBRA
2018-03-02,139.3000030517578,140.0,135.16000366210938,135.4499969482422,135.4499969482422,398100,ZBRA
2018-03-05,135.27000427246094,141.41000366210938,132.64999389648438,141.02000427246094,141.02000427246094,546300,ZBRA
2018-03-06,141.55999755859375,143.41000366210938,141.4499969482422,143.22000122070312,143.22000122070312,384500,ZBRA
2018-03-07,141.86000061035156,145.5500030517578,141.02000427246094,143.97999572753906,143.97999572753906,381000,ZBRA
2018-03-08,144.82000732421875,144.97999572753906,141.27000427246094,141.39999389648438,141.39999389648438,253800,ZBRA
2018-03-09,141.52999877929688,143.9199981689453,139.9499969482422,141.17999267578125,141.17999267578125,611500,ZBRA
2018-03-12,142.75,145.17999267578125,142.75,144.75,144.75,365000,ZBRA
2018-03-13,142.75,145.17999267578125,142.75,144.1999969482422,144.1999969482422,803600,ZBRA
2018-03-14,144.77999877929688,147.88999938964844,144.3699951171875,146.7899932861328,146.7899932861328,460500,ZBRA
2018-03-15,147.32000732421875,147.99000549316406,144.1199951171875,144.39999389648438,144.39999389648438,331800,ZBRA
2018-03-16,144.27999877929688,145.10000610351562,143.33999633789062,143.33999633789062,143.33999633789062,532900,ZBRA
2018-03-19,142.8000030517578,142.9499969482422,139.25,139.88999938964844,139.88999938964844,353400,ZBRA
2018-03-20,139.89999389648438,142.55999755859375,139.8800048828125,142.33999633789062,142.33999633789062,275700,ZBRA
2018-03-21,142.69000244140625,144.64999389648438,142.64999389648438,143.4600067138672,143.4600067138672,286600,ZBRA
2018-03-22,141.9600067138672,142.60000610351562,138.1199951171875,138.2899932861328,138.2899932861328,397900,ZBRA
2018-03-23,138.69000244140625,140.6699981689453,136.22000122070312,136.35000610351562,136.35000610351562,308200,ZBRA
2018-03-26,140.22000122070312,142.25999450683594,138.0500030517578,140.39999389648438,140.39999389648438,516400,ZBRA
2018-03-27,140.6300048828125,140.6300048828125,134.82000732421875,135.4600067138672,135.4600067138672,384200,ZBRA
2018-03-28,135.02000427246094,137.14999389648438,132.94000244140625,135.9499969482422,135.9499969482422,363100,ZBRA
2018-03-29,137.05999755859375,140.0,136.63999938964844,139.19000244140625,139.19000244140625,224200,ZBRA
2018-04-02,137.86000061035156,139.97999572753906,135.02000427246094,137.39999389648438,137.39999389648438,430400,ZBRA
2018-04-03,138.35000610351562,140.94000244140625,134.4600067138672,139.80999755859375,139.80999755859375,622700,ZBRA
2018-04-04,138.19000244140625,140.27999877929688,136.75,139.47999572753906,139.47999572753906,587000,ZBRA
2018-04-05,140.0800018310547,140.3300018310547,138.52999877929688,139.17999267578125,139.17999267578125,303400,ZBRA
2018-04-06,138.5,139.86000061035156,134.5,135.44000244140625,135.44000244140625,342100,ZBRA
2018-04-09,136.33999633789062,138.7100067138672,135.9499969482422,136.14999389648438,136.14999389648438,216400,ZBRA
2018-04-10,138.1999969482422,142.77000427246094,137.9199981689453,141.58999633789062,141.58999633789062,340200,ZBRA
2018-04-11,140.47000122070312,142.0399932861328,138.75,141.25,141.25,223000,ZBRA
2018-04-12,141.85000610351562,143.39999389648438,141.27000427246094,141.3000030517578,141.3000030517578,331900,ZBRA
2018-04-13,141.6999969482422,142.99000549316406,141.08999633789062,141.24000549316406,141.24000549316406,330700,ZBRA
2018-04-16,142.5,142.9499969482422,140.17999267578125,141.7899932861328,141.7899932861328,234700,ZBRA
2018-04-17,143.22000122070312,144.7100067138672,142.44000244140625,144.27999877929688,144.27999877929688,316400,ZBRA
2018-04-18,144.99000549316406,146.6999969482422,142.89999389648438,145.50999450683594,145.50999450683594,239000,ZBRA
2018-04-19,145.22000122070312,145.77999877929688,141.97999572753906,142.5,142.5,162600,ZBRA
2018-04-20,142.0500030517578,143.19000244140625,140.7899932861328,142.14999389648438,142.14999389648438,250200,ZBRA
2018-04-23,142.97000122070312,143.72000122070312,138.67999267578125,139.55999755859375,139.55999755859375,247200,ZBRA
2018-04-24,140.13999938964844,142.08999633789062,136.2899932861328,137.75,137.75,294100,ZBRA
2018-04-25,137.86000061035156,138.9199981689453,135.75,136.8800048828125,136.8800048828125,418400,ZBRA
2018-04-26,136.91000366210938,137.97000122070312,135.19000244140625,136.36000061035156,136.36000061035156,266900,ZBRA
2018-04-27,136.8000030517578,138.35000610351562,134.27000427246094,135.1300048828125,135.1300048828125,320500,ZBRA
2018-04-30,135.1199951171875,136.94000244140625,134.77999877929688,134.8300018310547,134.8300018310547,231400,ZBRA
2018-05-01,134.35000610351562,137.07000732421875,133.74000549316406,136.77999877929688,136.77999877929688,333600,ZBRA
2018-05-02,135.17999267578125,137.0399932861328,132.91000366210938,133.1199951171875,133.1199951171875,434000,ZBRA
2018-05-03,132.44000244140625,134.0500030517578,130.7899932861328,133.5399932861328,133.5399932861328,396400,ZBRA
2018-05-04,133.1699981689453,135.88999938964844,132.35000610351562,134.6699981689453,134.6699981689453,362900,ZBRA
2018-05-07,135.3800048828125,137.75,134.9600067138672,137.47999572753906,137.47999572753906,426500,ZBRA
2018-05-08,145.92999267578125,157.17999267578125,144.99000549316406,153.24000549316406,153.24000549316406,1501200,ZBRA
2018-05-09,155.2899932861328,155.66000366210938,149.13999938964844,149.57000732421875,149.57000732421875,536100,ZBRA
2018-05-10,149.97000122070312,154.55999755859375,149.64999389648438,153.1199951171875,153.1199951171875,375800,ZBRA
2018-05-11,153.49000549316406,155.6999969482422,152.91000366210938,155.57000732421875,155.57000732421875,445400,ZBRA
2018-05-14,155.27999877929688,156.0,153.0,153.64999389648438,153.64999389648438,314600,ZBRA
2018-05-15,152.13999938964844,154.72000122070312,149.72000122070312,154.4499969482422,154.4499969482422,378900,ZBRA
2018-05-16,153.85000610351562,156.80999755859375,152.11000061035156,156.0399932861328,156.0399932861328,334500,ZBRA
2018-05-17,155.02999877929688,156.25,152.27000427246094,153.6300048828125,153.6300048828125,308400,ZBRA
2018-05-18,152.6999969482422,154.58999633789062,152.60000610351562,152.6300048828125,152.6300048828125,177000,ZBRA
2018-05-21,152.02999877929688,155.14999389648438,152.02999877929688,154.16000366210938,154.16000366210938,223300,ZBRA
2018-05-22,154.5800018310547,155.69000244140625,153.52999877929688,154.19000244140625,154.19000244140625,245500,ZBRA
2018-05-23,154.00999450683594,154.00999450683594,152.27999877929688,152.9600067138672,152.9600067138672,195200,ZBRA
2018-05-24,153.08999633789062,154.4499969482422,152.02000427246094,153.80999755859375,153.80999755859375,312200,ZBRA
2018-05-25,153.6999969482422,155.22000122070312,153.3800048828125,154.9499969482422,154.9499969482422,272700,ZBRA
2018-05-29,154.02000427246094,156.32000732421875,153.6300048828125,153.99000549316406,153.99000549316406,250800,ZBRA
2018-05-30,154.3800048828125,156.89999389648438,153.42999267578125,156.1300048828125,156.1300048828125,360200,ZBRA
2018-05-31,156.4199981689453,157.8000030517578,152.57000732421875,153.50999450683594,153.50999450683594,536900,ZBRA
2018-06-01,154.00999450683594,154.47000122070312,152.1999969482422,152.49000549316406,152.49000549316406,715300,ZBRA
2018-06-04,152.86000061035156,153.91000366210938,152.57000732421875,153.3000030517578,153.3000030517578,519500,ZBRA
2018-06-05,154.27999877929688,156.89999389648438,154.0,156.77999877929688,156.77999877929688,522200,ZBRA
2018-06-06,157.1699981689453,159.39999389648438,156.05999755859375,158.97999572753906,158.97999572753906,465800,ZBRA
2018-06-07,159.47999572753906,159.8300018310547,157.88999938964844,158.1699981689453,158.1699981689453,429600,ZBRA
2018-06-08,158.72999572753906,161.72000122070312,157.83999633789062,160.66000366210938,160.66000366210938,662900,ZBRA
2018-06-11,160.9600067138672,161.3800048828125,158.60000610351562,158.77999877929688,158.77999877929688,263700,ZBRA
2018-06-12,158.77000427246094,161.1300048828125,158.77000427246094,160.94000244140625,160.94000244140625,264200,ZBRA
2018-06-13,160.22000122070312,160.25999450683594,157.75,158.02000427246094,158.02000427246094,283600,ZBRA
2018-06-14,158.9199981689453,159.72999572753906,157.6199951171875,157.72999572753906,157.72999572753906,261000,ZBRA
2018-06-15,155.47000122070312,157.47000122070312,154.52999877929688,155.9600067138672,155.9600067138672,863200,ZBRA
2018-06-18,155.86000061035156,157.80999755859375,154.94000244140625,155.0399932861328,155.0399932861328,516700,ZBRA
2018-06-19,153.0,154.99000549316406,149.4499969482422,152.55999755859375,152.55999755859375,515200,ZBRA
2018-06-20,153.13999938964844,155.27999877929688,152.72000122070312,153.02999877929688,153.02999877929688,231900,ZBRA
2018-06-21,153.0,153.58999633789062,150.1999969482422,150.69000244140625,150.69000244140625,316300,ZBRA
2018-06-22,151.83999633789062,151.83999633789062,147.75,147.8800048828125,147.8800048828125,482000,ZBRA
2018-06-25,147.75,147.75,141.02999877929688,142.2100067138672,142.2100067138672,562400,ZBRA
2018-06-26,143.1999969482422,144.36000061035156,141.36000061035156,143.22000122070312,143.22000122070312,568900,ZBRA
2018-06-27,143.9600067138672,144.77999877929688,141.6699981689453,141.75999450683594,141.75999450683594,384200,ZBRA
2018-06-28,140.94000244140625,143.83999633789062,140.07000732421875,143.30999755859375,143.30999755859375,230100,ZBRA
2018-06-29,144.11000061035156,145.69000244140625,143.22000122070312,143.25,143.25,255400,ZBRA
2018-07-02,141.88999938964844,148.57000732421875,140.60000610351562,148.27999877929688,148.27999877929688,594000,ZBRA
2018-07-03,148.86000061035156,150.4199981689453,147.24000549316406,148.32000732421875,148.32000732421875,324200,ZBRA
2018-07-05,149.9600067138672,150.66000366210938,147.32000732421875,148.25,148.25,448300,ZBRA
2018-07-06,147.75999450683594,149.13999938964844,147.11000061035156,148.25,148.25,150500,ZBRA
2018-07-09,149.66000366210938,150.32000732421875,148.61000061035156,149.72000122070312,149.72000122070312,286300,ZBRA
2018-07-10,149.5,150.6300048828125,149.00999450683594,149.8699951171875,149.8699951171875,270200,ZBRA
2018-07-11,149.1199951171875,149.1199951171875,146.1699981689453,146.6699981689453,146.6699981689453,285500,ZBRA
2018-07-12,147.94000244140625,149.60000610351562,147.5500030517578,149.36000061035156,149.36000061035156,434300,ZBRA
2018-07-13,149.3300018310547,149.9600067138672,148.5,149.42999267578125,149.42999267578125,584700,ZBRA
2018-07-16,148.58999633789062,149.3300018310547,145.6999969482422,146.8000030517578,146.8000030517578,267400,ZBRA
2018-07-17,146.80999755859375,148.41000366210938,145.64999389648438,148.22000122070312,148.22000122070312,325800,ZBRA
2018-07-18,147.85000610351562,150.0,147.64999389648438,149.08999633789062,149.08999633789062,590000,ZBRA
2018-07-19,148.9600067138672,149.75999450683594,147.69000244140625,148.9499969482422,148.9499969482422,306700,ZBRA
2018-07-20,148.66000366210938,148.69000244140625,145.6999969482422,145.9600067138672,145.9600067138672,180100,ZBRA
2018-07-23,145.6199951171875,146.6300048828125,144.07000732421875,146.16000366210938,146.16000366210938,353600,ZBRA
2018-07-24,146.94000244140625,147.47999572753906,143.27999877929688,144.05999755859375,144.05999755859375,213200,ZBRA
2018-07-25,144.07000732421875,145.85000610351562,143.02000427246094,145.39999389648438,145.39999389648438,220300,ZBRA
2018-07-26,145.2100067138672,146.86000061035156,142.1999969482422,145.91000366210938,145.91000366210938,134200,ZBRA
2018-07-27,146.5500030517578,147.3000030517578,139.39999389648438,140.52999877929688,140.52999877929688,319600,ZBRA
2018-07-30,140.57000732421875,142.0,136.5,136.77000427246094,136.77000427246094,459500,ZBRA
2018-07-31,136.66000366210938,140.25999450683594,136.16000366210938,137.92999267578125,137.92999267578125,366000,ZBRA
2018-08-01,137.39999389648438,140.44000244140625,137.39999389648438,138.8300018310547,138.8300018310547,457400,ZBRA
2018-08-02,136.6300048828125,142.19000244140625,136.6300048828125,142.0399932861328,142.0399932861328,331300,ZBRA
2018-08-03,142.2899932861328,144.4600067138672,140.27999877929688,142.24000549316406,142.24000549316406,267200,ZBRA
2018-08-06,142.25,143.9499969482422,141.07000732421875,142.14999389648438,142.14999389648438,585100,ZBRA
2018-08-07,154.0,167.24000549316406,152.77000427246094,166.6199951171875,166.6199951171875,1703700,ZBRA
2018-08-08,165.77999877929688,167.61000061035156,156.83999633789062,157.3800048828125,157.3800048828125,886400,ZBRA
2018-08-09,158.1699981689453,165.0399932861328,157.5399932861328,161.94000244140625,161.94000244140625,551500,ZBRA
2018-08-10,161.19000244140625,164.44000244140625,160.3300018310547,161.25999450683594,161.25999450683594,306200,ZBRA
2018-08-13,161.92999267578125,164.64999389648438,160.41000366210938,161.94000244140625,161.94000244140625,483700,ZBRA
2018-08-14,163.0,166.86000061035156,157.00999450683594,164.0,164.0,524500,ZBRA
2018-08-15,163.05999755859375,163.47000122070312,160.19000244140625,162.4600067138672,162.4600067138672,413900,ZBRA
2018-08-16,164.5,164.5,161.47000122070312,161.88999938964844,161.88999938964844,319100,ZBRA
2018-08-17,160.8800048828125,164.38999938964844,160.8800048828125,163.57000732421875,163.57000732421875,304900,ZBRA
2018-08-20,164.6999969482422,166.38999938964844,163.52999877929688,165.72000122070312,165.72000122070312,304400,ZBRA
2018-08-21,165.85000610351562,169.3800048828125,165.11000061035156,168.8800048828125,168.8800048828125,341000,ZBRA
2018-08-22,168.86000061035156,171.22999572753906,167.75999450683594,169.22000122070312,169.22000122070312,441200,ZBRA
2018-08-23,168.63999938964844,170.57000732421875,168.13999938964844,169.00999450683594,169.00999450683594,315500,ZBRA
2018-08-24,169.8300018310547,171.14999389648438,168.25999450683594,168.91000366210938,168.91000366210938,210400,ZBRA
2018-08-27,169.41000366210938,171.25999450683594,168.3800048828125,170.07000732421875,170.07000732421875,233200,ZBRA
2018-08-28,170.75999450683594,170.9199981689453,168.3699951171875,169.97999572753906,169.97999572753906,350900,ZBRA
2018-08-29,170.1699981689453,171.6699981689453,169.66000366210938,170.8699951171875,170.8699951171875,288200,ZBRA
2018-08-30,170.9600067138672,171.67999267578125,169.66000366210938,170.3000030517578,170.3000030517578,317900,ZBRA
2018-08-31,170.25999450683594,172.0399932861328,169.42999267578125,171.74000549316406,171.74000549316406,196700,ZBRA
2018-09-04,171.30999755859375,172.72999572753906,168.5399932861328,169.9600067138672,169.9600067138672,246000,ZBRA
2018-09-05,169.6199951171875,169.6999969482422,165.13999938964844,167.1699981689453,167.1699981689453,167100,ZBRA
2018-09-06,167.63999938964844,168.57000732421875,165.1300048828125,166.97999572753906,166.97999572753906,219900,ZBRA
2018-09-07,166.72999572753906,168.69000244140625,165.9600067138672,167.8300018310547,167.8300018310547,284500,ZBRA
2018-09-10,167.94000244140625,170.32000732421875,166.85000610351562,170.0500030517578,170.0500030517578,327900,ZBRA
2018-09-11,168.97999572753906,172.88999938964844,168.10000610351562,171.47999572753906,171.47999572753906,237000,ZBRA
2018-09-12,172.10000610351562,175.25999450683594,171.77000427246094,174.69000244140625,174.69000244140625,270400,ZBRA
2018-09-13,175.0800018310547,177.55999755859375,174.2899932861328,176.30999755859375,176.30999755859375,255400,ZBRA
2018-09-14,178.00999450683594,179.47000122070312,175.64999389648438,178.6999969482422,178.6999969482422,515800,ZBRA
2018-09-17,178.02999877929688,179.32000732421875,174.8800048828125,175.64999389648438,175.64999389648438,309100,ZBRA
2018-09-18,176.35000610351562,178.14999389648438,174.9199981689453,176.25999450683594,176.25999450683594,350200,ZBRA
2018-09-19,176.41000366210938,177.52999877929688,171.47999572753906,172.6999969482422,172.6999969482422,360000,ZBRA
2018-09-20,173.92999267578125,175.19000244140625,172.2100067138672,174.77999877929688,174.77999877929688,343000,ZBRA
2018-09-21,175.3000030517578,178.13999938964844,174.92999267578125,175.1999969482422,175.1999969482422,487700,ZBRA
2018-09-24,174.25,175.8699951171875,172.3300018310547,174.14999389648438,174.14999389648438,211500,ZBRA
2018-09-25,174.66000366210938,176.19000244140625,171.5500030517578,176.0800018310547,176.0800018310547,382600,ZBRA
2018-09-26,177.50999450683594,177.60000610351562,175.13999938964844,175.36000061035156,175.36000061035156,360500,ZBRA
2018-09-27,176.0399932861328,179.0800018310547,175.36000061035156,178.24000549316406,178.24000549316406,439800,ZBRA
2018-09-28,177.4199981689453,178.8800048828125,176.55999755859375,176.8300018310547,176.8300018310547,320300,ZBRA
2018-10-01,177.72000122070312,177.8000030517578,172.9199981689453,173.1999969482422,173.1999969482422,318500,ZBRA
2018-10-02,173.4499969482422,174.27999877929688,167.86000061035156,168.99000549316406,168.99000549316406,337600,ZBRA
2018-10-03,169.9600067138672,171.1300048828125,167.75,169.41000366210938,169.41000366210938,377700,ZBRA
2018-10-04,169.07000732421875,169.25999450683594,162.6199951171875,165.1999969482422,165.1999969482422,331500,ZBRA
2018-10-05,165.47000122070312,167.08999633789062,160.17999267578125,162.22999572753906,162.22999572753906,294500,ZBRA
2018-10-08,161.25,164.05999755859375,155.89999389648438,158.5,158.5,496200,ZBRA
2018-10-09,158.42999267578125,161.2899932861328,155.3699951171875,157.3800048828125,157.3800048828125,458400,ZBRA
2018-10-10,156.33999633789062,157.75999450683594,149.10000610351562,149.5800018310547,149.5800018310547,859300,ZBRA
2018-10-11,148.8699951171875,153.5,147.88999938964844,151.0,151.0,490200,ZBRA
2018-10-12,154.99000549316406,158.5500030517578,151.75999450683594,157.7100067138672,157.7100067138672,943500,ZBRA
2018-10-15,156.99000549316406,161.9199981689453,155.2100067138672,160.8000030517578,160.8000030517578,771100,ZBRA
2018-10-16,162.07000732421875,168.85000610351562,160.0,168.3699951171875,168.3699951171875,503700,ZBRA
2018-10-17,168.3800048828125,169.33999633789062,166.11000061035156,169.05999755859375,169.05999755859375,326100,ZBRA
2018-10-18,168.7899932861328,169.8699951171875,166.42999267578125,168.49000549316406,168.49000549316406,421100,ZBRA
2018-10-19,170.02000427246094,170.72000122070312,163.64999389648438,164.9499969482422,164.9499969482422,398100,ZBRA
2018-10-22,165.07000732421875,169.6300048828125,164.0,168.17999267578125,168.17999267578125,637800,ZBRA
2018-10-23,165.2899932861328,167.69000244140625,160.91000366210938,166.6999969482422,166.6999969482422,343300,ZBRA
2018-10-24,166.63999938964844,168.4499969482422,159.38999938964844,159.74000549316406,159.74000549316406,787700,ZBRA
2018-10-25,160.77999877929688,163.8000030517578,159.42999267578125,162.89999389648438,162.89999389648438,398900,ZBRA
2018-10-26,159.25999450683594,163.63999938964844,157.2100067138672,160.60000610351562,160.60000610351562,279200,ZBRA
2018-10-29,163.00999450683594,165.1300048828125,152.80999755859375,155.47999572753906,155.47999572753906,460800,ZBRA
2018-10-30,157.1999969482422,163.67999267578125,154.60000610351562,163.4199981689453,163.4199981689453,403800,ZBRA
2018-10-31,165.97999572753906,171.4199981689453,165.94000244140625,166.3000030517578,166.3000030517578,387100,ZBRA
2018-11-01,167.6199951171875,169.83999633789062,165.85000610351562,169.0,169.0,521200,ZBRA
2018-11-02,169.3000030517578,171.55999755859375,166.77000427246094,168.05999755859375,168.05999755859375,433400,ZBRA
2018-11-05,168.1300048828125,168.6300048828125,165.7100067138672,168.0,168.0,519300,ZBRA
2018-11-06,179.5399932861328,184.75,167.33999633789062,178.74000549316406,178.74000549316406,1238900,ZBRA
2018-11-07,182.24000549316406,182.24000549316406,174.02000427246094,180.24000549316406,180.24000549316406,678600,ZBRA
2018-11-08,178.19000244140625,184.7100067138672,177.00999450683594,182.47999572753906,182.47999572753906,629200,ZBRA
2018-11-09,182.0,183.35000610351562,179.6300048828125,181.5,181.5,421100,ZBRA
2018-11-12,180.61000061035156,181.66000366210938,174.92999267578125,177.42999267578125,177.42999267578125,416200,ZBRA
2018-11-13,178.67999267578125,180.5399932861328,175.47999572753906,176.8699951171875,176.8699951171875,447300,ZBRA
2018-11-14,178.0,179.50999450683594,172.4600067138672,173.25999450683594,173.25999450683594,332300,ZBRA
2018-11-15,172.00999450683594,180.27999877929688,171.19000244140625,178.91000366210938,178.91000366210938,766000,ZBRA
2018-11-16,179.35000610351562,183.4600067138672,177.58999633789062,180.6999969482422,180.6999969482422,682400,ZBRA
2018-11-19,180.86000061035156,181.02000427246094,168.6199951171875,169.41000366210938,169.41000366210938,427400,ZBRA
2018-11-20,166.2899932861328,168.0,160.50999450683594,162.2899932861328,162.2899932861328,555900,ZBRA
2018-11-21,165.88999938964844,167.77000427246094,162.41000366210938,164.33999633789062,164.33999633789062,328800,ZBRA
2018-11-23,162.4600067138672,167.3000030517578,162.4600067138672,165.0,165.0,81000,ZBRA
2018-11-26,167.66000366210938,169.27999877929688,166.3300018310547,169.0399932861328,169.0399932861328,200600,ZBRA
2018-11-27,168.07000732421875,169.58999633789062,166.4600067138672,168.5800018310547,168.5800018310547,281200,ZBRA
2018-11-28,169.8800048828125,178.57000732421875,169.8699951171875,178.11000061035156,178.11000061035156,361200,ZBRA
2018-11-29,180.24000549316406,180.77999877929688,176.74000549316406,177.9199981689453,177.9199981689453,375300,ZBRA
2018-11-30,177.8800048828125,180.22000122070312,176.8000030517578,179.8000030517578,179.8000030517578,435100,ZBRA
2018-12-03,183.5500030517578,183.5500030517578,176.47000122070312,181.3699951171875,181.3699951171875,579900,ZBRA
2018-12-04,181.1999969482422,182.64999389648438,170.5,171.02000427246094,171.02000427246094,607000,ZBRA
2018-12-06,168.0500030517578,172.75,165.3300018310547,172.5800018310547,172.5800018310547,270400,ZBRA
2018-12-07,172.22999572753906,177.07000732421875,163.17999267578125,165.33999633789062,165.33999633789062,416200,ZBRA
2018-12-10,165.33999633789062,169.2100067138672,163.7100067138672,167.8699951171875,167.8699951171875,335300,ZBRA
2018-12-11,171.9199981689453,172.44000244140625,168.6999969482422,169.97000122070312,169.97000122070312,370600,ZBRA
2018-12-12,173.22999572753906,176.19000244140625,172.17999267578125,173.50999450683594,173.50999450683594,378900,ZBRA
2018-12-13,174.75999450683594,175.24000549316406,170.82000732421875,172.7899932861328,172.7899932861328,259700,ZBRA
2018-12-14,170.61000061035156,173.11000061035156,170.25999450683594,171.88999938964844,171.88999938964844,396900,ZBRA
2018-12-17,171.6699981689453,171.6699981689453,158.32000732421875,158.97000122070312,158.97000122070312,807300,ZBRA
2018-12-18,161.2899932861328,166.58999633789062,161.00999450683594,162.92999267578125,162.92999267578125,766400,ZBRA
2018-12-19,163.91000366210938,166.75999450683594,158.39999389648438,159.0399932861328,159.0399932861328,764200,ZBRA
2018-12-20,158.3000030517578,160.97000122070312,147.55999755859375,150.99000549316406,150.99000549316406,614700,ZBRA
2018-12-21,151.41000366210938,154.02999877929688,146.0399932861328,146.25,146.25,939300,ZBRA
2018-12-24,143.7100067138672,148.22000122070312,140.9499969482422,142.89999389648438,142.89999389648438,363000,ZBRA
2018-12-26,145.07000732421875,152.75999450683594,143.52999877929688,152.52000427246094,152.52000427246094,327200,ZBRA
2018-12-27,149.11000061035156,155.36000061035156,148.0399932861328,155.35000610351562,155.35000610351562,504500,ZBRA
2018-12-28,156.97999572753906,159.5,153.44000244140625,155.97000122070312,155.97000122070312,344800,ZBRA
2018-12-31,157.07000732421875,159.3300018310547,155.97999572753906,159.22999572753906,159.22999572753906,409100,ZBRA
2019-01-02,155.99000549316406,157.4600067138672,152.27000427246094,156.24000549316406,156.24000549316406,347700,ZBRA
2019-01-03,153.85000610351562,153.85000610351562,146.52000427246094,146.8800048828125,146.8800048828125,514600,ZBRA
2019-01-04,150.50999450683594,154.49000549316406,149.64999389648438,152.97000122070312,152.97000122070312,723300,ZBRA
2019-01-07,153.52000427246094,156.63999938964844,152.00999450683594,155.2899932861328,155.2899932861328,1100000,ZBRA
2019-01-08,157.35000610351562,159.0,152.1300048828125,156.3300018310547,156.3300018310547,838500,ZBRA
2019-01-09,157.7899932861328,161.60000610351562,156.7899932861328,160.2100067138672,160.2100067138672,541200,ZBRA
2019-01-10,157.5,160.69000244140625,157.3000030517578,160.35000610351562,160.35000610351562,370400,ZBRA
2019-01-11,160.14999389648438,164.19000244140625,159.02000427246094,163.1999969482422,163.1999969482422,416200,ZBRA
2019-01-14,162.47999572753906,164.3300018310547,160.61000061035156,163.61000061035156,163.61000061035156,431900,ZBRA
2019-01-15,163.85000610351562,166.9600067138672,163.6199951171875,166.39999389648438,166.39999389648438,427500,ZBRA
2019-01-16,166.64999389648438,169.3800048828125,166.1699981689453,168.72999572753906,168.72999572753906,435300,ZBRA
2019-01-17,167.82000732421875,177.0,167.82000732421875,175.58999633789062,175.58999633789062,657000,ZBRA
2019-01-18,176.83999633789062,179.80999755859375,175.74000549316406,177.7899932861328,177.7899932861328,362700,ZBRA
2019-01-22,176.55999755859375,177.58999633789062,171.1300048828125,173.00999450683594,173.00999450683594,451400,ZBRA
2019-01-23,174.13999938964844,176.57000732421875,172.02000427246094,173.14999389648438,173.14999389648438,325400,ZBRA
2019-01-24,173.44000244140625,175.24000549316406,172.97000122070312,174.63999938964844,174.63999938964844,390500,ZBRA
2019-01-25,176.16000366210938,177.72999572753906,175.27000427246094,175.86000061035156,175.86000061035156,392300,ZBRA
2019-01-28,173.5399932861328,175.27999877929688,171.75,172.24000549316406,172.24000549316406,390800,ZBRA
2019-01-29,172.2100067138672,174.02999877929688,170.52999877929688,170.7100067138672,170.7100067138672,347400,ZBRA
2019-01-30,172.72000122070312,173.0800018310547,168.47000122070312,171.36000061035156,171.36000061035156,378700,ZBRA
2019-01-31,171.0500030517578,174.39999389648438,170.0,173.60000610351562,173.60000610351562,388700,ZBRA
2019-02-01,174.2100067138672,176.63999938964844,173.85000610351562,175.05999755859375,175.05999755859375,574200,ZBRA
2019-02-04,175.25999450683594,176.8800048828125,175.25999450683594,176.5500030517578,176.5500030517578,281000,ZBRA
2019-02-05,177.5500030517578,178.97000122070312,176.32000732421875,178.8699951171875,178.8699951171875,379600,ZBRA
2019-02-06,179.1699981689453,182.32000732421875,179.1699981689453,180.75999450683594,180.75999450683594,414300,ZBRA
2019-02-07,179.2899932861328,179.80999755859375,175.00999450683594,176.7899932861328,176.7899932861328,260400,ZBRA
2019-02-08,175.3800048828125,178.0,174.99000549316406,176.39999389648438,176.39999389648438,346000,ZBRA
2019-02-11,176.38999938964844,179.02000427246094,176.38999938964844,178.3800048828125,178.3800048828125,332900,ZBRA
2019-02-12,180.0399932861328,183.9199981689453,179.89999389648438,182.9600067138672,182.9600067138672,365700,ZBRA
2019-02-13,183.38999938964844,184.72000122070312,182.35000610351562,183.97000122070312,183.97000122070312,610300,ZBRA
2019-02-14,185.8800048828125,203.00999450683594,185.8800048828125,196.47000122070312,196.47000122070312,2749500,ZBRA
2019-02-15,198.64999389648438,200.10000610351562,194.5500030517578,199.75,199.75,781800,ZBRA
2019-02-19,200.44000244140625,203.9499969482422,198.47000122070312,199.32000732421875,199.32000732421875,674000,ZBRA
2019-02-20,198.77999877929688,200.27000427246094,197.52000427246094,199.85000610351562,199.85000610351562,380200,ZBRA
2019-02-21,199.9199981689453,200.3699951171875,197.9199981689453,199.82000732421875,199.82000732421875,332600,ZBRA
2019-02-22,200.63999938964844,206.64999389648438,199.64999389648438,206.35000610351562,206.35000610351562,539100,ZBRA
2019-02-25,207.32000732421875,207.8800048828125,204.3300018310547,204.63999938964844,204.63999938964844,508100,ZBRA
2019-02-26,203.50999450683594,204.57000732421875,201.19000244140625,202.97999572753906,202.97999572753906,374500,ZBRA
2019-02-27,202.66000366210938,203.5,200.1300048828125,202.47999572753906,202.47999572753906,340500,ZBRA
2019-02-28,202.1999969482422,202.61000061035156,200.30999755859375,200.50999450683594,200.50999450683594,343000,ZBRA
2019-03-01,203.16000366210938,204.5500030517578,200.2899932861328,202.2100067138672,202.2100067138672,288800,ZBRA
2019-03-04,202.97000122070312,203.0500030517578,196.00999450683594,201.72999572753906,201.72999572753906,477800,ZBRA
2019-03-05,202.0,203.1199951171875,199.6199951171875,201.63999938964844,201.63999938964844,315500,ZBRA
2019-03-06,202.52000427246094,203.4600067138672,200.27999877929688,201.24000549316406,201.24000549316406,218500,ZBRA
2019-03-07,201.72000122070312,203.92999267578125,199.22999572753906,201.99000549316406,201.99000549316406,308000,ZBRA
2019-03-08,199.9199981689453,202.3699951171875,199.35000610351562,201.89999389648438,201.89999389648438,374700,ZBRA
2019-03-11,203.52000427246094,209.6300048828125,203.52000427246094,209.4499969482422,209.4499969482422,494200,ZBRA
2019-03-12,210.5500030517578,211.92999267578125,207.82000732421875,210.72000122070312,210.72000122070312,399400,ZBRA
2019-03-13,211.8000030517578,212.94000244140625,210.6999969482422,211.52999877929688,211.52999877929688,569600,ZBRA
2019-03-14,212.47999572753906,213.1699981689453,211.00999450683594,212.6699981689453,212.6699981689453,424200,ZBRA
2019-03-15,213.24000549316406,216.77999877929688,210.83999633789062,211.39999389648438,211.39999389648438,496500,ZBRA
2019-03-18,207.49000549316406,214.0800018310547,204.33999633789062,213.2100067138672,213.2100067138672,400200,ZBRA
2019-03-19,214.22999572753906,215.9600067138672,213.24000549316406,213.67999267578125,213.67999267578125,363300,ZBRA
2019-03-20,213.0399932861328,216.19000244140625,211.7899932861328,214.58999633789062,214.58999633789062,540600,ZBRA
2019-03-21,214.25,219.38999938964844,214.25,218.3000030517578,218.3000030517578,259200,ZBRA
2019-03-22,218.02000427246094,218.75,207.0,207.24000549316406,207.24000549316406,534500,ZBRA
2019-03-25,207.1199951171875,208.61000061035156,203.3000030517578,204.97000122070312,204.97000122070312,551300,ZBRA
2019-03-26,207.0,209.49000549316406,206.3800048828125,208.9499969482422,208.9499969482422,476500,ZBRA
2019-03-27,208.9600067138672,209.80999755859375,203.52999877929688,206.75999450683594,206.75999450683594,403400,ZBRA
2019-03-28,207.25999450683594,209.4499969482422,205.0,208.4600067138672,208.4600067138672,289900,ZBRA
2019-03-29,211.08999633789062,211.99000549316406,208.02999877929688,209.52999877929688,209.52999877929688,339100,ZBRA
2019-04-01,211.24000549316406,213.47000122070312,209.5,211.91000366210938,211.91000366210938,245500,ZBRA
2019-04-02,212.22999572753906,214.6999969482422,209.8300018310547,213.6199951171875,213.6199951171875,339300,ZBRA
2019-04-03,215.3300018310547,218.58999633789062,214.44000244140625,215.0399932861328,215.0399932861328,309000,ZBRA
2019-04-04,215.77000427246094,217.42999267578125,212.75999450683594,214.00999450683594,214.00999450683594,327300,ZBRA
2019-04-05,214.6999969482422,219.66000366210938,214.67999267578125,218.3300018310547,218.3300018310547,410100,ZBRA
2019-04-08,217.02000427246094,221.8300018310547,213.97999572753906,221.44000244140625,221.44000244140625,449000,ZBRA
2019-04-09,221.44000244140625,223.6300048828125,219.5,220.1199951171875,220.1199951171875,344100,ZBRA
2019-04-10,221.0399932861328,226.42999267578125,221.0399932861328,225.61000061035156,225.61000061035156,525400,ZBRA
2019-04-11,225.8000030517578,226.99000549316406,224.3699951171875,226.6999969482422,226.6999969482422,341400,ZBRA
2019-04-12,228.13999938964844,234.0,228.13999938964844,233.74000549316406,233.74000549316406,585500,ZBRA
2019-04-15,233.22000122070312,234.52999877929688,230.89999389648438,231.27999877929688,231.27999877929688,603300,ZBRA
2019-04-16,232.5500030517578,234.9499969482422,231.33999633789062,234.2100067138672,234.2100067138672,325800,ZBRA
2019-04-17,235.39999389648438,235.97999572753906,230.00999450683594,232.22000122070312,232.22000122070312,354300,ZBRA
2019-04-18,231.8000030517578,233.7899932861328,228.7100067138672,232.67999267578125,232.67999267578125,312600,ZBRA
2019-04-22,231.50999450683594,232.91000366210938,229.6999969482422,230.50999450683594,230.50999450683594,351000,ZBRA
2019-04-23,231.3699951171875,233.5399932861328,229.05999755859375,233.44000244140625,233.44000244140625,571200,ZBRA
2019-04-24,233.3000030517578,237.14999389648438,231.00999450683594,235.44000244140625,235.44000244140625,480700,ZBRA
2019-04-25,235.35000610351562,235.39999389648438,229.42999267578125,231.41000366210938,231.41000366210938,433200,ZBRA
2019-04-26,231.0,231.58999633789062,227.83999633789062,229.17999267578125,229.17999267578125,422600,ZBRA
2019-04-29,228.8000030517578,230.08999633789062,225.83999633789062,226.91000366210938,226.91000366210938,751100,ZBRA
2019-04-30,225.91000366210938,226.33999633789062,210.02999877929688,211.13999938964844,211.13999938964844,1301600,ZBRA
2019-05-01,212.25999450683594,214.39999389648438,204.22000122070312,205.1199951171875,205.1199951171875,1096900,ZBRA
2019-05-02,206.13999938964844,207.97000122070312,202.50999450683594,205.94000244140625,205.94000244140625,654100,ZBRA
2019-05-03,206.5399932861328,208.47999572753906,204.5500030517578,206.4600067138672,206.4600067138672,506400,ZBRA
2019-05-06,201.19000244140625,206.5,199.33999633789062,206.36000061035156,206.36000061035156,771800,ZBRA
2019-05-07,203.50999450683594,206.27999877929688,196.92999267578125,200.82000732421875,200.82000732421875,648400,ZBRA
2019-05-08,200.44000244140625,203.27999877929688,198.6999969482422,200.0500030517578,200.0500030517578,391600,ZBRA
2019-05-09,197.8800048828125,199.9600067138672,191.63999938964844,195.5399932861328,195.5399932861328,721600,ZBRA
2019-05-10,194.5500030517578,197.25,192.6199951171875,195.88999938964844,195.88999938964844,668800,ZBRA
2019-05-13,190.0,190.8300018310547,180.97999572753906,181.00999450683594,181.00999450683594,1199800,ZBRA
2019-05-14,182.3699951171875,189.02000427246094,181.25,186.72000122070312,186.72000122070312,992400,ZBRA
2019-05-15,185.47999572753906,187.30999755859375,184.2899932861328,185.17999267578125,185.17999267578125,479500,ZBRA
2019-05-16,186.02999877929688,191.83999633789062,185.5,190.02000427246094,190.02000427246094,956600,ZBRA
2019-05-17,188.0,188.0,178.8800048828125,179.1199951171875,179.1199951171875,835700,ZBRA
2019-05-20,177.63999938964844,177.7100067138672,171.69000244140625,173.27000427246094,173.27000427246094,970800,ZBRA
2019-05-21,175.3800048828125,178.47000122070312,174.6699981689453,178.08999633789062,178.08999633789062,820800,ZBRA
2019-05-22,173.64999389648438,178.80999755859375,173.64999389648438,174.52999877929688,174.52999877929688,632000,ZBRA
2019-05-23,171.33999633789062,173.17999267578125,169.2899932861328,171.6699981689453,171.6699981689453,734300,ZBRA
2019-05-24,172.75999450683594,175.72999572753906,172.52000427246094,175.67999267578125,175.67999267578125,925800,ZBRA
2019-05-28,177.11000061035156,178.72999572753906,174.10000610351562,175.89999389648438,175.89999389648438,3765100,ZBRA
2019-05-29,175.5500030517578,176.5500030517578,168.02999877929688,168.6199951171875,168.6199951171875,816100,ZBRA
2019-05-30,169.02999877929688,170.5800018310547,167.00999450683594,169.82000732421875,169.82000732421875,565400,ZBRA
2019-05-31,167.30999755859375,172.0,167.27000427246094,171.44000244140625,171.44000244140625,853100,ZBRA
2019-06-03,171.13999938964844,173.22999572753906,166.14999389648438,167.69000244140625,167.69000244140625,721200,ZBRA
2019-06-04,170.64999389648438,177.41000366210938,169.7100067138672,177.0800018310547,177.0800018310547,716700,ZBRA
2019-06-05,179.3699951171875,182.36000061035156,178.67999267578125,181.58999633789062,181.58999633789062,1107600,ZBRA
2019-06-06,181.1999969482422,182.6999969482422,179.80999755859375,181.75999450683594,181.75999450683594,615400,ZBRA
2019-06-07,183.16000366210938,188.58999633789062,181.9199981689453,188.3699951171875,188.3699951171875,538300,ZBRA
2019-06-10,189.1199951171875,195.35000610351562,189.1199951171875,194.50999450683594,194.50999450683594,668500,ZBRA
2019-06-11,197.1699981689453,197.27000427246094,190.75999450683594,192.07000732421875,192.07000732421875,618800,ZBRA
2019-06-12,192.0,194.17999267578125,190.25999450683594,193.6300048828125,193.6300048828125,507700,ZBRA
2019-06-13,194.5800018310547,194.5800018310547,191.3300018310547,194.0,194.0,482200,ZBRA
2019-06-14,192.8699951171875,193.38999938964844,190.14999389648438,190.80999755859375,190.80999755859375,480700,ZBRA
2019-06-17,190.67999267578125,193.35000610351562,190.14999389648438,192.99000549316406,192.99000549316406,335300,ZBRA
2019-06-18,195.7899932861328,202.22000122070312,195.22000122070312,201.80999755859375,201.80999755859375,645600,ZBRA
2019-06-19,201.8800048828125,204.39999389648438,199.52999877929688,200.52999877929688,200.52999877929688,455400,ZBRA
2019-06-20,203.7899932861328,203.99000549316406,198.7100067138672,201.1199951171875,201.1199951171875,480800,ZBRA
2019-06-21,199.27000427246094,200.80999755859375,197.75999450683594,200.11000061035156,200.11000061035156,396500,ZBRA
2019-06-24,200.36000061035156,202.75,198.60000610351562,200.0399932861328,200.0399932861328,258300,ZBRA
2019-06-25,200.38999938964844,200.94000244140625,196.05999755859375,197.52999877929688,197.52999877929688,546100,ZBRA
2019-06-26,199.4199981689453,204.38999938964844,197.69000244140625,203.39999389648438,203.39999389648438,570800,ZBRA
2019-06-27,205.0,210.89999389648438,203.6999969482422,207.6300048828125,207.6300048828125,672900,ZBRA
2019-06-28,207.6699981689453,210.67999267578125,206.02000427246094,209.49000549316406,209.49000549316406,778400,ZBRA
2019-07-01,214.08999633789062,214.99000549316406,207.60000610351562,208.97999572753906,208.97999572753906,758400,ZBRA
2019-07-02,208.6699981689453,213.1300048828125,206.55999755859375,211.61000061035156,211.61000061035156,414700,ZBRA
2019-07-03,212.1999969482422,218.11000061035156,211.64999389648438,217.52999877929688,217.52999877929688,316800,ZBRA
2019-07-05,215.14999389648438,218.22000122070312,213.33999633789062,217.0399932861328,217.0399932861328,403200,ZBRA
2019-07-08,215.60000610351562,215.60000610351562,209.8699951171875,210.44000244140625,210.44000244140625,445800,ZBRA
2019-07-09,208.22999572753906,212.5800018310547,208.0800018310547,211.72000122070312,211.72000122070312,385900,ZBRA
2019-07-10,212.5500030517578,212.72999572753906,210.5500030517578,211.9600067138672,211.9600067138672,299600,ZBRA
2019-07-11,210.94000244140625,210.94000244140625,186.69000244140625,195.00999450683594,195.00999450683594,2208300,ZBRA
2019-07-12,196.6999969482422,201.8000030517578,195.11000061035156,200.44000244140625,200.44000244140625,762200,ZBRA
2019-07-15,200.97999572753906,201.9600067138672,196.6699981689453,197.35000610351562,197.35000610351562,446900,ZBRA
2019-07-16,197.9499969482422,200.44000244140625,196.14999389648438,199.32000732421875,199.32000732421875,496000,ZBRA
2019-07-17,199.11000061035156,200.5800018310547,196.75,197.86000061035156,197.86000061035156,395400,ZBRA
2019-07-18,196.97000122070312,198.0,177.05999755859375,182.69000244140625,182.69000244140625,2201400,ZBRA
2019-07-19,184.19000244140625,185.5800018310547,180.25,182.14999389648438,182.14999389648438,717600,ZBRA
2019-07-22,182.83999633789062,185.0,181.6999969482422,182.24000549316406,182.24000549316406,417400,ZBRA
2019-07-23,183.77000427246094,186.38999938964844,181.30999755859375,185.0500030517578,185.0500030517578,712400,ZBRA
2019-07-24,184.4199981689453,188.10000610351562,183.02000427246094,187.94000244140625,187.94000244140625,478400,ZBRA
2019-07-25,187.60000610351562,190.1699981689453,185.97999572753906,187.8699951171875,187.8699951171875,500000,ZBRA
2019-07-26,189.27000427246094,192.6199951171875,189.27000427246094,189.64999389648438,189.64999389648438,488900,ZBRA
2019-07-29,190.25,191.89999389648438,187.2899932861328,189.4199981689453,189.4199981689453,700300,ZBRA
2019-07-30,206.4499969482422,220.4600067138672,205.0,218.1999969482422,218.1999969482422,1433900,ZBRA
2019-07-31,215.55999755859375,219.36000061035156,210.85000610351562,210.88999938964844,210.88999938964844,676000,ZBRA
2019-08-01,211.7100067138672,216.22000122070312,200.6999969482422,204.25999450683594,204.25999450683594,708100,ZBRA
2019-08-02,201.92999267578125,203.99000549316406,195.22999572753906,198.92999267578125,198.92999267578125,365000,ZBRA
2019-08-05,192.11000061035156,200.5500030517578,190.3699951171875,199.6699981689453,199.6699981689453,623200,ZBRA
2019-08-06,201.14999389648438,205.74000549316406,199.9499969482422,205.22999572753906,205.22999572753906,467600,ZBRA
2019-08-07,202.25,205.5500030517578,199.64999389648438,203.9499969482422,203.9499969482422,448200,ZBRA
2019-08-08,206.50999450683594,212.36000061035156,206.05999755859375,211.94000244140625,211.94000244140625,723800,ZBRA
2019-08-09,209.8000030517578,210.07000732421875,203.66000366210938,205.61000061035156,205.61000061035156,324200,ZBRA
2019-08-12,203.1300048828125,205.1699981689453,201.1999969482422,201.8699951171875,201.8699951171875,292700,ZBRA
2019-08-13,201.11000061035156,209.2899932861328,200.69000244140625,208.25999450683594,208.25999450683594,432500,ZBRA
2019-08-14,203.3800048828125,204.8800048828125,197.02999877929688,200.1199951171875,200.1199951171875,382400,ZBRA
2019-08-15,200.60000610351562,201.74000549316406,196.10000610351562,197.72000122070312,197.72000122070312,242200,ZBRA
2019-08-16,200.07000732421875,204.25,199.80999755859375,203.5,203.5,344500,ZBRA
2019-08-19,207.6699981689453,209.0,205.10000610351562,205.17999267578125,205.17999267578125,301700,ZBRA
2019-08-20,204.7100067138672,204.7100067138672,201.17999267578125,201.44000244140625,201.44000244140625,422800,ZBRA
2019-08-21,204.66000366210938,206.61000061035156,202.55999755859375,205.7899932861328,205.7899932861328,479400,ZBRA
2019-08-22,205.99000549316406,207.50999450683594,200.72999572753906,204.3800048828125,204.3800048828125,264200,ZBRA
2019-08-23,201.22000122070312,204.2899932861328,197.58999633789062,198.49000549316406,198.49000549316406,327300,ZBRA
2019-08-26,202.02999877929688,203.0,195.89999389648438,198.41000366210938,198.41000366210938,303400,ZBRA
2019-08-27,202.3000030517578,202.3000030517578,196.50999450683594,198.58999633789062,198.58999633789062,463900,ZBRA
2019-08-28,198.08999633789062,203.24000549316406,196.5,202.86000061035156,202.86000061035156,356800,ZBRA
2019-08-29,206.4600067138672,209.19000244140625,204.0,208.49000549316406,208.49000549316406,342400,ZBRA
2019-08-30,209.02000427246094,210.0,203.38999938964844,205.02999877929688,205.02999877929688,342600,ZBRA
2019-09-03,201.61000061035156,202.50999450683594,196.5,198.97999572753906,198.97999572753906,412600,ZBRA
2019-09-04,202.27000427246094,204.08999633789062,200.1999969482422,200.60000610351562,200.60000610351562,274600,ZBRA
2019-09-05,202.94000244140625,207.14999389648438,202.25,205.85000610351562,205.85000610351562,367000,ZBRA
2019-09-06,205.1699981689453,207.50999450683594,201.85000610351562,202.72999572753906,202.72999572753906,294400,ZBRA
2019-09-09,203.4499969482422,205.32000732421875,195.50999450683594,196.80999755859375,196.80999755859375,446700,ZBRA
2019-09-10,195.9600067138672,196.8699951171875,191.13999938964844,192.63999938964844,192.63999938964844,500200,ZBRA
2019-09-11,194.0500030517578,199.07000732421875,193.5399932861328,197.4199981689453,197.4199981689453,307600,ZBRA
2019-09-12,198.5,201.74000549316406,194.94000244140625,197.27999877929688,197.27999877929688,317300,ZBRA
2019-09-13,197.4600067138672,205.9499969482422,197.4600067138672,205.16000366210938,205.16000366210938,609600,ZBRA
2019-09-16,204.27999877929688,204.6300048828125,198.50999450683594,202.77999877929688,202.77999877929688,418900,ZBRA
2019-09-17,202.72999572753906,211.10000610351562,201.0500030517578,211.0,211.0,488400,ZBRA
2019-09-18,210.38999938964844,212.2100067138672,205.25,209.1999969482422,209.1999969482422,304500,ZBRA
2019-09-19,210.5,213.0,207.7899932861328,207.9499969482422,207.9499969482422,305500,ZBRA
2019-09-20,207.83999633789062,209.3300018310547,202.7899932861328,203.67999267578125,203.67999267578125,534600,ZBRA
2019-09-23,202.75999450683594,207.8000030517578,202.00999450683594,205.39999389648438,205.39999389648438,266200,ZBRA
2019-09-24,205.86000061035156,208.85000610351562,202.22000122070312,203.97999572753906,203.97999572753906,337900,ZBRA
2019-09-25,203.58999633789062,208.60000610351562,203.02000427246094,207.9499969482422,207.9499969482422,330100,ZBRA
2019-09-26,208.05999755859375,209.2899932861328,205.27000427246094,208.27000427246094,208.27000427246094,203500,ZBRA
2019-09-27,208.94000244140625,210.0,201.6300048828125,202.17999267578125,202.17999267578125,234400,ZBRA
2019-09-30,202.6300048828125,207.35000610351562,202.47000122070312,206.3699951171875,206.3699951171875,240700,ZBRA
2019-10-01,207.61000061035156,209.9199981689453,199.25,199.5399932861328,199.5399932861328,301000,ZBRA
2019-10-02,198.94000244140625,200.88999938964844,194.75,199.50999450683594,199.50999450683594,299300,ZBRA
2019-10-03,198.52999877929688,201.52000427246094,195.3800048828125,200.85000610351562,200.85000610351562,174300,ZBRA
2019-10-04,201.5399932861328,204.67999267578125,200.05999755859375,204.49000549316406,204.49000549316406,156500,ZBRA
2019-10-07,202.52999877929688,205.0500030517578,201.55999755859375,202.72999572753906,202.72999572753906,170400,ZBRA
2019-10-08,200.77000427246094,202.3000030517578,196.61000061035156,198.08999633789062,198.08999633789062,299000,ZBRA
2019-10-09,196.4499969482422,196.64999389648438,188.8000030517578,191.6300048828125,191.6300048828125,566800,ZBRA
2019-10-10,192.61000061035156,193.80999755859375,190.42999267578125,190.86000061035156,190.86000061035156,470200,ZBRA
2019-10-11,193.5399932861328,198.44000244140625,192.99000549316406,194.60000610351562,194.60000610351562,452800,ZBRA
2019-10-14,194.1999969482422,194.52000427246094,192.6699981689453,193.5800018310547,193.5800018310547,292100,ZBRA
2019-10-15,194.72000122070312,203.27000427246094,194.0,202.14999389648438,202.14999389648438,539200,ZBRA
2019-10-16,201.0,202.52999877929688,197.0,198.3300018310547,198.3300018310547,345800,ZBRA
2019-10-17,199.80999755859375,205.8699951171875,198.5399932861328,205.72999572753906,205.72999572753906,445900,ZBRA
2019-10-18,204.74000549316406,205.6999969482422,201.94000244140625,203.05999755859375,203.05999755859375,300000,ZBRA
2019-10-21,204.9199981689453,208.1199951171875,203.19000244140625,205.77999877929688,205.77999877929688,243400,ZBRA
2019-10-22,206.2100067138672,207.39999389648438,202.75,203.2899932861328,203.2899932861328,262700,ZBRA
2019-10-23,202.77999877929688,207.27000427246094,201.24000549316406,206.88999938964844,206.88999938964844,335500,ZBRA
2019-10-24,207.72999572753906,211.8300018310547,205.05999755859375,211.0800018310547,211.0800018310547,426400,ZBRA
2019-10-25,211.75999450683594,219.39999389648438,211.0800018310547,219.0800018310547,219.0800018310547,553900,ZBRA
2019-10-28,220.0,224.89999389648438,220.0,222.8300018310547,222.8300018310547,868400,ZBRA
2019-10-29,223.2100067138672,241.75999450683594,222.4199981689453,237.63999938964844,237.63999938964844,1181400,ZBRA
2019-10-30,237.63999938964844,240.57000732421875,236.0,238.8699951171875,238.8699951171875,717000,ZBRA
2019-10-31,239.9199981689453,240.5,236.4199981689453,237.8699951171875,237.8699951171875,479700,ZBRA
2019-11-01,238.0,241.5,237.05999755859375,238.0,238.0,453500,ZBRA
2019-11-04,240.47999572753906,248.8300018310547,239.19000244140625,248.35000610351562,248.35000610351562,832200,ZBRA
2019-11-05,245.86000061035156,248.64999389648438,238.66000366210938,241.32000732421875,241.32000732421875,604300,ZBRA
2019-11-06,241.86000061035156,244.58999633789062,238.17999267578125,242.72999572753906,242.72999572753906,410000,ZBRA
2019-11-07,244.10000610351562,245.99000549316406,239.36000061035156,240.4600067138672,240.4600067138672,377400,ZBRA
2019-11-08,240.27999877929688,242.99000549316406,237.2100067138672,241.86000061035156,241.86000061035156,223700,ZBRA
2019-11-11,240.13999938964844,242.88999938964844,239.4199981689453,242.72999572753906,242.72999572753906,424700,ZBRA
2019-11-12,242.75999450683594,245.66000366210938,241.60000610351562,244.3800048828125,244.3800048828125,303900,ZBRA
2019-11-13,243.99000549316406,245.17999267578125,242.05999755859375,242.5399932861328,242.5399932861328,231400,ZBRA
2019-11-14,241.75,241.75,236.05999755859375,237.4499969482422,237.4499969482422,580200,ZBRA
2019-11-15,239.61000061035156,240.19000244140625,236.7100067138672,237.72999572753906,237.72999572753906,546900,ZBRA
2019-11-18,237.1999969482422,239.22000122070312,234.0500030517578,234.50999450683594,234.50999450683594,414300,ZBRA
2019-11-19,237.39999389648438,237.6999969482422,233.33999633789062,235.91000366210938,235.91000366210938,388800,ZBRA
2019-11-20,236.07000732421875,245.38999938964844,236.0,242.4600067138672,242.4600067138672,838500,ZBRA
2019-11-21,242.08999633789062,244.0800018310547,238.22999572753906,242.6199951171875,242.6199951171875,521700,ZBRA
2019-11-22,243.07000732421875,244.17999267578125,240.22000122070312,243.57000732421875,243.57000732421875,474900,ZBRA
2019-11-25,245.07000732421875,250.77999877929688,243.61000061035156,248.94000244140625,248.94000244140625,416900,ZBRA
2019-11-26,248.77999877929688,249.49000549316406,246.16000366210938,247.6999969482422,247.6999969482422,472600,ZBRA
2019-11-27,249.25,255.38999938964844,248.8300018310547,255.2100067138672,255.2100067138672,394200,ZBRA
2019-11-29,255.3800048828125,255.9499969482422,250.8000030517578,250.94000244140625,250.94000244140625,212500,ZBRA
2019-12-02,251.85000610351562,253.16000366210938,247.0,250.4199981689453,250.4199981689453,305600,ZBRA
2019-12-03,245.8699951171875,250.83999633789062,244.0,250.11000061035156,250.11000061035156,288500,ZBRA
2019-12-04,251.0,254.97999572753906,250.8000030517578,253.2100067138672,253.2100067138672,368500,ZBRA
2019-12-05,254.35000610351562,254.52000427246094,250.85000610351562,251.6199951171875,251.6199951171875,355900,ZBRA
2019-12-06,254.69000244140625,257.6000061035156,253.99000549316406,256.9200134277344,256.9200134277344,461400,ZBRA
2019-12-09,255.47999572753906,257.5299987792969,253.77999877929688,253.7899932861328,253.7899932861328,371700,ZBRA
2019-12-10,253.49000549316406,257.2799987792969,253.1199951171875,256.80999755859375,256.80999755859375,296700,ZBRA
2019-12-11,257.29998779296875,257.8299865722656,255.72999572753906,256.82000732421875,256.82000732421875,374500,ZBRA
2019-12-12,256.04998779296875,259.3900146484375,255.0500030517578,258.2799987792969,258.2799987792969,373100,ZBRA
2019-12-13,257.8500061035156,259.7099914550781,256.2900085449219,257.79998779296875,257.79998779296875,322600,ZBRA
2019-12-16,254.5,260.29998779296875,253.8699951171875,255.4499969482422,255.4499969482422,1049700,ZBRA
2019-12-17,256.5,256.5,251.50999450683594,253.44000244140625,253.44000244140625,601800,ZBRA
2019-12-18,253.42999267578125,257.1000061035156,249.25999450683594,255.42999267578125,255.42999267578125,733900,ZBRA
2019-12-19,254.2100067138672,256.6000061035156,250.00999450683594,253.1300048828125,253.1300048828125,794800,ZBRA
2019-12-20,253.39999389648438,257.4100036621094,248.89999389648438,252.49000549316406,252.49000549316406,11578700,ZBRA
2019-12-23,254.0800018310547,260.1600036621094,252.9600067138672,256.7300109863281,256.7300109863281,812400,ZBRA
2019-12-24,257.04998779296875,257.17999267578125,253.9199981689453,254.3300018310547,254.3300018310547,164400,ZBRA
2019-12-26,255.8000030517578,257.0,253.0,254.4199981689453,254.4199981689453,255200,ZBRA
2019-12-27,256.30999755859375,257.94000244140625,253.3800048828125,256.0,256.0,214100,ZBRA
2019-12-30,256.0,256.7099914550781,253.72999572753906,254.11000061035156,254.11000061035156,339100,ZBRA
2019-12-31,253.89999389648438,256.4700012207031,253.89999389648438,255.44000244140625,255.44000244140625,363500,ZBRA
2020-01-02,259.0299987792969,260.3999938964844,255.1699981689453,259.1400146484375,259.1400146484375,387800,ZBRA
2020-01-03,256.1000061035156,258.6499938964844,254.8800048828125,256.04998779296875,256.04998779296875,305300,ZBRA
2020-01-06,252.6199951171875,258.010009765625,252.6199951171875,258.010009765625,258.010009765625,322600,ZBRA
2020-01-07,257.5,258.739990234375,256.0799865722656,256.4700012207031,256.4700012207031,236300,ZBRA
2020-01-08,251.27999877929688,253.47999572753906,247.25,247.63999938964844,247.63999938964844,689600,ZBRA
2020-01-09,249.16000366210938,250.05999755859375,246.19000244140625,246.5,246.5,766200,ZBRA
2020-01-10,248.0800018310547,248.0800018310547,243.2899932861328,246.27000427246094,246.27000427246094,623600,ZBRA
2020-01-13,247.24000549316406,248.9199981689453,244.42999267578125,248.5800018310547,248.5800018310547,479100,ZBRA
2020-01-14,248.77999877929688,249.10000610351562,245.9199981689453,248.07000732421875,248.07000732421875,416600,ZBRA
2020-01-15,247.38999938964844,249.66000366210938,245.52000427246094,247.8000030517578,247.8000030517578,331200,ZBRA
2020-01-16,249.0500030517578,254.0,247.0399932861328,253.92999267578125,253.92999267578125,434000,ZBRA
2020-01-17,252.75,254.27000427246094,250.86000061035156,252.74000549316406,252.74000549316406,399100,ZBRA
2020-01-21,254.10000610351562,257.7099914550781,251.7100067138672,252.4199981689453,252.4199981689453,561400,ZBRA
2020-01-22,254.33999633789062,257.4700012207031,253.60000610351562,253.75,253.75,414400,ZBRA
2020-01-23,253.89999389648438,256.1300048828125,251.52999877929688,254.36000061035156,254.36000061035156,358800,ZBRA
2020-01-24,256.2699890136719,256.989990234375,251.57000732421875,252.6999969482422,252.6999969482422,223700,ZBRA
2020-01-27,247.30999755859375,250.0,242.57000732421875,243.22999572753906,243.22999572753906,425700,ZBRA
2020-01-28,245.0800018310547,249.4600067138672,245.0800018310547,247.97999572753906,247.97999572753906,340800,ZBRA
2020-01-29,247.5500030517578,251.69000244140625,247.5500030517578,250.1699981689453,250.1699981689453,319500,ZBRA
2020-01-30,247.6999969482422,249.6999969482422,243.33999633789062,246.32000732421875,246.32000732421875,246900,ZBRA
2020-01-31,245.5,246.27999877929688,238.86000061035156,239.02000427246094,239.02000427246094,335900,ZBRA
2020-02-03,240.85000610351562,246.0800018310547,240.85000610351562,242.5500030517578,242.5500030517578,262400,ZBRA
2020-02-04,247.3300018310547,251.1999969482422,247.3300018310547,247.8699951171875,247.8699951171875,251100,ZBRA
2020-02-05,251.17999267578125,251.17999267578125,246.47000122070312,247.80999755859375,247.80999755859375,244200,ZBRA
2020-02-06,248.82000732421875,252.85000610351562,248.3000030517578,252.08999633789062,252.08999633789062,407500,ZBRA
2020-02-07,249.97000122070312,249.97000122070312,245.4499969482422,247.25999450683594,247.25999450683594,385700,ZBRA
2020-02-10,245.11000061035156,248.99000549316406,245.11000061035156,248.5500030517578,248.5500030517578,216200,ZBRA
2020-02-11,249.86000061035156,254.69000244140625,247.27999877929688,247.80999755859375,247.80999755859375,219400,ZBRA
2020-02-12,249.2899932861328,252.27000427246094,246.41000366210938,251.99000549316406,251.99000549316406,377900,ZBRA
2020-02-13,232.0,237.75,226.17999267578125,233.32000732421875,233.32000732421875,1783600,ZBRA
2020-02-14,238.58999633789062,241.85000610351562,235.10000610351562,238.77000427246094,238.77000427246094,921800,ZBRA
2020-02-18,239.13999938964844,239.66000366210938,232.6999969482422,236.66000366210938,236.66000366210938,521600,ZBRA
2020-02-19,238.42999267578125,242.5399932861328,236.86000061035156,240.5,240.5,423400,ZBRA
2020-02-20,240.61000061035156,243.33999633789062,237.38999938964844,242.72000122070312,242.72000122070312,443100,ZBRA
2020-02-21,241.39999389648438,242.0800018310547,235.1199951171875,238.38999938964844,238.38999938964844,500900,ZBRA
2020-02-24,229.99000549316406,232.67999267578125,227.39999389648438,227.39999389648438,227.39999389648438,572700,ZBRA
2020-02-25,230.4499969482422,231.64999389648438,219.57000732421875,220.0,220.0,544800,ZBRA
2020-02-26,222.16000366210938,225.05999755859375,216.89999389648438,217.80999755859375,217.80999755859375,549500,ZBRA
2020-02-27,212.11000061035156,217.9499969482422,206.49000549316406,213.92999267578125,213.92999267578125,1021300,ZBRA
2020-02-28,206.7100067138672,211.82000732421875,204.72999572753906,210.97000122070312,210.97000122070312,945200,ZBRA
2020-03-02,212.6699981689453,221.8699951171875,210.33999633789062,221.7100067138672,221.7100067138672,603000,ZBRA
2020-03-03,220.27000427246094,227.11000061035156,208.33999633789062,209.30999755859375,209.30999755859375,949700,ZBRA
2020-03-04,211.92999267578125,216.08999633789062,205.52000427246094,216.0399932861328,216.0399932861328,559000,ZBRA
2020-03-05,209.5,212.72999572753906,200.80999755859375,203.75999450683594,203.75999450683594,564900,ZBRA
2020-03-06,197.8800048828125,204.19000244140625,195.92999267578125,202.74000549316406,202.74000549316406,647300,ZBRA
2020-03-09,188.39999389648438,190.94000244140625,183.88999938964844,185.25999450683594,185.25999450683594,770300,ZBRA
2020-03-10,192.22000122070312,202.5,189.14999389648438,202.19000244140625,202.19000244140625,909900,ZBRA
2020-03-11,196.3000030517578,199.6699981689453,187.69000244140625,191.3000030517578,191.3000030517578,516900,ZBRA
2020-03-12,177.22999572753906,178.97000122070312,161.4199981689453,161.50999450683594,161.50999450683594,1028500,ZBRA
2020-03-13,174.50999450683594,184.10000610351562,163.4499969482422,184.02000427246094,184.02000427246094,659300,ZBRA
2020-03-16,155.0,172.17999267578125,150.05999755859375,166.0800018310547,166.0800018310547,800300,ZBRA
2020-03-17,170.1999969482422,182.74000549316406,167.3300018310547,180.66000366210938,180.66000366210938,564400,ZBRA
2020-03-18,167.74000549316406,186.94000244140625,166.33999633789062,185.47000122070312,185.47000122070312,803200,ZBRA
2020-03-19,181.86000061035156,186.22000122070312,169.3000030517578,185.07000732421875,185.07000732421875,1202000,ZBRA
2020-03-20,186.07000732421875,189.86000061035156,177.0800018310547,179.3800048828125,179.3800048828125,1701600,ZBRA
2020-03-23,179.85000610351562,181.9499969482422,163.44000244140625,170.72000122070312,170.72000122070312,1176100,ZBRA
2020-03-24,180.08999633789062,181.8000030517578,167.1699981689453,180.5500030517578,180.5500030517578,813400,ZBRA
2020-03-25,180.02999877929688,195.19000244140625,175.60000610351562,186.22999572753906,186.22999572753906,505200,ZBRA
2020-03-26,187.8300018310547,197.9199981689453,185.9600067138672,197.50999450683594,197.50999450683594,505500,ZBRA
2020-03-27,192.7100067138672,192.7100067138672,180.6300048828125,184.57000732421875,184.57000732421875,390700,ZBRA
2020-03-30,186.2100067138672,190.36000061035156,180.67999267578125,188.35000610351562,188.35000610351562,323900,ZBRA
2020-03-31,186.7899932861328,189.49000549316406,182.10000610351562,183.60000610351562,183.60000610351562,521000,ZBRA
2020-04-01,177.55999755859375,179.1300048828125,174.02000427246094,176.4600067138672,176.4600067138672,606000,ZBRA
2020-04-02,173.8699951171875,179.75,170.6300048828125,174.24000549316406,174.24000549316406,599600,ZBRA
2020-04-03,173.02000427246094,179.75999450683594,172.00999450683594,178.0800018310547,178.0800018310547,598600,ZBRA
2020-04-06,184.77999877929688,193.60000610351562,184.50999450683594,191.85000610351562,191.85000610351562,306400,ZBRA
2020-04-07,199.6999969482422,200.3800048828125,191.61000061035156,192.36000061035156,192.36000061035156,413600,ZBRA
2020-04-08,195.74000549316406,198.9600067138672,192.22999572753906,196.64999389648438,196.64999389648438,252300,ZBRA
2020-04-09,198.8300018310547,202.49000549316406,197.1699981689453,201.22000122070312,201.22000122070312,529300,ZBRA
2020-04-13,201.02000427246094,202.60000610351562,195.0,197.91000366210938,197.91000366210938,331700,ZBRA
2020-04-14,204.3699951171875,210.27999877929688,200.14999389648438,206.8800048828125,206.8800048828125,358800,ZBRA
2020-04-15,202.33999633789062,202.97999572753906,196.24000549316406,196.80999755859375,196.80999755859375,389100,ZBRA
2020-04-16,199.7100067138672,202.7899932861328,196.72000122070312,201.60000610351562,201.60000610351562,387500,ZBRA
2020-04-17,204.6699981689453,208.61000061035156,201.4199981689453,202.97999572753906,202.97999572753906,382300,ZBRA
2020-04-20,201.4499969482422,207.39999389648438,201.0,202.35000610351562,202.35000610351562,381500,ZBRA
2020-04-21,197.88999938964844,199.4600067138672,192.4199981689453,192.85000610351562,192.85000610351562,379200,ZBRA
2020-04-22,198.19000244140625,200.4199981689453,194.1699981689453,199.41000366210938,199.41000366210938,498800,ZBRA
2020-04-23,200.36000061035156,207.8699951171875,200.36000061035156,200.97000122070312,200.97000122070312,436900,ZBRA
2020-04-24,202.33999633789062,208.8000030517578,200.67999267578125,208.6199951171875,208.6199951171875,418500,ZBRA
2020-04-27,210.4600067138672,223.66000366210938,209.91000366210938,220.92999267578125,220.92999267578125,560400,ZBRA
2020-04-28,235.5500030517578,238.22999572753906,227.0800018310547,228.47999572753906,228.47999572753906,915600,ZBRA
2020-04-29,232.49000549316406,248.2100067138672,231.50999450683594,244.97000122070312,244.97000122070312,640800,ZBRA
2020-04-30,229.1300048828125,236.77000427246094,225.0,229.66000366210938,229.66000366210938,578500,ZBRA
2020-05-01,225.47999572753906,227.0,222.60000610351562,225.5500030517578,225.5500030517578,349600,ZBRA
2020-05-04,223.13999938964844,228.77000427246094,220.16000366210938,228.77000427246094,228.77000427246094,346900,ZBRA
2020-05-05,229.72999572753906,235.75,229.72999572753906,233.14999389648438,233.14999389648438,349700,ZBRA
2020-05-06,232.97999572753906,235.5399932861328,231.3000030517578,232.4199981689453,232.4199981689453,219100,ZBRA
2020-05-07,235.0,237.30999755859375,231.66000366210938,233.86000061035156,233.86000061035156,276200,ZBRA
2020-05-08,236.0,243.3300018310547,235.27000427246094,242.9199981689453,242.9199981689453,270500,ZBRA
2020-05-11,237.1300048828125,239.9199981689453,234.3800048828125,235.25999450683594,235.25999450683594,339200,ZBRA
2020-05-12,236.86000061035156,238.8800048828125,230.07000732421875,230.1999969482422,230.1999969482422,299100,ZBRA
2020-05-13,230.9199981689453,231.55999755859375,220.52000427246094,223.0800018310547,223.0800018310547,445800,ZBRA
2020-05-14,219.49000549316406,222.1300048828125,215.52000427246094,221.77000427246094,221.77000427246094,457000,ZBRA
2020-05-15,219.35000610351562,220.75999450683594,216.64999389648438,217.8000030517578,217.8000030517578,383100,ZBRA
2020-05-18,226.5,237.33999633789062,223.86000061035156,235.8000030517578,235.8000030517578,571100,ZBRA
2020-05-19,236.11000061035156,243.92999267578125,235.77999877929688,240.5500030517578,240.5500030517578,489900,ZBRA
2020-05-20,242.0,243.1699981689453,239.99000549316406,241.49000549316406,241.49000549316406,369900,ZBRA
2020-05-21,242.08999633789062,246.35000610351562,241.00999450683594,244.14999389648438,244.14999389648438,286900,ZBRA
2020-05-22,243.75,245.5500030517578,240.4600067138672,243.5399932861328,243.5399932861328,301600,ZBRA
2020-05-26,250.0,259.3500061035156,246.69000244140625,255.9600067138672,255.9600067138672,558900,ZBRA
2020-05-27,257.2900085449219,261.239990234375,254.1199951171875,258.6700134277344,258.6700134277344,501900,ZBRA
2020-05-28,258.239990234375,263.69000244140625,256.9200134277344,257.4200134277344,257.4200134277344,334000,ZBRA
2020-05-29,257.8599853515625,261.989990234375,254.10000610351562,261.32000732421875,261.32000732421875,490700,ZBRA
2020-06-01,259.3299865722656,266.2200012207031,258.0199890136719,264.9700012207031,264.9700012207031,294100,ZBRA
2020-06-02,265.94000244140625,267.0799865722656,261.6600036621094,264.0899963378906,264.0899963378906,266000,ZBRA
2020-06-03,267.4800109863281,272.0,265.0400085449219,269.0199890136719,269.0199890136719,334400,ZBRA
2020-06-04,266.9700012207031,267.3599853515625,259.260009765625,261.1700134277344,261.1700134277344,345100,ZBRA
2020-06-05,265.1700134277344,278.54998779296875,263.8900146484375,277.54998779296875,277.54998779296875,438200,ZBRA
2020-06-08,273.5899963378906,278.6000061035156,271.989990234375,277.05999755859375,277.05999755859375,284200,ZBRA
2020-06-09,273.2799987792969,275.54998779296875,269.9700012207031,270.32000732421875,270.32000732421875,316000,ZBRA
2020-06-10,270.4599914550781,271.17999267578125,266.8299865722656,267.0799865722656,267.0799865722656,232400,ZBRA
2020-06-11,259.8299865722656,260.79998779296875,249.6199951171875,250.19000244140625,250.19000244140625,349300,ZBRA
2020-06-12,258.989990234375,260.0799865722656,253.05999755859375,258.3299865722656,258.3299865722656,305200,ZBRA
2020-06-15,251.6300048828125,259.4800109863281,249.10000610351562,259.4100036621094,259.4100036621094,307100,ZBRA
2020-06-16,267.0899963378906,269.6700134277344,261.0,266.4599914550781,266.4599914550781,244500,ZBRA
2020-06-17,266.0899963378906,267.5199890136719,260.25,260.82000732421875,260.82000732421875,236100,ZBRA
2020-06-18,260.2900085449219,263.3299865722656,257.80999755859375,262.2300109863281,262.2300109863281,188300,ZBRA
2020-06-19,268.0799865722656,268.0799865722656,253.4600067138672,264.4100036621094,264.4100036621094,987000,ZBRA
2020-06-22,262.44000244140625,265.1400146484375,259.1400146484375,261.7900085449219,261.7900085449219,307100,ZBRA
2020-06-23,266.1499938964844,266.1499938964844,260.2900085449219,260.7699890136719,260.7699890136719,292900,ZBRA
2020-06-24,259.8399963378906,260.2099914550781,246.60000610351562,250.5,250.5,370000,ZBRA
2020-06-25,248.99000549316406,253.92999267578125,247.6199951171875,253.63999938964844,253.63999938964844,232100,ZBRA
2020-06-26,253.5,256.7799987792969,244.60000610351562,246.4199981689453,246.4199981689453,813800,ZBRA
2020-06-29,246.9600067138672,253.32000732421875,244.32000732421875,252.0500030517578,252.0500030517578,237600,ZBRA
2020-06-30,252.75,258.05999755859375,251.64999389648438,255.9499969482422,255.9499969482422,344500,ZBRA
2020-07-01,256.4700012207031,256.92999267578125,250.9499969482422,251.22999572753906,251.22999572753906,224300,ZBRA
2020-07-02,256.489990234375,259.7300109863281,254.36000061035156,255.0399932861328,255.0399932861328,228600,ZBRA
2020-07-06,260.0,263.8500061035156,258.0199890136719,261.6300048828125,261.6300048828125,286200,ZBRA
2020-07-07,260.8399963378906,261.8999938964844,253.82000732421875,254.25999450683594,254.25999450683594,280900,ZBRA
2020-07-08,254.0399932861328,257.2300109863281,253.55999755859375,257.2099914550781,257.2099914550781,278800,ZBRA
2020-07-09,260.8999938964844,264.5799865722656,258.0299987792969,262.010009765625,262.010009765625,324900,ZBRA
2020-07-10,264.1099853515625,264.1099853515625,255.32000732421875,260.6700134277344,260.6700134277344,261000,ZBRA
2020-07-13,264.9100036621094,265.29998779296875,255.07000732421875,255.5,255.5,211800,ZBRA
2020-07-14,257.0799865722656,266.7900085449219,256.69000244140625,266.4700012207031,266.4700012207031,313500,ZBRA
2020-07-15,272.2200012207031,273.2300109863281,264.07000732421875,268.1600036621094,268.1600036621094,272500,ZBRA
2020-07-16,267.4700012207031,269.1199951171875,264.67999267578125,267.6600036621094,267.6600036621094,287200,ZBRA
2020-07-17,269.1000061035156,274.5400085449219,269.1000061035156,273.1000061035156,273.1000061035156,258500,ZBRA
2020-07-20,274.5199890136719,276.7200012207031,271.0899963378906,276.3599853515625,276.3599853515625,251400,ZBRA
2020-07-21,277.19000244140625,279.989990234375,272.3299865722656,273.2799987792969,273.2799987792969,256400,ZBRA
2020-07-22,272.75,278.79998779296875,272.75,277.0,277.0,244500,ZBRA
2020-07-23,275.510009765625,277.6400146484375,272.7200012207031,275.7099914550781,275.7099914550781,261000,ZBRA
2020-07-24,272.0,273.2699890136719,267.29998779296875,269.9800109863281,269.9800109863281,423100,ZBRA
2020-07-27,270.9599914550781,275.32000732421875,270.1300048828125,273.3399963378906,273.3399963378906,347500,ZBRA
2020-07-28,287.8299865722656,287.8299865722656,270.5299987792969,271.17999267578125,271.17999267578125,458300,ZBRA
2020-07-29,274.30999755859375,278.70001220703125,272.6099853515625,273.8500061035156,273.8500061035156,404600,ZBRA
2020-07-30,271.5899963378906,275.7099914550781,269.7900085449219,274.95001220703125,274.95001220703125,205700,ZBRA
2020-07-31,275.75,281.2300109863281,274.3900146484375,280.75,280.75,472800,ZBRA
2020-08-03,283.4200134277344,283.4200134277344,278.4100036621094,280.7200012207031,280.7200012207031,244500,ZBRA
2020-08-04,280.8999938964844,285.1099853515625,279.55999755859375,284.67999267578125,284.67999267578125,307400,ZBRA
2020-08-05,286.32000732421875,289.1000061035156,284.0299987792969,288.8399963378906,288.8399963378906,228600,ZBRA
2020-08-06,285.17999267578125,288.239990234375,284.0,286.7300109863281,286.7300109863281,241500,ZBRA
2020-08-07,284.7300109863281,285.0199890136719,281.260009765625,283.0400085449219,283.0400085449219,195100,ZBRA
2020-08-10,282.8399963378906,283.9800109863281,277.6199951171875,280.4100036621094,280.4100036621094,223200,ZBRA
2020-08-11,282.0199890136719,284.0400085449219,279.67999267578125,280.57000732421875,280.57000732421875,183300,ZBRA
2020-08-12,281.9700012207031,284.6300048828125,280.32000732421875,284.010009765625,284.010009765625,239600,ZBRA
2020-08-13,283.2200012207031,285.95001220703125,282.3699951171875,285.6099853515625,285.6099853515625,142800,ZBRA
2020-08-14,284.7799987792969,286.2200012207031,282.8999938964844,286.0299987792969,286.0299987792969,163800,ZBRA
2020-08-17,288.489990234375,291.29998779296875,286.0,286.739990234375,286.739990234375,214800,ZBRA
2020-08-18,278.6099853515625,285.2900085449219,278.6099853515625,281.9599914550781,281.9599914550781,317300,ZBRA
2020-08-19,282.9200134277344,285.25,281.3999938964844,283.1300048828125,283.1300048828125,249100,ZBRA
2020-08-20,282.55999755859375,282.70001220703125,275.2900085449219,276.54998779296875,276.54998779296875,182700,ZBRA
2020-08-21,277.4100036621094,277.4100036621094,273.6700134277344,275.3299865722656,275.3299865722656,234900,ZBRA
2020-08-24,279.3699951171875,284.54998779296875,274.3599853515625,275.3900146484375,275.3900146484375,256100,ZBRA
2020-08-25,276.2200012207031,281.19000244140625,274.45001220703125,277.8599853515625,277.8599853515625,328300,ZBRA
2020-08-26,278.2099914550781,286.1700134277344,278.010009765625,284.739990234375,284.739990234375,320500,ZBRA
2020-08-27,287.2300109863281,287.7099914550781,275.5299987792969,277.260009765625,277.260009765625,267400,ZBRA
2020-08-28,278.29998779296875,280.5,277.70001220703125,280.1600036621094,280.1600036621094,259700,ZBRA
2020-08-31,281.2900085449219,287.1499938964844,281.04998779296875,286.5299987792969,286.5299987792969,340700,ZBRA
2020-09-01,287.29998779296875,287.4700012207031,283.9100036621094,287.1600036621094,287.1600036621094,254900,ZBRA
2020-09-02,289.1600036621094,295.5199890136719,286.1000061035156,294.3599853515625,294.3599853515625,360500,ZBRA
2020-09-03,291.1600036621094,291.1600036621094,267.239990234375,269.25,269.25,416800,ZBRA
2020-09-04,268.8500061035156,271.2900085449219,257.30999755859375,260.54998779296875,260.54998779296875,354700,ZBRA
2020-09-08,254.5500030517578,255.61000061035156,247.6999969482422,249.25999450683594,249.25999450683594,556700,ZBRA
2020-09-09,260.2799987792969,262.54998779296875,253.74000549316406,255.11000061035156,255.11000061035156,519900,ZBRA
2020-09-10,255.0,257.8999938964844,248.72000122070312,249.44000244140625,249.44000244140625,535600,ZBRA
2020-09-11,252.5800018310547,253.22000122070312,249.50999450683594,249.9600067138672,249.9600067138672,225900,ZBRA
2020-09-14,253.42999267578125,255.5800018310547,249.02999877929688,251.25999450683594,251.25999450683594,303000,ZBRA
2020-09-15,254.17999267578125,259.3699951171875,253.1199951171875,257.4599914550781,257.4599914550781,252000,ZBRA
2020-09-16,260.1000061035156,260.20001220703125,253.35000610351562,254.14999389648438,254.14999389648438,277300,ZBRA
2020-09-17,250.72999572753906,256.3800048828125,249.39999389648438,256.17999267578125,256.17999267578125,289700,ZBRA
2020-09-18,255.9499969482422,260.69000244140625,253.82000732421875,256.1499938964844,256.1499938964844,537900,ZBRA
2020-09-21,251.02000427246094,255.9600067138672,247.47000122070312,248.72999572753906,248.72999572753906,369600,ZBRA
2020-09-22,251.0,252.86000061035156,246.8300018310547,252.27999877929688,252.27999877929688,388600,ZBRA
2020-09-23,253.86000061035156,254.99000549316406,249.39999389648438,249.5800018310547,249.5800018310547,308500,ZBRA
2020-09-24,247.30999755859375,252.72000122070312,247.30999755859375,250.6699981689453,250.6699981689453,215700,ZBRA
2020-09-25,251.91000366210938,258.70001220703125,250.0500030517578,257.4599914550781,257.4599914550781,250600,ZBRA
2020-09-28,261.05999755859375,264.0199890136719,259.04998779296875,260.55999755859375,260.55999755859375,272700,ZBRA
2020-09-29,262.2099914550781,263.0899963378906,257.6300048828125,258.9200134277344,258.9200134277344,190500,ZBRA
2020-09-30,258.07000732421875,259.3900146484375,250.4499969482422,252.4600067138672,252.4600067138672,596400,ZBRA
2020-10-01,256.80999755859375,259.1499938964844,254.33999633789062,258.4800109863281,258.4800109863281,461200,ZBRA
2020-10-02,252.52000427246094,259.2099914550781,252.52000427246094,258.80999755859375,258.80999755859375,354500,ZBRA
2020-10-05,261.0899963378906,268.4700012207031,260.3999938964844,268.010009765625,268.010009765625,375200,ZBRA
2020-10-06,267.1400146484375,273.489990234375,267.1400146484375,269.9700012207031,269.9700012207031,378300,ZBRA
2020-10-07,274.010009765625,278.30999755859375,272.8299865722656,276.5799865722656,276.5799865722656,279100,ZBRA
2020-10-08,277.7300109863281,281.3999938964844,277.7300109863281,279.0899963378906,279.0899963378906,221300,ZBRA
2020-10-09,281.6300048828125,284.25,280.989990234375,284.0,284.0,216200,ZBRA
2020-10-12,287.239990234375,289.29998779296875,286.25,288.25,288.25,277900,ZBRA
2020-10-13,288.8299865722656,290.75,286.19000244140625,286.7300109863281,286.7300109863281,227300,ZBRA
2020-10-14,288.6499938964844,290.70001220703125,281.8699951171875,284.7699890136719,284.7699890136719,345600,ZBRA
2020-10-15,280.3800048828125,287.3299865722656,280.3800048828125,287.30999755859375,287.30999755859375,204300,ZBRA
2020-10-16,289.9599914550781,295.3699951171875,289.239990234375,293.0,293.0,218800,ZBRA
2020-10-19,292.20001220703125,299.3599853515625,291.2799987792969,291.57000732421875,291.57000732421875,347600,ZBRA
2020-10-20,293.239990234375,300.0,292.6499938964844,294.8299865722656,294.8299865722656,211100,ZBRA
2020-10-21,295.2900085449219,300.3299865722656,291.19000244140625,291.8599853515625,291.8599853515625,233100,ZBRA
2020-10-22,293.79998779296875,301.3299865722656,292.25,300.9100036621094,300.9100036621094,321700,ZBRA
2020-10-23,303.0,304.57000732421875,298.2300109863281,303.7200012207031,303.7200012207031,293500,ZBRA
2020-10-26,299.8999938964844,302.3299865722656,293.94000244140625,295.1000061035156,295.1000061035156,250800,ZBRA
2020-10-27,295.0799865722656,295.0799865722656,287.19000244140625,289.2799987792969,289.2799987792969,351600,ZBRA
2020-10-28,284.4700012207031,287.3900146484375,282.0799865722656,285.20001220703125,285.20001220703125,300200,ZBRA
2020-10-29,284.7200012207031,294.010009765625,282.94000244140625,291.9700012207031,291.9700012207031,263000,ZBRA
2020-10-30,290.0,290.9700012207031,281.0199890136719,283.6400146484375,283.6400146484375,304300,ZBRA
2020-11-02,289.4100036621094,294.9700012207031,287.489990234375,293.07000732421875,293.07000732421875,510700,ZBRA
2020-11-03,314.8999938964844,322.8999938964844,305.55999755859375,319.2200012207031,319.2200012207031,571700,ZBRA
2020-11-04,320.4200134277344,329.6600036621094,317.1499938964844,329.17999267578125,329.17999267578125,423400,ZBRA
2020-11-05,333.8299865722656,343.8299865722656,332.8599853515625,340.1199951171875,340.1199951171875,399000,ZBRA
2020-11-06,340.17999267578125,348.44000244140625,338.5899963378906,346.42999267578125,346.42999267578125,370300,ZBRA
2020-11-09,356.989990234375,362.5799865722656,352.4700012207031,352.7099914550781,352.7099914550781,490000,ZBRA
2020-11-10,352.54998779296875,356.6099853515625,341.17999267578125,345.0199890136719,345.0199890136719,553100,ZBRA
2020-11-11,348.6700134277344,356.7300109863281,345.6199951171875,356.2699890136719,356.2699890136719,297100,ZBRA
2020-11-12,353.6700134277344,354.2900085449219,339.7699890136719,340.7799987792969,340.7799987792969,316700,ZBRA
2020-11-13,344.3500061035156,347.7300109863281,341.67999267578125,345.8599853515625,345.8599853515625,228900,ZBRA
2020-11-16,347.94000244140625,348.4200134277344,342.0899963378906,345.9800109863281,345.9800109863281,292700,ZBRA
2020-11-17,341.7699890136719,342.5400085449219,338.5,340.7900085449219,340.7900085449219,323300,ZBRA
2020-11-18,343.1199951171875,343.94000244140625,337.57000732421875,337.5799865722656,337.5799865722656,211400,ZBRA
2020-11-19,336.010009765625,367.6600036621094,333.05999755859375,358.3900146484375,358.3900146484375,1189700,ZBRA
2020-11-20,363.4200134277344,363.4200134277344,354.1600036621094,354.989990234375,354.989990234375,694100,ZBRA
2020-11-23,367.1000061035156,368.7900085449219,358.54998779296875,362.69000244140625,362.69000244140625,590100,ZBRA
2020-11-24,368.8299865722656,378.82000732421875,362.3599853515625,373.4700012207031,373.4700012207031,566700,ZBRA
2020-11-25,375.69000244140625,379.9100036621094,369.2900085449219,372.7300109863281,372.7300109863281,345000,ZBRA
2020-11-27,377.0199890136719,381.2099914550781,375.1199951171875,377.0,377.0,206000,ZBRA
2020-11-30,378.4800109863281,380.2200012207031,369.010009765625,378.4200134277344,378.4200134277344,603300,ZBRA
2020-12-01,381.6300048828125,382.7099914550781,370.8299865722656,372.1700134277344,372.1700134277344,403700,ZBRA
2020-12-02,370.7099914550781,373.010009765625,364.57000732421875,367.2099914550781,367.2099914550781,385600,ZBRA
2020-12-03,368.0,374.7099914550781,366.0199890136719,372.3699951171875,372.3699951171875,263500,ZBRA
2020-12-04,376.0199890136719,380.95001220703125,375.0,378.4700012207031,378.4700012207031,255900,ZBRA
2020-12-07,378.2799987792969,379.8500061035156,372.510009765625,373.8299865722656,373.8299865722656,321100,ZBRA
2020-12-08,373.6300048828125,377.25,371.2699890136719,375.8399963378906,375.8399963378906,207500,ZBRA
2020-12-09,377.8999938964844,382.9599914550781,374.3999938964844,376.8699951171875,376.8699951171875,215000,ZBRA
2020-12-10,372.80999755859375,378.94000244140625,369.2900085449219,375.1400146484375,375.1400146484375,292300,ZBRA
2020-12-11,372.7799987792969,378.6000061035156,370.3399963378906,377.55999755859375,377.55999755859375,162100,ZBRA
2020-12-14,379.8399963378906,386.739990234375,379.8399963378906,383.4599914550781,383.4599914550781,309100,ZBRA
2020-12-15,388.07000732421875,388.9200134277344,380.0,383.45001220703125,383.45001220703125,311700,ZBRA
2020-12-16,382.1099853515625,383.0400085449219,375.2300109863281,377.4100036621094,377.4100036621094,474300,ZBRA
2020-12-17,378.0,380.1300048828125,372.2099914550781,375.42999267578125,375.42999267578125,819500,ZBRA
2020-12-18,377.42999267578125,378.5,369.20001220703125,373.0,373.0,900400,ZBRA
2020-12-21,366.0,376.7300109863281,363.0,375.9100036621094,375.9100036621094,505600,ZBRA
2020-12-22,377.5,387.2799987792969,375.6600036621094,379.9599914550781,379.9599914550781,474600,ZBRA
2020-12-23,382.6099853515625,384.6000061035156,377.44000244140625,379.739990234375,379.739990234375,191100,ZBRA
2020-12-24,382.2799987792969,382.2799987792969,371.3999938964844,376.8900146484375,376.8900146484375,138300,ZBRA
2020-12-28,380.4700012207031,384.0,375.739990234375,382.5899963378906,382.5899963378906,251200,ZBRA
2020-12-29,384.69000244140625,385.4100036621094,376.3999938964844,378.0400085449219,378.0400085449219,185500,ZBRA
2020-12-30,380.69000244140625,385.760009765625,379.3500061035156,383.75,383.75,166100,ZBRA
2020-12-31,383.7200012207031,385.489990234375,380.4599914550781,384.3299865722656,384.3299865722656,176500,ZBRA
2021-01-04,385.75,387.0,372.4599914550781,378.1300048828125,378.1300048828125,432600,ZBRA
2021-01-05,376.510009765625,381.80999755859375,374.9700012207031,380.57000732421875,380.57000732421875,374700,ZBRA
2021-01-06,377.2200012207031,397.1199951171875,377.2200012207031,394.82000732421875,394.82000732421875,419500,ZBRA
2021-01-07,395.8999938964844,411.9599914550781,395.1499938964844,409.1000061035156,409.1000061035156,379900,ZBRA
2021-01-08,410.0,415.45001220703125,404.6400146484375,405.4700012207031,405.4700012207031,348500,ZBRA
2021-01-11,402.1199951171875,414.5400085449219,400.19000244140625,413.7900085449219,413.7900085449219,312600,ZBRA
2021-01-12,410.6700134277344,419.2099914550781,403.3299865722656,407.95001220703125,407.95001220703125,313100,ZBRA
2021-01-13,409.20001220703125,414.19000244140625,406.82000732421875,412.45001220703125,412.45001220703125,214700,ZBRA
2021-01-14,413.6199951171875,418.75,411.54998779296875,411.9800109863281,411.9800109863281,247200,ZBRA
2021-01-15,410.739990234375,414.2699890136719,406.6300048828125,409.2200012207031,409.2200012207031,305800,ZBRA
2021-01-19,417.1000061035156,417.7799987792969,403.4200134277344,405.8399963378906,405.8399963378906,291500,ZBRA
2021-01-20,409.4700012207031,411.5,405.0199890136719,406.54998779296875,406.54998779296875,241900,ZBRA
2021-01-21,407.510009765625,409.010009765625,402.9700012207031,406.20001220703125,406.20001220703125,161600,ZBRA
2021-01-22,405.3999938964844,410.5799865722656,403.6000061035156,408.8399963378906,408.8399963378906,259300,ZBRA
2021-01-25,409.2300109863281,412.3999938964844,400.3800048828125,402.6300048828125,402.6300048828125,192500,ZBRA
2021-01-26,403.17999267578125,404.3599853515625,394.010009765625,395.1600036621094,395.1600036621094,234600,ZBRA
2021-01-27,392.989990234375,396.4700012207031,380.6400146484375,391.3599853515625,391.3599853515625,314400,ZBRA
2021-01-28,391.04998779296875,398.67999267578125,390.2900085449219,393.0299987792969,393.0299987792969,199100,ZBRA
2021-01-29,390.30999755859375,397.69000244140625,382.489990234375,387.8299865722656,387.8299865722656,298900,ZBRA
2021-02-01,391.6700134277344,400.3299865722656,388.4599914550781,397.3299865722656,397.3299865722656,252500,ZBRA
2021-02-02,396.3800048828125,410.30999755859375,396.3800048828125,405.19000244140625,405.19000244140625,263400,ZBRA
2021-02-03,411.0,412.1400146484375,401.7799987792969,403.69000244140625,403.69000244140625,206900,ZBRA
2021-02-04,404.4700012207031,409.3599853515625,403.30999755859375,407.3399963378906,407.3399963378906,180400,ZBRA
2021-02-05,409.2699890136719,411.8900146484375,405.6000061035156,407.1099853515625,407.1099853515625,232100,ZBRA
2021-02-08,411.9599914550781,420.30999755859375,410.010009765625,420.30999755859375,420.30999755859375,187400,ZBRA
2021-02-09,419.5199890136719,425.3999938964844,418.07000732421875,425.2699890136719,425.2699890136719,305500,ZBRA
2021-02-10,425.8800048828125,429.260009765625,422.19000244140625,427.4700012207031,427.4700012207031,470600,ZBRA
2021-02-11,445.5299987792969,477.67999267578125,441.010009765625,470.0799865722656,470.0799865722656,562600,ZBRA
2021-02-12,470.4599914550781,479.17999267578125,464.0,477.739990234375,477.739990234375,497700,ZBRA
2021-02-16,478.1199951171875,488.5299987792969,474.4800109863281,486.010009765625,486.010009765625,532800,ZBRA
2021-02-17,482.4800109863281,484.989990234375,469.9700012207031,479.5799865722656,479.5799865722656,533700,ZBRA
2021-02-18,471.8599853515625,481.80999755859375,471.8599853515625,477.6499938964844,477.6499938964844,617900,ZBRA
2021-02-19,483.9200134277344,494.9100036621094,480.29998779296875,490.94000244140625,490.94000244140625,477300,ZBRA
2021-02-22,486.25,491.45001220703125,483.5199890136719,488.30999755859375,488.30999755859375,502100,ZBRA
2021-02-23,482.6000061035156,500.2699890136719,480.4200134277344,498.0199890136719,498.0199890136719,886300,ZBRA
2021-02-24,493.7300109863281,515.8200073242188,493.7300109863281,512.6900024414062,512.6900024414062,462900,ZBRA
2021-02-25,511.30999755859375,514.9500122070312,488.9800109863281,497.6199951171875,497.6199951171875,722100,ZBRA
2021-02-26,498.6300048828125,503.9700012207031,489.7900085449219,499.42999267578125,499.42999267578125,551600,ZBRA
2021-03-01,508.30999755859375,512.8499755859375,501.6499938964844,511.4800109863281,511.4800109863281,341100,ZBRA
2021-03-02,516.7899780273438,516.7899780273438,498.3800048828125,501.6199951171875,501.6199951171875,264000,ZBRA
2021-03-03,500.2699890136719,502.8500061035156,489.1499938964844,489.54998779296875,489.54998779296875,652600,ZBRA
2021-03-04,485.9700012207031,499.32000732421875,476.7300109863281,479.6400146484375,479.6400146484375,855300,ZBRA
2021-03-05,484.80999755859375,486.1099853515625,454.1600036621094,478.1499938964844,478.1499938964844,533100,ZBRA
2021-03-08,478.1400146484375,478.6600036621094,460.55999755859375,460.6400146484375,460.6400146484375,336000,ZBRA
2021-03-09,468.6199951171875,477.55999755859375,465.7799987792969,468.3500061035156,468.3500061035156,454400,ZBRA
2021-03-10,476.3399963378906,476.54998779296875,467.42999267578125,470.510009765625,470.510009765625,320500,ZBRA
2021-03-11,476.8800048828125,483.8999938964844,473.92999267578125,480.75,480.75,272300,ZBRA
2021-03-12,477.5,477.5,464.79998779296875,472.8500061035156,472.8500061035156,376300,ZBRA
2021-03-15,473.3800048828125,478.80999755859375,470.6300048828125,478.1099853515625,478.1099853515625,276000,ZBRA
2021-03-16,481.19000244140625,482.20001220703125,471.010009765625,473.8999938964844,473.8999938964844,238100,ZBRA
2021-03-17,474.4200134277344,476.010009765625,467.94000244140625,473.2799987792969,473.2799987792969,484500,ZBRA
2021-03-18,471.82000732421875,473.8500061035156,460.30999755859375,461.1099853515625,461.1099853515625,505100,ZBRA
2021-03-19,462.5899963378906,465.5400085449219,454.20001220703125,459.95001220703125,459.95001220703125,747100,ZBRA
2021-03-22,459.6300048828125,468.25,459.1600036621094,463.7699890136719,463.7699890136719,486500,ZBRA
2021-03-23,475.80999755859375,478.8999938964844,458.75,462.6499938964844,462.6499938964844,589200,ZBRA
2021-03-24,463.3399963378906,469.010009765625,457.0400085449219,463.80999755859375,463.80999755859375,324400,ZBRA
2021-03-25,457.75,464.239990234375,451.67999267578125,461.260009765625,461.260009765625,349000,ZBRA
2021-03-26,462.9100036621094,477.5199890136719,462.82000732421875,476.9599914550781,476.9599914550781,261300,ZBRA
2021-03-29,473.6499938964844,476.94000244140625,464.1499938964844,467.07000732421875,467.07000732421875,235500,ZBRA
2021-03-30,462.7799987792969,477.1499938964844,460.82000732421875,474.8299865722656,474.8299865722656,251400,ZBRA
2021-03-31,475.5799865722656,488.6000061035156,475.5799865722656,485.17999267578125,485.17999267578125,330200,ZBRA
2021-04-01,489.9200134277344,494.95001220703125,483.2900085449219,491.7799987792969,491.7799987792969,267500,ZBRA
2021-04-05,492.19000244140625,496.6300048828125,490.05999755859375,492.79998779296875,492.79998779296875,226000,ZBRA
2021-04-06,492.79998779296875,493.9200134277344,489.010009765625,491.1600036621094,491.1600036621094,181900,ZBRA
2021-04-07,488.1000061035156,493.44000244140625,484.3299865722656,485.30999755859375,485.30999755859375,203200,ZBRA
2021-04-08,490.67999267578125,503.3999938964844,488.92999267578125,502.8999938964844,502.8999938964844,268900,ZBRA
2021-04-09,498.8999938964844,508.0400085449219,493.5299987792969,507.510009765625,507.510009765625,195700,ZBRA
2021-04-12,507.8299865722656,508.0,501.1499938964844,505.5,505.5,193000,ZBRA
2021-04-13,510.0799865722656,511.3299865722656,501.54998779296875,504.55999755859375,504.55999755859375,278200,ZBRA
2021-04-14,503.6300048828125,508.9200134277344,498.3500061035156,500.6499938964844,500.6499938964844,286400,ZBRA
2021-04-15,504.3599853515625,509.57000732421875,502.55999755859375,507.8500061035156,507.8500061035156,189900,ZBRA
2021-04-16,510.9200134277344,515.6300048828125,505.3599853515625,513.489990234375,513.489990234375,208900,ZBRA
2021-04-19,513.489990234375,518.6599731445312,506.7900085449219,509.6300048828125,509.6300048828125,177000,ZBRA
2021-04-20,505.3900146484375,511.07000732421875,496.7099914550781,499.55999755859375,499.55999755859375,209300,ZBRA
2021-04-21,486.80999755859375,493.69000244140625,483.69000244140625,491.3699951171875,491.3699951171875,349300,ZBRA
2021-04-22,496.0299987792969,496.0299987792969,485.75,487.3500061035156,487.3500061035156,324400,ZBRA
2021-04-23,491.6199951171875,498.04998779296875,490.010009765625,497.4100036621094,497.4100036621094,320900,ZBRA
2021-04-26,498.3999938964844,503.04998779296875,497.4700012207031,498.5,498.5,216900,ZBRA
2021-04-27,498.6000061035156,502.82000732421875,494.4800109863281,501.75,501.75,138800,ZBRA
2021-04-28,499.6099853515625,503.0299987792969,495.0,496.6000061035156,496.6000061035156,199700,ZBRA
2021-04-29,500.0,502.4100036621094,492.5899963378906,496.6300048828125,496.6300048828125,168500,ZBRA
2021-04-30,491.0299987792969,494.9100036621094,486.30999755859375,487.739990234375,487.739990234375,353500,ZBRA
2021-05-03,492.1300048828125,492.1300048828125,475.0899963378906,479.04998779296875,479.04998779296875,487000,ZBRA
2021-05-04,478.05999755859375,480.6099853515625,455.7099914550781,470.6199951171875,470.6199951171875,514600,ZBRA
2021-05-05,483.6199951171875,485.3900146484375,472.3599853515625,482.4200134277344,482.4200134277344,446000,ZBRA
2021-05-06,475.32000732421875,478.0,463.0,471.4100036621094,471.4100036621094,549300,ZBRA
2021-05-07,471.4100036621094,489.9800109863281,469.6099853515625,488.5799865722656,488.5799865722656,330700,ZBRA
2021-05-10,486.7900085449219,489.4100036621094,480.45001220703125,484.0400085449219,484.0400085449219,346300,ZBRA
2021-05-11,473.7300109863281,487.2900085449219,466.69000244140625,485.6700134277344,485.6700134277344,395700,ZBRA
2021-05-12,478.4599914550781,484.0,464.1499938964844,464.3900146484375,464.3900146484375,356000,ZBRA
2021-05-13,466.17999267578125,477.6499938964844,466.17999267578125,471.9700012207031,471.9700012207031,187700,ZBRA
2021-05-14,476.8399963378906,487.8599853515625,475.7300109863281,486.7300109863281,486.7300109863281,239500,ZBRA
2021-05-17,482.8299865722656,486.20001220703125,478.0,482.010009765625,482.010009765625,186800,ZBRA
2021-05-18,486.1700134277344,487.9599914550781,477.17999267578125,477.54998779296875,477.54998779296875,198300,ZBRA
2021-05-19,468.80999755859375,484.7300109863281,468.80999755859375,484.7200012207031,484.7200012207031,203500,ZBRA
2021-05-20,484.989990234375,495.8699951171875,482.3699951171875,493.8800048828125,493.8800048828125,228800,ZBRA
2021-05-21,496.6400146484375,501.75,493.8399963378906,494.3299865722656,494.3299865722656,238200,ZBRA
2021-05-24,498.3800048828125,503.8900146484375,498.0,501.6199951171875,501.6199951171875,246800,ZBRA
2021-05-25,504.0,508.3299865722656,500.4200134277344,501.9200134277344,501.9200134277344,261500,ZBRA
2021-05-26,504.0199890136719,506.57000732421875,499.70001220703125,501.3299865722656,501.3299865722656,267700,ZBRA
2021-05-27,501.05999755859375,507.8399963378906,497.3500061035156,498.1000061035156,498.1000061035156,810300,ZBRA
2021-05-28,498.9700012207031,501.8399963378906,495.1499938964844,497.04998779296875,497.04998779296875,219500,ZBRA
2021-06-01,502.07000732421875,507.04998779296875,500.30999755859375,502.9200134277344,502.9200134277344,226600,ZBRA
2021-06-02,501.8699951171875,506.0400085449219,499.7200012207031,504.7699890136719,504.7699890136719,231900,ZBRA
2021-06-03,503.989990234375,509.239990234375,500.1600036621094,506.0400085449219,506.0400085449219,209800,ZBRA
2021-06-04,509.94000244140625,517.0,506.9800109863281,516.5700073242188,516.5700073242188,286500,ZBRA
2021-06-07,516.5,517.9400024414062,503.9599914550781,506.17999267578125,506.17999267578125,225000,ZBRA
2021-06-08,505.3999938964844,508.6300048828125,501.8800048828125,505.57000732421875,505.57000732421875,245700,ZBRA
2021-06-09,508.05999755859375,508.17999267578125,502.1700134277344,505.3500061035156,505.3500061035156,205600,ZBRA
2021-06-10,506.6700134277344,511.6000061035156,505.79998779296875,508.6300048828125,508.6300048828125,149800,ZBRA
2021-06-11,511.0199890136719,511.4800109863281,505.80999755859375,508.4800109863281,508.4800109863281,157800,ZBRA
2021-06-14,509.1000061035156,511.2799987792969,505.489990234375,509.9200134277344,509.9200134277344,208500,ZBRA
2021-06-15,509.9200134277344,509.9200134277344,504.32000732421875,506.1000061035156,506.1000061035156,184900,ZBRA
2021-06-16,506.8699951171875,513.0900268554688,504.3999938964844,506.70001220703125,506.70001220703125,196600,ZBRA
2021-06-17,506.6099853515625,509.30999755859375,499.010009765625,502.0899963378906,502.0899963378906,189400,ZBRA
2021-06-18,499.25,500.3999938964844,484.3399963378906,493.42999267578125,493.42999267578125,487100,ZBRA
2021-06-21,494.3900146484375,504.5,492.67999267578125,504.1300048828125,504.1300048828125,301200,ZBRA
2021-06-22,501.8900146484375,507.0,498.92999267578125,506.44000244140625,506.44000244140625,239200,ZBRA
2021-06-23,504.4800109863281,506.4800109863281,500.0,502.8800048828125,502.8800048828125,167800,ZBRA
2021-06-24,505.30999755859375,511.2900085449219,501.5,510.3900146484375,510.3900146484375,258500,ZBRA
2021-06-25,513.1699829101562,514.5999755859375,506.4700012207031,510.6499938964844,510.6499938964844,251400,ZBRA
2021-06-28,511.9200134277344,529.010009765625,510.55999755859375,527.1300048828125,527.1300048828125,380500,ZBRA
2021-06-29,529.6900024414062,536.780029296875,528.2899780273438,536.0599975585938,536.0599975585938,327800,ZBRA
2021-06-30,535.8200073242188,538.510009765625,527.5900268554688,529.489990234375,529.489990234375,273200,ZBRA
2021-07-01,530.0,533.22998046875,521.02001953125,532.02001953125,532.02001953125,227500,ZBRA
2021-07-02,537.010009765625,541.260009765625,534.1400146484375,539.9400024414062,539.9400024414062,205400,ZBRA
2021-07-06,540.6900024414062,545.4600219726562,534.2899780273438,544.3499755859375,544.3499755859375,306100,ZBRA
2021-07-07,546.4500122070312,547.7999877929688,531.02001953125,546.6500244140625,546.6500244140625,232100,ZBRA
2021-07-08,539.219970703125,546.8400268554688,534.0,539.8400268554688,539.8400268554688,229200,ZBRA
2021-07-09,542.469970703125,548.469970703125,541.22998046875,547.72998046875,547.72998046875,158900,ZBRA
2021-07-12,548.7899780273438,549.97998046875,539.0399780273438,548.0999755859375,548.0999755859375,212100,ZBRA
2021-07-13,546.3599853515625,546.3599853515625,531.9400024414062,533.6199951171875,533.6199951171875,229100,ZBRA
2021-07-14,537.739990234375,539.47998046875,528.4000244140625,530.1400146484375,530.1400146484375,190100,ZBRA
2021-07-15,528.8599853515625,531.9199829101562,517.9099731445312,522.6199951171875,522.6199951171875,246000,ZBRA
2021-07-16,523.7000122070312,525.469970703125,517.9099731445312,518.3300170898438,518.3300170898438,162500,ZBRA
2021-07-19,509.5899963378906,514.4500122070312,502.6300048828125,506.9100036621094,506.9100036621094,274400,ZBRA
2021-07-20,510.9800109863281,524.1799926757812,507.2699890136719,519.6699829101562,519.6699829101562,276000,ZBRA
2021-07-21,520.6400146484375,534.1400146484375,520.6400146484375,533.77001953125,533.77001953125,197500,ZBRA
2021-07-22,534.0,537.3699951171875,530.010009765625,536.219970703125,536.219970703125,153100,ZBRA
2021-07-23,540.6400146484375,548.9400024414062,538.2100219726562,548.6099853515625,548.6099853515625,163800,ZBRA
2021-07-26,550.0,553.6599731445312,539.4299926757812,545.3099975585938,545.3099975585938,162300,ZBRA
2021-07-27,543.260009765625,544.0800170898438,529.2100219726562,540.1799926757812,540.1799926757812,233800,ZBRA
2021-07-28,539.5,547.4199829101562,535.9299926757812,545.739990234375,545.739990234375,140400,ZBRA
2021-07-29,548.0,554.0999755859375,547.0,548.0999755859375,548.0999755859375,162500,ZBRA
2021-07-30,545.2999877929688,554.219970703125,544.5999755859375,552.47998046875,552.47998046875,250100,ZBRA
2021-08-02,555.0,558.6799926757812,548.8400268554688,550.969970703125,550.969970703125,240500,ZBRA
2021-08-03,559.489990234375,559.8599853515625,527.5399780273438,546.739990234375,546.739990234375,446400,ZBRA
2021-08-04,547.5599975585938,566.77001953125,547.0,560.0,560.0,321700,ZBRA
2021-08-05,560.0,570.8300170898438,558.02001953125,569.219970703125,569.219970703125,248300,ZBRA
2021-08-06,565.0599975585938,566.989990234375,552.510009765625,562.27001953125,562.27001953125,205700,ZBRA
2021-08-09,562.3099975585938,566.0399780273438,557.9600219726562,563.97998046875,563.97998046875,128800,ZBRA
2021-08-10,565.0,567.4500122070312,560.5999755859375,567.1099853515625,567.1099853515625,144000,ZBRA
2021-08-11,567.9099731445312,572.2100219726562,564.0900268554688,569.5399780273438,569.5399780273438,129700,ZBRA
2021-08-12,568.969970703125,570.5,564.27001953125,568.4000244140625,568.4000244140625,149300,ZBRA
2021-08-13,568.0,571.3900146484375,562.2100219726562,571.0700073242188,571.0700073242188,117300,ZBRA
2021-08-16,570.5399780273438,576.0,567.0399780273438,572.8900146484375,572.8900146484375,133200,ZBRA
2021-08-17,569.3400268554688,569.9299926757812,558.4199829101562,562.6799926757812,562.6799926757812,150200,ZBRA
2021-08-18,559.6799926757812,568.280029296875,556.8699951171875,557.1799926757812,557.1799926757812,197300,ZBRA
2021-08-19,552.9099731445312,565.9400024414062,551.0900268554688,562.719970703125,562.719970703125,153300,ZBRA
2021-08-20,563.1799926757812,572.3300170898438,562.27001953125,571.489990234375,571.489990234375,187900,ZBRA
2021-08-23,574.3300170898438,581.6199951171875,574.3300170898438,578.8900146484375,578.8900146484375,154900,ZBRA
2021-08-24,580.3099975585938,583.6699829101562,577.5900268554688,578.7100219726562,578.7100219726562,109700,ZBRA
2021-08-25,577.8400268554688,584.25,577.8400268554688,584.1099853515625,584.1099853515625,133900,ZBRA
2021-08-26,584.6199951171875,584.6199951171875,578.530029296875,578.9099731445312,578.9099731445312,121100,ZBRA
2021-08-27,581.0900268554688,588.3499755859375,578.7999877929688,587.9600219726562,587.9600219726562,317300,ZBRA
2021-08-30,591.9000244140625,594.1400146484375,583.9099731445312,584.780029296875,584.780029296875,175000,ZBRA
2021-08-31,585.0700073242188,588.77001953125,579.2100219726562,587.1699829101562,587.1699829101562,230100,ZBRA
2021-09-01,592.47998046875,592.47998046875,579.469970703125,582.780029296875,582.780029296875,195200,ZBRA
2021-09-02,588.3599853515625,591.489990234375,585.6099853515625,588.25,588.25,170000,ZBRA
2021-09-03,589.0,594.77001953125,585.5599975585938,590.5999755859375,590.5999755859375,178600,ZBRA
2021-09-07,593.5800170898438,593.5800170898438,580.4000244140625,581.1400146484375,581.1400146484375,179800,ZBRA
2021-09-08,582.030029296875,584.02001953125,572.9000244140625,579.75,579.75,137700,ZBRA
2021-09-09,578.489990234375,585.1099853515625,576.02001953125,577.469970703125,577.469970703125,148900,ZBRA
2021-09-10,582.0700073242188,586.760009765625,578.5700073242188,580.6300048828125,580.6300048828125,140100,ZBRA
2021-09-13,587.6900024414062,587.6900024414062,575.0,579.9000244140625,579.9000244140625,183000,ZBRA
2021-09-14,579.6699829101562,582.9099731445312,573.5599975585938,576.7899780273438,576.7899780273438,184900,ZBRA
2021-09-15,576.7899780273438,585.7899780273438,576.02001953125,580.97998046875,580.97998046875,158200,ZBRA
2021-09-16,578.5999755859375,588.1500244140625,577.8400268554688,584.760009765625,584.760009765625,167300,ZBRA
2021-09-17,583.47998046875,584.02001953125,567.1699829101562,569.1500244140625,569.1500244140625,393500,ZBRA
2021-09-20,559.760009765625,561.6900024414062,545.25,551.9000244140625,551.9000244140625,364500,ZBRA
2021-09-21,555.4400024414062,556.989990234375,542.030029296875,543.0,543.0,310600,ZBRA
2021-09-22,543.1400146484375,551.989990234375,540.9400024414062,547.5800170898438,547.5800170898438,368200,ZBRA
2021-09-23,555.4299926757812,560.8800048828125,550.780029296875,553.4600219726562,553.4600219726562,412400,ZBRA
2021-09-24,548.8200073242188,560.9199829101562,548.8200073242188,559.47998046875,559.47998046875,285700,ZBRA
2021-09-27,556.0,558.9099731445312,546.0900268554688,548.5800170898438,548.5800170898438,196200,ZBRA
2021-09-28,542.5999755859375,543.0,528.4299926757812,531.1799926757812,531.1799926757812,234300,ZBRA
2021-09-29,533.5,535.5,523.0800170898438,525.6699829101562,525.6699829101562,331900,ZBRA
2021-09-30,530.510009765625,532.6599731445312,514.989990234375,515.4199829101562,515.4199829101562,370900,ZBRA
2021-10-01,517.6199951171875,517.6199951171875,507.42999267578125,510.9800109863281,510.9800109863281,534600,ZBRA
2021-10-04,509.0400085449219,510.42999267578125,498.80999755859375,502.32000732421875,502.32000732421875,288400,ZBRA
2021-10-05,503.9100036621094,514.489990234375,503.1499938964844,506.8900146484375,506.8900146484375,225900,ZBRA
2021-10-06,501.04998779296875,507.989990234375,498.1499938964844,506.3900146484375,506.3900146484375,176500,ZBRA
2021-10-07,512.010009765625,513.72998046875,503.7900085449219,504.4100036621094,504.4100036621094,239200,ZBRA
2021-10-08,504.5,505.17999267578125,492.6300048828125,498.7300109863281,498.7300109863281,227900,ZBRA
2021-10-11,497.260009765625,501.7300109863281,491.989990234375,493.1300048828125,493.1300048828125,245000,ZBRA
2021-10-12,495.9599914550781,501.32000732421875,493.1499938964844,494.5400085449219,494.5400085449219,303300,ZBRA
2021-10-13,499.30999755859375,501.5799865722656,493.989990234375,496.8599853515625,496.8599853515625,180700,ZBRA
2021-10-14,500.69000244140625,511.79998779296875,500.5400085449219,511.3500061035156,511.3500061035156,209100,ZBRA
2021-10-15,514.8200073242188,517.9400024414062,513.3200073242188,515.8300170898438,515.8300170898438,228900,ZBRA
2021-10-18,513.3800048828125,527.4000244140625,511.5199890136719,526.9199829101562,526.9199829101562,190400,ZBRA
2021-10-19,530.030029296875,534.0999755859375,525.219970703125,528.6300048828125,528.6300048828125,164200,ZBRA
2021-10-20,530.5499877929688,530.6300048828125,523.219970703125,527.0599975585938,527.0599975585938,163400,ZBRA
2021-10-21,526.27001953125,535.3900146484375,524.7899780273438,533.6099853515625,533.6099853515625,172700,ZBRA
2021-10-22,534.5999755859375,543.489990234375,527.5499877929688,527.9199829101562,527.9199829101562,221200,ZBRA
2021-10-25,528.52001953125,533.6400146484375,522.1799926757812,532.4600219726562,532.4600219726562,165900,ZBRA
2021-10-26,536.0499877929688,536.0499877929688,524.9199829101562,525.4099731445312,525.4099731445312,131000,ZBRA
2021-10-27,525.4099731445312,530.3200073242188,517.1199951171875,517.8400268554688,517.8400268554688,155800,ZBRA
2021-10-28,521.8400268554688,532.27001953125,518.5999755859375,532.0599975585938,532.0599975585938,204600,ZBRA
2021-10-29,528.27001953125,534.5399780273438,525.8599853515625,533.9500122070312,533.9500122070312,266200,ZBRA
2021-11-01,533.4500122070312,544.510009765625,532.7999877929688,542.5900268554688,542.5900268554688,370200,ZBRA
2021-11-02,549.9000244140625,593.5999755859375,545.5599975585938,585.5499877929688,585.5499877929688,564200,ZBRA
2021-11-03,580.6900024414062,580.6900024414062,555.1500244140625,578.489990234375,578.489990234375,401700,ZBRA
2021-11-04,579.3800048828125,605.3900146484375,572.8200073242188,597.4099731445312,597.4099731445312,382700,ZBRA
2021-11-05,598.0,610.9500122070312,598.0,607.5,607.5,328300,ZBRA
2021-11-08,612.22998046875,614.0999755859375,592.8800048828125,596.8099975585938,596.8099975585938,203600,ZBRA
2021-11-09,597.719970703125,602.780029296875,589.6500244140625,595.719970703125,595.719970703125,207900,ZBRA
2021-11-10,592.0,593.4199829101562,578.8400268554688,581.7999877929688,581.7999877929688,178200,ZBRA
2021-11-11,585.3300170898438,589.3699951171875,581.7100219726562,585.0599975585938,585.0599975585938,112800,ZBRA
2021-11-12,587.4099731445312,592.8800048828125,583.489990234375,591.8400268554688,591.8400268554688,130800,ZBRA
2021-11-15,594.2899780273438,597.5800170898438,587.0399780273438,590.760009765625,590.760009765625,115600,ZBRA
2021-11-16,589.0499877929688,605.5999755859375,589.0499877929688,605.0,605.0,148800,ZBRA
2021-11-17,606.5599975585938,609.3200073242188,599.0999755859375,605.8300170898438,605.8300170898438,174300,ZBRA
2021-11-18,606.8800048828125,609.7899780273438,599.3300170898438,606.9600219726562,606.9600219726562,200700,ZBRA
2021-11-19,608.6699829101562,608.6699829101562,593.6799926757812,596.75,596.75,205500,ZBRA
2021-11-22,607.9000244140625,612.3599853515625,595.8200073242188,602.969970703125,602.969970703125,316900,ZBRA
2021-11-23,598.4000244140625,605.52001953125,590.6699829101562,598.739990234375,598.739990234375,382100,ZBRA
2021-11-24,596.989990234375,599.0700073242188,585.1500244140625,598.02001953125,598.02001953125,198700,ZBRA
2021-11-26,595.6400146484375,607.0800170898438,586.530029296875,590.719970703125,590.719970703125,144100,ZBRA
2021-11-29,597.4600219726562,609.4099731445312,588.219970703125,607.2000122070312,607.2000122070312,262700,ZBRA
2021-11-30,605.8400268554688,614.010009765625,585.75,588.780029296875,588.780029296875,458700,ZBRA
2021-12-01,597.7999877929688,604.0499877929688,580.4600219726562,581.030029296875,581.030029296875,253800,ZBRA
2021-12-02,580.8699951171875,599.219970703125,577.3200073242188,596.9600219726562,596.9600219726562,269800,ZBRA
2021-12-03,603.0,605.0,579.4600219726562,588.2899780273438,588.2899780273438,229500,ZBRA
2021-12-06,593.3099975585938,593.3099975585938,577.530029296875,584.219970703125,584.219970703125,224200,ZBRA
2021-12-07,594.52001953125,610.0999755859375,594.52001953125,605.4400024414062,605.4400024414062,254200,ZBRA
2021-12-08,605.4400024414062,608.3599853515625,599.0700073242188,605.3900146484375,605.3900146484375,234400,ZBRA
2021-12-09,604.77001953125,612.3400268554688,597.0499877929688,597.739990234375,597.739990234375,203200,ZBRA
2021-12-10,603.0499877929688,615.0,600.5499877929688,614.5499877929688,614.5499877929688,221200,ZBRA
2021-12-13,613.1699829101562,614.030029296875,602.3499755859375,604.97998046875,604.97998046875,303100,ZBRA
2021-12-14,597.3400268554688,599.1099853515625,582.5599975585938,585.8599853515625,585.8599853515625,286400,ZBRA
2021-12-15,589.9000244140625,599.4299926757812,578.9000244140625,598.1900024414062,598.1900024414062,173500,ZBRA
2021-12-16,603.1099853515625,603.1099853515625,589.1799926757812,592.0399780273438,592.0399780273438,268900,ZBRA
2021-12-17,589.6599731445312,599.27001953125,580.739990234375,588.52001953125,588.52001953125,397600,ZBRA
2021-12-20,575.510009765625,582.9600219726562,562.9400024414062,570.780029296875,570.780029296875,364700,ZBRA
2021-12-21,581.22998046875,583.2999877929688,573.25,580.2100219726562,580.2100219726562,598300,ZBRA
2021-12-22,580.8699951171875,582.469970703125,575.1599731445312,580.4299926757812,580.4299926757812,355200,ZBRA
2021-12-23,583.3400268554688,586.8599853515625,578.6799926757812,582.4099731445312,582.4099731445312,461600,ZBRA
2021-12-27,585.9299926757812,607.27001953125,583.22998046875,606.3300170898438,606.3300170898438,636400,ZBRA
2021-12-28,606.97998046875,609.3200073242188,594.0999755859375,597.3200073242188,597.3200073242188,139500,ZBRA
2021-12-29,596.3400268554688,603.52001953125,596.3400268554688,601.1199951171875,601.1199951171875,128600,ZBRA
2021-12-30,602.7100219726562,605.489990234375,596.1599731445312,597.5399780273438,597.5399780273438,87500,ZBRA
2021-12-31,594.8200073242188,598.5499877929688,594.1699829101562,595.2000122070312,595.2000122070312,117100,ZBRA
2022-01-03,592.0800170898438,599.72998046875,578.489990234375,583.9000244140625,583.9000244140625,272600,ZBRA
2022-01-04,584.75,589.280029296875,574.3099975585938,587.5999755859375,587.5999755859375,346000,ZBRA
2022-01-05,582.4000244140625,586.9199829101562,557.47998046875,558.1799926757812,558.1799926757812,403700,ZBRA
2022-01-06,555.0,563.0599975585938,548.4500122070312,555.1599731445312,555.1599731445312,338300,ZBRA
2022-01-07,552.1400146484375,553.5399780273438,530.1400146484375,530.8599853515625,530.8599853515625,432800,ZBRA
2022-01-10,527.3699951171875,536.0999755859375,516.0800170898438,535.4099731445312,535.4099731445312,403400,ZBRA
2022-01-11,535.1500244140625,539.02001953125,521.5999755859375,538.5700073242188,538.5700073242188,443500,ZBRA
2022-01-12,539.969970703125,547.3699951171875,535.0499877929688,538.4400024414062,538.4400024414062,306700,ZBRA
2022-01-13,539.8200073242188,544.6099853515625,524.3800048828125,525.7999877929688,525.7999877929688,312500,ZBRA
2022-01-14,520.239990234375,533.219970703125,517.5999755859375,528.0,528.0,321900,ZBRA
2022-01-18,516.0999755859375,522.030029296875,514.0,516.719970703125,516.719970703125,337900,ZBRA
2022-01-19,517.6900024414062,529.7999877929688,512.5599975585938,513.1099853515625,513.1099853515625,308200,ZBRA
2022-01-20,516.02001953125,520.5700073242188,500.25,501.4200134277344,501.4200134277344,320000,ZBRA
2022-01-21,502.80999755859375,511.9700012207031,493.25,494.17999267578125,494.17999267578125,488900,ZBRA
2022-01-24,482.57000732421875,491.57000732421875,463.760009765625,490.55999755859375,490.55999755859375,853600,ZBRA
2022-01-25,479.9200134277344,483.8500061035156,462.32000732421875,474.0,474.0,537900,ZBRA
2022-01-26,484.510009765625,487.1000061035156,466.2699890136719,475.70001220703125,475.70001220703125,592500,ZBRA
2022-01-27,483.0,487.9200134277344,469.6600036621094,473.2300109863281,473.2300109863281,624500,ZBRA
2022-01-28,474.6400146484375,493.6600036621094,466.07000732421875,492.57000732421875,492.57000732421875,569200,ZBRA
2022-01-31,493.94000244140625,510.2900085449219,493.94000244140625,509.1199951171875,509.1199951171875,364800,ZBRA
2022-02-01,509.29998779296875,511.4100036621094,500.0799865722656,509.4800109863281,509.4800109863281,330000,ZBRA
2022-02-02,512.8200073242188,520.3200073242188,507.5799865722656,517.010009765625,517.010009765625,482800,ZBRA
2022-02-03,509.2900085449219,514.719970703125,506.6300048828125,508.29998779296875,508.29998779296875,487800,ZBRA
2022-02-04,503.6199951171875,510.3999938964844,495.9100036621094,503.0899963378906,503.0899963378906,394600,ZBRA
2022-02-07,505.5400085449219,509.1099853515625,496.8399963378906,498.3399963378906,498.3399963378906,299800,ZBRA
2022-02-08,495.6700134277344,499.9800109863281,488.4700012207031,491.70001220703125,491.70001220703125,615200,ZBRA
2022-02-09,497.69000244140625,507.4800109863281,494.0199890136719,506.0199890136719,506.0199890136719,678600,ZBRA
2022-02-10,489.6099853515625,489.6099853515625,461.3299865722656,466.6300048828125,466.6300048828125,772700,ZBRA
2022-02-11,465.6000061035156,467.6600036621094,436.25,441.739990234375,441.739990234375,1276000,ZBRA
2022-02-14,442.29998779296875,451.4599914550781,423.5400085449219,426.4200134277344,426.4200134277344,659000,ZBRA
2022-02-15,433.6700134277344,440.489990234375,432.6400146484375,434.94000244140625,434.94000244140625,616000,ZBRA
2022-02-16,432.0,434.2099914550781,425.75,430.9700012207031,430.9700012207031,538900,ZBRA
2022-02-17,426.67999267578125,431.80999755859375,420.6199951171875,423.5,423.5,609300,ZBRA
2022-02-18,423.80999755859375,427.3599853515625,418.4200134277344,420.30999755859375,420.30999755859375,536200,ZBRA
2022-02-22,416.0,422.7099914550781,406.6499938964844,409.760009765625,409.760009765625,549600,ZBRA
2022-02-23,413.0,418.1600036621094,398.4599914550781,399.2900085449219,399.2900085449219,569000,ZBRA
2022-02-24,386.95001220703125,415.80999755859375,385.3399963378906,415.3299865722656,415.3299865722656,508700,ZBRA
2022-02-25,415.1000061035156,423.8699951171875,410.6499938964844,418.07000732421875,418.07000732421875,440600,ZBRA
2022-02-28,414.25,417.6700134277344,406.1400146484375,413.3399963378906,413.3399963378906,541100,ZBRA
2022-03-01,413.0,414.0,402.25,405.5799865722656,405.5799865722656,462100,ZBRA
2022-03-02,409.19000244140625,418.3399963378906,407.1199951171875,415.2699890136719,415.2699890136719,409400,ZBRA
2022-03-03,417.94000244140625,418.5199890136719,404.69000244140625,407.2900085449219,407.2900085449219,241700,ZBRA
2022-03-04,402.4599914550781,404.5,391.8800048828125,394.239990234375,394.239990234375,532500,ZBRA
2022-03-07,394.0,396.5400085449219,380.9100036621094,381.6499938964844,381.6499938964844,504900,ZBRA
2022-03-08,381.6700134277344,396.8399963378906,381.0799865722656,383.9200134277344,383.9200134277344,407600,ZBRA
2022-03-09,395.95001220703125,402.9100036621094,391.45001220703125,399.1099853515625,399.1099853515625,346100,ZBRA
2022-03-10,388.2900085449219,392.3599853515625,383.1199951171875,388.7900085449219,388.7900085449219,250300,ZBRA
2022-03-11,390.9200134277344,394.0,385.3800048828125,386.07000732421875,386.07000732421875,410300,ZBRA
2022-03-14,390.6600036621094,392.4700012207031,375.6300048828125,380.0899963378906,380.0899963378906,330200,ZBRA
2022-03-15,382.45001220703125,388.4800109863281,380.8699951171875,387.0799865722656,387.0799865722656,341100,ZBRA
2022-03-16,391.75,401.95001220703125,389.4599914550781,401.6499938964844,401.6499938964844,321400,ZBRA
2022-03-17,401.0400085449219,419.95001220703125,399.7200012207031,419.3500061035156,419.3500061035156,537900,ZBRA
2022-03-18,419.3500061035156,439.7099914550781,416.2200012207031,437.17999267578125,437.17999267578125,930700,ZBRA
2022-03-21,437.6199951171875,439.45001220703125,425.3299865722656,429.5400085449219,429.5400085449219,491300,ZBRA
2022-03-22,429.8299865722656,436.94000244140625,424.9200134277344,433.67999267578125,433.67999267578125,455800,ZBRA
2022-03-23,428.7300109863281,430.9800109863281,419.2900085449219,419.9100036621094,419.9100036621094,325800,ZBRA
2022-03-24,424.30999755859375,427.8500061035156,415.7300109863281,427.3699951171875,427.3699951171875,311000,ZBRA
2022-03-25,427.5799865722656,428.1300048828125,421.3500061035156,425.6600036621094,425.6600036621094,294300,ZBRA
2022-03-28,425.6600036621094,426.94000244140625,417.7200012207031,422.2799987792969,422.2799987792969,319500,ZBRA
2022-03-29,429.3399963378906,440.6400146484375,428.6600036621094,438.1000061035156,438.1000061035156,292100,ZBRA
2022-03-30,434.0,437.92999267578125,428.5,429.6099853515625,429.6099853515625,316500,ZBRA
2022-03-31,428.9100036621094,432.2099914550781,412.94000244140625,413.70001220703125,413.70001220703125,575600,ZBRA
2022-04-01,414.6300048828125,417.1700134277344,403.70001220703125,413.7300109863281,413.7300109863281,505200,ZBRA
2022-04-04,433.5,437.29998779296875,424.7799987792969,431.239990234375,431.239990234375,492300,ZBRA
2022-04-05,431.9599914550781,431.9599914550781,422.4200134277344,423.7200012207031,423.7200012207031,456700,ZBRA
2022-04-06,417.5299987792969,425.1300048828125,413.2200012207031,422.8999938964844,422.8999938964844,442300,ZBRA
2022-04-07,418.0799865722656,427.0199890136719,416.8999938964844,418.3999938964844,418.3999938964844,464500,ZBRA
2022-04-08,416.260009765625,419.1400146484375,406.70001220703125,415.6300048828125,415.6300048828125,387600,ZBRA
2022-04-11,410.7799987792969,413.70001220703125,405.79998779296875,408.70001220703125,408.70001220703125,249100,ZBRA
2022-04-12,410.8800048828125,418.6700134277344,400.75,402.2099914550781,402.2099914550781,276100,ZBRA
2022-04-13,401.20001220703125,408.29998779296875,400.5299987792969,405.0,405.0,466200,ZBRA
2022-04-14,407.0,407.0,393.6000061035156,393.67999267578125,393.67999267578125,268400,ZBRA
2022-04-18,391.0,397.3500061035156,390.2699890136719,394.2799987792969,394.2799987792969,262000,ZBRA
2022-04-19,393.57000732421875,407.45001220703125,393.04998779296875,406.6199951171875,406.6199951171875,215800,ZBRA
2022-04-20,409.07000732421875,409.8999938964844,397.5,398.4200134277344,398.4200134277344,358400,ZBRA
2022-04-21,402.7300109863281,406.489990234375,388.739990234375,390.0400085449219,390.0400085449219,268700,ZBRA
2022-04-22,389.54998779296875,391.760009765625,377.2900085449219,377.9800109863281,377.9800109863281,307000,ZBRA
2022-04-25,375.82000732421875,390.1600036621094,374.1099853515625,388.94000244140625,388.94000244140625,448400,ZBRA
2022-04-26,386.82000732421875,390.44000244140625,374.5,374.5,374.5,340800,ZBRA
2022-04-27,373.989990234375,381.2699890136719,370.1400146484375,371.1099853515625,371.1099853515625,337700,ZBRA
2022-04-28,375.5899963378906,384.94000244140625,370.6300048828125,382.9800109863281,382.9800109863281,356600,ZBRA
2022-04-29,380.239990234375,385.3299865722656,368.3500061035156,369.6600036621094,369.6600036621094,600300,ZBRA
2022-05-02,371.6600036621094,383.05999755859375,367.1499938964844,379.57000732421875,379.57000732421875,525200,ZBRA
2022-05-03,376.44000244140625,378.8900146484375,360.0,368.1400146484375,368.1400146484375,621800,ZBRA
2022-05-04,364.1700134277344,370.9100036621094,354.42999267578125,367.8699951171875,367.8699951171875,771700,ZBRA
2022-05-05,363.8699951171875,366.4200134277344,344.04998779296875,347.75,347.75,552800,ZBRA
2022-05-06,343.30999755859375,349.489990234375,333.3699951171875,342.5899963378906,342.5899963378906,554100,ZBRA
2022-05-09,335.0,341.7200012207031,327.45001220703125,328.5400085449219,328.5400085449219,602100,ZBRA
2022-05-10,336.989990234375,341.6600036621094,317.7200012207031,325.8399963378906,325.8399963378906,719100,ZBRA
2022-05-11,324.5299987792969,335.1099853515625,314.260009765625,314.5,314.5,752000,ZBRA
2022-05-12,311.989990234375,323.45001220703125,309.0,316.7200012207031,316.7200012207031,1076600,ZBRA
2022-05-13,322.010009765625,337.75,322.010009765625,336.8599853515625,336.8599853515625,629600,ZBRA
2022-05-16,333.07000732421875,336.29998779296875,327.1499938964844,329.3299865722656,329.3299865722656,394900,ZBRA
2022-05-17,339.54998779296875,347.1499938964844,335.29998779296875,344.5799865722656,344.5799865722656,456500,ZBRA
2022-05-18,338.8299865722656,342.4700012207031,325.3299865722656,326.4200134277344,326.4200134277344,670400,ZBRA
2022-05-19,324.1700134277344,330.69000244140625,322.1499938964844,324.1000061035156,324.1000061035156,598800,ZBRA
2022-05-20,330.0199890136719,331.1700134277344,314.9100036621094,325.3699951171875,325.3699951171875,564300,ZBRA
2022-05-23,330.1600036621094,338.9200134277344,322.8699951171875,334.7300109863281,334.7300109863281,529800,ZBRA
2022-05-24,330.29998779296875,332.1499938964844,318.739990234375,322.8800048828125,322.8800048828125,353400,ZBRA
2022-05-25,319.8699951171875,326.6099853515625,318.67999267578125,322.7200012207031,322.7200012207031,379800,ZBRA
2022-05-26,324.20001220703125,333.7099914550781,322.739990234375,332.4700012207031,332.4700012207031,363200,ZBRA
2022-05-27,336.0,343.5299987792969,335.8999938964844,343.5299987792969,343.5299987792969,627800,ZBRA
2022-05-31,343.7799987792969,344.1199951171875,334.0799865722656,338.19000244140625,338.19000244140625,717700,ZBRA
2022-06-01,339.6099853515625,344.010009765625,331.7300109863281,334.54998779296875,334.54998779296875,334300,ZBRA
2022-06-02,334.3800048828125,347.9100036621094,332.17999267578125,347.07000732421875,347.07000732421875,587600,ZBRA
2022-06-03,342.07000732421875,342.07000732421875,332.7900085449219,334.7699890136719,334.7699890136719,359200,ZBRA
2022-06-06,341.4800109863281,342.4100036621094,332.8900146484375,335.42999267578125,335.42999267578125,391200,ZBRA
2022-06-07,330.6199951171875,338.2300109863281,326.010009765625,335.510009765625,335.510009765625,457200,ZBRA
2022-06-08,334.4800109863281,334.4800109863281,328.3599853515625,330.739990234375,330.739990234375,600500,ZBRA
2022-06-09,329.3999938964844,330.239990234375,315.57000732421875,315.6600036621094,315.6600036621094,552100,ZBRA
2022-06-10,310.0,311.1700134277344,304.1000061035156,305.3500061035156,305.3500061035156,506200,ZBRA
2022-06-13,295.6499938964844,299.9700012207031,290.45001220703125,293.0799865722656,293.0799865722656,492400,ZBRA
2022-06-14,295.1199951171875,302.5,292.8500061035156,300.739990234375,300.739990234375,572000,ZBRA
2022-06-15,304.45001220703125,312.7099914550781,301.0,308.3599853515625,308.3599853515625,436900,ZBRA
2022-06-16,301.1600036621094,304.2699890136719,290.0299987792969,292.1199951171875,292.1199951171875,457700,ZBRA
2022-06-17,296.7300109863281,297.4599914550781,287.92999267578125,288.4599914550781,288.4599914550781,867600,ZBRA
2022-06-21,293.510009765625,299.95001220703125,292.489990234375,295.8500061035156,295.8500061035156,489300,ZBRA
2022-06-22,293.5799865722656,299.4599914550781,290.7699890136719,297.82000732421875,297.82000732421875,434000,ZBRA
2022-06-23,298.2300109863281,299.1499938964844,291.8599853515625,297.4100036621094,297.4100036621094,307800,ZBRA
2022-06-24,301.1000061035156,310.3599853515625,300.7900085449219,308.9100036621094,308.9100036621094,1009200,ZBRA
2022-06-27,311.30999755859375,311.760009765625,305.54998779296875,309.8299865722656,309.8299865722656,335600,ZBRA
2022-06-28,309.8699951171875,312.989990234375,301.4200134277344,302.2099914550781,302.2099914550781,271100,ZBRA
2022-06-29,304.8299865722656,304.8299865722656,295.2799987792969,298.3299865722656,298.3299865722656,260000,ZBRA
2022-06-30,295.1700134277344,297.6499938964844,289.8299865722656,293.95001220703125,293.95001220703125,540500,ZBRA
2022-07-01,292.2300109863281,300.05999755859375,290.6499938964844,299.3399963378906,299.3399963378906,473900,ZBRA
2022-07-05,294.7699890136719,302.55999755859375,293.0400085449219,302.3299865722656,302.3299865722656,331200,ZBRA
2022-07-06,304.95001220703125,306.3699951171875,290.3900146484375,294.5299987792969,294.5299987792969,575400,ZBRA
2022-07-07,295.3500061035156,306.1700134277344,295.3500061035156,305.1400146484375,305.1400146484375,316500,ZBRA
2022-07-08,303.07000732421875,303.70001220703125,297.760009765625,299.5199890136719,299.5199890136719,269300,ZBRA
2022-07-11,293.989990234375,296.3500061035156,291.05999755859375,291.70001220703125,291.70001220703125,334800,ZBRA
2022-07-12,294.05999755859375,298.9599914550781,290.4800109863281,292.4100036621094,292.4100036621094,492800,ZBRA
2022-07-13,286.19000244140625,294.92999267578125,283.7200012207031,292.489990234375,292.489990234375,298000,ZBRA
2022-07-14,289.010009765625,292.0199890136719,284.05999755859375,290.79998779296875,290.79998779296875,270700,ZBRA
2022-07-15,293.5400085449219,298.5199890136719,291.010009765625,297.7200012207031,297.7200012207031,292300,ZBRA
2022-07-18,299.5799865722656,302.45001220703125,293.7699890136719,295.8399963378906,295.8399963378906,279900,ZBRA
2022-07-19,301.0899963378906,312.54998779296875,301.0899963378906,311.9100036621094,311.9100036621094,303100,ZBRA
2022-07-20,312.010009765625,325.6400146484375,311.80999755859375,325.4200134277344,325.4200134277344,414700,ZBRA
2022-07-21,324.70001220703125,332.19000244140625,323.8399963378906,332.1499938964844,332.1499938964844,371000,ZBRA
2022-07-22,330.95001220703125,334.5899963378906,322.9200134277344,326.67999267578125,326.67999267578125,222300,ZBRA
2022-07-25,325.5,328.7900085449219,320.9599914550781,325.3699951171875,325.3699951171875,356300,ZBRA
2022-07-26,323.9599914550781,327.17999267578125,321.20001220703125,326.9700012207031,326.9700012207031,300000,ZBRA
2022-07-27,328.6099853515625,340.0,327.2300109863281,338.489990234375,338.489990234375,338800,ZBRA
2022-07-28,338.489990234375,347.1600036621094,336.70001220703125,344.5,344.5,319400,ZBRA
2022-07-29,343.32000732421875,358.3900146484375,340.260009765625,357.69000244140625,357.69000244140625,460900,ZBRA
2022-08-01,352.4200134277344,365.9700012207031,350.69000244140625,358.42999267578125,358.42999267578125,646500,ZBRA
2022-08-02,351.760009765625,356.6199951171875,322.92999267578125,323.32000732421875,323.32000732421875,982900,ZBRA
2022-08-03,322.2200012207031,332.0299987792969,316.04998779296875,326.4100036621094,326.4100036621094,531900,ZBRA
2022-08-04,325.760009765625,330.8900146484375,323.5299987792969,330.5799865722656,330.5799865722656,369700,ZBRA
2022-08-05,324.5199890136719,337.2900085449219,324.5199890136719,331.70001220703125,331.70001220703125,298500,ZBRA
2022-08-08,332.489990234375,338.8399963378906,329.25,330.32000732421875,330.32000732421875,358800,ZBRA
2022-08-09,326.3399963378906,326.3399963378906,318.5,320.1499938964844,320.1499938964844,375800,ZBRA
2022-08-10,330.20001220703125,332.1300048828125,325.2099914550781,328.8699951171875,328.8699951171875,241900,ZBRA
2022-08-11,333.6000061035156,343.5299987792969,331.8500061035156,336.0,336.0,279800,ZBRA
2022-08-12,338.5299987792969,346.7900085449219,336.19000244140625,346.739990234375,346.739990234375,239600,ZBRA
2022-08-15,345.82000732421875,350.3399963378906,343.79998779296875,349.4100036621094,349.4100036621094,251900,ZBRA
2022-08-16,345.5899963378906,347.8900146484375,340.6400146484375,344.9100036621094,344.9100036621094,185500,ZBRA
2022-08-17,340.1000061035156,341.5799865722656,336.7200012207031,340.45001220703125,340.45001220703125,333400,ZBRA
2022-08-18,340.4599914550781,346.0199890136719,339.20001220703125,342.3800048828125,342.3800048828125,201100,ZBRA
2022-08-19,337.67999267578125,339.32000732421875,327.6099853515625,328.4100036621094,328.4100036621094,218300,ZBRA
2022-08-22,322.3299865722656,322.3299865722656,314.5799865722656,315.8800048828125,315.8800048828125,241600,ZBRA
2022-08-23,315.0,319.29998779296875,314.4599914550781,316.989990234375,316.989990234375,181700,ZBRA
2022-08-24,317.7699890136719,321.5199890136719,316.6400146484375,319.3399963378906,319.3399963378906,210900,ZBRA
2022-08-25,322.0,330.4200134277344,321.8500061035156,330.1400146484375,330.1400146484375,179300,ZBRA
2022-08-26,331.0799865722656,331.6499938964844,308.0899963378906,308.1600036621094,308.1600036621094,284300,ZBRA
2022-08-29,304.8999938964844,311.3599853515625,302.4800109863281,307.8999938964844,307.8999938964844,235300,ZBRA
2022-08-30,310.1000061035156,311.6600036621094,301.4599914550781,302.8599853515625,302.8599853515625,311700,ZBRA
2022-08-31,304.55999755859375,305.1499938964844,298.239990234375,301.6400146484375,301.6400146484375,600000,ZBRA
2022-09-01,296.5799865722656,309.9700012207031,294.4100036621094,309.739990234375,309.739990234375,548100,ZBRA
2022-09-02,316.6000061035156,316.6000061035156,296.1000061035156,297.6000061035156,297.6000061035156,480000,ZBRA
2022-09-06,296.3900146484375,296.3900146484375,286.5799865722656,289.92999267578125,289.92999267578125,368300,ZBRA
2022-09-07,290.82000732421875,296.6000061035156,288.1600036621094,295.5799865722656,295.5799865722656,596100,ZBRA
2022-09-08,292.05999755859375,298.9100036621094,291.3999938964844,298.29998779296875,298.29998779296875,253000,ZBRA
2022-09-09,301.239990234375,308.44000244140625,301.239990234375,307.8399963378906,307.8399963378906,286000,ZBRA
2022-09-12,310.8800048828125,314.7900085449219,309.30999755859375,311.8500061035156,311.8500061035156,348600,ZBRA
2022-09-13,301.3999938964844,301.3999938964844,291.3599853515625,293.5,293.5,423500,ZBRA
2022-09-14,293.1000061035156,300.1499938964844,290.25,295.9700012207031,295.9700012207031,405900,ZBRA
2022-09-15,294.0899963378906,301.42999267578125,292.3900146484375,296.20001220703125,296.20001220703125,380300,ZBRA
2022-09-16,294.5299987792969,294.7300109863281,285.9599914550781,288.5199890136719,288.5199890136719,531400,ZBRA
2022-09-19,285.010009765625,291.5,284.45001220703125,291.2099914550781,291.2099914550781,356300,ZBRA
2022-09-20,288.989990234375,288.989990234375,281.6600036621094,285.6499938964844,285.6499938964844,269800,ZBRA
2022-09-21,288.8500061035156,295.1400146484375,284.7699890136719,285.0799865722656,285.0799865722656,414500,ZBRA
2022-09-22,282.6099853515625,283.8500061035156,272.7900085449219,272.94000244140625,272.94000244140625,404700,ZBRA
2022-09-23,270.3800048828125,272.6300048828125,262.8399963378906,268.0400085449219,268.0400085449219,395400,ZBRA
2022-09-26,268.54998779296875,274.2300109863281,265.04998779296875,265.8599853515625,265.8599853515625,363200,ZBRA
2022-09-27,271.2099914550781,272.2300109863281,263.25,264.95001220703125,264.95001220703125,420300,ZBRA
2022-09-28,267.4100036621094,272.94000244140625,265.5400085449219,271.3500061035156,271.3500061035156,287700,ZBRA
2022-09-29,266.4100036621094,268.1700134277344,262.4100036621094,265.5199890136719,265.5199890136719,354100,ZBRA
2022-09-30,264.8399963378906,271.9599914550781,261.6300048828125,262.010009765625,262.010009765625,378500,ZBRA
2022-10-03,264.94000244140625,274.0899963378906,261.69000244140625,272.0899963378906,272.0899963378906,325900,ZBRA
2022-10-04,277.75,281.6499938964844,277.4100036621094,281.6499938964844,281.6499938964844,341800,ZBRA
2022-10-05,276.8299865722656,284.20001220703125,276.19000244140625,281.8800048828125,281.8800048828125,368600,ZBRA
2022-10-06,281.6099853515625,285.2799987792969,278.3299865722656,280.3500061035156,280.3500061035156,339700,ZBRA
2022-10-07,273.82000732421875,275.69000244140625,266.04998779296875,266.67999267578125,266.67999267578125,345400,ZBRA
2022-10-10,268.0,268.260009765625,255.5800018310547,258.6000061035156,258.6000061035156,290200,ZBRA
2022-10-11,255.44000244140625,257.0799865722656,248.1699981689453,250.00999450683594,250.00999450683594,450500,ZBRA
2022-10-12,250.08999633789062,263.2799987792969,248.91000366210938,261.0299987792969,261.0299987792969,469000,ZBRA
2022-10-13,253.32000732421875,277.989990234375,252.4499969482422,268.2699890136719,268.2699890136719,578600,ZBRA
2022-10-14,265.1700134277344,267.7099914550781,254.55999755859375,255.61000061035156,255.61000061035156,413500,ZBRA
2022-10-17,262.5299987792969,264.8399963378906,259.2799987792969,261.6400146484375,261.6400146484375,338000,ZBRA
2022-10-18,269.510009765625,271.9599914550781,260.4700012207031,263.8900146484375,263.8900146484375,352100,ZBRA
2022-10-19,261.3399963378906,264.8699951171875,257.3900146484375,260.4599914550781,260.4599914550781,230100,ZBRA
2022-10-20,261.0799865722656,265.92999267578125,253.5500030517578,256.2300109863281,256.2300109863281,311700,ZBRA
2022-10-21,255.9199981689453,263.9100036621094,252.38999938964844,263.0400085449219,263.0400085449219,348800,ZBRA
2022-10-24,264.29998779296875,267.6400146484375,259.010009765625,265.7200012207031,265.7200012207031,368300,ZBRA
2022-10-25,267.6099853515625,274.7200012207031,266.57000732421875,274.5799865722656,274.5799865722656,261200,ZBRA
2022-10-26,273.42999267578125,278.6600036621094,271.1700134277344,273.17999267578125,273.17999267578125,248000,ZBRA
2022-10-27,276.9800109863281,281.8900146484375,274.8900146484375,275.2900085449219,275.2900085449219,422400,ZBRA
2022-10-28,275.0299987792969,288.6099853515625,271.7200012207031,288.0,288.0,567500,ZBRA
2022-10-31,283.42999267578125,287.9700012207031,278.8399963378906,283.2200012207031,283.2200012207031,661800,ZBRA
2022-11-01,264.3999938964844,264.3999938964844,237.27999877929688,238.3000030517578,238.3000030517578,1777900,ZBRA
2022-11-02,236.07000732421875,242.8000030517578,231.3800048828125,236.02999877929688,236.02999877929688,1039900,ZBRA
2022-11-03,231.83999633789062,236.66000366210938,227.14999389648438,227.32000732421875,227.32000732421875,619100,ZBRA
2022-11-04,231.8300018310547,232.6300048828125,224.8699951171875,230.55999755859375,230.55999755859375,451900,ZBRA
2022-11-07,232.52000427246094,236.55999755859375,227.6199951171875,236.36000061035156,236.36000061035156,321900,ZBRA
2022-11-08,238.86000061035156,241.1999969482422,231.2100067138672,234.64999389648438,234.64999389648438,355200,ZBRA
2022-11-09,232.02999877929688,232.02999877929688,225.75999450683594,226.8800048828125,226.8800048828125,397700,ZBRA
2022-11-10,238.9199981689453,253.72000122070312,237.8800048828125,253.4199981689453,253.4199981689453,718500,ZBRA
2022-11-11,254.08999633789062,265.9800109863281,252.83999633789062,263.3800048828125,263.3800048828125,571600,ZBRA
2022-11-14,261.7099914550781,262.1300048828125,251.07000732421875,251.47000122070312,251.47000122070312,501800,ZBRA
2022-11-15,257.5400085449219,266.0400085449219,257.05999755859375,261.5899963378906,261.5899963378906,704300,ZBRA
2022-11-16,259.760009765625,259.760009765625,254.19000244140625,258.42999267578125,258.42999267578125,465900,ZBRA
2022-11-17,251.7899932861328,257.6199951171875,250.22000122070312,255.11000061035156,255.11000061035156,342300,ZBRA
2022-11-18,259.3900146484375,260.9100036621094,250.32000732421875,256.1000061035156,256.1000061035156,504500,ZBRA
2022-11-21,253.9499969482422,258.2200012207031,253.1300048828125,257.0,257.0,402700,ZBRA
2022-11-22,257.3999938964844,261.8299865722656,255.25,261.04998779296875,261.04998779296875,442100,ZBRA
2022-11-23,262.739990234375,274.8500061035156,261.989990234375,270.6600036621094,270.6600036621094,464600,ZBRA
2022-11-25,270.5,272.29998779296875,269.6199951171875,271.8999938964844,271.8999938964844,202400,ZBRA
2022-11-28,268.3800048828125,270.05999755859375,266.5199890136719,269.0,269.0,492900,ZBRA
2022-11-29,269.7900085449219,273.0,261.5400085449219,266.82000732421875,266.82000732421875,534900,ZBRA
2022-11-30,266.6199951171875,273.8999938964844,257.739990234375,270.2799987792969,270.2799987792969,1734500,ZBRA
2022-12-01,268.760009765625,274.2900085449219,262.8699951171875,268.82000732421875,268.82000732421875,521900,ZBRA
2022-12-02,264.6700134277344,276.1400146484375,264.6099853515625,274.8599853515625,274.8599853515625,440500,ZBRA
2022-12-05,272.8800048828125,273.1000061035156,261.57000732421875,261.79998779296875,261.79998779296875,473600,ZBRA
2022-12-06,261.010009765625,261.0799865722656,251.35000610351562,254.2100067138672,254.2100067138672,375400,ZBRA
2022-12-07,252.4199981689453,255.0399932861328,250.72999572753906,252.5399932861328,252.5399932861328,303100,ZBRA
2022-12-08,252.30999755859375,259.54998779296875,252.0,252.82000732421875,252.82000732421875,473400,ZBRA
2022-12-09,251.19000244140625,256.6700134277344,250.52999877929688,251.4499969482422,251.4499969482422,551900,ZBRA
2022-12-12,253.83999633789062,259.94000244140625,250.1199951171875,258.1000061035156,258.1000061035156,478500,ZBRA
2022-12-13,270.6000061035156,274.70001220703125,257.0199890136719,263.2699890136719,263.2699890136719,608700,ZBRA
2022-12-14,261.95001220703125,267.2699890136719,257.70001220703125,261.5,261.5,393200,ZBRA
2022-12-15,256.1499938964844,257.7200012207031,249.64999389648438,251.0399932861328,251.0399932861328,410400,ZBRA
2022-12-16,249.25,251.08999633789062,244.72000122070312,248.9199981689453,248.9199981689453,769100,ZBRA
2022-12-19,249.0,251.5500030517578,242.8800048828125,243.7100067138672,243.7100067138672,325200,ZBRA
2022-12-20,242.5500030517578,250.64999389648438,241.42999267578125,247.14999389648438,247.14999389648438,377800,ZBRA
2022-12-21,248.61000061035156,253.8000030517578,248.30999755859375,250.83999633789062,250.83999633789062,435400,ZBRA
2022-12-22,245.77999877929688,247.63999938964844,241.00999450683594,247.50999450683594,247.50999450683594,341700,ZBRA
2022-12-23,246.86000061035156,249.13999938964844,244.75999450683594,248.22000122070312,248.22000122070312,180900,ZBRA
2022-12-27,249.35000610351562,253.8699951171875,247.16000366210938,251.0,251.0,252500,ZBRA
2022-12-28,250.47999572753906,253.85000610351562,246.1300048828125,246.83999633789062,246.83999633789062,241200,ZBRA
2022-12-29,249.5500030517578,258.04998779296875,249.0,257.5299987792969,257.5299987792969,274900,ZBRA
2022-12-30,254.1999969482422,256.5400085449219,251.52000427246094,256.4100036621094,256.4100036621094,228200,ZBRA
2023-01-03,260.8699951171875,262.69000244140625,255.7100067138672,260.20001220703125,260.20001220703125,295400,ZBRA
2023-01-04,263.6199951171875,265.80999755859375,258.2300109863281,262.989990234375,262.989990234375,311600,ZBRA
2023-01-05,260.67999267578125,260.94000244140625,254.69000244140625,260.05999755859375,260.05999755859375,368200,ZBRA
2023-01-06,265.1099853515625,277.8599853515625,263.2099914550781,273.4200134277344,273.4200134277344,552700,ZBRA
2023-01-09,276.0,283.5299987792969,273.5199890136719,279.2900085449219,279.2900085449219,535400,ZBRA
2023-01-10,277.82000732421875,286.95001220703125,277.010009765625,286.92999267578125,286.92999267578125,353700,ZBRA
2023-01-11,289.0,300.2099914550781,286.55999755859375,299.7900085449219,299.7900085449219,600100,ZBRA
2023-01-12,301.8399963378906,301.8399963378906,290.8699951171875,293.0,293.0,735500,ZBRA
2023-01-13,290.0199890136719,293.989990234375,286.989990234375,293.70001220703125,293.70001220703125,687100,ZBRA
2023-01-17,293.5400085449219,294.1499938964844,288.67999267578125,293.5799865722656,293.5799865722656,330000,ZBRA
2023-01-18,295.79998779296875,299.75,295.79998779296875,296.5400085449219,296.5400085449219,418300,ZBRA
2023-01-19,292.0199890136719,295.79998779296875,285.7799987792969,287.7200012207031,287.7200012207031,260900,ZBRA
2023-01-20,288.2300109863281,297.2200012207031,288.2300109863281,297.0299987792969,297.0299987792969,307600,ZBRA
2023-01-23,298.489990234375,320.1199951171875,297.94000244140625,317.760009765625,317.760009765625,812600,ZBRA
2023-01-24,315.0,317.239990234375,309.75,310.0799865722656,310.0799865722656,370600,ZBRA
2023-01-25,305.0,312.5799865722656,302.45001220703125,310.57000732421875,310.57000732421875,292900,ZBRA
2023-01-26,314.0400085449219,315.0,306.1400146484375,311.2699890136719,311.2699890136719,221600,ZBRA
2023-01-27,310.17999267578125,317.5199890136719,308.1499938964844,317.1000061035156,317.1000061035156,296800,ZBRA
2023-01-30,313.1400146484375,315.29998779296875,308.75,309.0299987792969,309.0299987792969,240900,ZBRA
2023-01-31,309.32000732421875,316.3800048828125,306.5,316.17999267578125,316.17999267578125,264800,ZBRA
2023-02-01,316.17999267578125,329.6199951171875,315.75,328.6300048828125,328.6300048828125,442500,ZBRA
2023-02-02,335.9599914550781,351.739990234375,335.80999755859375,344.70001220703125,344.70001220703125,787400,ZBRA
2023-02-03,335.4100036621094,338.2200012207031,329.17999267578125,330.80999755859375,330.80999755859375,498500,ZBRA
2023-02-06,326.69000244140625,330.5400085449219,323.80999755859375,324.70001220703125,324.70001220703125,406200,ZBRA
2023-02-07,322.7300109863281,331.9800109863281,321.3399963378906,331.1499938964844,331.1499938964844,405900,ZBRA
2023-02-08,328.2799987792969,329.6700134277344,324.510009765625,325.5400085449219,325.5400085449219,277500,ZBRA
2023-02-09,322.1600036621094,329.7099914550781,315.6700134277344,316.55999755859375,316.55999755859375,478300,ZBRA
2023-02-10,312.6400146484375,317.69000244140625,310.29998779296875,313.4599914550781,313.4599914550781,342400,ZBRA
2023-02-13,313.1499938964844,319.010009765625,309.8500061035156,318.95001220703125,318.95001220703125,287500,ZBRA
2023-02-14,315.8900146484375,322.7900085449219,312.739990234375,318.760009765625,318.760009765625,192600,ZBRA
2023-02-15,316.8999938964844,327.42999267578125,316.8999938964844,327.0199890136719,327.0199890136719,305600,ZBRA
2023-02-16,330.0,340.8399963378906,327.6199951171875,333.44000244140625,333.44000244140625,555800,ZBRA
2023-02-17,329.1199951171875,329.6000061035156,310.54998779296875,322.5799865722656,322.5799865722656,496800,ZBRA
2023-02-21,317.9599914550781,317.9599914550781,306.2900085449219,307.0,307.0,375000,ZBRA
2023-02-22,308.260009765625,308.5299987792969,302.2799987792969,304.8699951171875,304.8699951171875,309000,ZBRA
2023-02-23,307.5400085449219,307.82000732421875,295.4200134277344,301.0,301.0,444800,ZBRA
2023-02-24,295.0,296.69000244140625,288.8800048828125,291.9200134277344,291.9200134277344,415300,ZBRA
2023-02-27,296.3500061035156,297.7099914550781,293.44000244140625,296.2300109863281,296.2300109863281,547800,ZBRA
2023-02-28,296.75,300.6700134277344,295.17999267578125,300.25,300.25,512900,ZBRA
2023-03-01,299.8299865722656,305.57000732421875,298.92999267578125,302.3399963378906,302.3399963378906,409000,ZBRA
2023-03-02,299.79998779296875,306.5799865722656,297.6199951171875,306.05999755859375,306.05999755859375,254200,ZBRA
2023-03-03,307.6199951171875,311.5299987792969,306.07000732421875,309.45001220703125,309.45001220703125,230200,ZBRA
2023-03-06,310.2699890136719,313.7900085449219,304.0199890136719,305.80999755859375,305.80999755859375,154900,ZBRA
2023-03-07,305.4200134277344,306.1099853515625,301.8599853515625,302.1600036621094,302.1600036621094,182600,ZBRA
2023-03-08,303.2699890136719,307.3699951171875,301.5,307.07000732421875,307.07000732421875,186100,ZBRA
2023-03-09,307.4700012207031,309.57000732421875,296.3699951171875,296.9100036621094,296.9100036621094,351000,ZBRA
2023-03-10,296.2300109863281,297.7099914550781,286.55999755859375,288.19000244140625,288.19000244140625,258400,ZBRA
2023-03-13,284.1099853515625,291.3800048828125,278.5299987792969,284.9200134277344,284.9200134277344,265500,ZBRA
2023-03-14,292.489990234375,293.489990234375,286.8999938964844,292.4599914550781,292.4599914550781,211300,ZBRA
2023-03-15,284.989990234375,287.94000244140625,282.4599914550781,287.739990234375,287.739990234375,272900,ZBRA
2023-03-16,286.9200134277344,296.3999938964844,284.8299865722656,294.92999267578125,294.92999267578125,333400,ZBRA
2023-03-17,294.04998779296875,294.29998779296875,287.1499938964844,288.7099914550781,288.7099914550781,461500,ZBRA
2023-03-20,289.8699951171875,291.6400146484375,285.489990234375,290.8399963378906,290.8399963378906,232300,ZBRA
2023-03-21,294.8900146484375,296.04998779296875,291.0199890136719,294.42999267578125,294.42999267578125,160500,ZBRA
2023-03-22,292.3299865722656,298.7799987792969,287.8599853515625,288.1099853515625,288.1099853515625,362700,ZBRA
2023-03-23,290.05999755859375,295.9200134277344,285.8699951171875,288.75,288.75,244700,ZBRA
2023-03-24,286.5799865722656,289.2900085449219,283.07000732421875,288.7300109863281,288.7300109863281,322000,ZBRA
2023-03-27,290.8699951171875,292.8599853515625,285.92999267578125,288.8599853515625,288.8599853515625,231900,ZBRA
2023-03-28,287.760009765625,291.5299987792969,286.5199890136719,290.1499938964844,290.1499938964844,177100,ZBRA
2023-03-29,293.80999755859375,297.0,291.4800109863281,296.1199951171875,296.1199951171875,214700,ZBRA
2023-03-30,301.9100036621094,309.29998779296875,300.94000244140625,309.1099853515625,309.1099853515625,302600,ZBRA
2023-03-31,310.0,318.8500061035156,310.0,318.0,318.0,373400,ZBRA
2023-04-03,315.1300048828125,316.2300109863281,307.3999938964844,311.6499938964844,311.6499938964844,199800,ZBRA
2023-04-04,312.1199951171875,312.1199951171875,303.44000244140625,308.7099914550781,308.7099914550781,347400,ZBRA
2023-04-05,308.4800109863281,308.4800109863281,299.05999755859375,300.1499938964844,300.1499938964844,185400,ZBRA
2023-04-06,297.2799987792969,303.1300048828125,294.79998779296875,300.260009765625,300.260009765625,184400,ZBRA
2023-04-10,297.32000732421875,302.1499938964844,296.7200012207031,301.9599914550781,301.9599914550781,142800,ZBRA
2023-04-11,304.20001220703125,306.70001220703125,301.9800109863281,304.0299987792969,304.0299987792969,138800,ZBRA
2023-04-12,306.2300109863281,307.0799865722656,300.5,301.4100036621094,301.4100036621094,130400,ZBRA
2023-04-13,302.8299865722656,306.3599853515625,300.5899963378906,306.1700134277344,306.1700134277344,160400,ZBRA
2023-04-14,303.9200134277344,307.3299865722656,299.7699890136719,303.0799865722656,303.0799865722656,158400,ZBRA
2023-04-17,302.9100036621094,304.3500061035156,299.3500061035156,300.4599914550781,300.4599914550781,163900,ZBRA
2023-04-18,303.0199890136719,304.5,299.07000732421875,300.6300048828125,300.6300048828125,149300,ZBRA
2023-04-19,297.8999938964844,297.8999938964844,291.8800048828125,292.760009765625,292.760009765625,250900,ZBRA
2023-04-20,289.1700134277344,293.4800109863281,288.0299987792969,290.5199890136719,290.5199890136719,220700,ZBRA
2023-04-21,289.9200134277344,289.94000244140625,285.0,287.8999938964844,287.8999938964844,302600,ZBRA
2023-04-24,288.3399963378906,290.3299865722656,286.3800048828125,288.19000244140625,288.19000244140625,244300,ZBRA
2023-04-25,290.3399963378906,293.4800109863281,283.9599914550781,284.1000061035156,284.1000061035156,297700,ZBRA
2023-04-26,284.8999938964844,286.2799987792969,279.5899963378906,280.4200134277344,280.4200134277344,214900,ZBRA
2023-04-27,283.510009765625,285.0400085449219,278.2099914550781,284.1199951171875,284.1199951171875,234300,ZBRA
2023-04-28,284.239990234375,289.9700012207031,282.6199951171875,288.0299987792969,288.0299987792969,428100,ZBRA
2023-05-01,287.1700134277344,290.3399963378906,286.489990234375,287.45001220703125,287.45001220703125,407500,ZBRA
2023-05-02,251.44000244140625,269.010009765625,245.75,255.44000244140625,255.44000244140625,1327100,ZBRA
2023-05-03,255.4499969482422,265.3599853515625,254.89999389648438,258.5,258.5,710000,ZBRA
2023-05-04,256.20001220703125,265.7099914550781,255.0,265.0,265.0,551700,ZBRA
