Date,Open,High,Low,Close,Adj Close,Volume
2011-12-07 00:00:00-05:00,27.5,27.760000228881836,24.0,27.450000762939453,24.410614013671875,1413600
2011-12-08 00:00:00-05:00,26.059999465942383,27.780000686645508,25.760000228881836,26.549999237060547,23.610265731811523,719600
2011-12-09 00:00:00-05:00,27.93000030517578,28.0,26.700000762939453,27.90999984741211,24.81968116760254,716200
2011-12-12 00:00:00-05:00,28.280000686645508,28.280000686645508,27.0,27.450000762939453,24.410614013671875,393300
2011-12-13 00:00:00-05:00,28.530000686645508,28.530000686645508,27.010000228881836,27.5,24.455078125,452500
2011-12-14 00:00:00-05:00,28.190000534057617,28.190000534057617,26.850000381469727,27.1200008392334,24.11715316772461,444400
2011-12-15 00:00:00-05:00,27.8700008392334,29.100000381469727,27.600000381469727,28.329999923706055,25.19317626953125,1417600
2011-12-16 00:00:00-05:00,29.920000076293945,29.920000076293945,28.0,28.459999084472656,25.308780670166016,966700
2011-12-19 00:00:00-05:00,28.690000534057617,29.459999084472656,28.40999984741211,28.969999313354492,25.762311935424805,1048500
2011-12-20 00:00:00-05:00,29.5,30.6200008392334,29.469999313354492,30.25,26.900585174560547,2017200
2011-12-21 00:00:00-05:00,30.0,30.0,27.510000228881836,27.670000076293945,24.60625457763672,2871800
2011-12-22 00:00:00-05:00,27.1200008392334,27.600000381469727,23.989999771118164,24.530000686645508,21.81393051147461,6294100
2011-12-23 00:00:00-05:00,24.709999084472656,27.139999389648438,24.5,26.020000457763672,23.13895034790039,2744200
2011-12-27 00:00:00-05:00,25.360000610351562,26.100000381469727,24.6299991607666,25.940000534057617,23.067808151245117,2887400
2011-12-28 00:00:00-05:00,25.25,25.979999542236328,24.940000534057617,25.770000457763672,22.9166316986084,2098600
2011-12-29 00:00:00-05:00,25.540000915527344,25.65999984741211,24.790000915527344,24.81999969482422,22.071819305419922,2247300
2011-12-30 00:00:00-05:00,24.969999313354492,25.549999237060547,24.639999389648438,25.209999084472656,22.418636322021484,1798400
2012-01-03 00:00:00-05:00,26.149999618530273,27.350000381469727,26.110000610351562,26.6299991607666,23.681407928466797,3721800
2012-01-04 00:00:00-05:00,25.81999969482422,26.09000015258789,25.40999984741211,25.68000030517578,22.83659553527832,1681000
2012-01-05 00:00:00-05:00,24.56999969482422,25.81999969482422,24.56999969482422,25.520000457763672,22.694313049316406,1534700
2012-01-06 00:00:00-05:00,25.520000457763672,26.020000457763672,25.170000076293945,25.56999969482422,22.7387752532959,1484800
2012-01-09 00:00:00-05:00,25.739999771118164,26.770000457763672,25.649999618530273,26.260000228881836,23.35237693786621,1965300
2012-01-10 00:00:00-05:00,26.729999542236328,28.239999771118164,26.59000015258789,27.75,24.677396774291992,4177500
2012-01-11 00:00:00-05:00,26.690000534057617,28.219999313354492,26.559999465942383,27.790000915527344,24.712968826293945,1803300
2012-01-12 00:00:00-05:00,27.8700008392334,29.170000076293945,27.799999237060547,28.459999084472656,25.308780670166016,2005600
2012-01-13 00:00:00-05:00,28.219999313354492,29.770000457763672,27.93000030517578,29.510000228881836,26.242521286010742,1993400
2012-01-17 00:00:00-05:00,29.579999923706055,29.799999237060547,28.90999984741211,28.989999771118164,25.78009796142578,3210100
2012-01-18 00:00:00-05:00,28.690000534057617,29.43000030517578,28.520000457763672,29.030000686645508,25.815670013427734,1205200
2012-01-19 00:00:00-05:00,29.100000381469727,30.889999389648438,29.020000457763672,30.329999923706055,26.97172737121582,2712900
2012-01-20 00:00:00-05:00,30.420000076293945,30.489999771118164,29.81999969482422,30.399999618530273,27.03397560119629,1307600
2012-01-23 00:00:00-05:00,30.540000915527344,30.790000915527344,30.229999542236328,30.3799991607666,27.016189575195312,2565400
2012-01-24 00:00:00-05:00,30.139999389648438,30.75,29.969999313354492,30.690000534057617,27.291866302490234,1299100
2012-01-25 00:00:00-05:00,30.549999237060547,32.33000183105469,30.549999237060547,31.489999771118164,28.003286361694336,2349300
2012-01-26 00:00:00-05:00,31.479999542236328,31.940000534057617,30.459999084472656,31.049999237060547,27.61200523376465,1881500
2012-01-27 00:00:00-05:00,30.389999389648438,31.459999084472656,30.350000381469727,31.239999771118164,27.780967712402344,1227500
2012-01-30 00:00:00-05:00,30.959999084472656,31.84000015258789,30.639999389648438,31.639999389648438,28.13667869567871,904500
2012-01-31 00:00:00-05:00,30.84000015258789,33.040000915527344,30.84000015258789,32.90999984741211,29.26605796813965,1261100
2012-02-01 00:00:00-05:00,33.11000061035156,35.16999816894531,33.08000183105469,35.060001373291016,31.178001403808594,3610100
2012-02-02 00:00:00-05:00,35.279998779296875,35.599998474121094,33.83000183105469,34.880001068115234,31.017932891845703,2447800
2012-02-03 00:00:00-05:00,35.06999969482422,35.93000030517578,35.06999969482422,35.380001068115234,31.462570190429688,2993500
2012-02-06 00:00:00-05:00,35.349998474121094,35.75,35.060001373291016,35.150001525878906,31.258037567138672,1968000
2012-02-07 00:00:00-05:00,35.279998779296875,35.47999954223633,34.81999969482422,34.84000015258789,30.98236083984375,2235900
2012-02-08 00:00:00-05:00,34.779998779296875,34.970001220703125,33.02000045776367,34.34000015258789,30.537721633911133,3220900
2012-02-09 00:00:00-05:00,28.280000686645508,29.850000381469727,27.989999771118164,29.34000015258789,26.091344833374023,12923400
2012-02-10 00:00:00-05:00,29.020000457763672,30.889999389648438,28.649999618530273,30.040000915527344,26.713838577270508,3623600
2012-02-13 00:00:00-05:00,30.06999969482422,30.1299991607666,28.5,28.59000015258789,25.424388885498047,2396400
2012-02-14 00:00:00-05:00,28.700000762939453,28.790000915527344,26.93000030517578,27.6299991607666,24.570682525634766,4072100
2012-02-15 00:00:00-05:00,27.799999237060547,30.100000381469727,27.520000457763672,29.280000686645508,26.037988662719727,4922800
2012-02-16 00:00:00-05:00,29.270000457763672,30.649999618530273,28.729999542236328,30.399999618530273,27.03397560119629,2583300
2012-02-17 00:00:00-05:00,30.5,30.940000534057617,29.950000762939453,30.700000762939453,27.30076026916504,1939900
2012-02-21 00:00:00-05:00,30.610000610351562,30.739999771118164,30.1200008392334,30.670000076293945,27.274080276489258,2462700
2012-02-22 00:00:00-05:00,30.950000762939453,30.950000762939453,29.850000381469727,30.0,26.678266525268555,3275500
2012-02-23 00:00:00-05:00,30.059999465942383,30.690000534057617,29.559999465942383,30.59000015258789,27.202939987182617,2041700
2012-02-24 00:00:00-05:00,30.190000534057617,32.0,30.190000534057617,31.799999237060547,28.278961181640625,1904100
2012-02-27 00:00:00-05:00,31.3799991607666,32.08000183105469,31.139999389648438,31.90999984741211,28.37678337097168,1438400
2012-02-28 00:00:00-05:00,32.09000015258789,33.4900016784668,32.0,32.310001373291016,28.732494354248047,2442000
2012-02-29 00:00:00-05:00,32.31999969482422,32.43000030517578,31.670000076293945,32.22999954223633,28.66135025024414,1356200
2012-03-01 00:00:00-05:00,31.889999389648438,32.880001068115234,31.09000015258789,32.619998931884766,29.008167266845703,2641400
2012-03-02 00:00:00-05:00,32.369998931884766,33.09000015258789,32.040000915527344,32.45000076293945,28.856992721557617,1640400
2012-03-05 00:00:00-05:00,32.290000915527344,32.40999984741211,31.809999465942383,31.969999313354492,28.430139541625977,648900
2012-03-06 00:00:00-05:00,31.5,31.799999237060547,30.799999237060547,31.420000076293945,27.941038131713867,1034800
2012-03-07 00:00:00-05:00,31.5,31.65999984741211,30.90999984741211,31.06999969482422,27.629791259765625,1478100
2012-03-08 00:00:00-05:00,31.200000762939453,31.790000915527344,31.139999389648438,31.260000228881836,27.79875373840332,1151700
2012-03-09 00:00:00-05:00,31.299999237060547,31.350000381469727,30.559999465942383,30.700000762939453,27.30076026916504,705500
2012-03-12 00:00:00-04:00,30.729999542236328,31.059999465942383,30.5,30.700000762939453,27.30076026916504,1490800
2012-03-13 00:00:00-04:00,30.920000076293945,30.989999771118164,30.25,30.479999542236328,27.105117797851562,2280100
2012-03-14 00:00:00-04:00,30.399999618530273,31.0,30.229999542236328,30.989999771118164,27.55864906311035,1230200
2012-03-15 00:00:00-04:00,31.139999389648438,32.540000915527344,30.93000030517578,32.470001220703125,28.874778747558594,2319000
2012-03-16 00:00:00-04:00,32.5099983215332,34.91999816894531,31.989999771118164,34.0,30.235368728637695,4298000
2012-03-19 00:00:00-04:00,33.79999923706055,34.150001525878906,33.79999923706055,34.0,30.235368728637695,855800
2012-03-20 00:00:00-04:00,33.459999084472656,34.290000915527344,33.459999084472656,34.09000015258789,30.31540298461914,1064500
2012-03-21 00:00:00-04:00,34.16999816894531,34.400001525878906,33.349998474121094,33.77000045776367,30.03083610534668,1316200
2012-03-22 00:00:00-04:00,33.5099983215332,33.7599983215332,33.02000045776367,33.25,29.56841278076172,1047200
2012-03-23 00:00:00-04:00,33.0099983215332,33.36000061035156,32.810001373291016,33.27000045776367,29.586198806762695,531200
2012-03-26 00:00:00-04:00,33.310001373291016,34.5,32.86000061035156,34.29999923706055,30.502151489257812,2182000
2012-03-27 00:00:00-04:00,34.29999923706055,36.04999923706055,33.900001525878906,35.290000915527344,31.382535934448242,2897800
2012-03-28 00:00:00-04:00,35.150001525878906,35.72999954223633,34.08000183105469,34.56999969482422,30.74225616455078,1842600
2012-03-29 00:00:00-04:00,34.25,35.18000030517578,33.91999816894531,35.15999984741211,31.26692771911621,1575000
2012-03-30 00:00:00-04:00,35.279998779296875,36.86000061035156,35.27000045776367,35.66999816894531,31.720457077026367,3047000
2012-04-02 00:00:00-04:00,35.619998931884766,37.779998779296875,35.040000915527344,37.369998931884766,33.23222732543945,3569600
2012-04-03 00:00:00-04:00,37.41999816894531,37.59000015258789,36.540000915527344,36.59000015258789,32.53859329223633,1833000
2012-04-04 00:00:00-04:00,36.40999984741211,36.79999923706055,35.79999923706055,36.25,32.23624038696289,1635000
2012-04-05 00:00:00-04:00,36.040000915527344,36.93000030517578,35.849998474121094,36.22999954223633,32.21845245361328,2259000
2012-04-09 00:00:00-04:00,35.560001373291016,35.83000183105469,35.15999984741211,35.5,31.56928253173828,1097200
2012-04-10 00:00:00-04:00,35.45000076293945,35.560001373291016,34.470001220703125,34.58000183105469,30.751150131225586,1154100
2012-04-11 00:00:00-04:00,35.0099983215332,35.40999984741211,34.7400016784668,34.790000915527344,30.937896728515625,1014600
2012-04-12 00:00:00-04:00,34.84000015258789,35.470001220703125,34.75,35.099998474121094,31.21356964111328,1290800
2012-04-13 00:00:00-04:00,35.060001373291016,35.36000061035156,34.38999938964844,34.5,30.68000602722168,559500
2012-04-16 00:00:00-04:00,34.630001068115234,34.84000015258789,33.7400016784668,33.83000183105469,30.08419418334961,918800
2012-04-17 00:00:00-04:00,34.15999984741211,35.18000030517578,33.97999954223633,35.0,31.124645233154297,1941400
2012-04-18 00:00:00-04:00,34.779998779296875,35.599998474121094,34.75,35.439998626708984,31.51592445373535,937400
2012-04-19 00:00:00-04:00,35.33000183105469,36.43000030517578,35.15999984741211,35.220001220703125,31.32028579711914,1065200
2012-04-20 00:00:00-04:00,35.349998474121094,35.65999984741211,34.939998626708984,35.02000045776367,31.14242935180664,1228300
2012-04-23 00:00:00-04:00,34.720001220703125,34.75,33.75,33.939998626708984,30.182010650634766,3340600
2012-04-24 00:00:00-04:00,33.790000915527344,34.20000076293945,33.22999954223633,33.380001068115234,29.684019088745117,927200
2012-04-25 00:00:00-04:00,33.72999954223633,34.099998474121094,33.529998779296875,33.689998626708984,29.959692001342773,1181900
2012-04-26 00:00:00-04:00,33.7400016784668,34.5099983215332,33.27000045776367,34.380001068115234,30.573293685913086,1977600
2012-04-27 00:00:00-04:00,36.2400016784668,37.849998474121094,35.880001068115234,36.869998931884766,32.78759002685547,5913200
2012-04-30 00:00:00-04:00,36.459999084472656,37.540000915527344,36.400001525878906,37.5099983215332,33.35672378540039,2465500
2012-05-01 00:00:00-04:00,36.380001068115234,37.88999938964844,36.06999969482422,36.529998779296875,32.485233306884766,4908600
2012-05-02 00:00:00-04:00,43.25,44.459999084472656,42.08000183105469,42.630001068115234,37.90981674194336,7645700
2012-05-03 00:00:00-04:00,42.630001068115234,43.5,40.2400016784668,40.900001525878906,36.37137222290039,3519600
2012-05-04 00:00:00-04:00,39.9900016784668,40.689998626708984,39.75,40.20000076293945,35.748878479003906,4765300
2012-05-07 00:00:00-04:00,39.79999923706055,40.97999954223633,39.79999923706055,40.970001220703125,36.43362045288086,3029100
2012-05-08 00:00:00-04:00,40.689998626708984,41.29999923706055,39.400001525878906,41.20000076293945,36.638153076171875,2288500
2012-05-09 00:00:00-04:00,40.540000915527344,41.08000183105469,40.099998474121094,40.68000030517578,36.17572784423828,1071200
2012-05-10 00:00:00-04:00,41.189998626708984,41.70000076293945,40.45000076293945,40.790000915527344,36.27355194091797,1546800
2012-05-11 00:00:00-04:00,40.56999969482422,42.04999923706055,40.5,41.72999954223633,37.109466552734375,1494900
2012-05-14 00:00:00-04:00,41.400001525878906,42.56999969482422,41.0099983215332,41.63999938964844,37.02943420410156,1306600
2012-05-15 00:00:00-04:00,41.810001373291016,43.09000015258789,41.470001220703125,42.650001525878906,37.92760467529297,2558300
2012-05-16 00:00:00-04:00,42.93000030517578,43.84000015258789,42.720001220703125,43.63999938964844,38.8079833984375,3112900
2012-05-17 00:00:00-04:00,43.689998626708984,43.72999954223633,40.72999954223633,41.029998779296875,36.486976623535156,2521900
2012-05-18 00:00:00-04:00,41.56999969482422,41.59000015258789,39.810001373291016,40.65999984741211,36.15794372558594,3278800
2012-05-21 00:00:00-04:00,40.869998931884766,42.630001068115234,40.33000183105469,42.16999816894531,37.50074768066406,2208700
2012-05-22 00:00:00-04:00,42.33000183105469,44.220001220703125,41.9900016784668,42.630001068115234,37.90981674194336,2271500
2012-05-23 00:00:00-04:00,42.209999084472656,45.81999969482422,41.90999984741211,45.150001525878906,40.15079116821289,3128000
2012-05-24 00:00:00-04:00,45.040000915527344,45.31999969482422,44.25,44.400001525878906,39.48383712768555,1650000
2012-05-25 00:00:00-04:00,44.529998779296875,45.22999954223633,44.52000045776367,45.0,40.017398834228516,2139200
2012-05-29 00:00:00-04:00,45.79999923706055,45.79999923706055,44.38999938964844,45.2599983215332,40.24861145019531,1567700
2012-05-30 00:00:00-04:00,44.880001068115234,44.880001068115234,42.709999084472656,43.15999984741211,38.381134033203125,2061700
2012-05-31 00:00:00-04:00,43.47999954223633,43.849998474121094,42.13999938964844,42.880001068115234,38.132137298583984,2499100
2012-06-01 00:00:00-04:00,41.61000061035156,41.79999923706055,39.91999816894531,41.02000045776367,36.478084564208984,2355900
2012-06-04 00:00:00-04:00,41.15999984741211,41.619998931884766,40.119998931884766,41.4900016784668,36.89604568481445,1525100
2012-06-05 00:00:00-04:00,41.209999084472656,42.209999084472656,40.439998626708984,41.09000015258789,36.54033279418945,1301600
2012-06-06 00:00:00-04:00,40.86000061035156,43.810001373291016,40.86000061035156,42.9900016784668,38.229957580566406,2165700
2012-06-07 00:00:00-04:00,44.0,44.0,41.59000015258789,41.66999816894531,37.05611038208008,1862200
2012-06-08 00:00:00-04:00,42.0099983215332,43.150001525878906,41.560001373291016,43.02000045776367,38.25663375854492,1976700
2012-06-11 00:00:00-04:00,44.459999084472656,44.86000061035156,42.529998779296875,42.939998626708984,38.185489654541016,2273900
2012-06-12 00:00:00-04:00,43.040000915527344,45.06999969482422,42.79999923706055,45.02000045776367,40.035186767578125,2116600
2012-06-13 00:00:00-04:00,44.4900016784668,45.310001373291016,43.310001373291016,43.43000030517578,38.621238708496094,1474300
2012-06-14 00:00:00-04:00,43.630001068115234,44.56999969482422,42.70000076293945,44.04999923706055,39.17258834838867,957000
2012-06-15 00:00:00-04:00,44.18000030517578,44.45000076293945,43.5,44.380001068115234,39.46604919433594,1995900
2012-06-18 00:00:00-04:00,44.13999938964844,45.40999984741211,43.77000045776367,44.90999984741211,39.9373664855957,1449000
2012-06-19 00:00:00-04:00,45.0,45.119998931884766,43.630001068115234,44.2400016784668,39.341552734375,1842000
2012-06-20 00:00:00-04:00,44.099998474121094,44.099998474121094,42.7400016784668,43.290000915527344,38.49673843383789,1370100
2012-06-21 00:00:00-04:00,43.529998779296875,43.849998474121094,42.349998474121094,43.0099983215332,38.24774169921875,977800
2012-06-22 00:00:00-04:00,43.459999084472656,46.09000015258789,43.369998931884766,45.529998779296875,40.48871612548828,3595400
2012-06-25 00:00:00-04:00,44.7599983215332,45.38999938964844,43.97999954223633,44.06999969482422,39.190372467041016,1158500
2012-06-26 00:00:00-04:00,44.04999923706055,44.880001068115234,43.95000076293945,44.0099983215332,39.13701629638672,890600
2012-06-27 00:00:00-04:00,44.36000061035156,45.349998474121094,43.880001068115234,44.41999816894531,39.501617431640625,996800
2012-06-28 00:00:00-04:00,43.970001220703125,44.2599983215332,42.18000030517578,43.58000183105469,38.75463104248047,1209500
2012-06-29 00:00:00-04:00,44.7400016784668,46.29999923706055,44.130001068115234,44.689998626708984,39.741722106933594,1908900
2012-07-02 00:00:00-04:00,44.72999954223633,47.0,44.720001220703125,46.0,40.90667724609375,1814900
2012-07-03 00:00:00-04:00,46.02000045776367,46.16999816894531,44.70000076293945,46.04999923706055,40.95113754272461,562800
2012-07-05 00:00:00-04:00,46.09000015258789,47.439998626708984,45.709999084472656,46.27000045776367,41.14678192138672,1517900
2012-07-06 00:00:00-04:00,45.84000015258789,46.540000915527344,45.36000061035156,46.36000061035156,41.22681427001953,887100
2012-07-09 00:00:00-04:00,46.27000045776367,46.689998626708984,44.95000076293945,45.439998626708984,40.4086799621582,926100
2012-07-10 00:00:00-04:00,45.70000076293945,45.810001373291016,43.7599983215332,44.7599983215332,39.80397033691406,1248500
2012-07-11 00:00:00-04:00,44.959999084472656,45.470001220703125,43.97999954223633,44.279998779296875,39.37712097167969,923100
2012-07-12 00:00:00-04:00,43.790000915527344,44.540000915527344,43.2599983215332,43.880001068115234,39.02141189575195,1544400
2012-07-13 00:00:00-04:00,44.0099983215332,46.95000076293945,43.4900016784668,45.849998474121094,40.77328109741211,2290500
2012-07-16 00:00:00-04:00,45.90999984741211,46.2400016784668,44.439998626708984,46.150001525878906,41.040069580078125,1010600
2012-07-17 00:00:00-04:00,47.0,47.029998779296875,45.369998931884766,45.52000045776367,40.47982406616211,1760700
2012-07-18 00:00:00-04:00,45.279998779296875,46.06999969482422,45.279998779296875,45.41999816894531,40.390892028808594,815300
2012-07-19 00:00:00-04:00,45.41999816894531,47.810001373291016,44.75,45.099998474121094,40.106327056884766,2613600
2012-07-20 00:00:00-04:00,45.33000183105469,46.400001525878906,44.810001373291016,44.900001525878906,39.92847442626953,2210600
2012-07-23 00:00:00-04:00,44.150001525878906,46.0099983215332,43.060001373291016,45.61000061035156,40.55986022949219,2383600
2012-07-24 00:00:00-04:00,46.25,46.380001068115234,43.13999938964844,43.470001220703125,38.65681076049805,6151600
2012-07-25 00:00:00-04:00,36.130001068115234,37.45000076293945,35.0099983215332,36.18000030517578,32.173988342285156,9251500
2012-07-26 00:00:00-04:00,36.77000045776367,37.0099983215332,34.029998779296875,35.040000915527344,31.160215377807617,6637500
2012-07-27 00:00:00-04:00,35.56999969482422,36.630001068115234,35.119998931884766,35.40999984741211,31.489246368408203,3029600
2012-07-30 00:00:00-04:00,35.52000045776367,36.18000030517578,35.25,36.0099983215332,32.02281188964844,2592100
2012-07-31 00:00:00-04:00,36.16999816894531,37.599998474121094,35.9900016784668,37.40999984741211,33.267799377441406,3158500
2012-08-01 00:00:00-04:00,37.470001220703125,37.81999969482422,36.310001373291016,36.56999969482422,32.52080535888672,2856800
2012-08-02 00:00:00-04:00,36.20000076293945,37.5,35.58000183105469,36.209999084472656,32.20066833496094,1661900
2012-08-03 00:00:00-04:00,36.56999969482422,37.029998779296875,35.90999984741211,36.68000030517578,32.61862564086914,2291800
2012-08-06 00:00:00-04:00,36.66999816894531,38.38999938964844,36.5,38.0099983215332,33.801361083984375,1985700
2012-08-07 00:00:00-04:00,38.45000076293945,39.0,38.2400016784668,38.65999984741211,34.37939453125,2066600
2012-08-08 00:00:00-04:00,37.08000183105469,37.689998626708984,36.099998474121094,36.77000045776367,32.69866180419922,4031900
2012-08-09 00:00:00-04:00,36.91999816894531,37.119998931884766,36.099998474121094,36.18000030517578,32.173988342285156,1646400
2012-08-10 00:00:00-04:00,36.2599983215332,36.540000915527344,35.04999923706055,35.099998474121094,31.21356964111328,3806700
2012-08-13 00:00:00-04:00,35.27000045776367,35.290000915527344,32.79999923706055,33.52000045776367,29.808517456054688,9384300
2012-08-14 00:00:00-04:00,33.7599983215332,33.93000030517578,32.279998779296875,33.15999984741211,29.48837661743164,5752700
2012-08-15 00:00:00-04:00,33.20000076293945,34.720001220703125,32.5099983215332,33.959999084472656,30.199796676635742,4098600
2012-08-16 00:00:00-04:00,33.88999938964844,34.29999923706055,33.13999938964844,33.849998474121094,30.10197639465332,1992300
2012-08-17 00:00:00-04:00,33.65999984741211,33.7400016784668,32.369998931884766,33.45000076293945,29.746267318725586,3050900
2012-08-20 00:00:00-04:00,33.27000045776367,33.95000076293945,32.7599983215332,33.84000015258789,30.09308433532715,1842900
2012-08-21 00:00:00-04:00,33.959999084472656,34.75,33.709999084472656,34.04999923706055,30.279830932617188,2442900
2012-08-22 00:00:00-04:00,33.84000015258789,34.27000045776367,33.5099983215332,33.939998626708984,30.182010650634766,1716500
2012-08-23 00:00:00-04:00,33.72999954223633,34.119998931884766,33.47999954223633,33.540000915527344,29.826303482055664,2111800
2012-08-24 00:00:00-04:00,34.5,34.70000076293945,33.290000915527344,34.04999923706055,30.279830932617188,5589400
2012-08-27 00:00:00-04:00,34.290000915527344,34.34000015258789,33.88999938964844,33.970001220703125,30.208690643310547,737100
2012-08-28 00:00:00-04:00,33.880001068115234,34.439998626708984,33.630001068115234,34.2599983215332,30.46657943725586,2563100
2012-08-29 00:00:00-04:00,34.130001068115234,34.380001068115234,33.34000015258789,34.209999084472656,30.422115325927734,1701900
2012-08-30 00:00:00-04:00,34.130001068115234,34.33000183105469,33.630001068115234,33.709999084472656,29.97747802734375,976400
2012-08-31 00:00:00-04:00,33.97999954223633,34.2599983215332,33.279998779296875,33.439998626708984,29.73737335205078,1273500
2012-09-04 00:00:00-04:00,33.5,34.65999984741211,33.189998626708984,34.650001525878906,30.813398361206055,2225000
2012-09-05 00:00:00-04:00,34.61000061035156,35.91999816894531,34.599998474121094,35.400001525878906,31.480356216430664,2694000
2012-09-06 00:00:00-04:00,35.38999938964844,36.25,35.33000183105469,35.45000076293945,31.524818420410156,2343700
2012-09-07 00:00:00-04:00,35.459999084472656,35.779998779296875,35.22999954223633,35.61000061035156,31.667102813720703,1156100
2012-09-10 00:00:00-04:00,35.529998779296875,35.959999084472656,35.25,35.290000915527344,31.382535934448242,913100
2012-09-11 00:00:00-04:00,35.15999984741211,35.81999969482422,34.9900016784668,35.380001068115234,31.462570190429688,1408700
2012-09-12 00:00:00-04:00,35.58000183105469,35.95000076293945,35.11000061035156,35.25,31.34696388244629,1176700
2012-09-13 00:00:00-04:00,35.349998474121094,36.70000076293945,35.04999923706055,36.34000015258789,32.3162727355957,1885000
2012-09-14 00:00:00-04:00,36.470001220703125,36.970001220703125,36.02000045776367,36.060001373291016,32.06727600097656,2209100
2012-09-17 00:00:00-04:00,36.06999969482422,36.290000915527344,35.63999938964844,35.810001373291016,31.844959259033203,1526000
2012-09-18 00:00:00-04:00,35.810001373291016,36.189998626708984,34.70000076293945,34.72999954223633,30.884538650512695,2077900
2012-09-19 00:00:00-04:00,34.959999084472656,35.189998626708984,34.0,34.900001525878906,31.03571891784668,1784000
2012-09-20 00:00:00-04:00,34.84000015258789,34.849998474121094,33.81999969482422,34.47999954223633,30.662220001220703,1981700
2012-09-21 00:00:00-04:00,34.310001373291016,35.06999969482422,34.150001525878906,34.529998779296875,30.706684112548828,4039400
2012-09-24 00:00:00-04:00,34.529998779296875,34.529998779296875,33.470001220703125,33.70000076293945,29.968585968017578,2424400
2012-09-25 00:00:00-04:00,33.75,34.439998626708984,33.70000076293945,33.7400016784668,30.00415802001953,2135900
2012-09-26 00:00:00-04:00,33.849998474121094,34.09000015258789,33.04999923706055,33.2400016784668,29.559520721435547,1886400
2012-09-27 00:00:00-04:00,32.38999938964844,34.06999969482422,31.709999084472656,33.41999816894531,29.719587326049805,3641000
2012-09-28 00:00:00-04:00,33.380001068115234,33.400001525878906,32.56999969482422,32.93000030517578,29.283843994140625,2988400
2012-10-01 00:00:00-04:00,33.22999954223633,33.27000045776367,31.700000762939453,31.940000534057617,28.403461456298828,3920200
2012-10-02 00:00:00-04:00,32.0,32.65999984741211,31.799999237060547,32.38999938964844,28.803634643554688,1951800
2012-10-03 00:00:00-04:00,32.40999984741211,32.77000045776367,31.989999771118164,32.119998931884766,28.56352996826172,2502900
2012-10-04 00:00:00-04:00,32.63999938964844,33.45000076293945,32.150001525878906,33.400001525878906,29.701805114746094,1924400
2012-10-05 00:00:00-04:00,33.5099983215332,34.18000030517578,33.33000183105469,33.4900016784668,29.78183937072754,2723000
2012-10-08 00:00:00-04:00,33.279998779296875,34.15999984741211,33.150001525878906,33.56999969482422,29.85297966003418,1463000
2012-10-09 00:00:00-04:00,33.36000061035156,33.439998626708984,32.45000076293945,32.52000045776367,28.919240951538086,2518400
2012-10-10 00:00:00-04:00,32.77000045776367,32.79999923706055,32.130001068115234,32.220001220703125,28.6524600982666,1935300
2012-10-11 00:00:00-04:00,32.68000030517578,32.68000030517578,30.969999313354492,31.149999618530273,27.7009334564209,3091000
2012-10-12 00:00:00-04:00,30.719999313354492,31.40999984741211,30.440000534057617,31.219999313354492,27.763181686401367,3370900
2012-10-15 00:00:00-04:00,31.280000686645508,31.579999923706055,31.229999542236328,31.489999771118164,28.003286361694336,1787000
2012-10-16 00:00:00-04:00,31.690000534057617,31.899999618530273,31.139999389648438,31.18000030517578,27.727611541748047,1981800
2012-10-17 00:00:00-04:00,31.1299991607666,31.1299991607666,30.549999237060547,31.09000015258789,27.6475772857666,3058100
2012-10-18 00:00:00-04:00,31.239999771118164,31.290000915527344,30.260000228881836,30.56999969482422,27.18515396118164,2785700
2012-10-19 00:00:00-04:00,30.399999618530273,30.479999542236328,29.059999465942383,29.93000030517578,26.616018295288086,3519600
2012-10-22 00:00:00-04:00,29.850000381469727,30.719999313354492,29.809999465942383,30.700000762939453,27.30076026916504,1389400
2012-10-23 00:00:00-04:00,30.139999389648438,31.84000015258789,30.1299991607666,31.5,28.01218032836914,2252900
2012-10-24 00:00:00-04:00,31.59000015258789,31.809999465942383,31.079999923706055,31.399999618530273,27.92325210571289,2110400
2012-10-25 00:00:00-04:00,31.610000610351562,31.649999618530273,30.450000762939453,30.780000686645508,27.371902465820312,2024700
2012-10-26 00:00:00-04:00,32.150001525878906,32.33000183105469,29.360000610351562,30.270000457763672,26.918371200561523,7092100
2012-10-31 00:00:00-04:00,30.729999542236328,30.989999771118164,29.700000762939453,30.290000915527344,26.9361572265625,5069300
2012-11-01 00:00:00-04:00,30.479999542236328,30.489999771118164,28.6299991607666,29.40999984741211,26.153593063354492,7728700
2012-11-02 00:00:00-04:00,35.0099983215332,35.95000076293945,34.63999938964844,35.119998931884766,31.231355667114258,12211100
2012-11-05 00:00:00-05:00,34.70000076293945,34.9900016784668,34.13999938964844,34.45000076293945,30.635543823242188,2430600
2012-11-06 00:00:00-05:00,34.43000030517578,34.5,33.70000076293945,33.83000183105469,30.08419418334961,2094800
2012-11-07 00:00:00-05:00,34.0099983215332,34.41999816894531,32.95000076293945,34.0,30.235368728637695,3693500
2012-11-08 00:00:00-05:00,33.88999938964844,34.470001220703125,33.709999084472656,34.16999816894531,30.38654327392578,2536900
2012-11-09 00:00:00-05:00,33.720001220703125,35.040000915527344,32.5,34.310001373291016,30.511045455932617,4891400
2012-11-12 00:00:00-05:00,35.47999954223633,35.88999938964844,34.880001068115234,34.97999954223633,31.10685920715332,2787300
2012-11-13 00:00:00-05:00,34.70000076293945,35.66999816894531,34.310001373291016,35.540000915527344,31.604854583740234,1738900
2012-11-14 00:00:00-05:00,35.09000015258789,36.349998474121094,35.09000015258789,35.63999938964844,31.69378089904785,2583300
2012-11-15 00:00:00-05:00,35.689998626708984,36.9900016784668,35.5,36.599998474121094,32.5474853515625,4309200
2012-11-16 00:00:00-05:00,36.540000915527344,38.70000076293945,36.5099983215332,38.029998779296875,33.819149017333984,4298900
2012-11-19 00:00:00-05:00,38.400001525878906,39.31999969482422,38.08000183105469,38.15999984741211,33.93475341796875,2747700
2012-11-20 00:00:00-05:00,38.09000015258789,38.38999938964844,37.04999923706055,37.279998779296875,33.152191162109375,2253600
2012-11-21 00:00:00-05:00,37.47999954223633,37.68000030517578,36.88999938964844,37.400001525878906,33.258907318115234,1836700
2012-11-23 00:00:00-05:00,37.63999938964844,38.0,36.959999084472656,38.0,33.79247283935547,581900
2012-11-26 00:00:00-05:00,38.0,38.09000015258789,37.459999084472656,37.90999984741211,33.71243667602539,767700
2012-11-27 00:00:00-05:00,38.029998779296875,38.040000915527344,37.38999938964844,37.77000045776367,33.58793640136719,702500
2012-11-28 00:00:00-05:00,37.630001068115234,37.970001220703125,37.15999984741211,37.900001525878906,33.70354461669922,990700
2012-11-29 00:00:00-05:00,37.959999084472656,38.209999084472656,37.54999923706055,37.869998931884766,33.67686462402344,1845200
2012-11-30 00:00:00-05:00,37.88999938964844,39.06999969482422,37.619998931884766,38.189998626708984,33.96143341064453,2961200
2012-12-03 00:00:00-05:00,38.2400016784668,38.380001068115234,37.5,37.70000076293945,33.52568817138672,3229000
2012-12-04 00:00:00-05:00,37.65999984741211,37.7599983215332,35.959999084472656,37.529998779296875,33.37451171875,3610800
2012-12-05 00:00:00-05:00,37.349998474121094,38.959999084472656,37.349998474121094,38.369998931884766,34.12150192260742,2426400
2012-12-06 00:00:00-05:00,38.5,39.34000015258789,38.22999954223633,39.290000915527344,34.93963623046875,1858800
2012-12-07 00:00:00-05:00,39.099998474121094,39.689998626708984,38.349998474121094,38.59000015258789,34.317142486572266,1496700
2012-12-10 00:00:00-05:00,39.58000183105469,39.88999938964844,37.90999984741211,38.38999938964844,34.139286041259766,1933400
2012-12-11 00:00:00-05:00,47.0,47.0,40.63999938964844,40.90999984741211,36.38026428222656,12177200
2012-12-12 00:00:00-05:00,41.04999923706055,42.88999938964844,40.61000061035156,42.650001525878906,37.92760467529297,6426300
2012-12-13 00:00:00-05:00,42.90999984741211,43.150001525878906,42.02000045776367,42.709999084472656,37.98095703125,3991100
2012-12-14 00:00:00-05:00,42.7599983215332,42.77000045776367,41.400001525878906,41.66999816894531,37.05611038208008,2446900
2012-12-17 00:00:00-05:00,41.86000061035156,43.650001525878906,41.310001373291016,43.45000076293945,38.63902282714844,4647900
2012-12-18 00:00:00-05:00,43.0099983215332,44.290000915527344,42.91999816894531,42.97999954223633,38.22106170654297,5502200
2012-12-19 00:00:00-05:00,43.099998474121094,44.290000915527344,42.849998474121094,43.40999984741211,38.603450775146484,1986500
2012-12-20 00:00:00-05:00,43.4900016784668,43.7400016784668,42.88999938964844,42.970001220703125,38.2121696472168,2640100
2012-12-21 00:00:00-05:00,42.790000915527344,42.790000915527344,41.47999954223633,41.970001220703125,37.32289505004883,2444900
2012-12-24 00:00:00-05:00,43.25,44.099998474121094,42.130001068115234,42.25,37.57189178466797,1264100
2012-12-26 00:00:00-05:00,42.29999923706055,42.45000076293945,41.54999923706055,41.79999923706055,37.17171859741211,793200
2012-12-27 00:00:00-05:00,41.849998474121094,42.040000915527344,41.290000915527344,41.93000030517578,37.287322998046875,785000
2012-12-28 00:00:00-05:00,41.72999954223633,41.97999954223633,41.290000915527344,41.34000015258789,36.76264953613281,653400
2012-12-31 00:00:00-05:00,41.34000015258789,42.27000045776367,40.880001068115234,41.91999816894531,37.2784309387207,2324700
2013-01-02 00:00:00-05:00,42.939998626708984,44.16999816894531,42.79999923706055,44.15999984741211,39.270408630371094,2106600
2013-01-03 00:00:00-05:00,44.09000015258789,44.5,43.45000076293945,43.90999984741211,39.04808807373047,1770400
2013-01-04 00:00:00-05:00,44.0099983215332,44.15999984741211,43.400001525878906,44.119998931884766,39.23483657836914,1052300
2013-01-07 00:00:00-05:00,44.029998779296875,45.33000183105469,43.75,45.119998931884766,40.12411117553711,1823800
2013-01-08 00:00:00-05:00,44.849998474121094,45.45000076293945,44.27000045776367,44.720001220703125,39.768402099609375,2192300
2013-01-09 00:00:00-05:00,44.77000045776367,45.20000076293945,44.290000915527344,44.33000183105469,39.42158508300781,1261400
2013-01-10 00:00:00-05:00,44.380001068115234,44.599998474121094,42.77000045776367,43.4900016784668,38.67459487915039,2677000
2013-01-11 00:00:00-05:00,43.650001525878906,44.0,43.5,43.97999954223633,39.1103401184082,990200
2013-01-14 00:00:00-05:00,43.88999938964844,44.33000183105469,43.459999084472656,44.150001525878906,39.26151657104492,957100
2013-01-15 00:00:00-05:00,44.13999938964844,44.29999923706055,43.36000061035156,44.150001525878906,39.26151657104492,959400
2013-01-16 00:00:00-05:00,44.04999923706055,44.20000076293945,43.4900016784668,43.970001220703125,39.10144805908203,1241700
2013-01-17 00:00:00-05:00,43.97999954223633,44.56999969482422,43.529998779296875,44.09000015258789,39.208160400390625,1399900
2013-01-18 00:00:00-05:00,44.15999984741211,44.16999816894531,43.16999816894531,43.68000030517578,38.84355545043945,1901400
2013-01-22 00:00:00-05:00,43.59000015258789,44.380001068115234,43.310001373291016,44.31999969482422,39.41269302368164,1148900
2013-01-23 00:00:00-05:00,44.40999984741211,44.95000076293945,44.20000076293945,44.84000015258789,39.87511444091797,1236500
2013-01-24 00:00:00-05:00,44.779998779296875,45.720001220703125,44.59000015258789,44.81999969482422,39.857330322265625,1029100
2013-01-25 00:00:00-05:00,44.939998626708984,46.04999923706055,44.7599983215332,45.959999084472656,40.8711051940918,1657100
2013-01-28 00:00:00-05:00,46.34000015258789,47.77000045776367,46.02000045776367,46.5,41.351314544677734,2428300
2013-01-29 00:00:00-05:00,46.41999816894531,46.54999923706055,45.650001525878906,45.900001525878906,40.8177490234375,1610000
2013-01-30 00:00:00-05:00,46.099998474121094,46.290000915527344,45.15999984741211,45.52000045776367,40.47982406616211,1364200
2013-01-31 00:00:00-05:00,45.43000030517578,46.34000015258789,45.06999969482422,46.279998779296875,41.155670166015625,1284700
2013-02-01 00:00:00-05:00,46.290000915527344,46.56999969482422,45.630001068115234,46.29999923706055,41.173458099365234,1772500
2013-02-04 00:00:00-05:00,46.09000015258789,46.779998779296875,45.560001373291016,45.63999938964844,40.5865364074707,1279400
2013-02-05 00:00:00-05:00,45.86000061035156,46.90999984741211,45.70000076293945,46.84000015258789,41.65366744995117,1237400
2013-02-06 00:00:00-05:00,47.04999923706055,49.349998474121094,46.81999969482422,47.0,41.79595184326172,4129900
2013-02-07 00:00:00-05:00,47.02000045776367,47.029998779296875,45.65999984741211,46.849998474121094,41.662559509277344,1991500
2013-02-08 00:00:00-05:00,46.81999969482422,47.41999816894531,46.47999954223633,47.02000045776367,41.81373596191406,913400
2013-02-11 00:00:00-05:00,47.130001068115234,47.20000076293945,46.0,46.22999954223633,41.111209869384766,1232200
2013-02-12 00:00:00-05:00,46.220001220703125,46.869998931884766,45.84000015258789,46.65999984741211,41.49359893798828,1813200
2013-02-13 00:00:00-05:00,46.790000915527344,47.779998779296875,46.63999938964844,46.900001525878906,41.70702362060547,2629000
2013-02-14 00:00:00-05:00,42.58000183105469,44.86000061035156,42.040000915527344,43.54999923706055,38.72795104980469,7033500
2013-02-15 00:00:00-05:00,43.599998474121094,45.41999816894531,43.5,44.41999816894531,39.501617431640625,2817100
2013-02-19 00:00:00-05:00,44.4900016784668,44.4900016784668,43.310001373291016,43.52000045776367,38.701271057128906,1607100
2013-02-20 00:00:00-05:00,43.529998779296875,43.54999923706055,42.68000030517578,42.7599983215332,38.025421142578125,1231100
2013-02-21 00:00:00-05:00,42.20000076293945,43.470001220703125,42.20000076293945,42.939998626708984,38.185489654541016,1498600
2013-02-22 00:00:00-05:00,43.11000061035156,44.09000015258789,42.900001525878906,43.849998474121094,38.99473190307617,1986000
2013-02-25 00:00:00-05:00,44.130001068115234,44.77000045776367,43.5,43.63999938964844,38.8079833984375,1846900
2013-02-26 00:00:00-05:00,43.68000030517578,44.209999084472656,43.439998626708984,43.72999954223633,38.88801956176758,1138100
2013-02-27 00:00:00-05:00,44.150001525878906,45.560001373291016,44.099998474121094,45.27000045776367,40.257503509521484,2194800
2013-02-28 00:00:00-05:00,45.2400016784668,45.7400016784668,44.58000183105469,45.540000915527344,40.49760818481445,1993300
2013-03-01 00:00:00-05:00,45.41999816894531,45.939998626708984,44.59000015258789,45.619998931884766,40.568748474121094,2159200
2013-03-04 00:00:00-05:00,45.41999816894531,45.65999984741211,44.75,45.5099983215332,40.47092819213867,1841700
2013-03-05 00:00:00-05:00,45.790000915527344,47.84000015258789,45.650001525878906,47.68000030517578,42.400657653808594,2586800
2013-03-06 00:00:00-05:00,48.0,50.880001068115234,47.900001525878906,48.630001068115234,43.2454719543457,4827100
2013-03-07 00:00:00-05:00,48.59000015258789,51.150001525878906,48.099998474121094,50.59000015258789,44.98844909667969,3630400
2013-03-08 00:00:00-05:00,50.77000045776367,51.34000015258789,50.560001373291016,51.029998779296875,45.379730224609375,1531800
2013-03-11 00:00:00-04:00,51.09000015258789,51.630001068115234,50.2599983215332,51.400001525878906,45.708763122558594,1223200
2013-03-12 00:00:00-04:00,51.34000015258789,51.61000061035156,50.61000061035156,51.150001525878906,45.486446380615234,1781400
2013-03-13 00:00:00-04:00,51.13999938964844,52.61000061035156,50.77000045776367,52.38999938964844,46.58914566040039,2037600
2013-03-14 00:00:00-04:00,52.5,53.40999984741211,52.130001068115234,52.59000015258789,46.76700210571289,1482400
2013-03-15 00:00:00-04:00,52.470001220703125,53.72999954223633,52.22999954223633,52.400001525878906,46.59804153442383,2655900
2013-03-18 00:00:00-04:00,52.119998931884766,53.40999984741211,51.70000076293945,52.43000030517578,46.624717712402344,1098100
2013-03-19 00:00:00-04:00,52.5099983215332,53.349998474121094,51.56999969482422,52.29999923706055,46.50910949707031,1256300
2013-03-20 00:00:00-04:00,52.470001220703125,53.45000076293945,52.470001220703125,53.2400016784668,47.34503173828125,1319000
2013-03-21 00:00:00-04:00,52.560001373291016,53.0,51.63999938964844,51.75,46.0200080871582,2136400
2013-03-22 00:00:00-04:00,52.060001373291016,52.58000183105469,51.959999084472656,52.5,46.68696594238281,1077200
2013-03-25 00:00:00-04:00,52.93000030517578,53.5,52.130001068115234,52.2400016784668,46.45575714111328,901400
2013-03-26 00:00:00-04:00,53.220001220703125,53.220001220703125,51.93000030517578,52.439998626708984,46.633609771728516,1256100
2013-03-27 00:00:00-04:00,52.029998779296875,52.72999954223633,51.36000061035156,52.20000076293945,46.42018508911133,896700
2013-03-28 00:00:00-04:00,52.2400016784668,52.900001525878906,52.13999938964844,52.52000045776367,46.70475387573242,1034300
2013-04-01 00:00:00-04:00,52.529998779296875,54.13999938964844,51.47999954223633,51.70000076293945,45.975547790527344,1695700
2013-04-02 00:00:00-04:00,51.75,51.75,50.130001068115234,50.5099983215332,44.91730499267578,2715200
2013-04-03 00:00:00-04:00,50.619998931884766,50.619998931884766,48.75,49.11000061035156,43.67232131958008,2461100
2013-04-04 00:00:00-04:00,48.869998931884766,49.79999923706055,48.650001525878906,49.52000045776367,44.03692626953125,1364800
2013-04-05 00:00:00-04:00,49.029998779296875,49.5099983215332,48.290000915527344,48.880001068115234,43.46778869628906,1439900
2013-04-08 00:00:00-04:00,48.86000061035156,49.47999954223633,48.27000045776367,48.68000030517578,43.28993225097656,1272600
2013-04-09 00:00:00-04:00,48.70000076293945,49.040000915527344,48.18000030517578,48.290000915527344,42.943119049072266,1314600
2013-04-10 00:00:00-04:00,48.65999984741211,50.18000030517578,48.40999984741211,50.06999969482422,44.52602767944336,2281300
2013-04-11 00:00:00-04:00,50.18000030517578,52.349998474121094,50.11000061035156,51.88999938964844,46.144508361816406,1987700
2013-04-12 00:00:00-04:00,51.849998474121094,52.689998626708984,51.599998474121094,52.4900016784668,46.67807388305664,1101900
2013-04-15 00:00:00-04:00,52.81999969482422,53.5,51.099998474121094,51.560001373291016,45.85104751586914,3201700
2013-04-16 00:00:00-04:00,51.900001525878906,52.970001220703125,51.849998474121094,52.939998626708984,47.0782470703125,1565600
2013-04-17 00:00:00-04:00,52.13999938964844,52.540000915527344,51.08000183105469,52.16999816894531,46.39350509643555,1698500
2013-04-18 00:00:00-04:00,52.189998626708984,52.45000076293945,50.95000076293945,51.349998474121094,45.66429901123047,1214400
2013-04-19 00:00:00-04:00,51.22999954223633,51.81999969482422,50.619998931884766,51.09000015258789,45.43308639526367,779400
2013-04-22 00:00:00-04:00,51.290000915527344,51.54999923706055,50.34000015258789,51.09000015258789,45.43308639526367,742900
2013-04-23 00:00:00-04:00,51.40999984741211,52.54999923706055,51.369998931884766,52.29999923706055,46.50910949707031,789600
2013-04-24 00:00:00-04:00,52.11000061035156,52.61000061035156,51.0,51.34000015258789,45.6554069519043,1115500
2013-04-25 00:00:00-04:00,51.33000183105469,53.38999938964844,51.29999923706055,53.0099983215332,47.14049530029297,2121800
2013-04-26 00:00:00-04:00,53.75,54.79999923706055,52.83000183105469,53.720001220703125,47.77188491821289,3038000
2013-04-29 00:00:00-04:00,53.689998626708984,54.0,52.25,53.06999969482422,47.193851470947266,1898200
2013-04-30 00:00:00-04:00,53.06999969482422,53.5,52.380001068115234,52.58000183105469,46.75811004638672,1842600
2013-05-01 00:00:00-04:00,52.529998779296875,53.0,51.880001068115234,52.11000061035156,46.34014892578125,1115600
2013-05-02 00:00:00-04:00,51.900001525878906,53.540000915527344,51.900001525878906,53.5099983215332,47.58513259887695,1271900
2013-05-03 00:00:00-04:00,54.209999084472656,55.63999938964844,54.0,55.29999923706055,49.176937103271484,2378100
2013-05-06 00:00:00-04:00,55.2599983215332,55.54999923706055,54.83000183105469,55.16999816894531,49.06132888793945,1972600
2013-05-07 00:00:00-04:00,55.939998626708984,56.79999923706055,54.06999969482422,55.0099983215332,48.91904830932617,2896000
2013-05-08 00:00:00-04:00,53.34000015258789,54.56999969482422,51.720001220703125,52.4900016784668,46.67807388305664,4386200
2013-05-09 00:00:00-04:00,52.58000183105469,53.099998474121094,51.7599983215332,51.9900016784668,46.233436584472656,2300900
2013-05-10 00:00:00-04:00,52.189998626708984,54.29999923706055,52.150001525878906,53.84000015258789,47.878597259521484,2088300
2013-05-13 00:00:00-04:00,53.68000030517578,55.310001373291016,53.290000915527344,54.790000915527344,48.72340774536133,1785500
2013-05-14 00:00:00-04:00,55.040000915527344,58.380001068115234,54.810001373291016,58.0099983215332,51.58687210083008,3802200
2013-05-15 00:00:00-04:00,58.0,60.2599983215332,57.90999984741211,59.36000061035156,52.78739547729492,2893500
2013-05-16 00:00:00-04:00,59.529998779296875,60.38999938964844,58.650001525878906,59.029998779296875,52.493934631347656,2265700
2013-05-17 00:00:00-04:00,59.63999938964844,60.47999954223633,59.25,59.880001068115234,53.249820709228516,2675400
2013-05-20 00:00:00-04:00,60.06999969482422,63.0099983215332,59.900001525878906,62.630001068115234,55.69532775878906,3039500
2013-05-21 00:00:00-04:00,62.70000076293945,63.220001220703125,61.88999938964844,62.34000015258789,55.43743896484375,1773600
2013-05-22 00:00:00-04:00,62.2599983215332,63.56999969482422,61.0,61.5099983215332,54.699337005615234,2051300
2013-05-23 00:00:00-04:00,61.060001373291016,62.54999923706055,59.06999969482422,62.060001373291016,55.18844223022461,1479600
2013-05-24 00:00:00-04:00,61.72999954223633,62.02000045776367,60.79999923706055,61.689998626708984,54.85940933227539,1454600
2013-05-28 00:00:00-04:00,62.56999969482422,64.37000274658203,62.0099983215332,64.30000305175781,57.180419921875,2532800
2013-05-29 00:00:00-04:00,63.970001220703125,64.9000015258789,63.119998931884766,63.560001373291016,56.52235412597656,1783600
2013-05-30 00:00:00-04:00,63.77000045776367,64.0999984741211,63.13999938964844,63.9900016784668,56.90474319458008,1248400
2013-05-31 00:00:00-04:00,63.91999816894531,65.41000366210938,63.7599983215332,64.48999786376953,57.3493766784668,6723400
2013-06-03 00:00:00-04:00,63.150001525878906,63.72999954223633,60.93000030517578,62.060001373291016,55.18844223022461,4068800
2013-06-04 00:00:00-04:00,62.43000030517578,63.90999984741211,61.810001373291016,62.189998626708984,55.304046630859375,2868300
2013-06-05 00:00:00-04:00,62.18000030517578,62.689998626708984,61.25,61.52000045776367,54.70823287963867,1026700
2013-06-06 00:00:00-04:00,61.709999084472656,62.029998779296875,60.72999954223633,62.029998779296875,55.16176223754883,1486300
2013-06-07 00:00:00-04:00,62.619998931884766,64.16999816894531,62.400001525878906,64.05000305175781,56.95810317993164,1090300
2013-06-10 00:00:00-04:00,64.16999816894531,64.48999786376953,63.56999969482422,64.30999755859375,57.189308166503906,932000
2013-06-11 00:00:00-04:00,63.95000076293945,65.0999984741211,63.41999816894531,63.86000061035156,56.78913879394531,907900
2013-06-12 00:00:00-04:00,64.4800033569336,64.81999969482422,63.18000030517578,63.18000030517578,56.18442916870117,1419100
2013-06-13 00:00:00-04:00,63.59000015258789,64.54000091552734,63.20000076293945,64.51000213623047,57.36716842651367,1208100
2013-06-14 00:00:00-04:00,64.37999725341797,64.83999633789062,63.66999816894531,63.75,56.691314697265625,1244100
2013-06-17 00:00:00-04:00,64.18000030517578,65.04000091552734,63.599998474121094,64.36000061035156,57.2337760925293,2113900
2013-06-18 00:00:00-04:00,64.19000244140625,65.19999694824219,63.720001220703125,63.849998474121094,56.780242919921875,1659700
2013-06-19 00:00:00-04:00,63.40999984741211,64.8499984741211,63.369998931884766,63.77000045776367,56.709102630615234,973200
2013-06-20 00:00:00-04:00,62.70000076293945,63.689998626708984,61.31999969482422,61.52000045776367,54.70823287963867,1496600
2013-06-21 00:00:00-04:00,61.86000061035156,62.290000915527344,60.099998474121094,60.279998779296875,53.60552978515625,2821800
2013-06-24 00:00:00-04:00,59.47999954223633,61.22999954223633,58.7400016784668,60.68000030517578,53.961238861083984,1454700
2013-06-25 00:00:00-04:00,61.119998931884766,61.83000183105469,60.790000915527344,61.529998779296875,54.717124938964844,926900
2013-06-26 00:00:00-04:00,62.349998474121094,63.02000045776367,60.7599983215332,61.90999984741211,55.055049896240234,2344800
2013-06-27 00:00:00-04:00,62.16999816894531,62.720001220703125,60.54999923706055,60.84000015258789,54.10352325439453,2360100
2013-06-28 00:00:00-04:00,60.7599983215332,61.560001373291016,60.470001220703125,60.869998931884766,54.13020324707031,4314600
2013-07-01 00:00:00-04:00,61.45000076293945,61.779998779296875,60.11000061035156,61.06999969482422,54.30805587768555,2544100
2013-07-02 00:00:00-04:00,60.90999984741211,61.130001068115234,60.0,60.22999954223633,53.561065673828125,1817200
2013-07-03 00:00:00-04:00,59.61000061035156,60.849998474121094,59.540000915527344,60.790000915527344,54.05906295776367,1203400
2013-07-05 00:00:00-04:00,60.849998474121094,61.7400016784668,60.369998931884766,61.70000076293945,54.86830139160156,1602300
2013-07-08 00:00:00-04:00,62.0,63.470001220703125,61.880001068115234,63.15999984741211,56.16664505004883,2060600
2013-07-09 00:00:00-04:00,63.540000915527344,63.75,62.2400016784668,62.7400016784668,55.793148040771484,1302200
2013-07-10 00:00:00-04:00,62.7400016784668,63.0099983215332,60.52000045776367,61.93000030517578,55.07283401489258,1746900
2013-07-11 00:00:00-04:00,62.34000015258789,62.560001373291016,59.7400016784668,60.439998626708984,53.7478141784668,2705300
2013-07-12 00:00:00-04:00,60.33000183105469,61.4900016784668,60.11000061035156,61.04999923706055,54.2902717590332,1265400
2013-07-15 00:00:00-04:00,61.349998474121094,61.349998474121094,60.09000015258789,60.45000076293945,53.75670623779297,807800
2013-07-16 00:00:00-04:00,60.66999816894531,60.95000076293945,59.849998474121094,60.619998931884766,53.90788269042969,1416200
2013-07-17 00:00:00-04:00,60.939998626708984,61.34000015258789,60.20000076293945,61.09000015258789,54.325843811035156,1037200
2013-07-18 00:00:00-04:00,61.61000061035156,62.970001220703125,61.5,62.27000045776367,55.37519073486328,1269600
2013-07-19 00:00:00-04:00,62.369998931884766,62.38999938964844,60.25,60.619998931884766,53.90788269042969,1249000
2013-07-22 00:00:00-04:00,61.11000061035156,61.27000045776367,60.27000045776367,60.650001525878906,53.93456268310547,1283900
2013-07-23 00:00:00-04:00,60.97999954223633,61.290000915527344,60.029998779296875,60.65999984741211,53.94345474243164,1400000
2013-07-24 00:00:00-04:00,60.599998474121094,62.150001525878906,60.40999984741211,61.13999938964844,54.37030792236328,2704000
2013-07-25 00:00:00-04:00,69.87999725341797,72.26000213623047,68.70999908447266,71.0999984741211,63.22748947143555,5496900
2013-07-26 00:00:00-04:00,70.45999908447266,74.86000061035156,70.45999908447266,73.94999694824219,65.76192474365234,2980500
2013-07-29 00:00:00-04:00,73.48999786376953,74.73999786376953,72.01000213623047,73.29000091552734,65.17500305175781,1308600
2013-07-30 00:00:00-04:00,73.94000244140625,74.66000366210938,73.2699966430664,73.2699966430664,65.15721893310547,1014200
2013-07-31 00:00:00-04:00,73.70999908447266,76.19999694824219,73.58999633789062,75.0199966430664,66.71344757080078,1814400
2013-08-01 00:00:00-04:00,75.77999877929688,76.93000030517578,75.13999938964844,75.88999938964844,67.48712158203125,1193400
2013-08-02 00:00:00-04:00,75.9000015258789,76.2699966430664,74.91999816894531,75.79000091552734,67.398193359375,1053300
2013-08-05 00:00:00-04:00,75.95999908447266,78.04000091552734,75.83000183105469,78.01000213623047,69.37239074707031,1008500
2013-08-06 00:00:00-04:00,78.19999694824219,80.69000244140625,77.43000030517578,79.27999877929688,70.50176239013672,2520200
2013-08-07 00:00:00-04:00,78.88999938964844,78.98999786376953,76.33000183105469,77.98999786376953,69.35459899902344,1352900
2013-08-08 00:00:00-04:00,78.55000305175781,80.54000091552734,78.4800033569336,79.70999908447266,70.8841552734375,1081300
2013-08-09 00:00:00-04:00,80.9000015258789,81.48999786376953,80.01000213623047,80.94000244140625,71.97796630859375,1429000
2013-08-12 00:00:00-04:00,80.76000213623047,82.19000244140625,80.02999877929688,81.26000213623047,72.26253509521484,1113800
2013-08-13 00:00:00-04:00,81.5,81.69999694824219,79.68000030517578,80.95999908447266,71.9957504272461,933200
2013-08-14 00:00:00-04:00,80.61000061035156,81.98999786376953,72.87999725341797,73.55000305175781,65.40621948242188,6889900
2013-08-15 00:00:00-04:00,71.52999877929688,72.16000366210938,69.55999755859375,70.5199966430664,62.711708068847656,4459600
2013-08-16 00:00:00-04:00,70.29000091552734,72.4800033569336,69.19000244140625,70.98999786376953,63.129669189453125,2405000
2013-08-19 00:00:00-04:00,71.1500015258789,72.29000091552734,69.22000122070312,69.26000213623047,61.591224670410156,1408300
2013-08-20 00:00:00-04:00,69.36000061035156,70.19999694824219,68.83999633789062,69.80999755859375,62.080322265625,1230000
2013-08-21 00:00:00-04:00,69.48999786376953,71.25,69.41999816894531,70.19999694824219,62.42713928222656,1022100
2013-08-22 00:00:00-04:00,70.38999938964844,71.43000030517578,70.0,71.20999908447266,63.32530975341797,869700
2013-08-23 00:00:00-04:00,71.6500015258789,72.62000274658203,70.91000366210938,71.87000274658203,63.912235260009766,1225200
2013-08-26 00:00:00-04:00,71.72000122070312,72.63999938964844,71.5,72.25,64.25016021728516,1137200
2013-08-27 00:00:00-04:00,71.20999908447266,71.77999877929688,70.5999984741211,71.08000183105469,63.20970916748047,1403400
2013-08-28 00:00:00-04:00,71.51000213623047,73.16000366210938,71.16000366210938,72.5199966430664,64.4902572631836,1119500
2013-08-29 00:00:00-04:00,72.31999969482422,74.61000061035156,71.27999877929688,74.18000030517578,65.96646118164062,1009100
2013-08-30 00:00:00-04:00,74.63999938964844,74.66999816894531,72.5999984741211,73.97000122070312,65.77971649169922,1054000
2013-09-03 00:00:00-04:00,74.9000015258789,75.30999755859375,72.76000213623047,73.81999969482422,65.64632415771484,1132500
2013-09-04 00:00:00-04:00,74.0199966430664,74.95999908447266,73.31999969482422,74.73999786376953,66.4644546508789,602600
2013-09-05 00:00:00-04:00,74.61000061035156,75.7300033569336,74.16999816894531,74.66999816894531,66.40220642089844,1000800
2013-09-06 00:00:00-04:00,74.95999908447266,75.47000122070312,73.05000305175781,74.11000061035156,65.90421295166016,1012000
2013-09-09 00:00:00-04:00,74.52999877929688,75.19999694824219,74.29000091552734,74.5,66.25102996826172,1198700
2013-09-10 00:00:00-04:00,74.25,74.63999938964844,72.25,72.62000274658203,64.57919311523438,2319300
2013-09-11 00:00:00-04:00,72.52999877929688,74.4000015258789,72.41999816894531,73.79000091552734,65.61964416503906,1645600
2013-09-12 00:00:00-04:00,73.93000030517578,75.9000015258789,73.8499984741211,74.48999786376953,66.24213409423828,1258000
2013-09-13 00:00:00-04:00,74.37000274658203,74.37000274658203,72.41999816894531,72.81999969482422,64.75704193115234,1291000
2013-09-16 00:00:00-04:00,73.83000183105469,74.16000366210938,72.55999755859375,72.5999984741211,64.5614013671875,745800
2013-09-17 00:00:00-04:00,73.4000015258789,73.45999908447266,72.11000061035156,72.93000030517578,64.85486602783203,853600
2013-09-18 00:00:00-04:00,73.13999938964844,74.61000061035156,72.5,73.91999816894531,65.73524475097656,1645500
2013-09-19 00:00:00-04:00,74.31999969482422,75.0,73.13999938964844,74.2699966430664,66.04649353027344,1196300
2013-09-20 00:00:00-04:00,74.2699966430664,79.08000183105469,74.25,75.12000274658203,66.80238342285156,4442400
2013-09-23 00:00:00-04:00,77.0,78.16999816894531,73.54000091552734,74.30000305175781,66.07317352294922,2376600
2013-09-24 00:00:00-04:00,74.1500015258789,75.73999786376953,73.12000274658203,75.30000305175781,66.96244812011719,1212700
2013-09-25 00:00:00-04:00,75.29000091552734,75.91999816894531,74.05999755859375,74.77999877929688,66.5000228881836,1245500
2013-09-26 00:00:00-04:00,74.98999786376953,75.88999938964844,74.58000183105469,75.30000305175781,66.96244812011719,883800
2013-09-27 00:00:00-04:00,75.0,76.08999633789062,74.0999984741211,75.8499984741211,67.45154571533203,1048800
2013-09-30 00:00:00-04:00,74.72000122070312,76.61000061035156,74.16000366210938,75.83999633789062,67.44265747070312,1339300
2013-10-01 00:00:00-04:00,75.73999786376953,78.5999984741211,75.30000305175781,78.5,69.8081283569336,1755500
2013-10-02 00:00:00-04:00,78.1500015258789,79.79000091552734,77.61000061035156,79.66000366210938,70.83969116210938,1779300
2013-10-03 00:00:00-04:00,79.51000213623047,79.88999938964844,77.30999755859375,78.66000366210938,69.9504165649414,1705700
2013-10-04 00:00:00-04:00,78.3499984741211,79.45999908447266,78.0,78.41000366210938,69.72809600830078,1706600
2013-10-07 00:00:00-04:00,77.88999938964844,78.0,75.66000366210938,75.8499984741211,67.45154571533203,1752000
2013-10-08 00:00:00-04:00,75.73999786376953,75.83000183105469,70.87000274658203,71.69999694824219,63.76105499267578,2973200
2013-10-09 00:00:00-04:00,71.22000122070312,72.06999969482422,68.11000061035156,70.66999816894531,62.84510040283203,2673600
2013-10-10 00:00:00-04:00,71.87999725341797,72.81999969482422,70.1500015258789,72.2699966430664,64.2679443359375,2368100
2013-10-11 00:00:00-04:00,72.3499984741211,74.37999725341797,72.12000274658203,74.01000213623047,65.8152847290039,2875400
2013-10-14 00:00:00-04:00,73.4000015258789,75.06999969482422,72.54000091552734,75.01000213623047,66.70455932617188,3288400
2013-10-15 00:00:00-04:00,75.2300033569336,75.43000030517578,73.5,73.87000274658203,65.69078826904297,3511200
2013-10-16 00:00:00-04:00,74.41000366210938,75.3499984741211,73.75,75.0,66.69566345214844,2524700
2013-10-17 00:00:00-04:00,74.83999633789062,74.83999633789062,72.08000183105469,72.73999786376953,64.68590545654297,2517700
2013-10-18 00:00:00-04:00,73.12999725341797,73.5,71.5999984741211,71.87000274658203,63.912235260009766,2557300
2013-10-21 00:00:00-04:00,72.0999984741211,74.1500015258789,72.05000305175781,74.11000061035156,65.90421295166016,2517600
2013-10-22 00:00:00-04:00,75.5999984741211,77.30000305175781,73.13999938964844,75.5,67.14030456542969,3555900
2013-10-23 00:00:00-04:00,75.05000305175781,75.9800033569336,73.1500015258789,75.20999908447266,66.88241577148438,4724600
2013-10-24 00:00:00-04:00,72.0,75.1500015258789,69.33000183105469,74.8499984741211,66.56227111816406,10534800
2013-10-25 00:00:00-04:00,75.30000305175781,77.56999969482422,74.95999908447266,76.9800033569336,68.45643615722656,3246200
2013-10-28 00:00:00-04:00,76.88999938964844,78.22000122070312,75.87999725341797,77.79000091552734,69.17674255371094,2266300
2013-10-29 00:00:00-04:00,77.8499984741211,82.3499984741211,77.51000213623047,82.26000213623047,73.15180969238281,3277500
2013-10-30 00:00:00-04:00,82.4800033569336,83.0,79.62999725341797,80.22000122070312,71.33768463134766,3152600
2013-10-31 00:00:00-04:00,81.5,84.63999938964844,81.19999694824219,82.72000122070312,73.56087493896484,3513300
2013-11-01 00:00:00-04:00,83.08000183105469,84.0999984741211,82.20999908447266,83.37999725341797,74.14779663085938,1793100
2013-11-04 00:00:00-05:00,84.0,88.41000366210938,83.41999816894531,88.22000122070312,78.45188903808594,3270900
2013-11-05 00:00:00-05:00,88.05999755859375,89.47000122070312,86.3499984741211,88.06999969482422,78.31849670410156,2781100
2013-11-06 00:00:00-05:00,88.01000213623047,88.68000030517578,86.0999984741211,86.61000061035156,77.02015686035156,1919700
2013-11-07 00:00:00-05:00,86.52999877929688,87.0,80.69000244140625,83.87999725341797,74.5924301147461,3475700
2013-11-08 00:00:00-05:00,84.08999633789062,85.9000015258789,83.16999816894531,84.4800033569336,75.1259994506836,1939800
2013-11-11 00:00:00-05:00,84.4000015258789,85.95999908447266,83.7699966430664,85.0199966430664,75.606201171875,1754400
2013-11-12 00:00:00-05:00,84.94000244140625,85.22000122070312,83.6500015258789,84.9000015258789,75.49949645996094,1881000
2013-11-13 00:00:00-05:00,84.8499984741211,87.5999984741211,83.58000183105469,87.48999786376953,77.80271911621094,2465100
2013-11-14 00:00:00-05:00,87.62000274658203,89.18000030517578,87.16000366210938,89.18000030517578,79.30559539794922,2412000
2013-11-15 00:00:00-05:00,89.76000213623047,90.43000030517578,87.26000213623047,87.7699966430664,78.05171203613281,2300300
2013-11-18 00:00:00-05:00,87.63999938964844,89.20999908447266,86.5199966430664,87.41999816894531,77.74046325683594,1852400
2013-11-19 00:00:00-05:00,87.20999908447266,88.9800033569336,86.5999984741211,87.51000213623047,77.82050323486328,1376000
2013-11-20 00:00:00-05:00,87.91999816894531,88.55000305175781,86.73999786376953,87.12999725341797,77.48257446289062,915000
2013-11-21 00:00:00-05:00,87.2699966430664,88.37000274658203,87.0199966430664,87.2699966430664,77.60707092285156,1261700
2013-11-22 00:00:00-05:00,87.5,88.38999938964844,87.01000213623047,87.4000015258789,77.72268676757812,1082600
2013-11-25 00:00:00-05:00,87.87999725341797,88.47000122070312,86.06999969482422,86.61000061035156,77.02015686035156,1170900
2013-11-26 00:00:00-05:00,86.4800033569336,88.19999694824219,85.2300033569336,87.37999725341797,77.70489501953125,1703100
2013-11-27 00:00:00-05:00,87.37999725341797,88.94000244140625,87.29000091552734,88.30999755859375,78.53192138671875,740000
2013-11-29 00:00:00-05:00,88.69000244140625,89.45999908447266,88.2300033569336,88.31999969482422,78.54081726074219,431000
2013-12-02 00:00:00-05:00,88.25,89.56999969482422,86.9000015258789,87.54000091552734,77.84718322753906,1186100
2013-12-03 00:00:00-05:00,87.16999816894531,87.62000274658203,85.29000091552734,85.91999816894531,76.40655517578125,1430400
2013-12-04 00:00:00-05:00,85.31999969482422,86.83999633789062,84.5199966430664,85.12999725341797,75.70402526855469,1933100
2013-12-05 00:00:00-05:00,85.11000061035156,87.62999725341797,84.72000122070312,85.54000091552734,76.06863403320312,1473000
2013-12-06 00:00:00-05:00,86.76000213623047,87.97000122070312,84.66999816894531,85.61000061035156,76.1308822631836,1631800
2013-12-09 00:00:00-05:00,85.75,87.0,84.12999725341797,84.7699966430664,75.3838882446289,2298400
2013-12-10 00:00:00-05:00,84.81999969482422,85.9000015258789,84.5199966430664,84.9800033569336,75.57064056396484,1746800
2013-12-11 00:00:00-05:00,84.86000061035156,85.26000213623047,82.31999969482422,82.79000091552734,73.62312316894531,1754600
2013-12-12 00:00:00-05:00,82.83999633789062,83.91000366210938,82.12999725341797,82.5999984741211,73.45416259765625,2181200
2013-12-13 00:00:00-05:00,82.70999908447266,83.31999969482422,81.2699966430664,81.37999725341797,72.3692398071289,1596800
2013-12-16 00:00:00-05:00,82.05000305175781,83.19999694824219,81.54000091552734,81.88999938964844,72.8227767944336,1858900
2013-12-17 00:00:00-05:00,80.62999725341797,81.62999725341797,79.7300033569336,80.9000015258789,71.94239044189453,2356200
2013-12-18 00:00:00-05:00,80.9000015258789,81.5999984741211,78.66999816894531,81.41000366210938,72.39592742919922,3046000
2013-12-19 00:00:00-05:00,81.4000015258789,82.87999725341797,81.2699966430664,82.0199966430664,72.9383773803711,1413100
2013-12-20 00:00:00-05:00,82.44000244140625,83.69999694824219,81.62999725341797,83.12999725341797,73.92547607421875,6376000
2013-12-23 00:00:00-05:00,83.77999877929688,83.80000305175781,82.55000305175781,83.4000015258789,74.16558074951172,936900
2013-12-24 00:00:00-05:00,83.58000183105469,83.6500015258789,82.0999984741211,82.81999969482422,73.6498031616211,583800
2013-12-26 00:00:00-05:00,82.94999694824219,84.12000274658203,82.8499984741211,83.47000122070312,74.22782897949219,1369300
2013-12-27 00:00:00-05:00,83.81999969482422,83.88999938964844,81.44999694824219,81.63999938964844,72.60045623779297,892500
2013-12-30 00:00:00-05:00,81.45999908447266,81.9800033569336,80.76000213623047,81.66999816894531,72.62713623046875,801200
2013-12-31 00:00:00-05:00,81.83999633789062,82.88999938964844,81.37999725341797,82.83000183105469,73.65869903564453,814100
2014-01-02 00:00:00-05:00,82.4800033569336,82.5,79.4000015258789,80.4800033569336,71.56890106201172,1995600
2014-01-03 00:00:00-05:00,80.5,81.33999633789062,79.70999908447266,80.91999816894531,71.96017456054688,1284500
2014-01-06 00:00:00-05:00,80.81999969482422,81.08999633789062,79.3499984741211,80.37999725341797,71.47996520996094,1631100
2014-01-07 00:00:00-05:00,80.02999877929688,85.58000183105469,80.02999877929688,84.91000366210938,75.50839233398438,2535600
2014-01-08 00:00:00-05:00,84.76000213623047,85.62999725341797,84.27999877929688,85.1500015258789,75.72181701660156,1455400
2014-01-09 00:00:00-05:00,85.72000122070312,86.25,84.19000244140625,85.16999816894531,75.73959350585938,1389100
2014-01-10 00:00:00-05:00,85.4000015258789,86.80000305175781,85.1500015258789,86.80000305175781,77.18911743164062,2071500
2014-01-13 00:00:00-05:00,86.43000030517578,86.83000183105469,83.68000030517578,84.44999694824219,75.09931945800781,1885100
2014-01-14 00:00:00-05:00,82.87000274658203,84.68000030517578,82.36000061035156,84.30999755859375,74.97482299804688,1265500
2014-01-15 00:00:00-05:00,85.37999725341797,85.37999725341797,83.20999908447266,84.33999633789062,75.00149536132812,1197900
2014-01-16 00:00:00-05:00,84.26000213623047,84.87000274658203,83.2699966430664,84.76000213623047,75.375,1057300
2014-01-17 00:00:00-05:00,84.62999725341797,85.9000015258789,83.77999877929688,83.9000015258789,74.61022186279297,1364700
2014-01-21 00:00:00-05:00,84.66000366210938,85.16000366210938,81.26000213623047,81.5,72.47595977783203,1834600
2014-01-22 00:00:00-05:00,81.72000122070312,82.87000274658203,81.70999908447266,82.47000122070312,73.33855438232422,1898400
2014-01-23 00:00:00-05:00,82.06999969482422,82.1500015258789,80.73999786376953,81.33999633789062,72.33367156982422,1629500
2014-01-24 00:00:00-05:00,80.44000244140625,81.41999816894531,80.25,80.36000061035156,71.4621810913086,2297400
2014-01-27 00:00:00-05:00,80.33999633789062,80.79000091552734,77.05000305175781,77.91000366210938,69.28346252441406,2300700
2014-01-28 00:00:00-05:00,77.43000030517578,78.7300033569336,76.77999877929688,77.7699966430664,69.1589584350586,1719700
2014-01-29 00:00:00-05:00,77.06999969482422,78.0999984741211,76.22000122070312,76.66999816894531,68.18075561523438,1633600
2014-01-30 00:00:00-05:00,77.68000030517578,78.66999816894531,76.9000015258789,77.79000091552734,69.17674255371094,1198400
2014-01-31 00:00:00-05:00,76.16999816894531,78.12999725341797,75.55999755859375,77.19000244140625,68.64318084716797,1841100
2014-02-03 00:00:00-05:00,76.94000244140625,77.47000122070312,72.56999969482422,73.91000366210938,65.72635650634766,2128800
2014-02-04 00:00:00-05:00,74.11000061035156,76.5999984741211,73.69999694824219,76.37000274658203,67.91397857666016,2364900
2014-02-05 00:00:00-05:00,76.2699966430664,76.52999877929688,74.69000244140625,76.16000366210938,67.72722625732422,2018600
2014-02-06 00:00:00-05:00,76.22000122070312,77.33999633789062,75.08000183105469,77.13999938964844,68.59871673583984,2151500
2014-02-07 00:00:00-05:00,79.91000366210938,85.41999816894531,79.8499984741211,84.44999694824219,75.09931945800781,5212500
2014-02-10 00:00:00-05:00,84.05000305175781,84.76000213623047,82.37000274658203,84.05000305175781,74.74361419677734,2585300
2014-02-11 00:00:00-05:00,85.19000244140625,85.19000244140625,83.05999755859375,84.19999694824219,74.87699890136719,4589200
2014-02-12 00:00:00-05:00,87.94999694824219,93.12999725341797,87.5999984741211,90.2699966430664,80.27490234375,9546600
2014-02-13 00:00:00-05:00,89.27999877929688,92.47000122070312,88.72000122070312,92.30000305175781,82.08013916015625,2880100
2014-02-14 00:00:00-05:00,91.94000244140625,92.29000091552734,90.94000244140625,91.25,81.14639282226562,2235900
2014-02-18 00:00:00-05:00,91.19000244140625,93.86000061035156,90.55999755859375,93.3499984741211,83.01387023925781,1989200
2014-02-19 00:00:00-05:00,92.87000274658203,95.0,92.83999633789062,93.76000213623047,83.37847900390625,1890200
2014-02-20 00:00:00-05:00,94.11000061035156,96.91000366210938,94.11000061035156,96.80000305175781,86.08187866210938,2303700
2014-02-21 00:00:00-05:00,96.8499984741211,97.97000122070312,96.22000122070312,96.91999816894531,86.18858337402344,1970500
2014-02-24 00:00:00-05:00,97.0,98.47000122070312,96.5,98.26000213623047,87.38021850585938,1307600
2014-02-25 00:00:00-05:00,98.58000183105469,102.69999694824219,97.81999969482422,101.04000091552734,89.85240173339844,2384300
2014-02-26 00:00:00-05:00,101.7300033569336,102.6500015258789,99.20999908447266,100.18000030517578,89.0876235961914,1879500
2014-02-27 00:00:00-05:00,100.19000244140625,100.80000305175781,99.55000305175781,99.72000122070312,88.67855834960938,1396200
2014-02-28 00:00:00-05:00,100.66000366210938,102.8499984741211,98.58000183105469,100.23999786376953,89.14097595214844,2071300
2014-03-03 00:00:00-05:00,98.80999755859375,100.69999694824219,98.19000244140625,100.55000305175781,89.41665649414062,1550400
2014-03-04 00:00:00-05:00,102.98999786376953,107.23999786376953,102.55000305175781,106.88999938964844,95.0546646118164,2646300
2014-03-05 00:00:00-05:00,106.73999786376953,107.77999877929688,105.8499984741211,107.30000305175781,95.41926574707031,2297300
2014-03-06 00:00:00-05:00,107.80999755859375,108.7300033569336,107.05000305175781,108.37999725341797,96.37968444824219,2442800
2014-03-07 00:00:00-05:00,109.37999725341797,109.45999908447266,106.52999877929688,108.05999755859375,96.0951156616211,2361500
2014-03-10 00:00:00-04:00,109.16000366210938,109.79000091552734,106.9000015258789,107.54000091552734,95.6326904296875,1478100
2014-03-11 00:00:00-04:00,107.95999908447266,107.95999908447266,104.0,104.7300033569336,93.13383483886719,1774900
2014-03-12 00:00:00-04:00,104.33999633789062,107.18000030517578,102.54000091552734,106.69000244140625,94.8768081665039,2186600
2014-03-13 00:00:00-04:00,107.27999877929688,107.7699966430664,102.11000061035156,103.20999908447266,91.7821273803711,1621700
2014-03-14 00:00:00-04:00,102.81999969482422,105.29000091552734,102.2300033569336,102.94999694824219,91.55091857910156,1618000
2014-03-17 00:00:00-04:00,104.80999755859375,106.9000015258789,104.45999908447266,104.52999877929688,92.95597076416016,1599000
2014-03-18 00:00:00-04:00,104.52999877929688,106.61000061035156,104.36000061035156,105.19999694824219,93.55178833007812,963400
2014-03-19 00:00:00-04:00,105.02999877929688,105.54000091552734,102.88999938964844,103.76000213623047,92.27123260498047,1338500
2014-03-20 00:00:00-04:00,103.68000030517578,105.25,102.58999633789062,103.36000061035156,91.91551971435547,1331500
2014-03-21 00:00:00-04:00,103.61000061035156,104.73999786376953,101.4000015258789,101.51000213623047,90.2703628540039,1865300
2014-03-24 00:00:00-04:00,101.8499984741211,102.66999816894531,96.05000305175781,97.58000183105469,86.7755126953125,2403900
2014-03-25 00:00:00-04:00,98.37999725341797,99.75,95.30999755859375,96.4800033569336,85.79730987548828,1677500
2014-03-26 00:00:00-04:00,97.0,97.04000091552734,92.41000366210938,92.70999908447266,82.44473266601562,2182500
2014-03-27 00:00:00-04:00,92.26000213623047,92.33999633789062,88.81999969482422,89.94999694824219,79.9903335571289,3591700
2014-03-28 00:00:00-04:00,89.63999938964844,92.13999938964844,89.08000183105469,90.05000305175781,80.07926940917969,2143700
2014-03-31 00:00:00-04:00,90.55999755859375,92.19000244140625,90.06999969482422,90.58999633789062,80.5594711303711,1645800
2014-04-01 00:00:00-04:00,91.2300033569336,95.77999877929688,90.75,95.55000305175781,84.97028350830078,2617500
2014-04-02 00:00:00-04:00,95.4000015258789,96.33000183105469,94.0199966430664,95.16000366210938,84.62346649169922,1681100
2014-04-03 00:00:00-04:00,95.26000213623047,96.18000030517578,90.81999969482422,91.30000305175781,81.19085693359375,1874100
2014-04-04 00:00:00-04:00,92.19000244140625,92.4800033569336,83.76000213623047,85.69000244140625,76.2020263671875,5284100
2014-04-07 00:00:00-04:00,85.22000122070312,85.48999786376953,80.58999633789062,83.36000061035156,74.13001251220703,4267100
2014-04-08 00:00:00-04:00,83.47000122070312,87.73999786376953,82.79000091552734,86.06999969482422,76.53994750976562,3630100
2014-04-09 00:00:00-04:00,86.18000030517578,88.61000061035156,85.12999725341797,88.11000061035156,78.35407257080078,2471800
2014-04-10 00:00:00-04:00,87.69000244140625,87.95999908447266,81.77999877929688,81.9000015258789,72.83167266845703,2852500
2014-04-11 00:00:00-04:00,80.2699966430664,82.91000366210938,77.68000030517578,78.98999786376953,70.2438735961914,3103000
2014-04-14 00:00:00-04:00,80.1500015258789,80.76000213623047,78.02999877929688,79.7699966430664,70.93750762939453,2133500
2014-04-15 00:00:00-04:00,80.44000244140625,84.08000183105469,80.04000091552734,83.30000305175781,74.07665252685547,3750300
2014-04-16 00:00:00-04:00,84.12000274658203,86.94000244140625,83.38999938964844,84.80000305175781,75.41056823730469,2340600
2014-04-17 00:00:00-04:00,84.30999755859375,86.63999938964844,83.68000030517578,85.68000030517578,76.19313049316406,2320200
2014-04-21 00:00:00-04:00,85.83000183105469,85.91000366210938,84.04000091552734,84.80000305175781,75.41056823730469,1241000
2014-04-22 00:00:00-04:00,85.11000061035156,87.30000305175781,85.01000213623047,85.7699966430664,76.27316284179688,1390900
2014-04-23 00:00:00-04:00,85.93000030517578,86.05000305175781,82.95999908447266,83.27999877929688,74.05886840820312,1322800
2014-04-24 00:00:00-04:00,84.37000274658203,84.45999908447266,81.37999725341797,83.4800033569336,74.23672485351562,2129400
2014-04-25 00:00:00-04:00,82.5999984741211,83.0,77.12000274658203,77.38999938964844,68.82103729248047,3627600
2014-04-28 00:00:00-04:00,78.33999633789062,80.55999755859375,75.12999725341797,77.27999877929688,68.72321319580078,4101300
2014-04-29 00:00:00-04:00,78.47000122070312,81.58000183105469,77.19000244140625,80.83000183105469,71.88014221191406,2930900
2014-04-30 00:00:00-04:00,80.11000061035156,81.33999633789062,78.91000366210938,80.73999786376953,71.80010986328125,2291600
2014-05-01 00:00:00-04:00,81.51000213623047,84.87999725341797,81.5,83.5,74.25450897216797,2373200
2014-05-02 00:00:00-04:00,83.62999725341797,85.56999969482422,82.20999908447266,82.5999984741211,73.45416259765625,2030200
2014-05-05 00:00:00-04:00,82.0199966430664,84.87000274658203,81.4000015258789,84.70999908447266,75.33052825927734,2783200
2014-05-06 00:00:00-04:00,85.22000122070312,85.93000030517578,80.41999816894531,81.37000274658203,72.3603515625,5609100
2014-05-07 00:00:00-04:00,83.94999694824219,86.16000366210938,80.16000366210938,83.98999786376953,74.69025421142578,7148100
2014-05-08 00:00:00-04:00,82.26000213623047,85.94000244140625,81.62000274658203,83.22000122070312,74.0055160522461,3343100
2014-05-09 00:00:00-04:00,82.70999908447266,84.87999725341797,82.66999816894531,84.58000183105469,75.21492767333984,1872600
2014-05-12 00:00:00-04:00,85.4000015258789,90.70999908447266,85.06999969482422,89.51000213623047,79.59906005859375,4326700
2014-05-13 00:00:00-04:00,89.33999633789062,89.51000213623047,85.93000030517578,86.08999633789062,76.55773162841797,2402400
2014-05-14 00:00:00-04:00,86.12000274658203,86.95999908447266,84.06999969482422,84.19000244140625,74.86811065673828,2054700
2014-05-15 00:00:00-04:00,84.08000183105469,84.16999816894531,81.43000030517578,83.61000061035156,74.35233306884766,2521600
2014-05-16 00:00:00-04:00,83.44999694824219,83.73999786376953,80.2699966430664,82.16000366210938,73.06288146972656,3007200
2014-05-19 00:00:00-04:00,82.1500015258789,86.5999984741211,81.9000015258789,86.41000366210938,76.84230041503906,2177800
2014-05-20 00:00:00-04:00,86.05000305175781,88.58999633789062,85.13999938964844,85.87000274658203,76.36209106445312,2959500
2014-05-21 00:00:00-04:00,86.5199966430664,88.3499984741211,85.4000015258789,88.16000366210938,78.3985366821289,1659200
2014-05-22 00:00:00-04:00,88.38999938964844,91.33999633789062,87.16999816894531,91.01000213623047,80.93296813964844,2366300
2014-05-23 00:00:00-04:00,91.12999725341797,94.93000030517578,90.0999984741211,94.41999816894531,83.96539306640625,2531000
2014-05-27 00:00:00-04:00,94.77999877929688,96.75,94.16999816894531,95.41999816894531,84.85466766357422,1978500
2014-05-28 00:00:00-04:00,95.04000091552734,96.0,94.19999694824219,95.19000244140625,84.65013885498047,1563900
2014-05-29 00:00:00-04:00,95.91999816894531,98.36000061035156,95.55000305175781,98.19999694824219,87.32685852050781,1770100
2014-05-30 00:00:00-04:00,98.38999938964844,98.62000274658203,96.37999725341797,97.16999816894531,86.41090393066406,1884100
2014-06-02 00:00:00-04:00,99.97000122070312,100.0,97.26000213623047,97.7699966430664,86.94446563720703,1674900
2014-06-03 00:00:00-04:00,97.22000122070312,98.30999755859375,95.81999969482422,98.0,87.14900207519531,1620000
2014-06-04 00:00:00-04:00,97.6500015258789,99.58999633789062,96.2699966430664,99.3499984741211,88.34952545166016,1464000
2014-06-05 00:00:00-04:00,99.5,103.31999969482422,98.7699966430664,103.02999877929688,91.62206268310547,3390100
2014-06-06 00:00:00-04:00,103.13999938964844,104.47000122070312,102.0999984741211,104.05000305175781,92.52912139892578,2085900
2014-06-09 00:00:00-04:00,104.05000305175781,104.19999694824219,103.06999969482422,103.69999694824219,92.2178726196289,1890600
2014-06-10 00:00:00-04:00,103.81999969482422,104.55999755859375,102.22000122070312,102.68000030517578,91.3108139038086,1416200
2014-06-11 00:00:00-04:00,102.43000030517578,104.12000274658203,101.37999725341797,103.5199966430664,92.05780029296875,1376400
2014-06-12 00:00:00-04:00,104.08000183105469,104.25,101.13999938964844,101.72000122070312,90.45710754394531,1760300
2014-06-13 00:00:00-04:00,103.19000244140625,103.93000030517578,100.76000213623047,101.9800033569336,90.68832397460938,2106200
2014-06-16 00:00:00-04:00,102.0,104.11000061035156,101.2699966430664,103.97000122070312,92.45797729492188,1595900
2014-06-17 00:00:00-04:00,104.27999877929688,106.5,104.05000305175781,104.56999969482422,92.99154663085938,1620600
2014-06-18 00:00:00-04:00,104.68000030517578,105.38999938964844,103.02999877929688,105.23999786376953,93.58735656738281,1216000
2014-06-19 00:00:00-04:00,105.87999725341797,106.0,101.75,102.9800033569336,91.57759857177734,1237000
2014-06-20 00:00:00-04:00,103.30999755859375,104.61000061035156,102.5,103.52999877929688,92.06669616699219,2072800
2014-06-23 00:00:00-04:00,103.69000244140625,104.30999755859375,102.16999816894531,103.87000274658203,92.36905670166016,1225300
2014-06-24 00:00:00-04:00,103.58999633789062,107.43000030517578,103.20999908447266,104.68000030517578,93.08936309814453,2149100
2014-06-25 00:00:00-04:00,104.30000305175781,108.62999725341797,104.02999877929688,108.5,96.48639678955078,1605400
2014-06-26 00:00:00-04:00,108.19999694824219,108.87999725341797,106.5999984741211,107.87000274658203,95.92615509033203,1680100
2014-06-27 00:00:00-04:00,107.66000366210938,110.4000015258789,107.0199966430664,110.20999908447266,98.0070571899414,1586300
2014-06-30 00:00:00-04:00,110.01000213623047,111.23999786376953,108.0199966430664,108.66000366210938,96.6286849975586,1770100
2014-07-01 00:00:00-04:00,109.12999725341797,109.79000091552734,107.9000015258789,109.01000213623047,96.93992614746094,1702700
2014-07-02 00:00:00-04:00,109.0,110.22000122070312,107.69000244140625,108.12000274658203,96.14847564697266,880900
2014-07-03 00:00:00-04:00,108.91999816894531,109.4800033569336,107.76000213623047,109.18000030517578,97.09110260009766,952200
2014-07-07 00:00:00-04:00,109.08000183105469,109.13999938964844,107.23999786376953,107.41000366210938,95.51708984375,1056300
2014-07-08 00:00:00-04:00,107.63999938964844,107.63999938964844,100.61000061035156,101.44999694824219,90.21700286865234,2826100
2014-07-09 00:00:00-04:00,102.01000213623047,103.58999633789062,101.47000122070312,103.5199966430664,92.05780029296875,1921000
2014-07-10 00:00:00-04:00,100.87999725341797,104.36000061035156,100.44000244140625,103.3499984741211,91.90662384033203,1357500
2014-07-11 00:00:00-04:00,103.63999938964844,105.33999633789062,103.33999633789062,104.77999877929688,93.17829132080078,916500
2014-07-14 00:00:00-04:00,103.98999786376953,104.20999908447266,101.55000305175781,104.05000305175781,92.52912139892578,2520000
2014-07-15 00:00:00-04:00,104.33999633789062,104.48999786376953,101.77999877929688,102.68000030517578,91.3108139038086,1234100
2014-07-16 00:00:00-04:00,103.31999969482422,104.76000213623047,101.5,101.95999908447266,90.6705322265625,1201400
2014-07-17 00:00:00-04:00,101.25,103.73999786376953,100.76000213623047,101.1500015258789,89.95022583007812,1519800
2014-07-18 00:00:00-04:00,102.05000305175781,104.30999755859375,101.58000183105469,104.16999816894531,92.63583374023438,1117900
2014-07-21 00:00:00-04:00,103.56999969482422,104.11000061035156,101.45999908447266,103.13999938964844,91.71987915039062,1223000
2014-07-22 00:00:00-04:00,104.37999725341797,105.33000183105469,103.16999816894531,104.16999816894531,92.63583374023438,1483800
2014-07-23 00:00:00-04:00,103.6500015258789,107.66999816894531,103.6500015258789,107.36000061035156,95.47262573242188,3960100
2014-07-24 00:00:00-04:00,97.0,102.98999786376953,95.26000213623047,101.79000091552734,90.51935577392578,10669900
2014-07-25 00:00:00-04:00,101.80999755859375,102.86000061035156,98.11000061035156,99.87999725341797,88.82083892822266,2506700
2014-07-28 00:00:00-04:00,100.13999938964844,100.80000305175781,98.80000305175781,99.30000305175781,88.30506134033203,1644400
2014-07-29 00:00:00-04:00,99.45999908447266,100.11000061035156,98.87000274658203,99.20999908447266,88.22502899169922,1305600
2014-07-30 00:00:00-04:00,99.9800033569336,100.44000244140625,98.88999938964844,100.0199966430664,88.9453353881836,1220800
2014-07-31 00:00:00-04:00,98.94000244140625,98.94000244140625,94.16999816894531,94.83999633789062,84.3388900756836,2465600
2014-08-01 00:00:00-04:00,94.48999786376953,95.25,91.77999877929688,93.87000274658203,83.4762954711914,2416800
2014-08-04 00:00:00-04:00,94.16000366210938,95.75,93.87999725341797,94.79000091552734,84.29443359375,1527700
2014-08-05 00:00:00-04:00,94.31999969482422,95.4000015258789,93.3499984741211,94.06999969482422,83.6541519165039,1225700
2014-08-06 00:00:00-04:00,93.44000244140625,95.61000061035156,93.2699966430664,94.02999877929688,83.61857604980469,909300
2014-08-07 00:00:00-04:00,94.44999694824219,96.63999938964844,94.05000305175781,94.44999694824219,83.99207305908203,1144200
2014-08-08 00:00:00-04:00,94.91999816894531,95.48999786376953,93.73999786376953,95.29000091552734,84.73906707763672,875600
2014-08-11 00:00:00-04:00,95.62000274658203,96.30999755859375,94.33999633789062,95.62999725341797,85.04141998291016,1061900
2014-08-12 00:00:00-04:00,95.79000091552734,96.73999786376953,93.87000274658203,94.75,84.25885772705078,1053700
2014-08-13 00:00:00-04:00,95.58999633789062,97.62999725341797,94.91999816894531,96.83999633789062,86.11743927001953,1146900
2014-08-14 00:00:00-04:00,96.83999633789062,97.3499984741211,96.04000091552734,96.97000122070312,86.23304748535156,850500
2014-08-15 00:00:00-04:00,98.25,98.5,95.77999877929688,97.0999984741211,86.3486557006836,1352100
2014-08-18 00:00:00-04:00,97.55999755859375,98.5,97.26000213623047,97.95999908447266,87.11343383789062,743600
2014-08-19 00:00:00-04:00,98.0,98.38999938964844,96.12999725341797,97.37000274658203,86.58876037597656,1066300
2014-08-20 00:00:00-04:00,97.45999908447266,98.38999938964844,96.54000091552734,98.1500015258789,87.28239440917969,1109500
2014-08-21 00:00:00-04:00,98.0199966430664,98.1500015258789,96.94999694824219,97.9000015258789,87.0600814819336,861600
2014-08-22 00:00:00-04:00,98.2699966430664,103.0999984741211,97.05000305175781,101.98999786376953,90.69721221923828,2013700
2014-08-25 00:00:00-04:00,102.52999877929688,104.19000244140625,102.08000183105469,103.79000091552734,92.29791259765625,1981200
2014-08-26 00:00:00-04:00,104.33000183105469,105.22000122070312,103.55999755859375,104.51000213623047,92.93818664550781,1110700
2014-08-27 00:00:00-04:00,104.06999969482422,104.44000244140625,101.55000305175781,101.77999877929688,90.51046752929688,1153000
2014-08-28 00:00:00-04:00,101.1500015258789,101.25,98.25,99.37000274658203,88.36731719970703,2186400
2014-08-29 00:00:00-04:00,99.70999908447266,100.77999877929688,98.70999908447266,99.08999633789062,88.1183090209961,1154400
2014-09-02 00:00:00-04:00,99.58999633789062,99.95999908447266,98.44999694824219,99.44000244140625,88.4295654296875,1425200
2014-09-03 00:00:00-04:00,100.13999938964844,100.2300033569336,98.05000305175781,98.27999877929688,87.39800262451172,982700
2014-09-04 00:00:00-04:00,98.13999938964844,99.04000091552734,97.5,98.29000091552734,87.40689849853516,1468000
2014-09-05 00:00:00-04:00,99.4000015258789,99.5,97.81999969482422,98.26000213623047,87.38021850585938,1701300
2014-09-08 00:00:00-04:00,98.11000061035156,99.41999816894531,97.94999694824219,99.2300033569336,88.24281311035156,1737900
2014-09-09 00:00:00-04:00,99.0,100.0,96.3499984741211,96.37000274658203,85.6994857788086,2855900
2014-09-10 00:00:00-04:00,96.52999877929688,98.47000122070312,95.43000030517578,98.02999877929688,87.1756820678711,2491300
2014-09-11 00:00:00-04:00,97.31999969482422,98.62999725341797,97.1500015258789,98.5,87.59364318847656,1312400
2014-09-12 00:00:00-04:00,98.08999633789062,99.3499984741211,97.45999908447266,99.31999969482422,88.32284545898438,1671500
2014-09-15 00:00:00-04:00,99.2300033569336,99.75,94.33000183105469,95.22000122070312,84.67681884765625,1890400
2014-09-16 00:00:00-04:00,94.55000305175781,96.62000274658203,93.9000015258789,95.80000305175781,85.1926040649414,1397100
2014-09-17 00:00:00-04:00,96.0199966430664,96.62999725341797,94.83000183105469,96.01000213623047,85.37934875488281,1356500
2014-09-18 00:00:00-04:00,96.29000091552734,99.1500015258789,96.29000091552734,97.94999694824219,87.10453796386719,1507700
2014-09-19 00:00:00-04:00,98.29000091552734,99.56999969482422,97.41000366210938,98.37000274658203,87.47803497314453,1514300
2014-09-22 00:00:00-04:00,97.83999633789062,98.0,92.81999969482422,94.29000091552734,83.84979248046875,2893400
2014-09-23 00:00:00-04:00,93.95999908447266,94.58999633789062,92.25,92.94999694824219,82.65815734863281,1793800
2014-09-24 00:00:00-04:00,92.88999938964844,94.75,91.5199966430664,94.33000183105469,83.88536071777344,1707200
2014-09-25 00:00:00-04:00,94.2300033569336,94.5999984741211,91.06999969482422,91.19000244140625,81.0930404663086,1781400
2014-09-26 00:00:00-04:00,91.51000213623047,92.51000213623047,90.8499984741211,92.1500015258789,81.94674682617188,1420800
2014-09-29 00:00:00-04:00,91.22000122070312,91.87999725341797,90.6500015258789,90.80000305175781,80.74622344970703,1223600
2014-09-30 00:00:00-04:00,90.91999816894531,92.30000305175781,89.0999984741211,91.41999816894531,81.29756927490234,1876100
2014-10-01 00:00:00-04:00,91.01000213623047,91.08000183105469,88.91000366210938,89.48999786376953,79.58126831054688,2138500
2014-10-02 00:00:00-04:00,89.0,89.94000244140625,86.63999938964844,88.38999938964844,78.60306549072266,2714900
2014-10-03 00:00:00-04:00,89.30999755859375,90.05000305175781,88.62000274658203,88.62999725341797,78.81649017333984,3119300
2014-10-06 00:00:00-04:00,89.18000030517578,90.94000244140625,88.66000366210938,88.91999816894531,79.07437896728516,2890100
2014-10-07 00:00:00-04:00,88.36000061035156,89.18000030517578,86.94999694824219,86.95999908447266,77.3313980102539,3042800
2014-10-08 00:00:00-04:00,87.02999877929688,89.19999694824219,85.81999969482422,88.54000091552734,78.73645782470703,2137700
2014-10-09 00:00:00-04:00,88.75,88.86000061035156,84.97000122070312,85.91000366210938,76.39766693115234,2456600
2014-10-10 00:00:00-04:00,85.3499984741211,85.94999694824219,82.47000122070312,82.58999633789062,73.44526672363281,2249300
2014-10-13 00:00:00-04:00,82.30999755859375,83.4000015258789,79.19999694824219,79.63999938964844,70.82190704345703,4664900
2014-10-14 00:00:00-04:00,80.05999755859375,81.1500015258789,77.47000122070312,78.97000122070312,70.22608947753906,3001400
2014-10-15 00:00:00-04:00,77.19000244140625,79.04000091552734,75.33999633789062,78.88999938964844,70.15494537353516,3103900
2014-10-16 00:00:00-04:00,76.69999694824219,79.9800033569336,76.23999786376953,79.5199966430664,70.7151870727539,1953000
2014-10-17 00:00:00-04:00,80.81999969482422,81.45999908447266,80.5,81.05000305175781,72.0757827758789,1818500
2014-10-20 00:00:00-04:00,80.76000213623047,84.04000091552734,80.76000213623047,83.54000091552734,74.29007720947266,1828800
2014-10-21 00:00:00-04:00,85.0,88.3499984741211,84.51000213623047,88.08999633789062,78.3362808227539,2858400
2014-10-22 00:00:00-04:00,88.0999984741211,88.48999786376953,85.88999938964844,85.91999816894531,76.40655517578125,1426800
2014-10-23 00:00:00-04:00,86.66999816894531,88.76000213623047,85.5999984741211,87.62999725341797,77.92721557617188,1365500
2014-10-24 00:00:00-04:00,87.26000213623047,88.41000366210938,86.62999725341797,88.25,78.47856903076172,880900
2014-10-27 00:00:00-04:00,87.54000091552734,88.22000122070312,86.33000183105469,86.93000030517578,77.30472564697266,990700
2014-10-28 00:00:00-04:00,87.08999633789062,88.83000183105469,87.0,88.81999969482422,78.9854507446289,1015800
2014-10-29 00:00:00-04:00,88.5999984741211,88.62999725341797,86.7699966430664,87.37999725341797,77.70489501953125,1276900
2014-10-30 00:00:00-04:00,86.73999786376953,88.05999755859375,85.2699966430664,86.30999755859375,76.75337219238281,1535800
2014-10-31 00:00:00-04:00,88.62999725341797,89.66999816894531,87.30999755859375,88.66000366210938,78.84317016601562,1947100
2014-11-03 00:00:00-05:00,89.33000183105469,89.3499984741211,85.0,85.20999908447266,75.7751693725586,2787300
2014-11-04 00:00:00-05:00,83.66000366210938,84.97000122070312,82.62000274658203,83.79000091552734,74.51239776611328,4905700
2014-11-05 00:00:00-05:00,73.69000244140625,74.48999786376953,71.05000305175781,71.94999694824219,63.98337173461914,14041100
2014-11-06 00:00:00-05:00,72.30000305175781,74.48999786376953,72.19999694824219,74.01000213623047,65.8152847290039,3842600
2014-11-07 00:00:00-05:00,74.16999816894531,74.37000274658203,72.80000305175781,73.6500015258789,65.49514770507812,1815400
2014-11-10 00:00:00-05:00,73.72000122070312,74.13999938964844,72.41999816894531,72.88999938964844,64.81929779052734,2006200
2014-11-11 00:00:00-05:00,72.80999755859375,73.2699966430664,68.87999725341797,69.98999786376953,62.240394592285156,4832300
2014-11-12 00:00:00-05:00,69.9800033569336,70.73999786376953,69.3499984741211,70.37999725341797,62.58721160888672,2515400
2014-11-13 00:00:00-05:00,70.5999984741211,71.69000244140625,68.44000244140625,69.0199966430664,61.3777961730957,2693000
2014-11-14 00:00:00-05:00,69.13999938964844,69.9800033569336,67.13999938964844,69.91000366210938,62.16925811767578,3302500
2014-11-17 00:00:00-05:00,69.6500015258789,70.18000030517578,68.27999877929688,68.52999877929688,60.94205093383789,1981800
2014-11-18 00:00:00-05:00,68.30999755859375,70.4800033569336,68.30999755859375,70.20999908447266,62.43603515625,3015800
2014-11-19 00:00:00-05:00,70.31999969482422,71.41000366210938,69.5,71.4000015258789,63.4942741394043,2793700
2014-11-20 00:00:00-05:00,71.43000030517578,72.27999877929688,70.76000213623047,71.44999694824219,63.538734436035156,2404900
2014-11-21 00:00:00-05:00,72.51000213623047,72.51000213623047,71.11000061035156,71.30999755859375,63.41423797607422,1867800
2014-11-24 00:00:00-05:00,71.8499984741211,72.18000030517578,70.87000274658203,71.81999969482422,63.86777114868164,1583900
2014-11-25 00:00:00-05:00,71.86000061035156,72.0199966430664,70.6500015258789,71.86000061035156,63.903343200683594,1540700
2014-11-26 00:00:00-05:00,71.86000061035156,72.97000122070312,71.55000305175781,72.7699966430664,64.71257781982422,1634800
2014-11-28 00:00:00-05:00,72.83999633789062,74.29000091552734,72.83000183105469,73.6500015258789,65.49514770507812,1316000
2014-12-01 00:00:00-05:00,73.5,73.69999694824219,70.58999633789062,71.05000305175781,63.18302917480469,2255500
2014-12-02 00:00:00-05:00,72.0,76.97000122070312,71.75,76.68000030517578,68.18965148925781,5317300
2014-12-03 00:00:00-05:00,75.62000274658203,76.86000061035156,75.30999755859375,75.7300033569336,67.34484100341797,3306600
2014-12-04 00:00:00-05:00,75.75,77.94000244140625,75.20999908447266,77.22000122070312,68.66986083984375,2888400
2014-12-05 00:00:00-05:00,77.58000183105469,77.86000061035156,76.87000274658203,77.13999938964844,68.59871673583984,2071200
2014-12-08 00:00:00-05:00,76.9800033569336,76.9800033569336,73.58999633789062,74.0,65.80638885498047,2939500
2014-12-09 00:00:00-05:00,73.19000244140625,74.37000274658203,72.54000091552734,74.05999755859375,65.85974884033203,2279000
2014-12-10 00:00:00-05:00,74.0199966430664,74.63999938964844,72.1500015258789,72.44000244140625,64.41912078857422,1999300
2014-12-11 00:00:00-05:00,73.0,74.37000274658203,72.5,72.80000305175781,64.73926544189453,1923600
2014-12-12 00:00:00-05:00,72.06999969482422,73.5999984741211,71.58000183105469,72.37999725341797,64.36576080322266,1458000
2014-12-15 00:00:00-05:00,73.19999694824219,73.69000244140625,71.91000366210938,72.19000244140625,64.19680786132812,1408300
2014-12-16 00:00:00-05:00,71.87999725341797,72.73999786376953,71.1500015258789,71.20999908447266,63.32530975341797,1786800
2014-12-17 00:00:00-05:00,71.37999725341797,72.62999725341797,71.0,72.52999877929688,64.49915313720703,1960000
2014-12-18 00:00:00-05:00,73.12999725341797,75.08999633789062,73.06999969482422,75.06999969482422,66.7579116821289,1843500
2014-12-19 00:00:00-05:00,75.30000305175781,75.93000030517578,74.83999633789062,75.6500015258789,67.27369689941406,2788300
2014-12-22 00:00:00-05:00,75.75,76.9000015258789,75.7300033569336,76.87000274658203,68.35861206054688,1728300
2014-12-23 00:00:00-05:00,77.0999984741211,77.41000366210938,75.61000061035156,75.88999938964844,67.48712158203125,2447900
2014-12-24 00:00:00-05:00,76.05000305175781,76.47000122070312,75.93000030517578,76.13999938964844,67.70944213867188,373000
2014-12-26 00:00:00-05:00,76.5199966430664,77.19000244140625,76.16000366210938,76.91000366210938,68.3941879272461,634500
2014-12-29 00:00:00-05:00,76.63999938964844,76.63999938964844,75.43000030517578,75.76000213623047,67.37152099609375,1362300
2014-12-30 00:00:00-05:00,75.29000091552734,76.37000274658203,75.0,75.48999786376953,67.13140869140625,1223300
2014-12-31 00:00:00-05:00,75.77999877929688,76.0,74.5,74.66000366210938,66.39331817626953,1976000
2015-01-02 00:00:00-05:00,75.56999969482422,76.12000274658203,73.68000030517578,74.58999633789062,66.33106231689453,1374500
2015-01-05 00:00:00-05:00,74.36000061035156,74.48999786376953,72.41000366210938,72.7300033569336,64.67701721191406,1994100
2015-01-06 00:00:00-05:00,72.66999816894531,73.0,68.83999633789062,70.01000213623047,62.258182525634766,2761200
2015-01-07 00:00:00-05:00,70.83999633789062,71.30000305175781,70.43000030517578,70.83999633789062,62.99627685546875,2017400
2015-01-08 00:00:00-05:00,69.4000015258789,73.55999755859375,69.36000061035156,73.26000213623047,65.14833068847656,1977400
2015-01-09 00:00:00-05:00,73.68000030517578,74.83000183105469,73.08999633789062,74.52999877929688,66.27770233154297,2140600
2015-01-12 00:00:00-05:00,74.69999694824219,74.9800033569336,70.80999755859375,71.44999694824219,63.538734436035156,2081100
2015-01-13 00:00:00-05:00,72.12000274658203,73.61000061035156,70.70999908447266,71.47000122070312,63.55652618408203,1521700
2015-01-14 00:00:00-05:00,70.80999755859375,71.2300033569336,68.2699966430664,69.7300033569336,62.009185791015625,2023700
2015-01-15 00:00:00-05:00,70.0,70.36000061035156,66.26000213623047,66.38999938964844,59.03900146484375,2220500
2015-01-16 00:00:00-05:00,66.16999816894531,68.27999877929688,66.04000091552734,68.18000030517578,60.63080596923828,1997600
2015-01-20 00:00:00-05:00,68.75,69.43000030517578,67.4800033569336,69.23999786376953,61.57343673706055,1614900
2015-01-21 00:00:00-05:00,69.0,69.94999694824219,68.72000122070312,69.3499984741211,61.67125701904297,1433200
2015-01-22 00:00:00-05:00,69.5999984741211,71.29000091552734,68.63999938964844,71.12000274658203,63.24528121948242,1848300
2015-01-23 00:00:00-05:00,70.69999694824219,71.52999877929688,69.66999816894531,69.7699966430664,62.04475402832031,2145900
2015-01-26 00:00:00-05:00,69.6500015258789,70.01000213623047,69.06999969482422,69.31999969482422,61.64458084106445,1799800
2015-01-27 00:00:00-05:00,68.45999908447266,70.56999969482422,67.73999786376953,69.0999984741211,61.44894027709961,1674400
2015-01-28 00:00:00-05:00,69.47000122070312,69.98999786376953,67.8499984741211,67.93000030517578,60.40848922729492,1157800
2015-01-29 00:00:00-05:00,67.9800033569336,68.44000244140625,66.4800033569336,68.0,60.47073745727539,1488300
2015-01-30 00:00:00-05:00,67.38999938964844,68.12000274658203,66.2699966430664,67.01000213623047,59.590354919433594,1753200
2015-02-02 00:00:00-05:00,67.2699966430664,67.83000183105469,66.18000030517578,67.69999694824219,60.20395278930664,1257700
2015-02-03 00:00:00-05:00,69.0,70.97000122070312,68.56999969482422,70.80999755859375,62.969600677490234,2040600
2015-02-04 00:00:00-05:00,70.62000274658203,71.76000213623047,70.41999816894531,71.18000030517578,63.29863357543945,1724700
2015-02-05 00:00:00-05:00,71.31999969482422,71.58999633789062,70.52999877929688,70.58000183105469,62.765071868896484,1247100
2015-02-06 00:00:00-05:00,70.0,70.25,67.79000091552734,68.58000183105469,60.98651885986328,2854700
2015-02-09 00:00:00-05:00,68.1500015258789,69.22000122070312,68.08999633789062,68.47000122070312,60.88869857788086,3818000
2015-02-10 00:00:00-05:00,69.0999984741211,70.2300033569336,68.4000015258789,69.9800033569336,62.23150634765625,3409700
2015-02-11 00:00:00-05:00,69.75,70.16999816894531,66.62000274658203,67.2699966430664,59.821563720703125,6311100
2015-02-12 00:00:00-05:00,77.11000061035156,84.69999694824219,77.0,82.4000015258789,73.27630615234375,12738400
2015-02-13 00:00:00-05:00,81.73999786376953,84.87000274658203,80.5199966430664,84.80999755859375,75.4194564819336,4572300
2015-02-17 00:00:00-05:00,84.83999633789062,84.87999725341797,83.87999725341797,84.26000213623047,74.93035888671875,3028900
2015-02-18 00:00:00-05:00,84.33000183105469,85.63999938964844,84.08000183105469,85.58000183105469,76.10420227050781,3931800
2015-02-19 00:00:00-05:00,85.91999816894531,89.11000061035156,85.81999969482422,88.66000366210938,78.84317016601562,4075300
2015-02-20 00:00:00-05:00,88.54000091552734,88.93000030517578,87.30999755859375,88.77999877929688,78.94988250732422,2957200
2015-02-23 00:00:00-05:00,88.80000305175781,89.69000244140625,87.37000274658203,88.87000274658203,79.02992248535156,2578100
2015-02-24 00:00:00-05:00,88.45999908447266,89.1500015258789,87.97000122070312,88.5,78.70088958740234,1819600
2015-02-25 00:00:00-05:00,88.13999938964844,89.5,88.12000274658203,89.16999816894531,79.29669952392578,2397200
2015-02-26 00:00:00-05:00,89.18000030517578,90.30000305175781,89.16999816894531,89.86000061035156,79.9103012084961,2583700
2015-02-27 00:00:00-05:00,90.16999816894531,90.4000015258789,88.93000030517578,89.25,79.36784362792969,1800300
2015-03-02 00:00:00-05:00,89.29000091552734,91.25,89.12999725341797,91.20999908447266,81.11082458496094,1647500
2015-03-03 00:00:00-05:00,91.0,91.47000122070312,87.86000061035156,90.47000122070312,80.4527587890625,4202200
2015-03-04 00:00:00-05:00,90.44999694824219,90.52999877929688,87.98999786376953,89.23999786376953,79.35894775390625,1964000
2015-03-05 00:00:00-05:00,89.36000061035156,89.48999786376953,87.11000061035156,87.9800033569336,78.23846435546875,2429400
2015-03-06 00:00:00-05:00,87.3499984741211,87.9800033569336,84.93000030517578,85.69999694824219,76.2109146118164,2622500
2015-03-09 00:00:00-04:00,85.69999694824219,86.41999816894531,84.9800033569336,86.01000213623047,76.4865951538086,1476800
2015-03-10 00:00:00-04:00,84.83000183105469,85.2300033569336,83.5,84.16999816894531,74.8503189086914,1542700
2015-03-11 00:00:00-04:00,84.19999694824219,84.4000015258789,83.1500015258789,83.22000122070312,74.0055160522461,1393600
2015-03-12 00:00:00-04:00,83.43000030517578,84.66000366210938,83.2300033569336,84.1500015258789,74.8325424194336,1377000
2015-03-13 00:00:00-04:00,83.86000061035156,84.2699966430664,82.0,82.5199966430664,73.38301849365234,1353900
2015-03-16 00:00:00-04:00,83.02999877929688,83.56999969482422,82.4000015258789,83.16999816894531,73.96104431152344,1196200
2015-03-17 00:00:00-04:00,82.77999877929688,83.69999694824219,82.33000183105469,83.4000015258789,74.16558074951172,1174100
2015-03-18 00:00:00-04:00,83.0999984741211,84.58000183105469,82.7300033569336,84.30999755859375,74.97482299804688,1677000
2015-03-19 00:00:00-04:00,84.52999877929688,84.95999908447266,83.27999877929688,83.80000305175781,74.52129364013672,1575000
2015-03-20 00:00:00-04:00,84.58999633789062,86.52999877929688,84.04000091552734,86.3499984741211,76.7889404296875,3192100
2015-03-23 00:00:00-04:00,86.61000061035156,87.19999694824219,86.3499984741211,86.51000213623047,76.93122863769531,1864900
2015-03-24 00:00:00-04:00,86.5,86.5,85.3499984741211,85.37999725341797,75.92634582519531,1537900
2015-03-25 00:00:00-04:00,85.4800033569336,85.55000305175781,84.0199966430664,84.18000030517578,74.85921478271484,2343200
2015-03-26 00:00:00-04:00,83.81999969482422,84.25,82.97000122070312,83.62000274658203,74.36122131347656,1378600
2015-03-27 00:00:00-04:00,83.37999725341797,84.1500015258789,83.16999816894531,83.79000091552734,74.51239776611328,897400
2015-03-30 00:00:00-04:00,84.30999755859375,84.5999984741211,83.45999908447266,83.61000061035156,74.35233306884766,1096800
2015-03-31 00:00:00-04:00,83.41000366210938,84.18000030517578,83.16999816894531,83.16999816894531,73.96104431152344,1257300
2015-04-01 00:00:00-04:00,83.37999725341797,83.51000213623047,81.58000183105469,82.33999633789062,73.22294616699219,1548800
2015-04-02 00:00:00-04:00,82.4800033569336,83.31999969482422,82.05000305175781,82.51000213623047,73.37413024902344,1159200
2015-04-06 00:00:00-04:00,80.61000061035156,83.86000061035156,80.55000305175781,83.4000015258789,74.16558074951172,2779200
2015-04-07 00:00:00-04:00,83.45999908447266,83.80000305175781,82.80000305175781,82.83000183105469,73.65869903564453,952200
2015-04-08 00:00:00-04:00,83.01000213623047,83.97000122070312,82.66000366210938,83.05000305175781,73.85433959960938,1128400
2015-04-09 00:00:00-04:00,83.33000183105469,83.80000305175781,81.98999786376953,83.18000030517578,73.96994018554688,1805300
2015-04-10 00:00:00-04:00,83.12000274658203,83.30000305175781,82.51000213623047,82.93000030517578,73.74761962890625,1084600
2015-04-13 00:00:00-04:00,83.12999725341797,84.44999694824219,83.0,83.5199966430664,74.27229309082031,833200
2015-04-14 00:00:00-04:00,83.55999755859375,83.83999633789062,82.05000305175781,83.2699966430664,74.04997253417969,1009000
2015-04-15 00:00:00-04:00,83.33000183105469,83.80000305175781,82.37999725341797,83.08999633789062,73.88990020751953,1062000
2015-04-16 00:00:00-04:00,83.33999633789062,84.62000274658203,82.52999877929688,82.5999984741211,73.45416259765625,927700
2015-04-17 00:00:00-04:00,82.0,82.55000305175781,79.87999725341797,80.70999908447266,71.77342987060547,2163400
2015-04-20 00:00:00-04:00,81.05999755859375,81.5,80.70999908447266,80.97000122070312,72.004638671875,1416800
2015-04-21 00:00:00-04:00,81.19999694824219,81.4000015258789,80.70999908447266,81.27999877929688,72.28031921386719,1284600
2015-04-22 00:00:00-04:00,81.52999877929688,82.87000274658203,80.83999633789062,82.72000122070312,73.56087493896484,1245000
2015-04-23 00:00:00-04:00,82.33999633789062,83.33999633789062,82.0199966430664,82.79000091552734,73.62312316894531,900200
2015-04-24 00:00:00-04:00,82.83000183105469,83.55999755859375,81.41000366210938,81.56999969482422,72.5382080078125,1029300
2015-04-27 00:00:00-04:00,81.91000366210938,83.7699966430664,81.44999694824219,81.69000244140625,72.6449203491211,912500
2015-04-28 00:00:00-04:00,81.55000305175781,82.37999725341797,80.95999908447266,81.55999755859375,72.52931213378906,1637700
2015-04-29 00:00:00-04:00,81.26000213623047,82.8499984741211,81.18000030517578,81.69999694824219,72.65380859375,1653300
2015-04-30 00:00:00-04:00,81.54000091552734,81.68000030517578,79.83000183105469,80.48999786376953,71.57778930664062,1649300
2015-05-01 00:00:00-04:00,81.88999938964844,83.0,79.81999969482422,80.81999969482422,71.87124633789062,1815600
2015-05-04 00:00:00-04:00,81.33000183105469,81.33000183105469,79.80000305175781,79.91000366210938,71.06201171875,1998800
2015-05-05 00:00:00-04:00,78.47000122070312,79.81999969482422,77.33000183105469,77.72000122070312,69.11449432373047,3296500
2015-05-06 00:00:00-04:00,78.13999938964844,78.45999908447266,76.27999877929688,76.80000305175781,68.2963638305664,4451000
2015-05-07 00:00:00-04:00,78.18000030517578,80.72000122070312,75.6500015258789,78.47000122070312,69.78145599365234,6611600
2015-05-08 00:00:00-04:00,79.4000015258789,82.25,79.02999877929688,81.93000030517578,72.85834503173828,2644700
2015-05-11 00:00:00-04:00,82.01000213623047,82.81999969482422,81.11000061035156,81.62999725341797,72.59156036376953,1720400
2015-05-12 00:00:00-04:00,81.01000213623047,81.7699966430664,80.6500015258789,80.81999969482422,71.87124633789062,1515200
2015-05-13 00:00:00-04:00,80.77999877929688,81.51000213623047,80.73999786376953,81.1500015258789,72.16471099853516,1190000
2015-05-14 00:00:00-04:00,81.44000244140625,82.25,80.93000030517578,82.16000366210938,73.06288146972656,1203300
2015-05-15 00:00:00-04:00,82.18000030517578,82.61000061035156,81.30000305175781,81.83000183105469,72.76941680908203,891900
2015-05-18 00:00:00-04:00,81.86000061035156,82.36000061035156,81.33999633789062,81.48999786376953,72.4670639038086,1840400
2015-05-19 00:00:00-04:00,81.97000122070312,82.51000213623047,80.29000091552734,80.6500015258789,71.72007751464844,1303900
2015-05-20 00:00:00-04:00,80.77999877929688,80.93000030517578,79.0,79.7699966430664,70.93750762939453,1789600
2015-05-21 00:00:00-04:00,79.72000122070312,80.19000244140625,79.02999877929688,79.30000305175781,70.5195541381836,1401200
2015-05-22 00:00:00-04:00,79.66000366210938,80.37000274658203,79.66000366210938,80.2699966430664,71.38214874267578,1301800
2015-05-26 00:00:00-04:00,80.11000061035156,80.56999969482422,77.69000244140625,77.7699966430664,69.1589584350586,1802100
2015-05-27 00:00:00-04:00,77.87999725341797,78.62999725341797,77.77999877929688,78.5,69.8081283569336,1251600
2015-05-28 00:00:00-04:00,78.26000213623047,78.54000091552734,76.79000091552734,76.80000305175781,68.2963638305664,1066100
2015-05-29 00:00:00-04:00,76.70999908447266,76.7699966430664,75.62000274658203,76.26000213623047,67.81615447998047,2177300
2015-06-01 00:00:00-04:00,76.23999786376953,76.94000244140625,75.69999694824219,76.51000213623047,68.0384750366211,1431500
2015-06-02 00:00:00-04:00,76.1500015258789,77.05999755859375,75.76000213623047,76.31999969482422,67.8695068359375,982100
2015-06-03 00:00:00-04:00,76.02999877929688,76.22000122070312,74.76000213623047,75.06999969482422,66.7579116821289,1828900
2015-06-04 00:00:00-04:00,74.68000030517578,75.1500015258789,74.13999938964844,75.12000274658203,66.80238342285156,1741800
2015-06-05 00:00:00-04:00,74.95999908447266,76.51000213623047,74.69999694824219,76.41000366210938,67.94954681396484,1640500
2015-06-08 00:00:00-04:00,76.29000091552734,76.48999786376953,75.41999816894531,75.48999786376953,67.13140869140625,1893700
2015-06-09 00:00:00-04:00,75.3499984741211,75.7300033569336,74.80000305175781,75.20999908447266,66.88241577148438,810400
2015-06-10 00:00:00-04:00,75.62999725341797,76.9800033569336,75.62999725341797,76.47000122070312,68.00289916992188,1167600
2015-06-11 00:00:00-04:00,76.63999938964844,77.08999633789062,75.91999816894531,76.26000213623047,67.81615447998047,1287700
2015-06-12 00:00:00-04:00,75.86000061035156,76.29000091552734,75.4800033569336,76.0999984741211,67.67386627197266,930200
2015-06-15 00:00:00-04:00,75.51000213623047,76.0,74.76000213623047,75.83000183105469,67.43376922607422,1195700
2015-06-16 00:00:00-04:00,75.55999755859375,76.77999877929688,75.55999755859375,76.44999694824219,67.98511505126953,962100
2015-06-17 00:00:00-04:00,76.62000274658203,88.79000091552734,75.88999938964844,87.6500015258789,77.94499969482422,15024700
2015-06-18 00:00:00-04:00,85.7699966430664,91.41999816894531,85.6500015258789,90.66999816894531,80.630615234375,8555800
2015-06-19 00:00:00-04:00,90.69000244140625,91.27999877929688,89.55999755859375,90.94000244140625,80.87071990966797,3659200
2015-06-22 00:00:00-04:00,91.1500015258789,92.0,90.11000061035156,90.73999786376953,80.69286346435547,1703600
2015-06-23 00:00:00-04:00,90.7300033569336,90.80999755859375,89.41000366210938,90.23999786376953,80.24822235107422,1623400
2015-06-24 00:00:00-04:00,89.93000030517578,90.13999938964844,88.41999816894531,88.9800033569336,79.12773895263672,1318900
2015-06-25 00:00:00-04:00,89.1500015258789,89.1500015258789,87.95999908447266,88.16000366210938,78.3985366821289,902300
2015-06-26 00:00:00-04:00,87.97000122070312,88.91000366210938,87.97000122070312,88.83999633789062,79.00323486328125,1160900
2015-06-29 00:00:00-04:00,87.66000366210938,88.5,85.55000305175781,85.7699966430664,76.27316284179688,1225200
2015-06-30 00:00:00-04:00,87.01000213623047,87.61000061035156,86.0199966430664,87.13999938964844,77.49147033691406,1273100
2015-07-01 00:00:00-04:00,88.0,88.77999877929688,86.52999877929688,86.9000015258789,77.27804565429688,958100
2015-07-02 00:00:00-04:00,87.01000213623047,87.66999816894531,86.20999908447266,86.87000274658203,77.25137329101562,1028100
2015-07-06 00:00:00-04:00,86.5,86.98999786376953,85.9000015258789,86.88999938964844,77.26914978027344,1149800
2015-07-07 00:00:00-04:00,87.02999877929688,87.19000244140625,84.87999725341797,86.83000183105469,77.2157974243164,1214500
2015-07-08 00:00:00-04:00,85.5999984741211,86.7300033569336,85.1500015258789,85.58000183105469,76.10420227050781,1030300
2015-07-09 00:00:00-04:00,86.52999877929688,87.47000122070312,85.95999908447266,85.95999908447266,76.44212341308594,990000
2015-07-10 00:00:00-04:00,87.16999816894531,88.56999969482422,86.55999755859375,88.44000244140625,78.64752960205078,1029100
2015-07-13 00:00:00-04:00,89.41000366210938,90.7300033569336,89.05000305175781,90.30000305175781,80.30158233642578,1319800
2015-07-14 00:00:00-04:00,89.97000122070312,91.12999725341797,89.41000366210938,89.68000030517578,79.75022888183594,1377800
2015-07-15 00:00:00-04:00,89.41000366210938,90.95999908447266,89.02999877929688,90.37999725341797,80.37271881103516,1040300
2015-07-16 00:00:00-04:00,91.0199966430664,91.80999755859375,89.9800033569336,91.11000061035156,81.02189636230469,1063200
2015-07-17 00:00:00-04:00,91.30000305175781,92.75,90.87000274658203,92.18000030517578,81.97341918945312,1305800
2015-07-20 00:00:00-04:00,92.68000030517578,92.80000305175781,91.2300033569336,91.98999786376953,81.80445861816406,1284700
2015-07-21 00:00:00-04:00,92.30999755859375,92.70999908447266,90.05999755859375,92.55000305175781,82.30245208740234,1801500
2015-07-22 00:00:00-04:00,92.58999633789062,93.69999694824219,91.58000183105469,91.75,81.59103393554688,1600200
2015-07-23 00:00:00-04:00,92.19000244140625,94.0,91.80000305175781,93.37000274658203,83.03166198730469,4130300
2015-07-24 00:00:00-04:00,84.54000091552734,86.36000061035156,80.38999938964844,80.86000061035156,71.90682220458984,7178600
2015-07-27 00:00:00-04:00,80.3499984741211,82.47000122070312,78.93000030517578,80.5999984741211,71.67560577392578,3158900
2015-07-28 00:00:00-04:00,80.8499984741211,80.8499984741211,79.16999816894531,79.33999633789062,70.55512237548828,2622100
2015-07-29 00:00:00-04:00,78.83999633789062,80.0999984741211,78.77999877929688,79.70999908447266,70.8841552734375,1833500
2015-07-30 00:00:00-04:00,79.5999984741211,79.63999938964844,77.75,78.69000244140625,69.97709655761719,2395300
2015-07-31 00:00:00-04:00,78.79000091552734,79.41999816894531,77.31999969482422,79.37999725341797,70.59069061279297,2082300
2015-08-03 00:00:00-04:00,79.38999938964844,80.05000305175781,78.2300033569336,78.8499984741211,70.11937713623047,1439700
2015-08-04 00:00:00-04:00,78.63999938964844,79.27999877929688,78.04000091552734,78.4000015258789,69.71920776367188,1218400
2015-08-05 00:00:00-04:00,79.68000030517578,80.23999786376953,77.91999816894531,77.95999908447266,69.32791900634766,1965300
2015-08-06 00:00:00-04:00,77.94999694824219,78.12000274658203,74.77999877929688,76.12000274658203,67.69165802001953,2371700
2015-08-07 00:00:00-04:00,76.23999786376953,76.41000366210938,73.8499984741211,74.31999969482422,66.09095764160156,1938400
2015-08-10 00:00:00-04:00,75.19999694824219,75.69999694824219,73.87000274658203,75.30999755859375,66.9713363647461,1701600
2015-08-11 00:00:00-04:00,74.55000305175781,75.05000305175781,73.83000183105469,74.66999816894531,66.40220642089844,1886800
2015-08-12 00:00:00-04:00,73.54000091552734,73.8499984741211,71.52999877929688,73.5,65.36175537109375,2237100
2015-08-13 00:00:00-04:00,73.2699966430664,73.87999725341797,71.30000305175781,71.69999694824219,63.76105499267578,2278800
2015-08-14 00:00:00-04:00,71.83999633789062,72.91000366210938,71.55000305175781,72.48999786376953,64.46358489990234,1123600
2015-08-17 00:00:00-04:00,72.30000305175781,73.56999969482422,71.06999969482422,73.5,65.36175537109375,1132000
2015-08-18 00:00:00-04:00,73.47000122070312,73.47000122070312,71.91000366210938,72.26000213623047,64.2590560913086,1337500
2015-08-19 00:00:00-04:00,71.87000274658203,72.18000030517578,71.13999938964844,71.75,63.805519104003906,1552400
2015-08-20 00:00:00-04:00,70.79000091552734,71.75,70.20999908447266,70.37999725341797,62.58721160888672,1995200
2015-08-21 00:00:00-04:00,69.79000091552734,71.12000274658203,69.01000213623047,69.51000213623047,61.81354522705078,2572000
2015-08-24 00:00:00-04:00,65.6500015258789,69.05999755859375,62.5,66.2699966430664,58.932289123535156,2717600
2015-08-25 00:00:00-04:00,68.62999725341797,69.80000305175781,66.25,66.54000091552734,59.17239761352539,2429900
2015-08-26 00:00:00-04:00,67.83000183105469,68.72000122070312,65.79000091552734,68.37999725341797,60.808658599853516,3288000
2015-08-27 00:00:00-04:00,69.2300033569336,70.76000213623047,68.66000366210938,70.33999633789062,62.551639556884766,1596900
2015-08-28 00:00:00-04:00,69.72000122070312,70.87999725341797,69.19999694824219,70.5999984741211,62.78285217285156,1229900
2015-08-31 00:00:00-04:00,70.11000061035156,70.83999633789062,69.5199966430664,69.9000015258789,62.160362243652344,1302000
2015-09-01 00:00:00-04:00,68.16000366210938,69.52999877929688,67.88999938964844,68.19000244140625,60.63970184326172,1942400
2015-09-02 00:00:00-04:00,69.33999633789062,69.95999908447266,68.44999694824219,69.7300033569336,62.009185791015625,1031100
2015-09-03 00:00:00-04:00,69.86000061035156,71.16000366210938,69.16000366210938,69.47000122070312,61.77797317504883,2235300
2015-09-04 00:00:00-04:00,68.5999984741211,68.73999786376953,67.12000274658203,67.20999908447266,59.76820755004883,1576600
2015-09-08 00:00:00-04:00,67.5,68.08999633789062,67.36000061035156,67.5999984741211,60.11502456665039,2224600
2015-09-09 00:00:00-04:00,68.31999969482422,68.52999877929688,66.75,66.91999816894531,59.510318756103516,1516500
2015-09-10 00:00:00-04:00,66.62999725341797,68.4000015258789,66.33999633789062,67.48999786376953,60.01720428466797,1907000
2015-09-11 00:00:00-04:00,67.36000061035156,67.86000061035156,65.62000274658203,66.91999816894531,59.510318756103516,1882000
2015-09-14 00:00:00-04:00,67.16000366210938,68.33999633789062,66.4000015258789,67.79000091552734,60.28398895263672,1270000
2015-09-15 00:00:00-04:00,67.41000366210938,70.33999633789062,66.2699966430664,70.05999755859375,62.302642822265625,2392600
2015-09-16 00:00:00-04:00,70.36000061035156,70.73999786376953,69.2300033569336,69.9000015258789,62.160362243652344,2070500
2015-09-17 00:00:00-04:00,69.8499984741211,70.48999786376953,69.0999984741211,69.88999938964844,62.151466369628906,2393000
2015-09-18 00:00:00-04:00,69.20999908447266,70.0999984741211,68.4000015258789,68.63999938964844,61.03987503051758,1917900
2015-09-21 00:00:00-04:00,68.87000274658203,69.30000305175781,67.98999786376953,68.37999725341797,60.808658599853516,883600
2015-09-22 00:00:00-04:00,67.7300033569336,68.37999725341797,66.52999877929688,67.19999694824219,59.759315490722656,1277200
2015-09-23 00:00:00-04:00,67.08000183105469,67.72000122070312,65.66000366210938,65.69000244140625,58.41651153564453,1113900
2015-09-24 00:00:00-04:00,65.0999984741211,65.69999694824219,64.37000274658203,65.45999908447266,58.21197509765625,1480100
2015-09-25 00:00:00-04:00,65.73999786376953,66.48999786376953,64.33999633789062,64.88999938964844,57.7050895690918,1299800
2015-09-28 00:00:00-04:00,64.69999694824219,65.30000305175781,62.790000915527344,62.880001068115234,55.91764831542969,1541700
2015-09-29 00:00:00-04:00,62.970001220703125,63.959999084472656,62.2400016784668,63.41999816894531,56.39785385131836,1181500
2015-09-30 00:00:00-04:00,64.01000213623047,64.31999969482422,62.619998931884766,63.02000045776367,56.042144775390625,1568300
2015-10-01 00:00:00-04:00,63.2400016784668,64.33999633789062,63.0,64.12999725341797,57.029239654541016,1641500
2015-10-02 00:00:00-04:00,63.22999954223633,66.36000061035156,63.06999969482422,66.36000061035156,59.012325286865234,1273200
2015-10-05 00:00:00-04:00,67.30000305175781,67.77999877929688,66.80999755859375,67.23999786376953,59.79488754272461,1224500
2015-10-06 00:00:00-04:00,67.19999694824219,68.16000366210938,66.76000213623047,66.83999633789062,59.43917465209961,1507800
2015-10-07 00:00:00-04:00,67.19000244140625,68.43000030517578,66.13999938964844,67.7300033569336,60.23063659667969,955100
2015-10-08 00:00:00-04:00,67.4000015258789,69.6500015258789,67.4000015258789,69.58000183105469,61.87579345703125,1062800
2015-10-09 00:00:00-04:00,69.33999633789062,69.37999725341797,67.56999969482422,67.9800033569336,60.45295333862305,1488600
2015-10-12 00:00:00-04:00,68.01000213623047,68.5,66.70999908447266,67.4800033569336,60.00831604003906,779100
2015-10-13 00:00:00-04:00,67.12999725341797,68.30000305175781,66.43000030517578,66.69000244140625,59.305789947509766,819600
2015-10-14 00:00:00-04:00,81.9800033569336,84.5,78.19999694824219,83.72000122070312,74.45014953613281,19927600
2015-10-15 00:00:00-04:00,83.20999908447266,83.55000305175781,79.81999969482422,83.36000061035156,74.13001251220703,4997500
2015-10-16 00:00:00-04:00,83.69999694824219,83.72000122070312,81.08999633789062,83.19999694824219,73.98772430419922,2537100
2015-10-19 00:00:00-04:00,83.38999938964844,85.16000366210938,82.52999877929688,84.13999938964844,74.82364654541016,2316600
2015-10-20 00:00:00-04:00,84.30000305175781,85.08000183105469,83.44000244140625,84.25,74.92146301269531,1607100
2015-10-21 00:00:00-04:00,84.80000305175781,84.80000305175781,82.0,82.16999816894531,73.07176971435547,1361600
2015-10-22 00:00:00-04:00,82.4000015258789,83.70999908447266,81.47000122070312,83.55999755859375,74.307861328125,1855900
2015-10-23 00:00:00-04:00,85.06999969482422,85.1500015258789,82.30000305175781,82.9000015258789,73.720947265625,2507100
2015-10-26 00:00:00-04:00,82.94999694824219,84.06999969482422,82.52999877929688,83.6500015258789,74.38790130615234,1451800
2015-10-27 00:00:00-04:00,81.98999786376953,82.45999908447266,80.73999786376953,81.76000213623047,72.70716857910156,1395400
2015-10-28 00:00:00-04:00,81.7699966430664,82.3499984741211,80.87000274658203,81.30000305175781,72.29810333251953,1611900
2015-10-29 00:00:00-04:00,81.26000213623047,82.0199966430664,80.73999786376953,80.93000030517578,71.96907043457031,1780900
2015-10-30 00:00:00-04:00,81.2699966430664,84.69999694824219,80.76000213623047,83.77999877929688,74.50350189208984,2181400
2015-11-02 00:00:00-05:00,83.66999816894531,83.72000122070312,82.2699966430664,83.16000366210938,73.95215606689453,1612200
2015-11-03 00:00:00-05:00,83.30999755859375,84.04000091552734,82.05000305175781,82.25,73.14291381835938,2209000
2015-11-04 00:00:00-05:00,81.80999755859375,83.19999694824219,81.62999725341797,82.62000274658203,73.4719467163086,1475400
2015-11-05 00:00:00-05:00,83.94999694824219,84.55999755859375,82.76000213623047,83.11000061035156,73.9076919555664,3309400
2015-11-06 00:00:00-05:00,74.48999786376953,77.97000122070312,73.56999969482422,77.41999816894531,68.84770965576172,8422700
2015-11-09 00:00:00-05:00,76.44000244140625,77.6500015258789,74.81999969482422,77.12000274658203,68.5809326171875,3653600
2015-11-10 00:00:00-05:00,76.91999816894531,78.52999877929688,76.79000091552734,78.3499984741211,69.67473602294922,2298300
2015-11-11 00:00:00-05:00,78.97000122070312,81.12999725341797,78.1500015258789,79.73999786376953,70.91082763671875,2204700
2015-11-12 00:00:00-05:00,79.16000366210938,80.5199966430664,78.63999938964844,79.1500015258789,70.38616180419922,1644000
2015-11-13 00:00:00-05:00,78.61000061035156,79.1500015258789,76.80000305175781,77.94999694824219,69.31902313232422,2046400
2015-11-16 00:00:00-05:00,77.5,78.55999755859375,75.77999877929688,78.55000305175781,69.85260009765625,1883700
2015-11-17 00:00:00-05:00,77.5,79.61000061035156,77.41999816894531,78.12000274658203,69.47020721435547,1517300
2015-11-18 00:00:00-05:00,78.87000274658203,83.7699966430664,78.80999755859375,83.68000030517578,74.41458129882812,3234000
2015-11-19 00:00:00-05:00,83.55000305175781,85.22000122070312,83.05999755859375,84.55000305175781,75.18824768066406,2519400
2015-11-20 00:00:00-05:00,85.01000213623047,85.87000274658203,84.08999633789062,84.9800033569336,75.57064056396484,2166300
2015-11-23 00:00:00-05:00,84.91999816894531,86.19999694824219,84.33000183105469,84.80000305175781,75.41056823730469,2009500
2015-11-24 00:00:00-05:00,83.93000030517578,83.93000030517578,81.87999725341797,82.9800033569336,73.7920913696289,2141400
2015-11-25 00:00:00-05:00,82.9000015258789,83.16999816894531,82.2699966430664,82.7699966430664,73.60533142089844,858800
2015-11-27 00:00:00-05:00,82.80000305175781,83.3499984741211,82.30999755859375,82.79000091552734,73.62312316894531,558500
2015-11-30 00:00:00-05:00,82.80999755859375,82.9800033569336,81.7699966430664,82.37000274658203,73.24962615966797,1284900
2015-12-01 00:00:00-05:00,82.8499984741211,83.44000244140625,82.4800033569336,82.93000030517578,73.74761962890625,980500
2015-12-02 00:00:00-05:00,82.55999755859375,83.31999969482422,82.23999786376953,82.91999816894531,73.73872375488281,1121400
2015-12-03 00:00:00-05:00,82.73999786376953,84.91000366210938,82.58000183105469,83.13999938964844,73.93437194824219,2117400
2015-12-04 00:00:00-05:00,83.05999755859375,84.70999908447266,82.33000183105469,84.37000274658203,75.02818298339844,1712600
2015-12-07 00:00:00-05:00,83.98999786376953,84.4800033569336,82.37000274658203,83.06999969482422,73.87211608886719,1606900
2015-12-08 00:00:00-05:00,82.54000091552734,83.83999633789062,81.88999938964844,83.19999694824219,73.98772430419922,880900
2015-12-09 00:00:00-05:00,82.75,84.16999816894531,82.13999938964844,82.41000366210938,73.28520202636719,971500
2015-12-10 00:00:00-05:00,83.83999633789062,84.13999938964844,82.6500015258789,83.5199966430664,74.27229309082031,1219200
2015-12-11 00:00:00-05:00,82.38999938964844,83.47000122070312,82.0,82.4800033569336,73.34745025634766,941400
2015-12-14 00:00:00-05:00,82.38999938964844,84.19000244140625,82.05000305175781,83.80000305175781,74.52129364013672,1443500
2015-12-15 00:00:00-05:00,84.2699966430664,87.08000183105469,83.83999633789062,85.91000366210938,76.39766693115234,1599700
2015-12-16 00:00:00-05:00,86.68000030517578,87.5,84.61000061035156,86.87999725341797,77.26025390625,1533300
2015-12-17 00:00:00-05:00,87.16999816894531,87.26000213623047,85.20999908447266,85.37999725341797,75.92634582519531,1095100
2015-12-18 00:00:00-05:00,84.94000244140625,85.73999786376953,83.83999633789062,84.3499984741211,75.01039123535156,2336500
2015-12-21 00:00:00-05:00,85.0,85.79000091552734,83.18000030517578,84.12000274658203,74.80586242675781,878000
2015-12-22 00:00:00-05:00,84.4800033569336,84.6500015258789,83.0199966430664,84.4000015258789,75.05485534667969,670900
2015-12-23 00:00:00-05:00,84.77999877929688,85.1500015258789,83.66000366210938,84.87999725341797,75.48170471191406,1155200
2015-12-24 00:00:00-05:00,85.08999633789062,85.93000030517578,84.61000061035156,85.44999694824219,75.98859405517578,823000
2015-12-28 00:00:00-05:00,84.9800033569336,85.45999908447266,84.16999816894531,85.19999694824219,75.76627349853516,1386100
2015-12-29 00:00:00-05:00,86.0,86.93000030517578,85.44999694824219,86.51000213623047,76.93122863769531,582800
2015-12-30 00:00:00-05:00,86.38999938964844,86.83000183105469,85.94000244140625,86.1500015258789,76.61109161376953,573700
2015-12-31 00:00:00-05:00,85.87000274658203,86.58000183105469,85.19999694824219,85.25,75.81073760986328,551600
2016-01-04 00:00:00-05:00,83.63999938964844,83.76000213623047,82.0199966430664,82.9800033569336,73.7920913696289,1733900
2016-01-05 00:00:00-05:00,83.38999938964844,83.97000122070312,80.94999694824219,81.93000030517578,72.85834503173828,1450800
2016-01-06 00:00:00-05:00,81.33999633789062,81.73999786376953,79.2300033569336,80.0999984741211,71.23097229003906,2521700
2016-01-07 00:00:00-05:00,78.33000183105469,78.94000244140625,76.80999755859375,77.69000244140625,69.08782196044922,1945200
2016-01-08 00:00:00-05:00,77.7699966430664,78.5999984741211,75.91999816894531,76.18000030517578,67.74501037597656,1447700
2016-01-11 00:00:00-05:00,76.66000366210938,77.30999755859375,75.5999984741211,76.94999694824219,68.42974853515625,1357400
2016-01-12 00:00:00-05:00,77.18000030517578,78.80000305175781,76.33999633789062,77.36000061035156,68.79435729980469,1189400
2016-01-13 00:00:00-05:00,77.4800033569336,78.0,71.58000183105469,72.94000244140625,64.86376190185547,2893200
2016-01-14 00:00:00-05:00,73.20999908447266,73.36000061035156,69.2699966430664,71.91999816894531,63.956695556640625,2897200
2016-01-15 00:00:00-05:00,69.7699966430664,70.69000244140625,68.87999725341797,70.62999725341797,62.80952835083008,2911200
2016-01-19 00:00:00-05:00,71.33999633789062,72.33999633789062,70.06999969482422,71.19000244140625,63.30752944946289,2509900
2016-01-20 00:00:00-05:00,70.02999877929688,70.9000015258789,65.77999877929688,69.26000213623047,61.591224670410156,2480000
2016-01-21 00:00:00-05:00,69.29000091552734,72.45999908447266,68.16999816894531,69.51000213623047,61.81354522705078,1577900
2016-01-22 00:00:00-05:00,70.68000030517578,72.44999694824219,69.7699966430664,70.6500015258789,62.82732009887695,1009800
2016-01-25 00:00:00-05:00,70.76000213623047,71.01000213623047,69.2300033569336,69.48999786376953,61.79575729370117,1118000
2016-01-26 00:00:00-05:00,69.91999816894531,70.44000244140625,67.44000244140625,69.69000244140625,61.97361373901367,2445300
2016-01-27 00:00:00-05:00,65.80999755859375,69.13999938964844,65.41999816894531,67.54000091552734,60.06167221069336,3199400
2016-01-28 00:00:00-05:00,67.29000091552734,68.0999984741211,65.0,67.31999969482422,59.866031646728516,2710600
2016-01-29 00:00:00-05:00,67.30999755859375,68.12000274658203,66.37000274658203,66.76000213623047,59.368038177490234,2624400
2016-02-01 00:00:00-05:00,66.5199966430664,67.63999938964844,65.80000305175781,67.19000244140625,59.75042724609375,1793700
2016-02-02 00:00:00-05:00,66.47000122070312,66.83999633789062,62.099998474121094,63.0,56.02436065673828,3028800
2016-02-03 00:00:00-05:00,63.70000076293945,64.26000213623047,60.880001068115234,62.77000045776367,55.819828033447266,2068500
2016-02-04 00:00:00-05:00,62.88999938964844,64.5199966430664,62.310001373291016,63.810001373291016,56.74467468261719,1802400
2016-02-05 00:00:00-05:00,63.27000045776367,63.58000183105469,57.290000915527344,58.369998931884766,51.907012939453125,5109300
2016-02-08 00:00:00-05:00,57.0099983215332,57.84000015258789,55.290000915527344,55.880001068115234,49.692718505859375,4265400
2016-02-09 00:00:00-05:00,55.31999969482422,57.16999816894531,53.5099983215332,54.09000015258789,48.100914001464844,2689100
2016-02-10 00:00:00-05:00,54.900001525878906,55.9900016784668,53.47999954223633,54.349998474121094,48.33212661743164,4731500
2016-02-11 00:00:00-05:00,60.91999816894531,64.75,59.4900016784668,61.06999969482422,54.30805587768555,9480500
2016-02-12 00:00:00-05:00,61.0,61.06999969482422,57.849998474121094,59.900001525878906,53.267608642578125,4257700
2016-02-16 00:00:00-05:00,60.38999938964844,63.470001220703125,59.95000076293945,63.31999969482422,56.308929443359375,3093800
2016-02-17 00:00:00-05:00,65.0199966430664,67.0,64.06999969482422,65.3499984741211,58.11415481567383,3337200
2016-02-18 00:00:00-05:00,65.41000366210938,65.98999786376953,62.38999938964844,63.06999969482422,56.08660888671875,2286000
2016-02-19 00:00:00-05:00,62.70000076293945,63.77000045776367,61.380001068115234,63.41999816894531,56.39785385131836,1770800
2016-02-22 00:00:00-05:00,61.79999923706055,63.5099983215332,61.369998931884766,63.11000061035156,56.1221809387207,2022400
2016-02-23 00:00:00-05:00,63.0,63.209999084472656,60.38999938964844,60.70000076293945,53.979026794433594,2534000
2016-02-24 00:00:00-05:00,60.0,61.15999984741211,58.529998779296875,60.65999984741211,53.94345474243164,2503000
2016-02-25 00:00:00-05:00,60.83000183105469,62.06999969482422,59.7599983215332,62.04999923706055,55.17954635620117,1244100
2016-02-26 00:00:00-05:00,62.189998626708984,62.95000076293945,61.68000030517578,62.380001068115234,55.4730110168457,1676900
2016-02-29 00:00:00-05:00,62.279998779296875,63.29999923706055,61.810001373291016,62.599998474121094,55.66864776611328,2246600
2016-03-01 00:00:00-05:00,63.209999084472656,66.38999938964844,62.72999954223633,66.0999984741211,58.78111267089844,2970500
2016-03-02 00:00:00-05:00,66.06999969482422,66.43000030517578,64.52999877929688,65.31999969482422,58.08747863769531,1806600
2016-03-03 00:00:00-05:00,65.05000305175781,66.62000274658203,64.44999694824219,65.56999969482422,58.30979919433594,1594100
2016-03-04 00:00:00-05:00,65.8499984741211,65.91000366210938,64.22000122070312,65.0999984741211,57.89183807373047,1549900
2016-03-07 00:00:00-05:00,65.04000091552734,66.2300033569336,63.70000076293945,65.5,58.2475471496582,1983000
2016-03-08 00:00:00-05:00,65.11000061035156,65.94999694824219,62.4900016784668,62.56999969482422,55.641971588134766,2087900
2016-03-09 00:00:00-05:00,62.650001525878906,63.61000061035156,60.02000045776367,60.97999954223633,54.228023529052734,2732500
2016-03-10 00:00:00-05:00,61.45000076293945,61.86000061035156,59.33000183105469,61.02000045776367,54.26359558105469,2228900
2016-03-11 00:00:00-05:00,61.810001373291016,63.75,61.380001068115234,63.70000076293945,56.646854400634766,1597500
2016-03-14 00:00:00-04:00,63.08000183105469,68.27999877929688,63.04999923706055,66.54000091552734,59.17239761352539,5466800
2016-03-15 00:00:00-04:00,66.43000030517578,66.97000122070312,65.55000305175781,66.80000305175781,59.40361022949219,2353300
2016-03-16 00:00:00-04:00,66.81999969482422,67.73999786376953,66.01000213623047,67.4800033569336,60.00831604003906,1869500
2016-03-17 00:00:00-04:00,67.22000122070312,68.22000122070312,65.25,65.30999755859375,58.078582763671875,2083900
2016-03-18 00:00:00-04:00,65.25,65.2699966430664,63.45000076293945,64.30999755859375,57.189308166503906,4860800
2016-03-21 00:00:00-04:00,64.4000015258789,65.79000091552734,64.36000061035156,65.70999908447266,58.434295654296875,1518400
2016-03-22 00:00:00-04:00,64.0,65.08000183105469,63.650001525878906,64.04000091552734,56.9492073059082,2059500
2016-03-23 00:00:00-04:00,64.16000366210938,64.33999633789062,61.5099983215332,61.7400016784668,54.903873443603516,2097300
2016-03-24 00:00:00-04:00,61.720001220703125,62.439998626708984,60.5,62.22999954223633,55.33961868286133,1683400
2016-03-28 00:00:00-04:00,62.61000061035156,63.13999938964844,61.529998779296875,62.5099983215332,55.5886116027832,1309200
2016-03-29 00:00:00-04:00,62.790000915527344,65.91000366210938,62.02000045776367,65.58000183105469,58.31869125366211,2549600
2016-03-30 00:00:00-04:00,65.93000030517578,68.06999969482422,65.83000183105469,66.58000183105469,59.207969665527344,2249800
2016-03-31 00:00:00-04:00,66.0,66.8499984741211,65.33000183105469,66.5,59.13682556152344,1700900
2016-04-01 00:00:00-04:00,66.05000305175781,67.38999938964844,65.0999984741211,67.2300033569336,59.7859992980957,1725300
2016-04-04 00:00:00-04:00,67.44000244140625,67.5,64.93000030517578,65.08999633789062,57.88294219970703,1155200
2016-04-05 00:00:00-04:00,64.08999633789062,64.79000091552734,63.09000015258789,63.959999084472656,56.8780632019043,1801400
2016-04-06 00:00:00-04:00,64.38999938964844,65.76000213623047,63.849998474121094,65.52999877929688,58.274227142333984,1137700
2016-04-07 00:00:00-04:00,65.2300033569336,65.51000213623047,62.58000183105469,63.349998474121094,56.33560562133789,2378800
2016-04-08 00:00:00-04:00,64.06999969482422,64.58000183105469,61.70000076293945,62.2400016784668,55.3485107421875,2388600
2016-04-11 00:00:00-04:00,62.47999954223633,62.86000061035156,60.54999923706055,60.59000015258789,53.88120651245117,2043400
2016-04-12 00:00:00-04:00,60.560001373291016,61.4900016784668,60.20000076293945,61.439998626708984,54.637088775634766,1801000
2016-04-13 00:00:00-04:00,61.959999084472656,63.86000061035156,61.79999923706055,63.790000915527344,56.72688674926758,2267200
2016-04-14 00:00:00-04:00,63.849998474121094,64.2699966430664,63.029998779296875,63.5099983215332,56.47789001464844,1032700
2016-04-15 00:00:00-04:00,63.599998474121094,63.77000045776367,62.290000915527344,63.0,56.02436065673828,1352600
2016-04-18 00:00:00-04:00,63.060001373291016,65.63999938964844,62.689998626708984,65.44000244140625,58.19419479370117,1904600
2016-04-19 00:00:00-04:00,65.87999725341797,65.87999725341797,63.9900016784668,64.54000091552734,57.39384460449219,2299200
2016-04-20 00:00:00-04:00,64.69999694824219,64.83999633789062,63.63999938964844,64.38999938964844,57.26045227050781,1059500
2016-04-21 00:00:00-04:00,64.6500015258789,65.0,63.38999938964844,63.810001373291016,56.74467468261719,1193000
2016-04-22 00:00:00-04:00,63.470001220703125,64.55000305175781,62.970001220703125,63.34000015258789,56.32671356201172,1442200
2016-04-25 00:00:00-04:00,63.16999816894531,63.470001220703125,62.0,62.54999923706055,55.624183654785156,1049500
2016-04-26 00:00:00-04:00,62.529998779296875,63.59000015258789,62.02000045776367,62.5,55.5797233581543,1249000
2016-04-27 00:00:00-04:00,62.5,63.7400016784668,61.959999084472656,63.689998626708984,56.63795852661133,1520300
2016-04-28 00:00:00-04:00,64.12000274658203,65.0,63.439998626708984,63.599998474121094,56.55792236328125,2886100
2016-04-29 00:00:00-04:00,64.0,64.9800033569336,62.380001068115234,64.58999633789062,57.43830490112305,1797200
2016-05-02 00:00:00-04:00,64.41999816894531,65.23999786376953,63.900001525878906,64.88999938964844,57.7050895690918,1832800
2016-05-03 00:00:00-04:00,64.2699966430664,65.98999786376953,63.189998626708984,65.83000183105469,58.541011810302734,3946400
2016-05-04 00:00:00-04:00,64.27999877929688,64.81999969482422,62.66999816894531,63.130001068115234,56.13996505737305,4826900
2016-05-05 00:00:00-04:00,61.0,65.80000305175781,60.560001373291016,62.040000915527344,55.170654296875,7308900
2016-05-06 00:00:00-04:00,61.599998474121094,62.09000015258789,59.63999938964844,62.06999969482422,55.19733428955078,3181400
2016-05-09 00:00:00-04:00,62.380001068115234,64.94999694824219,62.150001525878906,63.09000015258789,56.104393005371094,3448900
2016-05-10 00:00:00-04:00,63.56999969482422,66.88999938964844,63.560001373291016,66.0999984741211,58.78111267089844,3416500
2016-05-11 00:00:00-04:00,66.20999908447266,66.4000015258789,65.22000122070312,65.66999816894531,58.39872360229492,2264300
2016-05-12 00:00:00-04:00,66.05000305175781,66.05000305175781,63.15999984741211,63.779998779296875,56.717994689941406,2494900
2016-05-13 00:00:00-04:00,63.709999084472656,64.91000366210938,63.66999816894531,64.45999908447266,57.32270050048828,1966300
2016-05-16 00:00:00-04:00,64.51000213623047,65.25,64.23999786376953,64.9000015258789,57.713985443115234,1187400
2016-05-17 00:00:00-04:00,64.94999694824219,66.80000305175781,64.91000366210938,65.79000091552734,58.50543975830078,2774000
2016-05-18 00:00:00-04:00,65.27999877929688,65.6500015258789,63.40999984741211,64.16999816894531,57.06481170654297,2143100
2016-05-19 00:00:00-04:00,64.06999969482422,64.52999877929688,62.56999969482422,63.25,56.24667739868164,1594900
2016-05-20 00:00:00-04:00,63.540000915527344,65.19000244140625,63.40999984741211,64.52999877929688,57.38494873046875,1798700
2016-05-23 00:00:00-04:00,64.80999755859375,68.43000030517578,64.52999877929688,66.87000274658203,59.465858459472656,3469400
2016-05-24 00:00:00-04:00,66.91999816894531,67.83000183105469,66.0199966430664,66.06999969482422,58.75443649291992,2302100
2016-05-25 00:00:00-04:00,66.18000030517578,67.22000122070312,65.69999694824219,66.9000015258789,59.49253463745117,1655700
2016-05-26 00:00:00-04:00,66.83999633789062,67.3499984741211,65.80000305175781,66.5999984741211,59.22574996948242,1000800
2016-05-27 00:00:00-04:00,66.54000091552734,68.52999877929688,66.38999938964844,67.31999969482422,59.866031646728516,1303600
2016-05-31 00:00:00-04:00,67.5,68.08000183105469,67.18000030517578,67.73999786376953,60.239524841308594,1566700
2016-06-01 00:00:00-04:00,67.41000366210938,67.68000030517578,66.05999755859375,67.05999755859375,59.63481521606445,863200
2016-06-02 00:00:00-04:00,66.79000091552734,68.76000213623047,66.2699966430664,68.62999725341797,61.03097915649414,1284700
2016-06-03 00:00:00-04:00,68.30000305175781,68.41000366210938,67.16000366210938,68.16000366210938,60.6130256652832,1403800
2016-06-06 00:00:00-04:00,68.62999725341797,71.61000061035156,67.91999816894531,71.45999908447266,63.547630310058594,3407700
2016-06-07 00:00:00-04:00,69.77999877929688,69.94999694824219,68.05000305175781,68.62999725341797,61.03097915649414,4475400
2016-06-08 00:00:00-04:00,69.02999877929688,69.87000274658203,68.76000213623047,69.23999786376953,61.57343673706055,1676200
2016-06-09 00:00:00-04:00,69.0199966430664,70.51000213623047,68.8499984741211,69.47000122070312,61.77797317504883,1151000
2016-06-10 00:00:00-04:00,68.76000213623047,69.1500015258789,66.9000015258789,67.22000122070312,59.777103424072266,1738400
2016-06-13 00:00:00-04:00,67.0199966430664,68.58999633789062,66.01000213623047,66.11000061035156,58.790008544921875,1579400
2016-06-14 00:00:00-04:00,65.6500015258789,66.37000274658203,64.22000122070312,65.06999969482422,57.86515808105469,1649800
2016-06-15 00:00:00-04:00,65.43000030517578,66.22000122070312,64.69999694824219,64.83999633789062,57.660621643066406,1574100
2016-06-16 00:00:00-04:00,63.9900016784668,64.62999725341797,62.529998779296875,64.38999938964844,57.26045227050781,1814700
2016-06-17 00:00:00-04:00,64.05999755859375,64.7699966430664,62.849998474121094,63.08000183105469,56.09550476074219,2014700
2016-06-20 00:00:00-04:00,63.97999954223633,65.75,63.619998931884766,64.66000366210938,57.50056076049805,2160900
2016-06-21 00:00:00-04:00,64.91000366210938,64.91000366210938,63.630001068115234,64.51000213623047,57.36716842651367,1026500
2016-06-22 00:00:00-04:00,64.33999633789062,65.30000305175781,64.16000366210938,64.73999786376953,57.57169723510742,912800
2016-06-23 00:00:00-04:00,65.31999969482422,66.44000244140625,65.0199966430664,65.9800033569336,58.67440414428711,1442900
2016-06-24 00:00:00-04:00,62.709999084472656,64.37000274658203,61.36000061035156,61.869998931884766,55.01947784423828,4606900
2016-06-27 00:00:00-04:00,61.20000076293945,61.66999816894531,58.959999084472656,60.029998779296875,53.383209228515625,3188900
2016-06-28 00:00:00-04:00,60.689998626708984,61.599998474121094,60.29999923706055,61.150001525878906,54.37919998168945,1538800
2016-06-29 00:00:00-04:00,61.970001220703125,64.2300033569336,61.869998931884766,63.88999938964844,56.81581497192383,1966200
2016-06-30 00:00:00-04:00,64.0199966430664,64.8499984741211,63.400001525878906,64.30000305175781,57.180419921875,1321100
2016-07-01 00:00:00-04:00,64.30000305175781,65.36000061035156,64.27999877929688,64.61000061035156,57.456092834472656,1066300
2016-07-05 00:00:00-04:00,64.1500015258789,64.58000183105469,63.75,64.30000305175781,57.180419921875,1430000
2016-07-06 00:00:00-04:00,63.880001068115234,65.12000274658203,63.810001373291016,64.9800033569336,57.78512954711914,1511700
2016-07-07 00:00:00-04:00,65.12999725341797,66.16999816894531,65.0,65.61000061035156,58.34537124633789,1456600
2016-07-08 00:00:00-04:00,66.08999633789062,67.45999908447266,66.08000183105469,67.12999725341797,59.69706344604492,1495900
2016-07-11 00:00:00-04:00,67.19000244140625,68.52999877929688,67.18000030517578,68.19999694824219,60.648590087890625,1310500
2016-07-12 00:00:00-04:00,68.58999633789062,70.37999725341797,68.33000183105469,69.72000122070312,62.00029373168945,2219800
2016-07-13 00:00:00-04:00,69.88999938964844,70.36000061035156,68.19999694824219,68.58999633789062,60.99540710449219,2552300
2016-07-14 00:00:00-04:00,69.36000061035156,69.91000366210938,68.37999725341797,68.52999877929688,60.94205093383789,1197300
2016-07-15 00:00:00-04:00,68.91000366210938,68.91000366210938,67.75,68.26000213623047,60.70195007324219,990700
2016-07-18 00:00:00-04:00,68.05999755859375,69.11000061035156,67.87000274658203,68.73999786376953,61.12879943847656,1087000
2016-07-19 00:00:00-04:00,68.48999786376953,68.7300033569336,68.08000183105469,68.55000305175781,60.959842681884766,734200
2016-07-20 00:00:00-04:00,68.58000183105469,69.80000305175781,68.11000061035156,69.29000091552734,61.61790466308594,1228800
2016-07-21 00:00:00-04:00,69.36000061035156,69.69000244140625,68.22000122070312,68.69000244140625,61.0843391418457,1029800
2016-07-22 00:00:00-04:00,69.13999938964844,70.2300033569336,68.48999786376953,70.08999633789062,62.32931900024414,1254100
2016-07-25 00:00:00-04:00,70.0199966430664,70.30999755859375,69.44999694824219,70.05999755859375,62.302642822265625,1099100
2016-07-26 00:00:00-04:00,70.05000305175781,71.05999755859375,69.66000366210938,69.94000244140625,62.1959342956543,1338100
2016-07-27 00:00:00-04:00,70.05000305175781,70.22000122070312,69.4800033569336,69.8499984741211,62.11589431762695,1544100
2016-07-28 00:00:00-04:00,71.0999984741211,71.69000244140625,69.66999816894531,71.2300033569336,63.343101501464844,1568900
2016-07-29 00:00:00-04:00,69.5,70.44000244140625,69.16999816894531,69.97000122070312,62.22261047363281,2420600
2016-08-01 00:00:00-04:00,70.08999633789062,70.69999694824219,69.4000015258789,70.44999694824219,62.64945983886719,2078500
2016-08-02 00:00:00-04:00,70.27999877929688,70.27999877929688,68.23999786376953,69.41000366210938,61.7246208190918,2607100
2016-08-03 00:00:00-04:00,69.30999755859375,70.37000274658203,68.80000305175781,69.48999786376953,61.79575729370117,3674500
2016-08-04 00:00:00-04:00,64.0,66.12999725341797,62.689998626708984,63.59000015258789,56.549034118652344,8795400
2016-08-05 00:00:00-04:00,63.040000915527344,63.599998474121094,60.72999954223633,60.810001373291016,54.076847076416016,5439600
2016-08-08 00:00:00-04:00,61.0,61.86000061035156,60.68000030517578,61.84000015258789,54.992801666259766,3592700
2016-08-09 00:00:00-04:00,62.02000045776367,62.29999923706055,60.7400016784668,61.099998474121094,54.33473587036133,3538700
2016-08-10 00:00:00-04:00,61.18000030517578,61.65999984741211,60.939998626708984,61.25,54.4681282043457,2395500
2016-08-11 00:00:00-04:00,61.2599983215332,62.0,61.099998474121094,61.59000015258789,54.77048110961914,1563700
2016-08-12 00:00:00-04:00,61.310001373291016,61.95000076293945,61.029998779296875,61.70000076293945,54.86830139160156,1624300
2016-08-15 00:00:00-04:00,61.869998931884766,62.45000076293945,61.619998931884766,62.130001068115234,55.25069046020508,1382300
2016-08-16 00:00:00-04:00,62.06999969482422,62.5099983215332,61.88999938964844,62.0,55.13508605957031,1609900
2016-08-17 00:00:00-04:00,62.099998474121094,62.27000045776367,61.66999816894531,62.04999923706055,55.17954635620117,1274600
2016-08-18 00:00:00-04:00,62.150001525878906,62.5,61.79999923706055,62.22999954223633,55.33961868286133,1001000
2016-08-19 00:00:00-04:00,62.130001068115234,62.54999923706055,61.459999084472656,62.0,55.13508605957031,1388000
2016-08-22 00:00:00-04:00,62.0,62.0,61.34000015258789,61.79999923706055,54.95722961425781,1385300
2016-08-23 00:00:00-04:00,61.90999984741211,63.290000915527344,61.869998931884766,62.63999938964844,55.704219818115234,1852400
2016-08-24 00:00:00-04:00,62.720001220703125,63.58000183105469,61.709999084472656,61.93000030517578,55.07283401489258,1189300
2016-08-25 00:00:00-04:00,62.0,62.45000076293945,61.5099983215332,61.900001525878906,55.04615783691406,1449900
2016-08-26 00:00:00-04:00,62.279998779296875,63.209999084472656,61.97999954223633,62.369998931884766,55.464115142822266,1135500
2016-08-29 00:00:00-04:00,62.25,62.400001525878906,61.790000915527344,61.939998626708984,55.08172607421875,1295300
2016-08-30 00:00:00-04:00,62.38999938964844,62.5099983215332,60.95000076293945,61.25,54.4681282043457,1457600
2016-08-31 00:00:00-04:00,61.369998931884766,61.47999954223633,60.75,61.0,54.24580764770508,1230300
2016-09-01 00:00:00-04:00,60.90999984741211,61.58000183105469,60.79999923706055,61.31999969482422,54.53037643432617,1023700
2016-09-02 00:00:00-04:00,61.599998474121094,61.959999084472656,60.88999938964844,61.20000076293945,54.42366409301758,1034600
2016-09-06 00:00:00-04:00,61.11000061035156,61.97999954223633,60.63999938964844,61.52000045776367,54.70823287963867,1995400
2016-09-07 00:00:00-04:00,61.810001373291016,62.849998474121094,61.58000183105469,62.15999984741211,55.277366638183594,1324000
2016-09-08 00:00:00-04:00,61.95000076293945,62.25,61.439998626708984,61.79999923706055,54.95722961425781,1037600
2016-09-09 00:00:00-04:00,61.36000061035156,62.970001220703125,61.130001068115234,61.720001220703125,54.88608932495117,2517800
2016-09-12 00:00:00-04:00,61.540000915527344,63.7400016784668,61.540000915527344,63.61000061035156,56.56681823730469,2143000
2016-09-13 00:00:00-04:00,62.86000061035156,63.34000015258789,62.52000045776367,63.040000915527344,56.059932708740234,1475600
2016-09-14 00:00:00-04:00,62.08000183105469,63.380001068115234,61.7599983215332,61.810001373291016,54.966121673583984,1647700
2016-09-15 00:00:00-04:00,61.650001525878906,62.040000915527344,60.95000076293945,61.81999969482422,54.975013732910156,1433300
2016-09-16 00:00:00-04:00,61.689998626708984,61.72999954223633,60.4900016784668,61.290000915527344,54.503700256347656,2782000
2016-09-19 00:00:00-04:00,61.560001373291016,61.63999938964844,59.810001373291016,60.0,53.35653305053711,1918500
2016-09-20 00:00:00-04:00,60.15999984741211,60.459999084472656,59.720001220703125,60.25,53.578853607177734,1188300
2016-09-21 00:00:00-04:00,60.5,60.779998779296875,59.869998931884766,60.540000915527344,53.83674240112305,1350300
2016-09-22 00:00:00-04:00,60.7400016784668,61.43000030517578,60.38999938964844,61.36000061035156,54.565948486328125,1193800
2016-09-23 00:00:00-04:00,61.439998626708984,62.16999816894531,61.209999084472656,61.869998931884766,55.01947784423828,1326400
2016-09-26 00:00:00-04:00,61.650001525878906,61.970001220703125,61.33000183105469,61.88999938964844,55.037261962890625,999700
2016-09-27 00:00:00-04:00,62.0099983215332,64.68000030517578,61.91999816894531,64.26000213623047,57.14484786987305,3147100
2016-09-28 00:00:00-04:00,64.37000274658203,65.02999877929688,63.720001220703125,64.08000183105469,56.984779357910156,1525900
2016-09-29 00:00:00-04:00,63.790000915527344,64.41999816894531,62.81999969482422,63.0,56.02436065673828,2562300
2016-09-30 00:00:00-04:00,62.97999954223633,63.47999954223633,62.959999084472656,63.18000030517578,56.18442916870117,1690300
2016-10-03 00:00:00-04:00,62.900001525878906,63.45000076293945,62.209999084472656,63.349998474121094,56.33560562133789,841900
2016-10-04 00:00:00-04:00,63.7400016784668,64.7300033569336,63.40999984741211,64.41999816894531,57.28712844848633,1019100
2016-10-05 00:00:00-04:00,64.75,66.12999725341797,64.54000091552734,65.87000274658203,58.57658386230469,2138400
2016-10-06 00:00:00-04:00,65.88999938964844,65.88999938964844,64.36000061035156,64.83999633789062,57.660621643066406,1675300
2016-10-07 00:00:00-04:00,65.08999633789062,65.08999633789062,63.599998474121094,64.0,56.91363525390625,1185100
2016-10-10 00:00:00-04:00,64.23999786376953,64.80000305175781,64.01000213623047,64.5999984741211,57.447200775146484,1203600
2016-10-11 00:00:00-04:00,64.5,64.5999984741211,63.099998474121094,63.43000030517578,56.4067497253418,2072700
2016-10-12 00:00:00-04:00,63.38999938964844,63.45000076293945,62.5,62.9900016784668,56.01546859741211,1558400
2016-10-13 00:00:00-04:00,62.65999984741211,62.65999984741211,61.75,62.2400016784668,55.3485107421875,1737500
2016-10-14 00:00:00-04:00,62.400001525878906,62.650001525878906,61.11000061035156,61.310001373291016,54.521484375,1983100
2016-10-17 00:00:00-04:00,61.43000030517578,61.849998474121094,60.689998626708984,61.459999084472656,54.65487289428711,1471100
2016-10-18 00:00:00-04:00,62.65999984741211,63.4900016784668,62.06999969482422,63.189998626708984,56.193321228027344,1666300
2016-10-19 00:00:00-04:00,63.15999984741211,64.23999786376953,63.15999984741211,63.869998931884766,56.79802703857422,2040000
2016-10-20 00:00:00-04:00,63.689998626708984,63.709999084472656,61.90999984741211,62.029998779296875,55.16176223754883,1534500
2016-10-21 00:00:00-04:00,61.869998931884766,63.66999816894531,61.7400016784668,62.959999084472656,55.98878860473633,2069400
2016-10-24 00:00:00-04:00,63.56999969482422,63.939998626708984,63.16999816894531,63.83000183105469,56.76245880126953,1174800
2016-10-25 00:00:00-04:00,63.720001220703125,64.2699966430664,63.11000061035156,63.529998779296875,56.49567413330078,812400
2016-10-26 00:00:00-04:00,62.540000915527344,63.52000045776367,61.5099983215332,61.75,54.91276550292969,1503600
2016-10-27 00:00:00-04:00,62.38999938964844,62.529998779296875,61.2400016784668,61.849998474121094,55.00168991088867,1397500
2016-10-28 00:00:00-04:00,62.47999954223633,64.86000061035156,61.84000015258789,64.33999633789062,57.21598434448242,2363500
2016-10-31 00:00:00-04:00,64.62999725341797,64.73999786376953,64.0,64.4800033569336,57.340492248535156,1155500
2016-11-01 00:00:00-04:00,64.41000366210938,64.58000183105469,62.93000030517578,63.470001220703125,56.44232177734375,1256000
2016-11-02 00:00:00-04:00,63.380001068115234,63.650001525878906,61.5,61.630001068115234,54.806053161621094,1262500
2016-11-03 00:00:00-04:00,61.65999984741211,63.25,61.38999938964844,62.7400016784668,55.793148040771484,1098700
2016-11-04 00:00:00-04:00,62.310001373291016,64.05000305175781,62.310001373291016,63.63999938964844,56.5934944152832,1357800
2016-11-07 00:00:00-05:00,64.5999984741211,64.8499984741211,63.36000061035156,63.43000030517578,56.4067497253418,2595400
2016-11-08 00:00:00-05:00,63.560001373291016,65.55999755859375,62.81999969482422,63.099998474121094,56.113285064697266,6931400
2016-11-09 00:00:00-05:00,53.0,56.02000045776367,51.0,52.630001068115234,46.802574157714844,18906700
2016-11-10 00:00:00-05:00,52.70000076293945,53.72999954223633,51.0099983215332,51.83000183105469,46.09115219116211,6271600
2016-11-11 00:00:00-05:00,51.939998626708984,51.939998626708984,50.59000015258789,51.0099983215332,45.36194610595703,3326400
2016-11-14 00:00:00-05:00,51.029998779296875,51.279998779296875,48.52000045776367,48.79999923706055,43.396644592285156,5540400
2016-11-15 00:00:00-05:00,49.56999969482422,50.52000045776367,49.33000183105469,50.02000045776367,44.481563568115234,4645300
2016-11-16 00:00:00-05:00,49.84000015258789,51.20000076293945,49.7400016784668,50.400001525878906,44.819488525390625,3272100
2016-11-17 00:00:00-05:00,50.18000030517578,51.689998626708984,50.099998474121094,50.970001220703125,45.32637405395508,2253300
2016-11-18 00:00:00-05:00,50.77000045776367,51.5099983215332,50.290000915527344,50.790000915527344,45.16630554199219,1338100
2016-11-21 00:00:00-05:00,51.29999923706055,52.04999923706055,50.93000030517578,51.68000030517578,45.957759857177734,1433300
2016-11-22 00:00:00-05:00,51.689998626708984,52.08000183105469,51.22999954223633,51.34000015258789,45.6554069519043,1305100
2016-11-23 00:00:00-05:00,51.0,51.0099983215332,50.38999938964844,50.790000915527344,45.16630554199219,1059900
2016-11-25 00:00:00-05:00,50.91999816894531,51.400001525878906,50.65999984741211,51.16999816894531,45.50422668457031,500800
2016-11-28 00:00:00-05:00,51.060001373291016,51.189998626708984,50.06999969482422,50.18000030517578,44.62384796142578,1925200
2016-11-29 00:00:00-05:00,50.43000030517578,50.81999969482422,49.15999984741211,49.29999923706055,43.841285705566406,2349000
2016-11-30 00:00:00-05:00,49.2400016784668,49.720001220703125,48.25,48.279998779296875,42.93422317504883,2706200
2016-12-01 00:00:00-05:00,48.34000015258789,48.38999938964844,46.880001068115234,47.15999984741211,41.938236236572266,2263700
2016-12-02 00:00:00-05:00,47.20000076293945,47.349998474121094,45.95000076293945,46.459999084472656,41.31574249267578,2588700
2016-12-05 00:00:00-05:00,47.130001068115234,48.5099983215332,46.689998626708984,47.97999954223633,42.667442321777344,2761400
2016-12-06 00:00:00-05:00,48.130001068115234,48.5,47.77000045776367,48.16999816894531,42.836402893066406,1379600
2016-12-07 00:00:00-05:00,48.189998626708984,48.40999984741211,47.540000915527344,47.599998474121094,42.32951354980469,2724800
2016-12-08 00:00:00-05:00,47.38999938964844,48.310001373291016,47.25,48.060001373291016,42.738582611083984,1664300
2016-12-09 00:00:00-05:00,48.16999816894531,49.400001525878906,48.0099983215332,49.22999954223633,43.77903366088867,1811100
2016-12-12 00:00:00-05:00,49.0,49.349998474121094,48.25,48.709999084472656,43.316612243652344,2146300
2016-12-13 00:00:00-05:00,48.83000183105469,49.54999923706055,48.65999984741211,49.029998779296875,43.60118103027344,1412400
2016-12-14 00:00:00-05:00,49.02000045776367,49.189998626708984,47.380001068115234,47.619998931884766,42.3473014831543,3847100
2016-12-15 00:00:00-05:00,47.689998626708984,47.97999954223633,47.13999938964844,47.380001068115234,42.13387680053711,1880600
2016-12-16 00:00:00-05:00,47.56999969482422,48.09000015258789,47.18000030517578,47.369998931884766,42.12498092651367,4050500
2016-12-19 00:00:00-05:00,47.529998779296875,47.599998474121094,46.38999938964844,46.45000076293945,41.30685043334961,1919500
2016-12-20 00:00:00-05:00,47.09000015258789,49.75,47.02000045776367,48.790000915527344,43.38775634765625,5586200
2016-12-21 00:00:00-05:00,49.4900016784668,49.4900016784668,46.209999084472656,46.279998779296875,41.155670166015625,2703900
2016-12-22 00:00:00-05:00,46.43000030517578,46.45000076293945,45.630001068115234,46.38999938964844,41.25349044799805,2677500
2016-12-23 00:00:00-05:00,46.470001220703125,46.689998626708984,46.16999816894531,46.540000915527344,41.38688659667969,1222300
2016-12-27 00:00:00-05:00,46.58000183105469,47.47999954223633,46.4900016784668,47.290000915527344,42.05384063720703,1416000
2016-12-28 00:00:00-05:00,47.22999954223633,47.650001525878906,46.63999938964844,46.849998474121094,41.662559509277344,1368900
2016-12-29 00:00:00-05:00,46.75,47.119998931884766,46.529998779296875,46.95000076293945,41.751487731933594,1622600
2016-12-30 00:00:00-05:00,47.0,47.27000045776367,46.15999984741211,46.369998931884766,41.2357063293457,1533600
2017-01-03 00:00:00-05:00,46.75,47.630001068115234,46.209999084472656,47.5099983215332,42.249481201171875,1914000
2017-01-04 00:00:00-05:00,47.7400016784668,49.0,47.630001068115234,48.86000061035156,43.45000457763672,2011400
2017-01-05 00:00:00-05:00,48.88999938964844,49.75,48.83000183105469,49.20000076293945,43.752357482910156,1734700
2017-01-06 00:00:00-05:00,49.0099983215332,51.060001373291016,48.560001373291016,50.77000045776367,45.148521423339844,2940700
2017-01-09 00:00:00-05:00,50.91999816894531,51.43000030517578,50.400001525878906,50.91999816894531,45.28190994262695,2646800
2017-01-10 00:00:00-05:00,51.06999969482422,51.880001068115234,50.2400016784668,51.310001373291016,45.62873077392578,2572200
2017-01-11 00:00:00-05:00,51.0099983215332,51.91999816894531,50.83000183105469,51.65999984741211,45.93997573852539,1560200
2017-01-12 00:00:00-05:00,51.720001220703125,52.349998474121094,50.810001373291016,51.880001068115234,46.135616302490234,2499700
2017-01-13 00:00:00-05:00,52.029998779296875,53.29999923706055,52.029998779296875,52.91999816894531,47.06045913696289,2254400
2017-01-17 00:00:00-05:00,52.560001373291016,53.58000183105469,52.380001068115234,52.599998474121094,46.77589416503906,1926500
2017-01-18 00:00:00-05:00,52.65999984741211,53.38999938964844,52.459999084472656,52.880001068115234,47.0248908996582,1288600
2017-01-19 00:00:00-05:00,52.900001525878906,53.11000061035156,51.58000183105469,52.15999984741211,46.384613037109375,2097800
2017-01-20 00:00:00-05:00,52.22999954223633,52.91999816894531,51.2599983215332,51.849998474121094,46.10893630981445,2137500
2017-01-23 00:00:00-05:00,51.790000915527344,51.849998474121094,50.90999984741211,51.38999938964844,45.69987106323242,1549700
2017-01-24 00:00:00-05:00,51.65999984741211,52.380001068115234,50.7599983215332,52.130001068115234,46.35793685913086,1412600
2017-01-25 00:00:00-05:00,52.75,52.86000061035156,52.060001373291016,52.650001525878906,46.82035827636719,1893000
2017-01-26 00:00:00-05:00,52.72999954223633,52.84000015258789,52.099998474121094,52.18000030517578,46.40239715576172,772700
2017-01-27 00:00:00-05:00,52.459999084472656,52.459999084472656,51.66999816894531,52.0,46.24232864379883,812500
2017-01-30 00:00:00-05:00,51.970001220703125,52.33000183105469,51.22999954223633,52.25,46.46464920043945,1144800
2017-01-31 00:00:00-05:00,51.97999954223633,53.18000030517578,51.79999923706055,52.900001525878906,47.04267883300781,1405700
2017-02-01 00:00:00-05:00,52.9900016784668,53.470001220703125,51.56999969482422,51.869998931884766,46.1267204284668,1800900
2017-02-02 00:00:00-05:00,51.810001373291016,52.72999954223633,51.29999923706055,52.060001373291016,46.295684814453125,1045000
2017-02-03 00:00:00-05:00,52.400001525878906,52.959999084472656,52.060001373291016,52.61000061035156,46.784786224365234,961000
2017-02-06 00:00:00-05:00,52.5,52.869998931884766,51.630001068115234,51.959999084472656,46.206756591796875,1644300
2017-02-07 00:00:00-05:00,52.029998779296875,52.400001525878906,51.5,51.959999084472656,46.206756591796875,1305000
2017-02-08 00:00:00-05:00,51.959999084472656,52.31999969482422,51.45000076293945,51.88999938964844,46.144508361816406,1786300
2017-02-09 00:00:00-05:00,52.119998931884766,52.900001525878906,52.040000915527344,52.5099983215332,46.695858001708984,2395200
2017-02-10 00:00:00-05:00,52.70000076293945,52.900001525878906,51.81999969482422,52.0,46.24232864379883,2486300
2017-02-13 00:00:00-05:00,52.02000045776367,52.20000076293945,51.33000183105469,51.38999938964844,45.69987106323242,2585900
2017-02-14 00:00:00-05:00,51.5,52.459999084472656,50.720001220703125,52.189998626708984,46.41128921508789,3855300
2017-02-15 00:00:00-05:00,52.33000183105469,53.290000915527344,52.20000076293945,52.70000076293945,46.86482238769531,6553400
2017-02-16 00:00:00-05:00,49.0,50.36000061035156,46.84000015258789,46.91999816894531,41.72480773925781,12391000
2017-02-17 00:00:00-05:00,46.970001220703125,47.650001525878906,46.31999969482422,47.060001373291016,41.849308013916016,5935700
2017-02-21 00:00:00-05:00,47.25,47.310001373291016,46.77000045776367,46.84000015258789,41.65366744995117,2424600
2017-02-22 00:00:00-05:00,45.84000015258789,46.15999984741211,44.959999084472656,45.54999923706055,40.506500244140625,4343200
2017-02-23 00:00:00-05:00,46.119998931884766,46.20000076293945,43.209999084472656,43.459999084472656,38.64791488647461,6814900
2017-02-24 00:00:00-05:00,43.150001525878906,43.36000061035156,42.0,42.619998931884766,37.90092468261719,4670200
2017-02-27 00:00:00-05:00,42.0099983215332,43.20000076293945,41.810001373291016,42.810001373291016,38.069889068603516,5004500
2017-02-28 00:00:00-05:00,42.18000030517578,42.25,41.150001525878906,41.470001220703125,36.878257751464844,3918300
2017-03-01 00:00:00-05:00,41.790000915527344,41.900001525878906,40.7400016784668,41.470001220703125,36.878257751464844,3881800
2017-03-02 00:00:00-05:00,40.849998474121094,41.529998779296875,40.45000076293945,40.81999969482422,36.300228118896484,3174000
2017-03-03 00:00:00-05:00,40.939998626708984,41.790000915527344,40.810001373291016,41.7400016784668,37.11836242675781,3666100
2017-03-06 00:00:00-05:00,41.5,41.689998626708984,40.810001373291016,41.599998474121094,36.99386215209961,3430300
2017-03-07 00:00:00-05:00,41.349998474121094,41.91999816894531,41.099998474121094,41.310001373291016,36.7359733581543,3401800
2017-03-08 00:00:00-05:00,41.22999954223633,44.060001373291016,41.20000076293945,43.83000183105469,38.97694778442383,7546700
2017-03-09 00:00:00-05:00,43.939998626708984,44.599998474121094,43.119998931884766,43.59000015258789,38.76352310180664,4063900
2017-03-10 00:00:00-05:00,43.720001220703125,44.349998474121094,43.279998779296875,43.599998474121094,38.77241134643555,2706900
2017-03-13 00:00:00-04:00,43.619998931884766,44.0,43.150001525878906,43.5099983215332,38.692378997802734,1482000
2017-03-14 00:00:00-04:00,43.400001525878906,43.5,41.939998626708984,42.2599983215332,37.58078384399414,1819700
2017-03-15 00:00:00-04:00,42.439998626708984,42.880001068115234,42.0,42.709999084472656,37.98095703125,1910300
2017-03-16 00:00:00-04:00,42.81999969482422,43.18000030517578,42.61000061035156,43.06999969482422,38.30109786987305,1522700
2017-03-17 00:00:00-04:00,43.22999954223633,43.38999938964844,42.880001068115234,43.27000045776367,38.47895431518555,2213000
2017-03-20 00:00:00-04:00,43.189998626708984,43.400001525878906,42.81999969482422,43.0,38.23884963989258,1307800
2017-03-21 00:00:00-04:00,43.2599983215332,43.36000061035156,41.650001525878906,41.709999084472656,37.09168243408203,2304200
2017-03-22 00:00:00-04:00,41.79999923706055,41.79999923706055,40.869998931884766,41.400001525878906,36.816009521484375,2868900
2017-03-23 00:00:00-04:00,41.349998474121094,42.70000076293945,40.91999816894531,42.52000045776367,37.81199645996094,5022900
2017-03-24 00:00:00-04:00,42.72999954223633,43.02000045776367,42.45000076293945,42.689998626708984,37.963172912597656,2440500
2017-03-27 00:00:00-04:00,42.33000183105469,42.939998626708984,42.0,42.65999984741211,37.93649673461914,1548700
2017-03-28 00:00:00-04:00,42.52000045776367,43.41999816894531,42.5,43.130001068115234,38.354454040527344,1793100
2017-03-29 00:00:00-04:00,43.099998474121094,43.77000045776367,42.83000183105469,43.650001525878906,38.81687927246094,1707000
2017-03-30 00:00:00-04:00,43.5,43.58000183105469,42.79999923706055,43.310001373291016,38.5145263671875,2849000
2017-03-31 00:00:00-04:00,43.380001068115234,43.619998931884766,43.02000045776367,43.15999984741211,38.381134033203125,2435600
2017-04-03 00:00:00-04:00,43.2599983215332,43.439998626708984,42.15999984741211,42.77000045776367,38.03431701660156,3074100
2017-04-04 00:00:00-04:00,42.540000915527344,42.7599983215332,41.58000183105469,41.63999938964844,37.02943420410156,2186800
2017-04-05 00:00:00-04:00,41.779998779296875,42.33000183105469,41.349998474121094,41.7599983215332,37.136146545410156,4075600
2017-04-06 00:00:00-04:00,41.939998626708984,42.75,41.75,42.29999923706055,37.616355895996094,4144300
2017-04-07 00:00:00-04:00,42.290000915527344,42.59000015258789,42.040000915527344,42.060001373291016,37.402931213378906,3169500
2017-04-10 00:00:00-04:00,42.20000076293945,42.630001068115234,42.029998779296875,42.2400016784668,37.5629997253418,3605800
2017-04-11 00:00:00-04:00,42.08000183105469,42.13999938964844,41.119998931884766,41.45000076293945,36.8604736328125,3848800
2017-04-12 00:00:00-04:00,41.45000076293945,42.099998474121094,41.20000076293945,41.5,36.90493392944336,1875000
2017-04-13 00:00:00-04:00,41.5,41.7599983215332,41.15999984741211,41.36000061035156,36.78043746948242,1830700
2017-04-17 00:00:00-04:00,41.720001220703125,41.79999923706055,40.88999938964844,41.77000045776367,37.14503860473633,3688600
2017-04-18 00:00:00-04:00,41.4900016784668,42.099998474121094,41.13999938964844,41.970001220703125,37.32289505004883,1922400
2017-04-19 00:00:00-04:00,42.18000030517578,42.88999938964844,41.959999084472656,42.029998779296875,37.376251220703125,2355600
2017-04-20 00:00:00-04:00,42.279998779296875,43.0,42.150001525878906,42.709999084472656,37.98095703125,1928000
2017-04-21 00:00:00-04:00,42.68000030517578,43.060001373291016,42.31999969482422,42.650001525878906,37.92760467529297,5112300
2017-04-24 00:00:00-04:00,43.099998474121094,43.79999923706055,42.81999969482422,43.34000015258789,38.541202545166016,2486900
2017-04-25 00:00:00-04:00,43.47999954223633,43.939998626708984,42.77000045776367,43.650001525878906,38.81687927246094,1923600
2017-04-26 00:00:00-04:00,43.70000076293945,44.86000061035156,43.68000030517578,44.5,39.57276153564453,2920900
2017-04-27 00:00:00-04:00,44.5099983215332,45.310001373291016,44.11000061035156,45.099998474121094,40.106327056884766,3647900
2017-04-28 00:00:00-04:00,45.20000076293945,45.20000076293945,43.65999984741211,45.0099983215332,40.02629089355469,3960900
2017-05-01 00:00:00-04:00,45.029998779296875,45.5,44.77000045776367,44.959999084472656,39.98182678222656,2079300
2017-05-02 00:00:00-04:00,45.06999969482422,46.119998931884766,44.7400016784668,46.099998474121094,40.995601654052734,2638800
2017-05-03 00:00:00-04:00,46.130001068115234,46.22999954223633,44.849998474121094,45.11000061035156,40.11521911621094,2751500
2017-05-04 00:00:00-04:00,45.119998931884766,45.95000076293945,45.02000045776367,45.88999938964844,40.80885314941406,2878400
2017-05-05 00:00:00-04:00,45.86000061035156,46.45000076293945,45.72999954223633,46.16999816894531,41.0578498840332,1870500
2017-05-08 00:00:00-04:00,46.18000030517578,47.380001068115234,46.029998779296875,47.029998779296875,41.822628021240234,3887300
2017-05-09 00:00:00-04:00,47.099998474121094,48.099998474121094,46.81999969482422,46.91999816894531,41.72480773925781,4388600
2017-05-10 00:00:00-04:00,49.79999923706055,50.95000076293945,46.70000076293945,47.9900016784668,42.676334381103516,8629800
2017-05-11 00:00:00-04:00,47.36000061035156,47.52000045776367,45.5099983215332,45.630001068115234,40.57764434814453,4102800
2017-05-12 00:00:00-04:00,46.09000015258789,46.68000030517578,45.56999969482422,46.25,41.12899398803711,2167900
2017-05-15 00:00:00-04:00,46.400001525878906,47.08000183105469,46.20000076293945,46.66999816894531,41.50248718261719,2019200
2017-05-16 00:00:00-04:00,47.040000915527344,47.040000915527344,45.52000045776367,45.619998931884766,40.568748474121094,2624300
2017-05-17 00:00:00-04:00,45.0,45.529998779296875,43.7599983215332,43.970001220703125,39.10144805908203,4214400
2017-05-18 00:00:00-04:00,43.970001220703125,44.93000030517578,43.65999984741211,44.61000061035156,39.67058181762695,1837600
2017-05-19 00:00:00-04:00,44.7400016784668,44.7400016784668,43.88999938964844,44.08000183105469,39.19926834106445,2076000
2017-05-22 00:00:00-04:00,44.29999923706055,44.560001373291016,42.459999084472656,42.970001220703125,38.2121696472168,4673500
2017-05-23 00:00:00-04:00,42.93000030517578,42.93000030517578,40.66999816894531,40.869998931884766,36.34469223022461,5647600
2017-05-24 00:00:00-04:00,40.77000045776367,40.90999984741211,39.93000030517578,40.79999923706055,36.282440185546875,4182300
2017-05-25 00:00:00-04:00,40.810001373291016,40.83000183105469,39.790000915527344,39.81999969482422,35.410953521728516,3494600
2017-05-26 00:00:00-04:00,39.25,39.68000030517578,38.31999969482422,39.06999969482422,34.743995666503906,4865400
2017-05-30 00:00:00-04:00,38.90999984741211,39.22999954223633,38.65999984741211,39.060001373291016,34.735103607177734,3327200
2017-05-31 00:00:00-04:00,39.25,39.31999969482422,38.22999954223633,38.5099983215332,34.24599838256836,3300400
2017-06-01 00:00:00-04:00,38.650001525878906,40.13999938964844,38.650001525878906,39.970001220703125,35.54434585571289,3159100
2017-06-02 00:00:00-04:00,40.0,40.11000061035156,38.7599983215332,39.130001068115234,34.7973518371582,2283200
2017-06-05 00:00:00-04:00,39.130001068115234,39.290000915527344,38.77000045776367,39.040000915527344,34.71731948852539,1524900
2017-06-06 00:00:00-04:00,38.93000030517578,38.93000030517578,38.0099983215332,38.06999969482422,33.85472106933594,2282000
2017-06-07 00:00:00-04:00,38.20000076293945,38.5,36.849998474121094,37.279998779296875,33.152191162109375,3250700
2017-06-08 00:00:00-04:00,36.970001220703125,37.650001525878906,36.959999084472656,37.38999938964844,33.2500114440918,2049500
2017-06-09 00:00:00-04:00,37.310001373291016,37.790000915527344,37.04999923706055,37.47999954223633,33.330047607421875,2790400
2017-06-12 00:00:00-04:00,37.41999816894531,38.400001525878906,37.34000015258789,37.810001373291016,33.62350845336914,2490900
2017-06-13 00:00:00-04:00,37.95000076293945,38.810001373291016,37.880001068115234,38.779998779296875,34.48610305786133,2560300
2017-06-14 00:00:00-04:00,38.91999816894531,39.38999938964844,38.439998626708984,38.56999969482422,34.29935836791992,2315900
2017-06-15 00:00:00-04:00,38.2599983215332,38.369998931884766,37.400001525878906,37.90999984741211,33.71243667602539,1400000
2017-06-16 00:00:00-04:00,37.77000045776367,37.97999954223633,37.34000015258789,37.90999984741211,33.71243667602539,3408700
2017-06-19 00:00:00-04:00,37.06999969482422,37.38999938964844,35.959999084472656,36.099998474121094,32.10284423828125,3865200
2017-06-20 00:00:00-04:00,36.09000015258789,36.58000183105469,35.689998626708984,36.0099983215332,32.02281188964844,2466800
2017-06-21 00:00:00-04:00,36.099998474121094,36.099998474121094,35.34000015258789,35.81999969482422,31.853849411010742,1601900
2017-06-22 00:00:00-04:00,35.81999969482422,36.22999954223633,35.61000061035156,35.7400016784668,31.7827091217041,1685000
2017-06-23 00:00:00-04:00,35.849998474121094,36.9900016784668,35.709999084472656,36.959999084472656,32.86762237548828,3927800
2017-06-26 00:00:00-04:00,37.06999969482422,37.349998474121094,36.619998931884766,36.66999816894531,32.60973358154297,2010500
2017-06-27 00:00:00-04:00,36.790000915527344,37.25,36.2400016784668,36.4900016784668,32.44966506958008,1425400
2017-06-28 00:00:00-04:00,37.060001373291016,38.72999954223633,37.0,38.13999938964844,33.916969299316406,3995100
2017-06-29 00:00:00-04:00,38.02000045776367,38.4900016784668,37.220001220703125,38.0,33.79247283935547,2118700
2017-06-30 00:00:00-04:00,38.20000076293945,38.90999984741211,38.13999938964844,38.20000076293945,33.9703254699707,2032600
2017-07-03 00:00:00-04:00,38.47999954223633,38.790000915527344,38.209999084472656,38.47999954223633,34.219322204589844,1092100
2017-07-05 00:00:00-04:00,38.45000076293945,38.63999938964844,37.45000076293945,37.779998779296875,33.59682846069336,2263000
2017-07-06 00:00:00-04:00,37.68000030517578,37.849998474121094,36.599998474121094,36.65999984741211,32.6008415222168,2045400
2017-07-07 00:00:00-04:00,36.68000030517578,37.150001525878906,36.529998779296875,36.63999938964844,32.58305740356445,1451500
2017-07-10 00:00:00-04:00,36.599998474121094,36.70000076293945,36.04999923706055,36.189998626708984,32.18288040161133,1951600
2017-07-11 00:00:00-04:00,36.22999954223633,36.849998474121094,35.9900016784668,36.40999984741211,32.37852096557617,1476900
2017-07-12 00:00:00-04:00,36.7400016784668,37.58000183105469,36.349998474121094,37.310001373291016,33.178871154785156,1757600
2017-07-13 00:00:00-04:00,37.369998931884766,38.150001525878906,37.310001373291016,38.029998779296875,33.819149017333984,1504200
2017-07-14 00:00:00-04:00,38.13999938964844,38.54999923706055,37.790000915527344,38.130001068115234,33.908077239990234,1486100
2017-07-17 00:00:00-04:00,38.130001068115234,38.689998626708984,37.810001373291016,38.0,33.79247283935547,945900
2017-07-18 00:00:00-04:00,38.0,38.310001373291016,37.75,38.279998779296875,34.041465759277344,1540700
2017-07-19 00:00:00-04:00,39.099998474121094,39.84000015258789,38.630001068115234,39.599998474121094,35.215309143066406,3721000
2017-07-20 00:00:00-04:00,39.599998474121094,39.7599983215332,37.869998931884766,37.88999938964844,33.69464874267578,2119400
2017-07-21 00:00:00-04:00,37.86000061035156,38.09000015258789,36.81999969482422,37.540000915527344,33.38340377807617,2359700
2017-07-24 00:00:00-04:00,37.47999954223633,37.65999984741211,37.0,37.27000045776367,33.1432991027832,1453800
2017-07-25 00:00:00-04:00,37.560001373291016,38.93000030517578,37.13999938964844,38.81999969482422,34.52167510986328,1849100
2017-07-26 00:00:00-04:00,39.040000915527344,39.4900016784668,38.54999923706055,39.060001373291016,34.735103607177734,2590900
2017-07-27 00:00:00-04:00,39.0099983215332,39.36000061035156,38.130001068115234,38.529998779296875,34.26378631591797,2970200
2017-07-28 00:00:00-04:00,38.0,39.77000045776367,38.0,39.380001068115234,35.01967239379883,4365200
2017-07-31 00:00:00-04:00,39.43000030517578,39.5,38.43000030517578,39.02000045776367,34.69953155517578,2454900
2017-08-01 00:00:00-04:00,39.2400016784668,39.2599983215332,37.11000061035156,37.349998474121094,33.214439392089844,3462300
2017-08-02 00:00:00-04:00,37.2599983215332,37.650001525878906,36.86000061035156,37.56999969482422,33.41008377075195,2702100
2017-08-03 00:00:00-04:00,37.58000183105469,37.970001220703125,37.209999084472656,37.810001373291016,33.62350845336914,2030300
2017-08-04 00:00:00-04:00,38.0,39.779998779296875,37.86000061035156,39.5099983215332,35.135276794433594,3876700
2017-08-07 00:00:00-04:00,39.4900016784668,40.27000045776367,39.25,39.560001373291016,35.17974090576172,4572100
2017-08-08 00:00:00-04:00,39.58000183105469,39.97999954223633,38.849998474121094,39.54999923706055,35.17084884643555,5473100
2017-08-09 00:00:00-04:00,36.54999923706055,40.81999969482422,35.54999923706055,40.540000915527344,36.051231384277344,15180100
2017-08-10 00:00:00-04:00,40.22999954223633,41.70000076293945,39.369998931884766,39.709999084472656,35.31312942504883,7591700
2017-08-11 00:00:00-04:00,39.83000183105469,42.36000061035156,39.779998779296875,42.18000030517578,37.5096435546875,5517500
2017-08-14 00:00:00-04:00,42.36000061035156,42.380001068115234,41.33000183105469,41.47999954223633,36.887149810791016,4504600
2017-08-15 00:00:00-04:00,41.380001068115234,41.540000915527344,40.61000061035156,40.65999984741211,36.15794372558594,3074900
2017-08-16 00:00:00-04:00,40.90999984741211,41.72999954223633,40.06999969482422,40.16999816894531,35.722198486328125,3216800
2017-08-17 00:00:00-04:00,39.77000045776367,40.310001373291016,39.16999816894531,39.209999084472656,34.868492126464844,3799500
2017-08-18 00:00:00-04:00,39.029998779296875,40.220001220703125,38.95000076293945,39.91999816894531,35.4998779296875,2591100
2017-08-21 00:00:00-04:00,39.93000030517578,40.63999938964844,39.790000915527344,40.47999954223633,35.99787521362305,2258800
2017-08-22 00:00:00-04:00,40.65999984741211,41.16999816894531,40.41999816894531,41.09000015258789,36.54033279418945,1729100
2017-08-23 00:00:00-04:00,40.86000061035156,41.619998931884766,40.52000045776367,41.34000015258789,36.76264953613281,1677100
2017-08-24 00:00:00-04:00,42.0,43.86000061035156,42.0,43.31999969482422,38.52341842651367,4619000
2017-08-25 00:00:00-04:00,42.2400016784668,42.880001068115234,41.290000915527344,41.720001220703125,37.10057830810547,4011800
2017-08-28 00:00:00-04:00,41.63999938964844,42.060001373291016,41.16999816894531,41.97999954223633,37.331787109375,1776400
2017-08-29 00:00:00-04:00,41.599998474121094,41.83000183105469,40.86000061035156,41.689998626708984,37.07389831542969,2329700
2017-08-30 00:00:00-04:00,41.790000915527344,42.9900016784668,41.09000015258789,42.56999969482422,37.85646057128906,1909600
2017-08-31 00:00:00-04:00,42.63999938964844,43.20000076293945,42.31999969482422,42.72999954223633,37.99874496459961,1934400
2017-09-01 00:00:00-04:00,42.90999984741211,43.38999938964844,42.66999816894531,42.7400016784668,38.00763702392578,2107000
2017-09-05 00:00:00-04:00,42.59000015258789,44.84000015258789,42.59000015258789,44.54999923706055,39.617225646972656,3693300
2017-09-06 00:00:00-04:00,43.52000045776367,44.5099983215332,42.52000045776367,44.310001373291016,39.40380096435547,3834100
2017-09-07 00:00:00-04:00,44.349998474121094,45.970001220703125,44.060001373291016,45.810001373291016,40.73771286010742,3509900
2017-09-08 00:00:00-04:00,45.630001068115234,45.75,44.72999954223633,45.060001373291016,40.07075881958008,2408800
2017-09-11 00:00:00-04:00,45.380001068115234,45.470001220703125,44.29999923706055,44.47999954223633,39.55497741699219,2792500
2017-09-12 00:00:00-04:00,44.5,45.29999923706055,44.5,44.81999969482422,39.857330322265625,2814500
2017-09-13 00:00:00-04:00,44.650001525878906,44.720001220703125,44.08000183105469,44.40999984741211,39.49272537231445,2313200
2017-09-14 00:00:00-04:00,44.209999084472656,44.58000183105469,42.84000015258789,42.970001220703125,38.2121696472168,2683800
2017-09-15 00:00:00-04:00,43.150001525878906,44.09000015258789,42.650001525878906,43.93000030517578,39.06587600708008,2890100
2017-09-18 00:00:00-04:00,44.220001220703125,44.810001373291016,43.31999969482422,43.59000015258789,38.76352310180664,1757000
2017-09-19 00:00:00-04:00,43.72999954223633,44.09000015258789,43.25,43.599998474121094,38.77241134643555,1762700
2017-09-20 00:00:00-04:00,43.599998474121094,44.04999923706055,43.310001373291016,43.91999816894531,39.05698013305664,1542000
2017-09-21 00:00:00-04:00,43.869998931884766,44.63999938964844,43.5,44.2400016784668,39.341552734375,1449700
2017-09-22 00:00:00-04:00,44.290000915527344,44.5,44.08000183105469,44.369998931884766,39.457157135009766,1151500
2017-09-25 00:00:00-04:00,43.5099983215332,43.59000015258789,39.90999984741211,41.22999954223633,36.66482925415039,8597300
2017-09-26 00:00:00-04:00,41.4900016784668,42.13999938964844,40.86000061035156,41.130001068115234,36.575904846191406,2185700
2017-09-27 00:00:00-04:00,40.93000030517578,42.16999816894531,40.619998931884766,41.939998626708984,37.29621505737305,2323600
2017-09-28 00:00:00-04:00,41.810001373291016,42.16999816894531,40.380001068115234,40.459999084472656,35.98008728027344,2735500
2017-09-29 00:00:00-04:00,40.72999954223633,41.099998474121094,40.4900016784668,40.529998779296875,36.042335510253906,1552800
2017-10-02 00:00:00-04:00,41.11000061035156,41.810001373291016,40.060001373291016,40.97999954223633,36.44251251220703,2081500
2017-10-03 00:00:00-04:00,40.91999816894531,41.939998626708984,40.52000045776367,41.84000015258789,37.20729064941406,2447900
2017-10-04 00:00:00-04:00,42.02000045776367,43.439998626708984,41.849998474121094,43.400001525878906,38.59455871582031,2185400
2017-10-05 00:00:00-04:00,43.38999938964844,44.0099983215332,42.650001525878906,43.61000061035156,38.781307220458984,3015400
2017-10-06 00:00:00-04:00,43.72999954223633,43.779998779296875,41.22999954223633,41.61000061035156,37.00275802612305,2415800
2017-10-09 00:00:00-04:00,41.54999923706055,42.18000030517578,41.2599983215332,42.040000915527344,37.3851432800293,1491700
2017-10-10 00:00:00-04:00,42.279998779296875,42.38999938964844,40.84000015258789,40.9900016784668,36.4514045715332,2331300
2017-10-11 00:00:00-04:00,41.20000076293945,41.66999816894531,40.29999923706055,40.33000183105469,35.86448287963867,2273800
2017-10-12 00:00:00-04:00,40.18000030517578,40.459999084472656,39.150001525878906,39.529998779296875,35.15306091308594,2490500
2017-10-13 00:00:00-04:00,39.70000076293945,40.290000915527344,39.349998474121094,39.400001525878906,35.03745651245117,1918100
2017-10-16 00:00:00-04:00,39.40999984741211,39.810001373291016,38.779998779296875,39.720001220703125,35.322025299072266,1840800
2017-10-17 00:00:00-04:00,39.709999084472656,40.560001373291016,39.5,40.36000061035156,35.89116287231445,1702500
2017-10-18 00:00:00-04:00,40.459999084472656,40.459999084472656,39.72999954223633,40.0099983215332,35.57991409301758,1905400
2017-10-19 00:00:00-04:00,39.810001373291016,40.689998626708984,39.56999969482422,40.47999954223633,35.99787521362305,1476700
2017-10-20 00:00:00-04:00,40.65999984741211,40.77000045776367,40.189998626708984,40.29999923706055,35.83780288696289,1595500
2017-10-23 00:00:00-04:00,40.36000061035156,40.54999923706055,39.68000030517578,39.7400016784668,35.339813232421875,1428400
2017-10-24 00:00:00-04:00,40.459999084472656,40.459999084472656,38.470001220703125,39.29999923706055,34.94852828979492,2509400
2017-10-25 00:00:00-04:00,38.369998931884766,38.5,37.25,37.59000015258789,33.4278678894043,5388400
2017-10-26 00:00:00-04:00,37.66999816894531,38.279998779296875,37.29999923706055,37.75,33.570152282714844,3405400
2017-10-27 00:00:00-04:00,36.70000076293945,37.20000076293945,35.880001068115234,37.04999923706055,32.94765853881836,6175900
2017-10-30 00:00:00-04:00,36.95000076293945,37.66999816894531,36.849998474121094,37.349998474121094,33.214439392089844,1936500
2017-10-31 00:00:00-04:00,37.400001525878906,38.220001220703125,36.58000183105469,37.5,33.34783172607422,6647700
2017-11-01 00:00:00-04:00,37.7599983215332,38.470001220703125,37.66999816894531,37.869998931884766,33.67686462402344,2635000
2017-11-02 00:00:00-04:00,37.720001220703125,38.900001525878906,37.720001220703125,38.4900016784668,34.22821807861328,3116100
2017-11-03 00:00:00-04:00,38.68000030517578,38.939998626708984,38.029998779296875,38.880001068115234,34.575035095214844,2402700
2017-11-06 00:00:00-05:00,39.369998931884766,39.75,38.56999969482422,39.529998779296875,35.15306091308594,5447400
2017-11-07 00:00:00-05:00,34.709999084472656,34.79999923706055,30.209999084472656,30.350000381469727,26.989513397216797,29448800
2017-11-08 00:00:00-05:00,30.190000534057617,32.31999969482422,29.790000915527344,31.65999984741211,28.154464721679688,13228300
2017-11-09 00:00:00-05:00,31.030000686645508,32.09000015258789,31.020000457763672,31.559999465942383,28.065536499023438,5674500
2017-11-10 00:00:00-05:00,31.489999771118164,31.690000534057617,30.93000030517578,31.190000534057617,27.73650550842285,2806600
2017-11-13 00:00:00-05:00,30.799999237060547,31.170000076293945,30.399999618530273,30.75,27.34522247314453,3822800
2017-11-14 00:00:00-05:00,30.489999771118164,30.850000381469727,29.989999771118164,30.059999465942383,26.73162269592285,4820900
2017-11-15 00:00:00-05:00,30.0,30.65999984741211,29.5,30.530000686645508,27.14958381652832,4001600
2017-11-16 00:00:00-05:00,30.549999237060547,30.84000015258789,29.969999313354492,30.329999923706055,26.97172737121582,4527500
2017-11-17 00:00:00-05:00,30.239999771118164,30.639999389648438,29.81999969482422,30.59000015258789,27.202939987182617,3275500
2017-11-20 00:00:00-05:00,30.510000228881836,30.920000076293945,30.149999618530273,30.479999542236328,27.105117797851562,3397800
2017-11-21 00:00:00-05:00,30.510000228881836,32.959999084472656,30.5,32.810001373291016,29.17713165283203,12363100
2017-11-22 00:00:00-05:00,32.77000045776367,34.47999954223633,32.310001373291016,34.189998626708984,30.404329299926758,8414200
2017-11-24 00:00:00-05:00,34.130001068115234,34.34000015258789,33.619998931884766,34.16999816894531,30.38654327392578,2253500
2017-11-27 00:00:00-05:00,34.439998626708984,35.66999816894531,34.130001068115234,34.400001525878906,30.591079711914062,4879500
2017-11-28 00:00:00-05:00,34.349998474121094,34.7400016784668,33.95000076293945,34.709999084472656,30.86675262451172,5013300
2017-11-29 00:00:00-05:00,34.849998474121094,35.31999969482422,34.439998626708984,34.56999969482422,30.74225616455078,3512600
2017-11-30 00:00:00-05:00,34.5099983215332,35.16999816894531,34.380001068115234,34.619998931884766,30.786718368530273,3026400
2017-12-01 00:00:00-05:00,34.630001068115234,34.779998779296875,34.04999923706055,34.290000915527344,30.49325942993164,2591800
2017-12-04 00:00:00-05:00,34.65999984741211,35.439998626708984,34.33000183105469,34.7599983215332,30.911216735839844,3510100
2017-12-05 00:00:00-05:00,34.709999084472656,34.95000076293945,34.25,34.38999938964844,30.582185745239258,2193500
2017-12-06 00:00:00-05:00,34.25,34.709999084472656,34.09000015258789,34.41999816894531,30.608861923217773,2149800
2017-12-07 00:00:00-05:00,34.369998931884766,34.650001525878906,34.130001068115234,34.45000076293945,30.635543823242188,2536600
2017-12-08 00:00:00-05:00,34.66999816894531,35.099998474121094,34.310001373291016,34.5,30.68000602722168,2650600
2017-12-11 00:00:00-05:00,34.4900016784668,35.54999923706055,34.29999923706055,35.31999969482422,31.409212112426758,2890800
2017-12-12 00:00:00-05:00,35.060001373291016,35.709999084472656,35.0,35.099998474121094,31.21356964111328,2665100
2017-12-13 00:00:00-05:00,35.2400016784668,35.52000045776367,34.63999938964844,34.709999084472656,30.86675262451172,2493900
2017-12-14 00:00:00-05:00,34.720001220703125,34.90999984741211,34.400001525878906,34.4900016784668,30.67111587524414,2135800
2017-12-15 00:00:00-05:00,34.5,35.29999923706055,34.20000076293945,35.029998779296875,31.151321411132812,4899100
2017-12-18 00:00:00-05:00,35.22999954223633,35.9900016784668,35.189998626708984,35.459999084472656,31.533710479736328,3731800
2017-12-19 00:00:00-05:00,35.31999969482422,35.5,34.40999984741211,34.77000045776367,30.92011070251465,2902300
2017-12-20 00:00:00-05:00,34.9900016784668,34.9900016784668,34.38999938964844,34.459999084472656,30.644433975219727,2656000
2017-12-21 00:00:00-05:00,34.4900016784668,35.09000015258789,34.470001220703125,34.7400016784668,30.893434524536133,2400300
2017-12-22 00:00:00-05:00,34.7599983215332,34.7599983215332,34.41999816894531,34.56999969482422,30.74225616455078,1383400
2017-12-26 00:00:00-05:00,34.630001068115234,34.66999816894531,34.25,34.529998779296875,30.706684112548828,1446200
2017-12-27 00:00:00-05:00,34.540000915527344,34.65999984741211,34.34000015258789,34.529998779296875,30.706684112548828,1318200
2017-12-28 00:00:00-05:00,34.529998779296875,34.79999923706055,34.0,34.5,30.68000602722168,1890600
2017-12-29 00:00:00-05:00,34.52000045776367,34.68000030517578,34.25,34.459999084472656,30.644433975219727,1390300
2018-01-02 00:00:00-05:00,34.61000061035156,34.880001068115234,34.150001525878906,34.77000045776367,30.92011070251465,2588500
2018-01-03 00:00:00-05:00,34.959999084472656,35.5,34.66999816894531,34.970001220703125,31.09796714782715,1998100
2018-01-04 00:00:00-05:00,35.220001220703125,35.40999984741211,34.2400016784668,34.91999816894531,31.05350112915039,2805300
2018-01-05 00:00:00-05:00,34.97999954223633,35.150001525878906,34.650001525878906,34.72999954223633,30.884538650512695,1763600
2018-01-08 00:00:00-05:00,34.599998474121094,34.83000183105469,34.27000045776367,34.66999816894531,30.8311824798584,1865500
2018-01-09 00:00:00-05:00,34.869998931884766,34.880001068115234,34.45000076293945,34.59000015258789,30.760042190551758,1478300
2018-01-10 00:00:00-05:00,34.36000061035156,34.619998931884766,34.15999984741211,34.4900016784668,30.67111587524414,2243600
2018-01-11 00:00:00-05:00,34.59000015258789,35.61000061035156,34.41999816894531,35.279998779296875,31.373640060424805,4183100
2018-01-12 00:00:00-05:00,35.43000030517578,36.66999816894531,35.25,36.540000915527344,32.4941291809082,4419300
2018-01-16 00:00:00-05:00,37.36000061035156,37.41999816894531,35.779998779296875,35.88999938964844,31.916099548339844,4055000
2018-01-17 00:00:00-05:00,36.209999084472656,36.22999954223633,35.16999816894531,35.900001525878906,31.92499351501465,4656300
2018-01-18 00:00:00-05:00,35.90999984741211,36.470001220703125,35.150001525878906,35.619998931884766,31.675994873046875,2940700
2018-01-19 00:00:00-05:00,35.540000915527344,35.79999923706055,35.060001373291016,35.45000076293945,31.524818420410156,3190800
2018-01-22 00:00:00-05:00,35.4900016784668,37.27000045776367,35.150001525878906,37.20000076293945,33.081050872802734,3137900
2018-01-23 00:00:00-05:00,37.189998626708984,38.16999816894531,36.2599983215332,36.29999923706055,32.28070068359375,3377300
2018-01-24 00:00:00-05:00,36.349998474121094,36.83000183105469,35.84000015258789,36.310001373291016,32.28959655761719,2361000
2018-01-25 00:00:00-05:00,36.77000045776367,36.79999923706055,35.58000183105469,36.4900016784668,32.44966506958008,1680300
2018-01-26 00:00:00-05:00,36.79999923706055,36.970001220703125,36.119998931884766,36.779998779296875,32.70755386352539,1199400
2018-01-29 00:00:00-05:00,36.54999923706055,37.47999954223633,36.13999938964844,36.33000183105469,32.30738067626953,1944000
2018-01-30 00:00:00-05:00,36.040000915527344,36.11000061035156,34.880001068115234,34.900001525878906,31.03571891784668,2064600
2018-01-31 00:00:00-05:00,34.9900016784668,35.13999938964844,34.09000015258789,34.66999816894531,30.8311824798584,2666000
2018-02-01 00:00:00-05:00,34.279998779296875,34.95000076293945,34.22999954223633,34.619998931884766,30.786718368530273,1516700
2018-02-02 00:00:00-05:00,34.439998626708984,34.93000030517578,34.08000183105469,34.349998474121094,30.546613693237305,1493600
2018-02-05 00:00:00-05:00,34.34000015258789,36.20000076293945,34.18000030517578,35.619998931884766,31.675994873046875,4758200
2018-02-06 00:00:00-05:00,34.88999938964844,41.310001373291016,34.7599983215332,40.84000015258789,36.31801223754883,11626500
2018-02-07 00:00:00-05:00,40.5099983215332,41.34000015258789,40.0,41.04999923706055,36.5047607421875,4229400
2018-02-08 00:00:00-05:00,41.20000076293945,41.33000183105469,40.04999923706055,40.04999923706055,35.61548614501953,5234500
2018-02-09 00:00:00-05:00,38.970001220703125,40.349998474121094,36.5,38.310001373291016,34.068145751953125,7047900
2018-02-12 00:00:00-05:00,38.52000045776367,38.75,36.27000045776367,37.709999084472656,33.53458023071289,3842300
2018-02-13 00:00:00-05:00,37.630001068115234,40.13999938964844,37.470001220703125,39.880001068115234,35.46430969238281,3643900
2018-02-14 00:00:00-05:00,39.5,40.93000030517578,39.02000045776367,40.720001220703125,36.211299896240234,6076900
2018-02-15 00:00:00-05:00,46.0,47.02000045776367,41.45000076293945,42.400001525878906,37.705284118652344,19137900
2018-02-16 00:00:00-05:00,42.45000076293945,44.2599983215332,41.900001525878906,43.31999969482422,38.52341842651367,5179500
2018-02-20 00:00:00-05:00,43.209999084472656,43.599998474121094,42.2400016784668,42.650001525878906,37.92760467529297,3659800
2018-02-21 00:00:00-05:00,42.66999816894531,43.11000061035156,41.68000030517578,42.369998931884766,37.67860412597656,4005200
2018-02-22 00:00:00-05:00,42.619998931884766,42.619998931884766,41.45000076293945,41.650001525878906,37.038326263427734,2757200
2018-02-23 00:00:00-05:00,41.779998779296875,42.52000045776367,41.2599983215332,42.29999923706055,37.616355895996094,2727300
2018-02-26 00:00:00-05:00,42.400001525878906,42.68000030517578,41.130001068115234,41.45000076293945,36.8604736328125,2174300
2018-02-27 00:00:00-05:00,41.63999938964844,42.099998474121094,39.63999938964844,39.72999954223633,35.33091735839844,3869300
2018-02-28 00:00:00-05:00,40.09000015258789,40.599998474121094,39.54999923706055,40.08000183105469,35.64216613769531,2635500
2018-03-01 00:00:00-05:00,40.4900016784668,40.75,39.349998474121094,39.7599983215332,35.35759353637695,2093700
2018-03-02 00:00:00-05:00,39.29999923706055,40.2599983215332,38.27000045776367,39.689998626708984,35.295345306396484,2220700
2018-03-05 00:00:00-05:00,39.540000915527344,42.11000061035156,39.33000183105469,41.970001220703125,37.32289505004883,2710000
2018-03-06 00:00:00-05:00,41.88999938964844,42.63999938964844,41.150001525878906,42.380001068115234,37.6875,2681700
2018-03-07 00:00:00-05:00,41.849998474121094,43.25,41.560001373291016,42.58000183105469,37.8653564453125,1958500
2018-03-08 00:00:00-05:00,42.689998626708984,42.779998779296875,41.68000030517578,42.45000076293945,37.74974822998047,1775400
2018-03-09 00:00:00-05:00,42.61000061035156,43.04999923706055,42.189998626708984,43.029998779296875,38.265525817871094,1743800
2018-03-12 00:00:00-04:00,43.20000076293945,43.2599983215332,42.4900016784668,43.16999816894531,38.39002227783203,1528100
2018-03-13 00:00:00-04:00,43.20000076293945,43.2599983215332,41.95000076293945,42.279998779296875,37.598567962646484,1919200
2018-03-14 00:00:00-04:00,42.560001373291016,44.2599983215332,41.869998931884766,44.04999923706055,39.17258834838867,3068000
2018-03-15 00:00:00-04:00,44.27000045776367,45.20000076293945,43.5,43.7400016784668,38.896915435791016,2175900
2018-03-16 00:00:00-04:00,43.7400016784668,44.060001373291016,43.29999923706055,43.77000045776367,38.92359161376953,1947300
2018-03-19 00:00:00-04:00,43.56999969482422,43.720001220703125,42.29999923706055,42.720001220703125,37.98985290527344,1568200
2018-03-20 00:00:00-04:00,42.56999969482422,42.75,41.7400016784668,41.779998779296875,37.1539306640625,1610200
2018-03-21 00:00:00-04:00,41.83000183105469,42.0,41.209999084472656,41.59000015258789,36.98497009277344,1642500
2018-03-22 00:00:00-04:00,41.33000183105469,41.33000183105469,40.09000015258789,40.11000061035156,35.66884231567383,1421800
2018-03-23 00:00:00-04:00,40.369998931884766,40.7599983215332,39.66999816894531,40.040000915527344,35.60659408569336,1550800
2018-03-26 00:00:00-04:00,40.65999984741211,42.0099983215332,40.2400016784668,41.939998626708984,37.29621505737305,1698900
2018-03-27 00:00:00-04:00,42.0,42.0,40.209999084472656,40.33000183105469,35.86448287963867,1704100
2018-03-28 00:00:00-04:00,40.29999923706055,41.040000915527344,39.5,40.61000061035156,36.11347961425781,2218500
2018-03-29 00:00:00-04:00,40.689998626708984,41.290000915527344,40.27000045776367,40.88999938964844,36.36247634887695,1865600
2018-04-02 00:00:00-04:00,40.65999984741211,40.65999984741211,39.08000183105469,39.119998931884766,34.78845977783203,2077000
2018-04-03 00:00:00-04:00,39.540000915527344,40.20000076293945,39.130001068115234,40.0099983215332,35.57991409301758,2045000
2018-04-04 00:00:00-04:00,39.2400016784668,41.5,39.20000076293945,41.41999816894531,36.83378982543945,2435100
2018-04-05 00:00:00-04:00,41.63999938964844,42.02000045776367,41.29999923706055,41.369998931884766,36.789329528808594,2096500
2018-04-06 00:00:00-04:00,40.900001525878906,41.5,39.849998474121094,40.150001525878906,35.70441436767578,1998000
2018-04-09 00:00:00-04:00,40.38999938964844,40.4900016784668,39.779998779296875,39.79999923706055,35.393165588378906,1130300
2018-04-10 00:00:00-04:00,40.459999084472656,41.36000061035156,39.9900016784668,40.83000183105469,36.30912399291992,1072900
2018-04-11 00:00:00-04:00,40.650001525878906,41.15999984741211,40.209999084472656,40.33000183105469,35.86448287963867,950500
2018-04-12 00:00:00-04:00,40.52000045776367,40.83000183105469,40.279998779296875,40.709999084472656,36.20240783691406,1051500
2018-04-13 00:00:00-04:00,41.040000915527344,41.040000915527344,40.18000030517578,40.52000045776367,36.033447265625,831500
2018-04-16 00:00:00-04:00,40.79999923706055,41.97999954223633,40.2599983215332,41.13999938964844,36.58479690551758,1059600
2018-04-17 00:00:00-04:00,41.61000061035156,42.38999938964844,41.22999954223633,41.97999954223633,37.331787109375,1484100
2018-04-18 00:00:00-04:00,41.56999969482422,42.310001373291016,41.09000015258789,42.099998474121094,37.438499450683594,1705700
2018-04-19 00:00:00-04:00,41.86000061035156,41.9900016784668,41.36000061035156,41.63999938964844,37.02943420410156,1125200
2018-04-20 00:00:00-04:00,41.540000915527344,42.119998931884766,41.22999954223633,41.619998931884766,37.01164627075195,1151300
2018-04-23 00:00:00-04:00,41.650001525878906,43.90999984741211,41.349998474121094,42.689998626708984,37.963172912597656,2247700
2018-04-24 00:00:00-04:00,42.790000915527344,43.15999984741211,41.650001525878906,41.90999984741211,37.26953887939453,1969600
2018-04-25 00:00:00-04:00,41.869998931884766,41.869998931884766,38.2400016784668,38.33000183105469,34.085933685302734,3931000
2018-04-26 00:00:00-04:00,38.43000030517578,38.77000045776367,37.279998779296875,37.38999938964844,33.2500114440918,3143600
2018-04-27 00:00:00-04:00,38.18000030517578,38.189998626708984,36.75,37.27000045776367,33.1432991027832,2851100
2018-04-30 00:00:00-04:00,37.33000183105469,37.779998779296875,36.959999084472656,37.41999816894531,33.27668762207031,1486000
2018-05-01 00:00:00-04:00,37.209999084472656,37.540000915527344,36.84000015258789,37.529998779296875,33.37451171875,1710600
2018-05-02 00:00:00-04:00,37.38999938964844,38.5,37.220001220703125,38.29999923706055,34.05925369262695,2535000
2018-05-03 00:00:00-04:00,38.220001220703125,38.2599983215332,37.349998474121094,38.0,33.79247283935547,2255400
2018-05-04 00:00:00-04:00,37.720001220703125,39.0,37.119998931884766,38.529998779296875,34.26378631591797,2629100
2018-05-07 00:00:00-04:00,38.77000045776367,40.22999954223633,38.75,39.43000030517578,35.06413650512695,3430400
2018-05-08 00:00:00-04:00,39.220001220703125,39.40999984741211,38.27000045776367,38.779998779296875,34.48610305786133,4219300
2018-05-09 00:00:00-04:00,46.0,47.9900016784668,44.79999923706055,47.619998931884766,42.3473014831543,18135500
2018-05-10 00:00:00-04:00,47.630001068115234,49.41999816894531,46.599998474121094,48.5099983215332,43.138755798339844,5749200
2018-05-11 00:00:00-04:00,48.63999938964844,49.40999984741211,48.060001373291016,48.9900016784668,43.565608978271484,3684900
2018-05-14 00:00:00-04:00,49.13999938964844,50.689998626708984,48.25,48.66999816894531,43.28104019165039,4735800
2018-05-15 00:00:00-04:00,48.08000183105469,49.900001525878906,47.68000030517578,48.369998931884766,43.014259338378906,3184200
2018-05-16 00:00:00-04:00,48.04999923706055,49.599998474121094,48.0099983215332,48.709999084472656,43.316612243652344,3340700
2018-05-17 00:00:00-04:00,48.849998474121094,49.31999969482422,48.41999816894531,48.849998474121094,43.44110870361328,1887500
2018-05-18 00:00:00-04:00,48.810001373291016,48.84000015258789,47.88999938964844,47.91999816894531,42.61408233642578,2413500
2018-05-21 00:00:00-04:00,48.40999984741211,48.959999084472656,47.689998626708984,48.029998779296875,42.7119026184082,2394100
2018-05-22 00:00:00-04:00,48.08000183105469,48.81999969482422,47.630001068115234,48.220001220703125,42.88086700439453,1932800
2018-05-23 00:00:00-04:00,48.130001068115234,48.790000915527344,48.0,48.68000030517578,43.28993225097656,1635100
2018-05-24 00:00:00-04:00,48.65999984741211,49.31999969482422,48.41999816894531,49.09000015258789,43.654537200927734,1571200
2018-05-25 00:00:00-04:00,48.97999954223633,49.65999984741211,48.25,49.47999954223633,44.0013542175293,1933200
2018-05-29 00:00:00-04:00,49.290000915527344,50.0,49.02000045776367,49.88999938964844,44.3659553527832,2591600
2018-05-30 00:00:00-04:00,50.029998779296875,50.97999954223633,49.61000061035156,50.75,45.130733489990234,2758700
2018-05-31 00:00:00-04:00,50.619998931884766,52.18000030517578,50.619998931884766,52.13999938964844,46.366825103759766,3863500
2018-06-01 00:00:00-04:00,52.400001525878906,55.349998474121094,52.29999923706055,55.209999084472656,49.096900939941406,7631100
2018-06-04 00:00:00-04:00,55.209999084472656,56.400001525878906,54.91999816894531,56.150001525878906,49.932823181152344,5601700
2018-06-05 00:00:00-04:00,56.29999923706055,57.939998626708984,56.150001525878906,57.5099983215332,51.142234802246094,3765900
2018-06-06 00:00:00-04:00,57.63999938964844,57.880001068115234,55.790000915527344,56.22999954223633,50.003963470458984,3382900
2018-06-07 00:00:00-04:00,56.130001068115234,56.7599983215332,55.099998474121094,55.470001220703125,49.32811737060547,3396800
2018-06-08 00:00:00-04:00,55.41999816894531,56.47999954223633,55.029998779296875,55.84000015258789,49.65714645385742,2579200
2018-06-11 00:00:00-04:00,56.060001373291016,57.15999984741211,55.72999954223633,57.11000061035156,50.78652572631836,1597400
2018-06-12 00:00:00-04:00,57.209999084472656,58.79999923706055,57.209999084472656,58.290000915527344,51.835872650146484,2254100
2018-06-13 00:00:00-04:00,58.220001220703125,58.5099983215332,56.439998626708984,56.630001068115234,50.359676361083984,2141400
2018-06-14 00:00:00-04:00,56.83000183105469,57.900001525878906,56.72999954223633,57.72999954223633,51.33787536621094,1729100
2018-06-15 00:00:00-04:00,57.459999084472656,58.56999969482422,56.970001220703125,58.540000915527344,52.05819320678711,2348200
2018-06-18 00:00:00-04:00,58.380001068115234,59.40999984741211,57.83000183105469,59.31999969482422,52.751827239990234,1945800
2018-06-19 00:00:00-04:00,58.72999954223633,60.119998931884766,57.91999816894531,59.119998931884766,52.573970794677734,2683300
2018-06-20 00:00:00-04:00,59.31999969482422,59.720001220703125,58.38999938964844,58.54999923706055,52.067081451416016,1679600
2018-06-21 00:00:00-04:00,58.84000015258789,59.380001068115234,56.790000915527344,57.029998779296875,50.71538543701172,1759900
2018-06-22 00:00:00-04:00,57.029998779296875,57.869998931884766,56.310001373291016,56.65999984741211,50.3863525390625,3220800
2018-06-25 00:00:00-04:00,56.650001525878906,56.689998626708984,54.84000015258789,55.709999084472656,49.54153823852539,2236600
2018-06-26 00:00:00-04:00,55.779998779296875,56.83000183105469,55.150001525878906,56.529998779296875,50.27074432373047,2102800
2018-06-27 00:00:00-04:00,56.75,57.43000030517578,55.970001220703125,55.97999954223633,49.781646728515625,1766100
2018-06-28 00:00:00-04:00,56.439998626708984,56.9900016784668,55.58000183105469,56.650001525878906,50.37746047973633,1848000
2018-06-29 00:00:00-04:00,56.79999923706055,57.27000045776367,55.689998626708984,55.709999084472656,49.54153823852539,1521300
2018-07-02 00:00:00-04:00,55.310001373291016,56.880001068115234,54.5,56.11000061035156,49.89725112915039,1812400
2018-07-03 00:00:00-04:00,56.66999816894531,56.86000061035156,56.119998931884766,56.2400016784668,50.01285934448242,920600
2018-07-05 00:00:00-04:00,56.65999984741211,56.95000076293945,56.04999923706055,56.90999984741211,50.608673095703125,1640900
2018-07-06 00:00:00-04:00,56.90999984741211,57.779998779296875,55.790000915527344,57.560001373291016,51.186702728271484,1292800
2018-07-09 00:00:00-04:00,57.689998626708984,57.810001373291016,57.20000076293945,57.70000076293945,51.31119918823242,1356200
2018-07-10 00:00:00-04:00,57.93000030517578,58.2400016784668,57.2599983215332,57.59000015258789,51.21337890625,1531500
2018-07-11 00:00:00-04:00,59.04999923706055,60.41999816894531,58.13999938964844,58.66999816894531,52.17379379272461,3795800
2018-07-12 00:00:00-04:00,58.7599983215332,59.75,58.400001525878906,59.599998474121094,53.00082015991211,2407800
2018-07-13 00:00:00-04:00,59.68000030517578,59.970001220703125,58.70000076293945,59.130001068115234,52.582862854003906,1328900
2018-07-16 00:00:00-04:00,59.119998931884766,59.619998931884766,58.689998626708984,59.349998474121094,52.77850341796875,990200
2018-07-17 00:00:00-04:00,59.2599983215332,60.709999084472656,58.459999084472656,60.369998931884766,53.68556594848633,2172400
2018-07-18 00:00:00-04:00,60.5099983215332,61.38999938964844,60.060001373291016,60.95000076293945,54.20134735107422,1786600
2018-07-19 00:00:00-04:00,60.83000183105469,61.2400016784668,60.40999984741211,60.68000030517578,53.961238861083984,988400
2018-07-20 00:00:00-04:00,60.59000015258789,60.93000030517578,59.66999816894531,59.849998474121094,53.223140716552734,1234800
2018-07-23 00:00:00-04:00,60.099998474121094,60.439998626708984,59.119998931884766,60.29999923706055,53.623313903808594,1157300
2018-07-24 00:00:00-04:00,60.459999084472656,60.959999084472656,59.06999969482422,59.689998626708984,53.08085632324219,1195500
2018-07-25 00:00:00-04:00,59.5,60.90999984741211,58.9900016784668,60.83000183105469,54.094635009765625,1220500
2018-07-26 00:00:00-04:00,60.880001068115234,61.15999984741211,60.20000076293945,60.689998626708984,53.970130920410156,1827300
2018-07-27 00:00:00-04:00,62.220001220703125,62.36000061035156,56.810001373291016,57.93000030517578,51.51573181152344,2726500
2018-07-30 00:00:00-04:00,58.43000030517578,60.0,57.5099983215332,58.2400016784668,51.79140853881836,2435000
2018-07-31 00:00:00-04:00,58.2400016784668,58.939998626708984,56.970001220703125,57.9900016784668,51.569091796875,1817900
2018-08-01 00:00:00-04:00,57.040000915527344,58.459999084472656,56.540000915527344,57.650001525878906,51.2667350769043,3068100
2018-08-02 00:00:00-04:00,50.900001525878906,52.150001525878906,48.20000076293945,51.18000030517578,45.51312255859375,10637500
2018-08-03 00:00:00-04:00,51.540000915527344,53.79999923706055,50.4900016784668,53.27000045776367,47.371707916259766,4280100
2018-08-06 00:00:00-04:00,53.09000015258789,54.779998779296875,52.439998626708984,54.06999969482422,48.0831298828125,3281600
2018-08-07 00:00:00-04:00,54.29999923706055,54.779998779296875,53.40999984741211,54.5099983215332,48.47440719604492,2142800
2018-08-08 00:00:00-04:00,54.130001068115234,55.029998779296875,53.650001525878906,54.72999954223633,48.67005157470703,1219400
2018-08-09 00:00:00-04:00,54.380001068115234,55.689998626708984,54.0099983215332,55.040000915527344,48.94572830200195,1554900
2018-08-10 00:00:00-04:00,54.439998626708984,54.84000015258789,54.0,54.349998474121094,48.33212661743164,1291400
2018-08-13 00:00:00-04:00,54.529998779296875,54.630001068115234,53.65999984741211,53.900001525878906,47.93195343017578,1283200
2018-08-14 00:00:00-04:00,54.02000045776367,54.63999938964844,53.529998779296875,54.25,48.24319839477539,1001000
2018-08-15 00:00:00-04:00,53.709999084472656,53.7599983215332,52.36000061035156,53.29999923706055,47.39838790893555,1720500
2018-08-16 00:00:00-04:00,53.83000183105469,54.34000015258789,53.54999923706055,53.720001220703125,47.77188491821289,1230200
2018-08-17 00:00:00-04:00,54.09000015258789,54.099998474121094,53.130001068115234,53.54999923706055,47.620704650878906,707300
2018-08-20 00:00:00-04:00,53.75,54.13999938964844,53.369998931884766,53.84000015258789,47.878597259521484,938900
2018-08-21 00:00:00-04:00,53.810001373291016,54.290000915527344,53.52000045776367,53.84000015258789,47.878597259521484,990600
2018-08-22 00:00:00-04:00,53.70000076293945,54.290000915527344,53.47999954223633,53.54999923706055,47.620704650878906,1006000
2018-08-23 00:00:00-04:00,53.36000061035156,53.810001373291016,52.54999923706055,53.130001068115234,47.24721145629883,1253700
2018-08-24 00:00:00-04:00,53.209999084472656,53.4900016784668,52.790000915527344,53.380001068115234,47.46952819824219,1139400
2018-08-27 00:00:00-04:00,53.689998626708984,53.97999954223633,52.9900016784668,53.36000061035156,47.451744079589844,1097900
2018-08-28 00:00:00-04:00,53.349998474121094,53.52000045776367,52.70000076293945,53.150001525878906,47.26499557495117,1209600
2018-08-29 00:00:00-04:00,53.220001220703125,54.38999938964844,52.849998474121094,54.13999938964844,48.14537811279297,1207400
2018-08-30 00:00:00-04:00,53.83000183105469,54.459999084472656,53.560001373291016,53.81999969482422,47.860809326171875,1049600
2018-08-31 00:00:00-04:00,53.7599983215332,54.54999923706055,53.47999954223633,54.310001373291016,48.29655456542969,1237400
2018-09-04 00:00:00-04:00,54.06999969482422,54.06999969482422,52.43000030517578,53.02000045776367,47.149391174316406,1502000
2018-09-05 00:00:00-04:00,52.869998931884766,52.959999084472656,51.130001068115234,51.20000076293945,45.53091049194336,1994200
2018-09-06 00:00:00-04:00,51.59000015258789,51.81999969482422,50.310001373291016,50.630001068115234,45.02402114868164,1332100
2018-09-07 00:00:00-04:00,50.33000183105469,51.61000061035156,49.95000076293945,50.709999084472656,45.09516143798828,1517900
2018-09-10 00:00:00-04:00,50.779998779296875,52.0,50.31999969482422,50.66999816894531,45.05958938598633,1887100
2018-09-11 00:00:00-04:00,50.59000015258789,51.380001068115234,50.27000045776367,51.0,45.35305404663086,1220600
2018-09-12 00:00:00-04:00,50.90999984741211,51.43000030517578,50.689998626708984,51.150001525878906,45.486446380615234,1091200
2018-09-13 00:00:00-04:00,51.38999938964844,51.5,49.47999954223633,50.040000915527344,44.49934768676758,2099700
2018-09-14 00:00:00-04:00,50.04999923706055,51.029998779296875,49.83000183105469,50.38999938964844,44.81059265136719,2272500
2018-09-17 00:00:00-04:00,50.25,50.349998474121094,49.08000183105469,49.27000045776367,43.814605712890625,1487000
2018-09-18 00:00:00-04:00,49.779998779296875,50.9900016784668,49.150001525878906,50.650001525878906,45.04180908203125,1757400
2018-09-19 00:00:00-04:00,50.61000061035156,51.63999938964844,50.279998779296875,50.52000045776367,44.92620086669922,1415900
2018-09-20 00:00:00-04:00,50.84000015258789,50.86000061035156,49.310001373291016,49.599998474121094,44.10806655883789,2152700
2018-09-21 00:00:00-04:00,49.68000030517578,50.36000061035156,49.34000015258789,50.0,44.463775634765625,4191700
2018-09-24 00:00:00-04:00,49.630001068115234,51.2599983215332,49.5099983215332,51.130001068115234,45.468658447265625,1858800
2018-09-25 00:00:00-04:00,51.43000030517578,52.040000915527344,50.68000030517578,52.0,46.24232864379883,1773000
2018-09-26 00:00:00-04:00,51.9900016784668,53.130001068115234,51.470001220703125,52.279998779296875,46.49132537841797,1607200
2018-09-27 00:00:00-04:00,52.540000915527344,52.88999938964844,51.88999938964844,51.91999816894531,46.17118453979492,1201600
2018-09-28 00:00:00-04:00,51.79999923706055,52.029998779296875,50.630001068115234,51.06999969482422,45.41530227661133,1900600
2018-10-01 00:00:00-04:00,50.75,51.279998779296875,50.619998931884766,51.06999969482422,45.41530227661133,1871200
2018-10-02 00:00:00-04:00,50.790000915527344,50.790000915527344,49.95000076293945,50.45000076293945,44.86395263671875,1804300
2018-10-03 00:00:00-04:00,50.47999954223633,51.72999954223633,50.220001220703125,51.65999984741211,45.93997573852539,1578700
2018-10-04 00:00:00-04:00,51.5,51.880001068115234,50.75,51.540000915527344,45.8332633972168,2471300
2018-10-05 00:00:00-04:00,51.54999923706055,51.650001525878906,49.939998626708984,50.720001220703125,45.10405731201172,1701400
2018-10-08 00:00:00-04:00,50.61000061035156,50.81999969482422,49.119998931884766,49.97999954223633,44.44599151611328,1306900
2018-10-09 00:00:00-04:00,49.709999084472656,49.7599983215332,47.20000076293945,47.79999923706055,42.50736999511719,5051400
2018-10-10 00:00:00-04:00,47.029998779296875,47.27000045776367,43.400001525878906,44.20000076293945,39.30598068237305,6051100
2018-10-11 00:00:00-04:00,44.02000045776367,45.31999969482422,43.59000015258789,44.650001525878906,39.706153869628906,3928300
2018-10-12 00:00:00-04:00,45.77000045776367,45.779998779296875,44.40999984741211,45.349998474121094,40.328643798828125,2188500
2018-10-15 00:00:00-04:00,45.22999954223633,45.77000045776367,44.470001220703125,45.0,40.017398834228516,1183800
2018-10-16 00:00:00-04:00,45.58000183105469,47.77000045776367,45.29999923706055,47.65999984741211,42.38287353515625,1767300
2018-10-17 00:00:00-04:00,47.84000015258789,47.84000015258789,46.58000183105469,47.15999984741211,41.938236236572266,1122400
2018-10-18 00:00:00-04:00,47.029998779296875,47.22999954223633,45.84000015258789,46.380001068115234,41.24460220336914,1596600
2018-10-19 00:00:00-04:00,46.709999084472656,47.290000915527344,45.619998931884766,46.599998474121094,41.44023895263672,1363600
2018-10-22 00:00:00-04:00,46.93000030517578,47.720001220703125,46.4900016784668,47.27000045776367,42.03605651855469,1300000
2018-10-23 00:00:00-04:00,46.40999984741211,47.86000061035156,46.029998779296875,47.66999816894531,42.39176559448242,1549600
2018-10-24 00:00:00-04:00,47.81999969482422,48.93000030517578,46.59000015258789,46.720001220703125,41.54695510864258,1754100
2018-10-25 00:00:00-04:00,47.619998931884766,49.38999938964844,46.130001068115234,48.75,43.3521842956543,1933400
2018-10-26 00:00:00-04:00,47.650001525878906,49.0,47.06999969482422,47.439998626708984,42.18722915649414,2137400
2018-10-29 00:00:00-04:00,48.29999923706055,49.75,48.150001525878906,48.939998626708984,43.52114486694336,2324300
2018-10-30 00:00:00-04:00,48.9900016784668,50.97999954223633,48.52000045776367,50.66999816894531,45.05958938598633,1762300
2018-10-31 00:00:00-04:00,51.7400016784668,52.790000915527344,51.40999984741211,52.13999938964844,46.366825103759766,2679500
2018-11-01 00:00:00-04:00,52.13999938964844,53.439998626708984,51.689998626708984,53.290000915527344,47.389495849609375,1834100
2018-11-02 00:00:00-04:00,53.5099983215332,54.09000015258789,52.77000045776367,53.630001068115234,47.69184875488281,2477900
2018-11-05 00:00:00-05:00,53.77000045776367,53.77000045776367,52.560001373291016,53.2400016784668,47.34503173828125,2578100
2018-11-06 00:00:00-05:00,54.779998779296875,57.09000015258789,54.11000061035156,57.0,50.68870544433594,3711900
2018-11-07 00:00:00-05:00,57.470001220703125,58.529998779296875,55.31999969482422,58.06999969482422,51.64023208618164,4104300
2018-11-08 00:00:00-05:00,62.5,69.0,61.099998474121094,66.93000030517578,59.51921463012695,12562400
2018-11-09 00:00:00-05:00,63.91999816894531,65.55000305175781,62.790000915527344,63.29999923706055,56.291141510009766,6091100
2018-11-12 00:00:00-05:00,63.29999923706055,64.62000274658203,62.439998626708984,62.66999816894531,55.73089599609375,3597400
2018-11-13 00:00:00-05:00,62.91999816894531,64.4000015258789,62.2400016784668,63.099998474121094,56.113285064697266,2199500
2018-11-14 00:00:00-05:00,63.31999969482422,63.880001068115234,61.2400016784668,61.349998474121094,54.55705261230469,2096200
2018-11-15 00:00:00-05:00,61.150001525878906,63.540000915527344,60.470001220703125,63.20000076293945,56.20221710205078,2812700
2018-11-16 00:00:00-05:00,62.599998474121094,64.12000274658203,62.439998626708984,63.66999816894531,56.620174407958984,2173600
2018-11-19 00:00:00-05:00,63.63999938964844,64.13999938964844,60.66999816894531,60.869998931884766,54.13020324707031,1967800
2018-11-20 00:00:00-05:00,58.95000076293945,59.90999984741211,57.81999969482422,58.7599983215332,52.25382995605469,2970900
2018-11-21 00:00:00-05:00,59.66999816894531,60.470001220703125,59.029998779296875,59.38999938964844,52.8140754699707,1691100
2018-11-23 00:00:00-05:00,58.849998474121094,59.779998779296875,58.459999084472656,58.650001525878906,52.15601348876953,853600
2018-11-26 00:00:00-05:00,59.77000045776367,61.25,58.83000183105469,61.209999084472656,54.43255615234375,1759400
2018-11-27 00:00:00-05:00,60.849998474121094,62.29999923706055,60.56999969482422,61.88999938964844,55.037261962890625,1868300
2018-11-28 00:00:00-05:00,62.70000076293945,63.619998931884766,61.650001525878906,63.31999969482422,56.308929443359375,1715600
2018-11-29 00:00:00-05:00,63.40999984741211,64.19999694824219,62.31999969482422,63.540000915527344,56.50457000732422,1220700
2018-11-30 00:00:00-05:00,63.880001068115234,64.20999908447266,62.630001068115234,64.05999755859375,56.96699142456055,2166500
2018-12-03 00:00:00-05:00,65.0,65.41000366210938,63.58000183105469,64.58999633789062,57.43830490112305,2563400
2018-12-04 00:00:00-05:00,64.33999633789062,65.4000015258789,62.91999816894531,63.220001220703125,56.220001220703125,1889900
2018-12-06 00:00:00-05:00,62.310001373291016,64.31999969482422,62.20000076293945,63.880001068115234,56.806922912597656,2396800
2018-12-07 00:00:00-05:00,63.41999816894531,63.810001373291016,61.06999969482422,61.61000061035156,54.78826904296875,1542800
2018-12-10 00:00:00-05:00,61.61000061035156,61.65999984741211,59.9900016784668,61.09000015258789,54.325843811035156,2283500
2018-12-11 00:00:00-05:00,62.2599983215332,62.90999984741211,61.4900016784668,61.790000915527344,54.94833755493164,2020500
2018-12-12 00:00:00-05:00,62.59000015258789,64.37999725341797,62.5,62.560001373291016,55.633079528808594,1973300
2018-12-13 00:00:00-05:00,62.849998474121094,63.209999084472656,60.959999084472656,61.38999938964844,54.59262466430664,1818600
2018-12-14 00:00:00-05:00,60.939998626708984,62.02000045776367,60.459999084472656,60.70000076293945,53.979026794433594,1508100
2018-12-17 00:00:00-05:00,60.650001525878906,60.7400016784668,57.349998474121094,57.709999084472656,51.320091247558594,2243400
2018-12-18 00:00:00-05:00,58.36000061035156,59.099998474121094,57.25,57.97999954223633,51.56019592285156,2502800
2018-12-19 00:00:00-05:00,58.279998779296875,59.560001373291016,56.34000015258789,56.66999816894531,50.39524459838867,1595100
2018-12-20 00:00:00-05:00,56.25,57.27000045776367,54.33000183105469,55.0099983215332,48.91904830932617,2067900
2018-12-21 00:00:00-05:00,54.90999984741211,55.36000061035156,52.22999954223633,52.47999954223633,46.66918182373047,4247500
2018-12-24 00:00:00-05:00,52.02000045776367,53.09000015258789,51.38999938964844,51.61000061035156,45.895511627197266,1590900
2018-12-26 00:00:00-05:00,52.310001373291016,53.7400016784668,51.52000045776367,53.68000030517578,47.73631286621094,2049900
2018-12-27 00:00:00-05:00,52.029998779296875,54.130001068115234,51.47999954223633,54.119998931884766,48.12759017944336,1768900
2018-12-28 00:00:00-05:00,54.29999923706055,55.25,52.75,53.54999923706055,47.620704650878906,1361700
2018-12-31 00:00:00-05:00,53.90999984741211,54.400001525878906,53.41999816894531,53.939998626708984,47.96752166748047,1608800
2019-01-02 00:00:00-05:00,52.959999084472656,54.34000015258789,52.0099983215332,54.220001220703125,48.216522216796875,2221500
2019-01-03 00:00:00-05:00,53.689998626708984,53.77000045776367,51.0099983215332,51.040000915527344,45.38862609863281,2316200
2019-01-04 00:00:00-05:00,51.45000076293945,54.29999923706055,51.45000076293945,53.91999816894531,47.949737548828125,3208200
2019-01-07 00:00:00-05:00,53.7400016784668,55.4900016784668,53.7400016784668,55.2400016784668,49.12358474731445,2192900
2019-01-08 00:00:00-05:00,55.790000915527344,57.36000061035156,55.56999969482422,57.16999816894531,50.839881896972656,2866800
2019-01-09 00:00:00-05:00,56.900001525878906,58.11000061035156,56.630001068115234,57.84000015258789,51.435699462890625,3060300
2019-01-10 00:00:00-05:00,57.2400016784668,57.86000061035156,55.810001373291016,57.560001373291016,51.186702728271484,2092200
2019-01-11 00:00:00-05:00,57.33000183105469,57.38999938964844,55.77000045776367,56.02000045776367,49.81721496582031,2431500
2019-01-14 00:00:00-05:00,55.47999954223633,56.08000183105469,55.0,55.7599983215332,49.586002349853516,1322100
2019-01-15 00:00:00-05:00,55.869998931884766,56.779998779296875,55.77000045776367,56.75,50.46638870239258,1575900
2019-01-16 00:00:00-05:00,56.7599983215332,57.470001220703125,56.27000045776367,56.900001525878906,50.59978103637695,1444600
2019-01-17 00:00:00-05:00,56.369998931884766,58.79999923706055,56.34000015258789,58.45000076293945,51.97815704345703,2137700
2019-01-18 00:00:00-05:00,58.68000030517578,59.43000030517578,58.349998474121094,59.040000915527344,52.502830505371094,1639200
2019-01-22 00:00:00-05:00,58.75,59.189998626708984,54.810001373291016,55.310001373291016,49.18583297729492,2335600
2019-01-23 00:00:00-05:00,55.650001525878906,56.25,54.63999938964844,55.58000183105469,49.42593765258789,1604600
2019-01-24 00:00:00-05:00,55.70000076293945,57.33000183105469,55.70000076293945,56.689998626708984,50.413028717041016,1492700
2019-01-25 00:00:00-05:00,57.2400016784668,57.689998626708984,56.77000045776367,57.22999954223633,50.89323806762695,1228600
2019-01-28 00:00:00-05:00,56.470001220703125,57.15999984741211,56.150001525878906,56.790000915527344,50.50196075439453,1485300
2019-01-29 00:00:00-05:00,56.79999923706055,57.04999923706055,55.43000030517578,56.34000015258789,50.101783752441406,1360400
2019-01-30 00:00:00-05:00,56.7599983215332,57.20000076293945,55.779998779296875,57.11000061035156,50.78652572631836,1319600
2019-01-31 00:00:00-05:00,57.11000061035156,58.33000183105469,56.709999084472656,57.380001068115234,51.02663040161133,1290100
2019-02-01 00:00:00-05:00,57.09000015258789,58.02000045776367,57.060001373291016,57.619998931884766,51.240055084228516,1625200
2019-02-04 00:00:00-05:00,57.93000030517578,59.06999969482422,57.369998931884766,57.619998931884766,51.240055084228516,2213100
2019-02-05 00:00:00-05:00,57.529998779296875,60.900001525878906,57.529998779296875,59.95000076293945,53.312068939208984,2993000
2019-02-06 00:00:00-05:00,59.720001220703125,60.459999084472656,58.650001525878906,59.220001220703125,52.662899017333984,1859500
2019-02-07 00:00:00-05:00,58.97999954223633,58.97999954223633,57.68000030517578,58.66999816894531,52.17379379272461,1492300
2019-02-08 00:00:00-05:00,58.63999938964844,59.93000030517578,58.130001068115234,59.20000076293945,52.64511489868164,3126100
2019-02-11 00:00:00-05:00,59.709999084472656,60.66999816894531,59.150001525878906,59.540000915527344,52.94746780395508,4154700
2019-02-12 00:00:00-05:00,60.41999816894531,60.70000076293945,59.540000915527344,60.38999938964844,53.70335006713867,4838300
2019-02-13 00:00:00-05:00,56.880001068115234,59.11000061035156,55.40999984741211,56.939998626708984,50.63534927368164,9644400
2019-02-14 00:00:00-05:00,56.34000015258789,58.599998474121094,55.900001525878906,57.7599983215332,51.36455535888672,3153900
2019-02-15 00:00:00-05:00,57.83000183105469,58.2400016784668,56.439998626708984,56.810001373291016,50.519744873046875,2549300
2019-02-19 00:00:00-05:00,56.58000183105469,56.7599983215332,56.08000183105469,56.43000030517578,50.181819915771484,2636600
2019-02-20 00:00:00-05:00,56.459999084472656,57.5099983215332,55.36000061035156,55.400001525878906,49.265865325927734,2422200
2019-02-21 00:00:00-05:00,55.33000183105469,55.91999816894531,54.0,54.380001068115234,48.35880661010742,2324300
2019-02-22 00:00:00-05:00,54.689998626708984,55.439998626708984,53.86000061035156,54.939998626708984,48.85679626464844,2226700
2019-02-25 00:00:00-05:00,55.38999938964844,55.720001220703125,52.869998931884766,53.16999816894531,47.282779693603516,2834400
2019-02-26 00:00:00-05:00,52.93000030517578,53.369998931884766,52.470001220703125,53.2400016784668,47.34503173828125,1962500
2019-02-27 00:00:00-05:00,53.04999923706055,54.470001220703125,52.9900016784668,54.130001068115234,48.1364860534668,1808100
2019-02-28 00:00:00-05:00,53.79999923706055,54.279998779296875,52.79999923706055,53.16999816894531,47.282779693603516,2384900
2019-03-01 00:00:00-05:00,53.619998931884766,53.86000061035156,52.459999084472656,52.540000915527344,46.722537994384766,2719500
2019-03-04 00:00:00-05:00,52.900001525878906,52.9900016784668,51.58000183105469,52.70000076293945,46.86482238769531,2332500
2019-03-05 00:00:00-05:00,52.720001220703125,53.04999923706055,51.97999954223633,52.31999969482422,46.52689743041992,1734000
2019-03-06 00:00:00-05:00,50.0,51.439998626708984,48.86000061035156,50.650001525878906,45.04180908203125,4035100
2019-03-07 00:00:00-05:00,50.59000015258789,51.15999984741211,49.97999954223633,51.04999923706055,45.39751434326172,3301600
2019-03-08 00:00:00-05:00,50.459999084472656,51.08000183105469,50.06999969482422,50.90999984741211,45.27301788330078,1844200
2019-03-11 00:00:00-04:00,50.84000015258789,51.83000183105469,50.650001525878906,51.810001373291016,46.073368072509766,1225000
2019-03-12 00:00:00-04:00,51.97999954223633,52.06999969482422,50.40999984741211,51.29999923706055,45.619834899902344,2299300
2019-03-13 00:00:00-04:00,51.5,52.18000030517578,51.20000076293945,52.130001068115234,46.35793685913086,2123600
2019-03-14 00:00:00-04:00,52.029998779296875,52.380001068115234,51.220001220703125,51.709999084472656,45.98443603515625,1185600
2019-03-15 00:00:00-04:00,51.83000183105469,52.220001220703125,51.38999938964844,51.59000015258789,45.87772750854492,2272600
2019-03-18 00:00:00-04:00,51.56999969482422,51.790000915527344,50.72999954223633,51.31999969482422,45.63762283325195,1163000
2019-03-19 00:00:00-04:00,51.689998626708984,51.900001525878906,50.95000076293945,51.15999984741211,45.495338439941406,1138000
2019-03-20 00:00:00-04:00,51.08000183105469,52.119998931884766,50.91999816894531,51.779998779296875,46.046688079833984,1113000
2019-03-21 00:00:00-04:00,51.52000045776367,52.43000030517578,51.25,52.33000183105469,46.535789489746094,802500
2019-03-22 00:00:00-04:00,52.18000030517578,52.380001068115234,50.630001068115234,50.75,45.130733489990234,1753600
2019-03-25 00:00:00-04:00,50.619998931884766,51.16999816894531,50.099998474121094,50.779998779296875,45.15740966796875,1426900
2019-03-26 00:00:00-04:00,51.2599983215332,51.810001373291016,50.77000045776367,50.91999816894531,45.28190994262695,1046200
2019-03-27 00:00:00-04:00,51.04999923706055,51.400001525878906,50.06999969482422,50.689998626708984,45.07737731933594,1911500
2019-03-28 00:00:00-04:00,50.599998474121094,51.310001373291016,50.40999984741211,51.22999954223633,45.557586669921875,1263000
2019-03-29 00:00:00-04:00,51.619998931884766,52.0,51.060001373291016,51.45000076293945,45.75322723388672,1380900
2019-04-01 00:00:00-04:00,51.93000030517578,52.7599983215332,51.310001373291016,52.7400016784668,46.900394439697266,1809500
2019-04-02 00:00:00-04:00,52.65999984741211,52.939998626708984,52.130001068115234,52.560001373291016,46.740325927734375,1030800
2019-04-03 00:00:00-04:00,52.939998626708984,53.79999923706055,52.63999938964844,53.529998779296875,47.60292053222656,1282100
2019-04-04 00:00:00-04:00,53.529998779296875,53.77000045776367,52.9900016784668,53.70000076293945,47.75409698486328,1239300
2019-04-05 00:00:00-04:00,53.5,53.88999938964844,52.7599983215332,52.900001525878906,47.04267883300781,1318300
2019-04-08 00:00:00-04:00,52.900001525878906,52.900001525878906,51.790000915527344,52.209999084472656,46.4290771484375,1493000
2019-04-09 00:00:00-04:00,51.84000015258789,53.619998931884766,51.790000915527344,53.02000045776367,47.149391174316406,1520300
2019-04-10 00:00:00-04:00,53.09000015258789,53.56999969482422,52.65999984741211,53.369998931884766,47.460636138916016,873900
2019-04-11 00:00:00-04:00,53.459999084472656,54.13999938964844,53.349998474121094,53.880001068115234,47.91416931152344,746600
2019-04-12 00:00:00-04:00,54.150001525878906,55.040000915527344,52.41999816894531,52.59000015258789,46.76700210571289,1636000
2019-04-15 00:00:00-04:00,52.29999923706055,52.72999954223633,51.79999923706055,52.41999816894531,46.615821838378906,1057300
2019-04-16 00:00:00-04:00,52.599998474121094,52.939998626708984,52.09000015258789,52.22999954223633,46.446861267089844,1145500
2019-04-17 00:00:00-04:00,52.459999084472656,52.599998474121094,50.540000915527344,50.790000915527344,45.16630554199219,1503100
2019-04-18 00:00:00-04:00,50.900001525878906,51.75,50.2599983215332,51.720001220703125,45.99333190917969,1041800
2019-04-22 00:00:00-04:00,51.61000061035156,52.099998474121094,51.029998779296875,51.86000061035156,46.11783218383789,843800
2019-04-23 00:00:00-04:00,52.18000030517578,54.099998474121094,52.13999938964844,53.61000061035156,47.67406463623047,1886700
2019-04-24 00:00:00-04:00,53.650001525878906,53.900001525878906,52.75,53.04999923706055,47.17606735229492,1065000
2019-04-25 00:00:00-04:00,53.40999984741211,54.0,52.470001220703125,52.86000061035156,47.00710678100586,1503300
2019-04-26 00:00:00-04:00,53.060001373291016,53.72999954223633,52.709999084472656,53.38999938964844,47.47842025756836,1087400
2019-04-29 00:00:00-04:00,53.43000030517578,53.59000015258789,53.119998931884766,53.380001068115234,47.46952819824219,1374200
2019-04-30 00:00:00-04:00,53.0,53.5099983215332,53.0,53.22999954223633,47.33613586425781,2175600
2019-05-01 00:00:00-04:00,53.34000015258789,53.689998626708984,52.16999816894531,52.2400016784668,46.45575714111328,1281200
2019-05-02 00:00:00-04:00,52.08000183105469,53.27000045776367,51.75,52.439998626708984,46.633609771728516,1545700
2019-05-03 00:00:00-04:00,53.4900016784668,55.20000076293945,53.25,55.08000183105469,48.981300354003906,2551900
2019-05-06 00:00:00-04:00,53.970001220703125,56.29999923706055,53.88999938964844,56.220001220703125,49.99507141113281,3282200
2019-05-07 00:00:00-04:00,55.86000061035156,56.599998474121094,53.880001068115234,54.939998626708984,48.85679626464844,3531400
2019-05-08 00:00:00-04:00,51.45000076293945,51.650001525878906,46.400001525878906,48.66999816894531,43.28104019165039,10980500
2019-05-09 00:00:00-04:00,48.15999984741211,49.060001373291016,47.130001068115234,48.83000183105469,43.4233283996582,2828200
2019-05-10 00:00:00-04:00,48.439998626708984,48.619998931884766,46.34000015258789,47.470001220703125,42.21391296386719,3208500
2019-05-13 00:00:00-04:00,46.459999084472656,46.540000915527344,45.220001220703125,46.0,40.90667724609375,2142800
2019-05-14 00:00:00-04:00,46.18000030517578,47.150001525878906,46.08000183105469,47.0,41.79595184326172,1981300
2019-05-15 00:00:00-04:00,46.77000045776367,47.810001373291016,46.33000183105469,47.20000076293945,41.97380828857422,1808000
2019-05-16 00:00:00-04:00,47.209999084472656,47.470001220703125,46.68000030517578,46.75,41.573631286621094,1662900
2019-05-17 00:00:00-04:00,46.31999969482422,46.47999954223633,44.91999816894531,44.9900016784668,40.008506774902344,1695700
2019-05-20 00:00:00-04:00,44.52000045776367,45.209999084472656,44.099998474121094,44.939998626708984,39.96404266357422,1183800
2019-05-21 00:00:00-04:00,45.81999969482422,46.34000015258789,45.38999938964844,45.7400016784668,40.67546463012695,2121300
2019-05-22 00:00:00-04:00,45.619998931884766,46.790000915527344,45.529998779296875,46.5099983215332,41.36020278930664,1591900
2019-05-23 00:00:00-04:00,45.959999084472656,46.689998626708984,45.40999984741211,45.54999923706055,40.506500244140625,1658500
2019-05-24 00:00:00-04:00,45.81999969482422,46.08000183105469,45.18000030517578,45.2400016784668,40.23082733154297,1131000
2019-05-28 00:00:00-04:00,45.900001525878906,46.349998474121094,44.06999969482422,44.220001220703125,39.32376480102539,1835700
2019-05-29 00:00:00-04:00,43.900001525878906,43.900001525878906,43.029998779296875,43.31999969482422,38.52341842651367,1360700
2019-05-30 00:00:00-04:00,43.380001068115234,43.79999923706055,42.83000183105469,43.029998779296875,38.265525817871094,1000900
2019-05-31 00:00:00-04:00,42.560001373291016,42.779998779296875,42.06999969482422,42.27000045776367,37.58967971801758,1104000
2019-06-03 00:00:00-04:00,42.18000030517578,43.13999938964844,42.0099983215332,42.65999984741211,37.93649673461914,1538700
2019-06-04 00:00:00-04:00,43.029998779296875,45.380001068115234,42.779998779296875,45.36000061035156,40.33753967285156,2237200
2019-06-05 00:00:00-04:00,45.58000183105469,45.90999984741211,44.599998474121094,45.04999923706055,40.06186294555664,983700
2019-06-06 00:00:00-04:00,45.0099983215332,45.25,44.369998931884766,44.84000015258789,39.87511444091797,904800
2019-06-07 00:00:00-04:00,45.220001220703125,45.97999954223633,44.81999969482422,45.27000045776367,40.257503509521484,1388900
2019-06-10 00:00:00-04:00,45.720001220703125,46.349998474121094,45.61000061035156,45.650001525878906,40.595428466796875,728700
2019-06-11 00:00:00-04:00,45.9900016784668,46.310001373291016,45.59000015258789,45.810001373291016,40.73771286010742,823700
2019-06-12 00:00:00-04:00,45.810001373291016,46.2599983215332,45.150001525878906,45.45000076293945,40.41757583618164,948100
2019-06-13 00:00:00-04:00,45.560001373291016,46.650001525878906,45.560001373291016,46.279998779296875,41.155670166015625,979900
2019-06-14 00:00:00-04:00,46.61000061035156,46.630001068115234,45.52000045776367,45.54999923706055,40.506500244140625,757100
2019-06-17 00:00:00-04:00,45.599998474121094,45.900001525878906,45.41999816894531,45.68000030517578,40.622108459472656,1026000
2019-06-18 00:00:00-04:00,45.970001220703125,46.86000061035156,45.900001525878906,46.310001373291016,41.182350158691406,1007500
2019-06-19 00:00:00-04:00,47.349998474121094,48.470001220703125,46.790000915527344,47.189998626708984,41.96491241455078,1920100
2019-06-20 00:00:00-04:00,47.75,47.81999969482422,46.630001068115234,46.75,41.573631286621094,1252500
2019-06-21 00:00:00-04:00,46.79999923706055,47.38999938964844,46.56999969482422,47.29999923706055,42.0627326965332,1776600
2019-06-24 00:00:00-04:00,47.15999984741211,47.58000183105469,46.380001068115234,46.40999984741211,41.271278381347656,1346900
2019-06-25 00:00:00-04:00,46.5,46.630001068115234,44.47999954223633,44.5099983215332,39.5816535949707,2009300
2019-06-26 00:00:00-04:00,44.83000183105469,45.43000030517578,43.9900016784668,44.04999923706055,39.17258834838867,1674400
2019-06-27 00:00:00-04:00,45.189998626708984,46.86000061035156,44.529998779296875,46.58000183105469,41.42245864868164,2382200
2019-06-28 00:00:00-04:00,46.86000061035156,46.9900016784668,45.720001220703125,46.290000915527344,41.16456604003906,1374000
2019-07-01 00:00:00-04:00,47.09000015258789,47.650001525878906,46.63999938964844,46.790000915527344,41.60920333862305,1001400
2019-07-02 00:00:00-04:00,46.66999816894531,47.310001373291016,46.2599983215332,47.25,42.01826858520508,1383000
2019-07-03 00:00:00-04:00,47.41999816894531,47.529998779296875,46.68000030517578,46.79999923706055,41.61809539794922,652300
2019-07-05 00:00:00-04:00,46.56999969482422,47.599998474121094,46.380001068115234,47.56999969482422,42.30283737182617,759500
2019-07-08 00:00:00-04:00,47.36000061035156,47.459999084472656,45.45000076293945,45.540000915527344,40.49760818481445,1651700
2019-07-09 00:00:00-04:00,45.290000915527344,46.08000183105469,44.810001373291016,45.790000915527344,40.71992874145508,1664800
2019-07-10 00:00:00-04:00,46.04999923706055,46.189998626708984,45.439998626708984,45.79999923706055,40.72882080078125,1358200
2019-07-11 00:00:00-04:00,45.81999969482422,46.040000915527344,45.2599983215332,45.95000076293945,40.862213134765625,1007100
2019-07-12 00:00:00-04:00,46.09000015258789,46.22999954223633,45.099998474121094,45.22999954223633,40.22193145751953,1320800
2019-07-15 00:00:00-04:00,45.31999969482422,45.90999984741211,45.02000045776367,45.7599983215332,40.6932487487793,888400
2019-07-16 00:00:00-04:00,45.61000061035156,46.83000183105469,45.61000061035156,46.7599983215332,41.582523345947266,1495500
2019-07-17 00:00:00-04:00,46.86000061035156,46.86000061035156,45.599998474121094,45.61000061035156,40.55986022949219,1278000
2019-07-18 00:00:00-04:00,45.540000915527344,46.369998931884766,45.25,45.869998931884766,40.79106903076172,1918800
2019-07-19 00:00:00-04:00,45.869998931884766,45.970001220703125,44.84000015258789,44.869998931884766,39.90179443359375,1424300
2019-07-22 00:00:00-04:00,45.29999923706055,45.29999923706055,44.279998779296875,44.599998474121094,39.66168975830078,1173500
2019-07-23 00:00:00-04:00,44.86000061035156,46.25,44.619998931884766,46.029998779296875,40.933353424072266,1483000
2019-07-24 00:00:00-04:00,45.97999954223633,46.880001068115234,45.86000061035156,46.86000061035156,41.671451568603516,1190900
2019-07-25 00:00:00-04:00,46.97999954223633,46.97999954223633,45.79999923706055,46.0,40.90667724609375,948600
2019-07-26 00:00:00-04:00,46.54999923706055,46.84000015258789,46.11000061035156,46.599998474121094,41.44023895263672,1137700
2019-07-29 00:00:00-04:00,46.54999923706055,46.68000030517578,44.2400016784668,45.33000183105469,40.31086349487305,1747400
2019-07-30 00:00:00-04:00,44.86000061035156,44.97999954223633,44.06999969482422,44.20000076293945,39.30598068237305,1480800
2019-07-31 00:00:00-04:00,44.36000061035156,45.15999984741211,43.84000015258789,44.150001525878906,39.26151657104492,1096900
2019-08-01 00:00:00-04:00,44.209999084472656,44.93000030517578,43.5,43.65999984741211,38.82577133178711,994400
2019-08-02 00:00:00-04:00,42.900001525878906,43.959999084472656,42.75,43.34000015258789,38.541202545166016,1152100
2019-08-05 00:00:00-04:00,42.5,43.060001373291016,41.63999938964844,41.959999084472656,37.314002990722656,1742300
2019-08-06 00:00:00-04:00,42.31999969482422,42.779998779296875,41.86000061035156,42.43000030517578,37.73196029663086,1222100
2019-08-07 00:00:00-04:00,42.099998474121094,42.939998626708984,41.209999084472656,41.400001525878906,36.816009521484375,3308300
2019-08-08 00:00:00-04:00,42.0,46.13999938964844,41.75,43.2599983215332,38.47005844116211,3588000
2019-08-09 00:00:00-04:00,42.2599983215332,43.380001068115234,41.18000030517578,42.68000030517578,37.954280853271484,2134100
2019-08-12 00:00:00-04:00,42.20000076293945,42.43000030517578,40.380001068115234,40.38999938964844,35.91783905029297,1818000
2019-08-13 00:00:00-04:00,40.189998626708984,40.970001220703125,39.59000015258789,40.81999969482422,36.300228118896484,1392400
2019-08-14 00:00:00-04:00,39.869998931884766,40.279998779296875,38.540000915527344,38.56999969482422,34.29935836791992,2119300
2019-08-15 00:00:00-04:00,38.7400016784668,38.95000076293945,37.900001525878906,38.45000076293945,34.19264602661133,1296900
2019-08-16 00:00:00-04:00,38.63999938964844,39.099998474121094,37.97999954223633,37.9900016784668,33.7835807800293,2079700
2019-08-19 00:00:00-04:00,38.619998931884766,38.84000015258789,37.939998626708984,38.7400016784668,34.45053482055664,1786500
2019-08-20 00:00:00-04:00,38.689998626708984,38.7400016784668,38.0,38.029998779296875,33.819149017333984,1649900
2019-08-21 00:00:00-04:00,38.38999938964844,39.20000076293945,38.13999938964844,38.52000045776367,34.2548942565918,1362400
2019-08-22 00:00:00-04:00,38.599998474121094,38.779998779296875,37.41999816894531,38.150001525878906,33.925865173339844,1703900
2019-08-23 00:00:00-04:00,37.90999984741211,38.099998474121094,36.150001525878906,36.29999923706055,32.28070068359375,1933400
2019-08-26 00:00:00-04:00,36.88999938964844,36.970001220703125,35.810001373291016,35.95000076293945,31.969457626342773,1458100
2019-08-27 00:00:00-04:00,36.130001068115234,36.279998779296875,35.40999984741211,35.810001373291016,31.844959259033203,2391400
2019-08-28 00:00:00-04:00,35.529998779296875,36.9900016784668,35.52000045776367,36.779998779296875,32.70755386352539,2973000
2019-08-29 00:00:00-04:00,37.29999923706055,38.099998474121094,37.099998474121094,37.880001068115234,33.685760498046875,1733000
2019-08-30 00:00:00-04:00,38.15999984741211,38.650001525878906,37.72999954223633,37.9900016784668,33.7835807800293,1389700
2019-09-03 00:00:00-04:00,37.52000045776367,37.75,36.720001220703125,37.06999969482422,32.9654426574707,1470700
2019-09-04 00:00:00-04:00,37.869998931884766,37.970001220703125,37.209999084472656,37.70000076293945,33.52568817138672,1436600
2019-09-05 00:00:00-04:00,38.13999938964844,38.63999938964844,37.970001220703125,38.11000061035156,33.89029312133789,1465400
2019-09-06 00:00:00-04:00,38.099998474121094,38.59000015258789,37.470001220703125,37.880001068115234,33.685760498046875,1686500
2019-09-09 00:00:00-04:00,37.91999816894531,39.709999084472656,37.91999816894531,39.61000061035156,35.224205017089844,2383400
2019-09-10 00:00:00-04:00,39.540000915527344,40.97999954223633,39.310001373291016,40.939998626708984,36.40694046020508,2175000
2019-09-11 00:00:00-04:00,41.02000045776367,42.88999938964844,40.439998626708984,42.75,38.01652908325195,2754600
2019-09-12 00:00:00-04:00,42.959999084472656,42.959999084472656,40.779998779296875,41.27000045776367,36.700401306152344,2326900
2019-09-13 00:00:00-04:00,41.380001068115234,41.97999954223633,40.790000915527344,40.81999969482422,36.300228118896484,1121000
2019-09-16 00:00:00-04:00,40.54999923706055,41.349998474121094,40.15999984741211,41.150001525878906,36.59368896484375,1019000
2019-09-17 00:00:00-04:00,41.040000915527344,41.459999084472656,40.380001068115234,41.439998626708984,36.85157775878906,884300
2019-09-18 00:00:00-04:00,41.43000030517578,41.93000030517578,40.630001068115234,40.970001220703125,36.43362045288086,1329700
2019-09-19 00:00:00-04:00,40.959999084472656,41.15999984741211,40.220001220703125,40.290000915527344,35.828914642333984,1373900
2019-09-20 00:00:00-04:00,40.36000061035156,40.56999969482422,38.75,39.130001068115234,34.7973518371582,2564900
2019-09-23 00:00:00-04:00,38.79999923706055,38.97999954223633,38.11000061035156,38.15999984741211,33.93475341796875,1622500
2019-09-24 00:00:00-04:00,38.38999938964844,38.56999969482422,37.56999969482422,37.79999923706055,33.61461639404297,2123300
2019-09-25 00:00:00-04:00,37.72999954223633,38.61000061035156,37.5099983215332,38.040000915527344,33.828041076660156,1642400
2019-09-26 00:00:00-04:00,37.599998474121094,38.0099983215332,37.290000915527344,37.88999938964844,33.69464874267578,1360500
2019-09-27 00:00:00-04:00,38.0099983215332,38.86000061035156,37.939998626708984,38.43000030517578,34.17485809326172,1852700
2019-09-30 00:00:00-04:00,38.560001373291016,38.810001373291016,38.060001373291016,38.68000030517578,34.397178649902344,1121300
2019-10-01 00:00:00-04:00,38.81999969482422,39.33000183105469,38.029998779296875,38.22999954223633,33.997005462646484,1253500
2019-10-02 00:00:00-04:00,37.790000915527344,38.0,37.11000061035156,37.5,33.34783172607422,1856400
2019-10-03 00:00:00-04:00,37.54999923706055,38.65999984741211,37.11000061035156,38.650001525878906,34.37050247192383,1445900
2019-10-04 00:00:00-04:00,38.720001220703125,39.38999938964844,38.41999816894531,38.97999954223633,34.66395950317383,1557400
2019-10-07 00:00:00-04:00,39.02000045776367,39.310001373291016,38.72999954223633,38.79999923706055,34.50389099121094,1206900
2019-10-08 00:00:00-04:00,38.11000061035156,38.220001220703125,37.15999984741211,37.22999954223633,33.10772705078125,1530700
2019-10-09 00:00:00-04:00,37.5099983215332,37.880001068115234,37.290000915527344,37.41999816894531,33.27668762207031,811800
2019-10-10 00:00:00-04:00,37.52000045776367,38.22999954223633,37.52000045776367,37.83000183105469,33.64129638671875,1016700
2019-10-11 00:00:00-04:00,38.18000030517578,39.83000183105469,38.029998779296875,39.11000061035156,34.77956771850586,1746200
2019-10-14 00:00:00-04:00,39.06999969482422,39.209999084472656,38.150001525878906,38.689998626708984,34.406070709228516,1046200
2019-10-15 00:00:00-04:00,38.79999923706055,39.18000030517578,38.209999084472656,38.88999938964844,34.583927154541016,1197000
2019-10-16 00:00:00-04:00,38.7400016784668,39.4900016784668,38.400001525878906,38.709999084472656,34.42385482788086,1125600
2019-10-17 00:00:00-04:00,39.0,39.189998626708984,38.79999923706055,38.93000030517578,34.61949920654297,787200
2019-10-18 00:00:00-04:00,39.08000183105469,39.08000183105469,37.33000183105469,37.41999816894531,33.27668762207031,1667600
2019-10-21 00:00:00-04:00,38.08000183105469,38.88999938964844,37.72999954223633,37.790000915527344,33.6057243347168,1199000
2019-10-22 00:00:00-04:00,37.81999969482422,39.11000061035156,37.52000045776367,38.880001068115234,34.575035095214844,2698600
2019-10-23 00:00:00-04:00,38.77000045776367,39.95000076293945,38.290000915527344,39.90999984741211,35.49098587036133,1624500
2019-10-24 00:00:00-04:00,40.060001373291016,40.09000015258789,38.61000061035156,39.220001220703125,34.87738800048828,1478900
2019-10-25 00:00:00-04:00,39.290000915527344,40.7400016784668,39.22999954223633,40.31999969482422,35.8555908203125,1128300
2019-10-28 00:00:00-04:00,40.47999954223633,40.709999084472656,39.709999084472656,40.52000045776367,36.033447265625,928400
2019-10-29 00:00:00-04:00,39.84000015258789,40.400001525878906,39.15999984741211,39.77000045776367,35.36648941040039,1482600
2019-10-30 00:00:00-04:00,39.779998779296875,40.34000015258789,39.38999938964844,40.2599983215332,35.80223083496094,763400
2019-10-31 00:00:00-04:00,40.130001068115234,40.470001220703125,39.349998474121094,40.400001525878906,35.926734924316406,1195700
2019-11-01 00:00:00-04:00,40.599998474121094,41.380001068115234,40.22999954223633,40.400001525878906,35.926734924316406,1353700
2019-11-04 00:00:00-05:00,40.88999938964844,41.400001525878906,40.439998626708984,41.20000076293945,36.638153076171875,1381500
2019-11-05 00:00:00-05:00,41.310001373291016,41.75,40.65999984741211,40.97999954223633,36.44251251220703,1545500
2019-11-06 00:00:00-05:00,41.09000015258789,41.310001373291016,40.4900016784668,40.790000915527344,36.27355194091797,2377100
2019-11-07 00:00:00-05:00,36.20000076293945,37.900001525878906,29.270000457763672,31.649999618530273,28.145570755004883,16914500
2019-11-08 00:00:00-05:00,31.670000076293945,32.27000045776367,30.780000686645508,31.959999084472656,28.421245574951172,6135700
2019-11-11 00:00:00-05:00,32.400001525878906,32.40999984741211,31.459999084472656,31.75,28.234498977661133,3503000
2019-11-12 00:00:00-05:00,31.739999771118164,32.099998474121094,31.270000457763672,31.700000762939453,28.190034866333008,3120200
2019-11-13 00:00:00-05:00,31.75,31.899999618530273,30.40999984741211,30.84000015258789,27.42525863647461,2647200
2019-11-14 00:00:00-05:00,30.8700008392334,31.90999984741211,30.760000228881836,31.059999465942383,27.62089729309082,3758500
2019-11-15 00:00:00-05:00,31.290000915527344,31.700000762939453,31.100000381469727,31.139999389648438,27.692039489746094,3307600
2019-11-18 00:00:00-05:00,31.510000228881836,32.099998474121094,31.270000457763672,31.610000610351562,28.110000610351562,6437000
2019-11-19 00:00:00-05:00,28.6299991607666,29.489999771118164,27.68000030517578,28.3799991607666,28.3799991607666,6283500
2019-11-20 00:00:00-05:00,28.420000076293945,28.420000076293945,27.799999237060547,27.979999542236328,27.979999542236328,3880400
2019-11-21 00:00:00-05:00,28.200000762939453,28.6200008392334,27.829999923706055,28.059999465942383,28.059999465942383,4128100
2019-11-22 00:00:00-05:00,28.15999984741211,28.219999313354492,27.65999984741211,27.979999542236328,27.979999542236328,2860200
2019-11-25 00:00:00-05:00,28.209999084472656,28.579999923706055,28.0,28.579999923706055,28.579999923706055,6903900
2019-11-26 00:00:00-05:00,28.469999313354492,29.1200008392334,28.229999542236328,29.110000610351562,29.110000610351562,3670300
2019-11-27 00:00:00-05:00,29.280000686645508,29.3700008392334,28.56999969482422,28.68000030517578,28.68000030517578,2672500
2019-11-29 00:00:00-05:00,28.59000015258789,28.68000030517578,28.350000381469727,28.399999618530273,28.399999618530273,1116400
2019-12-02 00:00:00-05:00,28.559999465942383,28.68000030517578,28.1299991607666,28.479999542236328,28.479999542236328,2566600
2019-12-03 00:00:00-05:00,28.040000915527344,28.25,27.8799991607666,27.90999984741211,27.90999984741211,3548900
2019-12-04 00:00:00-05:00,27.959999084472656,28.959999084472656,27.959999084472656,28.549999237060547,28.549999237060547,2493500
2019-12-05 00:00:00-05:00,28.6200008392334,29.190000534057617,28.530000686645508,29.030000686645508,29.030000686645508,2240100
2019-12-06 00:00:00-05:00,29.329999923706055,29.600000381469727,28.959999084472656,29.040000915527344,29.040000915527344,2228300
2019-12-09 00:00:00-05:00,28.959999084472656,29.049999237060547,28.649999618530273,28.84000015258789,28.84000015258789,4139200
2019-12-10 00:00:00-05:00,28.850000381469727,29.18000030517578,28.729999542236328,28.969999313354492,28.969999313354492,2138000
2019-12-11 00:00:00-05:00,29.0,29.170000076293945,28.799999237060547,28.940000534057617,28.940000534057617,1863000
2019-12-12 00:00:00-05:00,29.030000686645508,29.6200008392334,28.84000015258789,29.450000762939453,29.450000762939453,2210600
2019-12-13 00:00:00-05:00,29.450000762939453,29.75,29.200000762939453,29.25,29.25,1963800
2019-12-16 00:00:00-05:00,29.3700008392334,29.889999389648438,29.34000015258789,29.469999313354492,29.469999313354492,3352900
2019-12-17 00:00:00-05:00,29.479999542236328,29.5,28.829999923706055,29.209999084472656,29.209999084472656,4194200
2019-12-18 00:00:00-05:00,29.469999313354492,30.020000457763672,29.200000762939453,29.889999389648438,29.889999389648438,3099500
2019-12-19 00:00:00-05:00,29.899999618530273,30.440000534057617,29.65999984741211,30.34000015258789,30.34000015258789,3660900
2019-12-20 00:00:00-05:00,30.440000534057617,30.5,29.989999771118164,30.059999465942383,30.059999465942383,25284300
2019-12-23 00:00:00-05:00,30.260000228881836,30.389999389648438,29.709999084472656,29.889999389648438,29.889999389648438,4385800
2019-12-24 00:00:00-05:00,29.989999771118164,30.399999618530273,29.969999313354492,30.149999618530273,30.149999618530273,986400
2019-12-26 00:00:00-05:00,30.31999969482422,30.399999618530273,29.920000076293945,30.350000381469727,30.350000381469727,2359000
2019-12-27 00:00:00-05:00,30.100000381469727,30.549999237060547,30.09000015258789,30.290000915527344,30.290000915527344,1440700
2019-12-30 00:00:00-05:00,30.360000610351562,30.450000762939453,29.989999771118164,30.020000457763672,30.020000457763672,1303500
2019-12-31 00:00:00-05:00,29.979999542236328,30.479999542236328,29.75,30.3799991607666,30.3799991607666,1923600
2020-01-02 00:00:00-05:00,30.65999984741211,30.84000015258789,30.18000030517578,30.260000228881836,30.260000228881836,1980100
2020-01-03 00:00:00-05:00,29.959999084472656,30.209999084472656,29.770000457763672,30.170000076293945,30.170000076293945,1831500
2020-01-06 00:00:00-05:00,29.850000381469727,30.299999237060547,29.770000457763672,30.059999465942383,30.059999465942383,1684900
2020-01-07 00:00:00-05:00,30.100000381469727,30.549999237060547,29.8799991607666,30.469999313354492,30.469999313354492,1908900
2020-01-08 00:00:00-05:00,30.479999542236328,30.959999084472656,30.190000534057617,30.59000015258789,30.59000015258789,2785500
2020-01-09 00:00:00-05:00,30.81999969482422,30.940000534057617,30.139999389648438,30.489999771118164,30.489999771118164,1564000
2020-01-10 00:00:00-05:00,30.459999084472656,30.59000015258789,29.950000762939453,30.1200008392334,30.1200008392334,1692400
2020-01-13 00:00:00-05:00,30.260000228881836,30.68000030517578,29.969999313354492,30.610000610351562,30.610000610351562,1957800
2020-01-14 00:00:00-05:00,30.690000534057617,31.280000686645508,30.450000762939453,31.049999237060547,31.049999237060547,2432200
2020-01-15 00:00:00-05:00,31.040000915527344,31.399999618530273,30.75,30.979999542236328,30.979999542236328,2119200
2020-01-16 00:00:00-05:00,31.309999465942383,31.670000076293945,30.989999771118164,31.520000457763672,31.520000457763672,2131800
2020-01-17 00:00:00-05:00,31.56999969482422,31.649999618530273,30.729999542236328,30.93000030517578,30.93000030517578,1931400
2020-01-21 00:00:00-05:00,30.690000534057617,30.700000762939453,30.020000457763672,30.489999771118164,30.489999771118164,2367700
2020-01-22 00:00:00-05:00,30.59000015258789,30.770000457763672,30.170000076293945,30.260000228881836,30.260000228881836,2316100
2020-01-23 00:00:00-05:00,30.149999618530273,30.729999542236328,29.799999237060547,30.559999465942383,30.559999465942383,2874400
2020-01-24 00:00:00-05:00,30.690000534057617,30.780000686645508,29.540000915527344,29.739999771118164,29.739999771118164,2761000
2020-01-27 00:00:00-05:00,28.639999389648438,29.31999969482422,28.559999465942383,28.940000534057617,28.940000534057617,2579000
2020-01-28 00:00:00-05:00,29.190000534057617,29.190000534057617,28.760000228881836,28.790000915527344,28.790000915527344,1940000
2020-01-29 00:00:00-05:00,28.940000534057617,29.1200008392334,28.280000686645508,28.299999237060547,28.299999237060547,2413100
2020-01-30 00:00:00-05:00,27.8799991607666,28.309999465942383,27.6200008392334,28.209999084472656,28.209999084472656,2670900
2020-01-31 00:00:00-05:00,28.190000534057617,28.200000762939453,27.1200008392334,27.31999969482422,27.31999969482422,2959200
2020-02-03 00:00:00-05:00,27.639999389648438,28.06999969482422,27.520000457763672,27.649999618530273,27.649999618530273,2086000
2020-02-04 00:00:00-05:00,27.979999542236328,28.549999237060547,27.799999237060547,28.260000228881836,28.260000228881836,2425600
2020-02-05 00:00:00-05:00,28.56999969482422,29.3799991607666,28.510000228881836,29.290000915527344,29.290000915527344,2144200
2020-02-06 00:00:00-05:00,29.59000015258789,29.600000381469727,29.0,29.209999084472656,29.209999084472656,2161900
2020-02-07 00:00:00-05:00,29.1200008392334,29.200000762939453,28.639999389648438,28.8799991607666,28.8799991607666,1417300
2020-02-10 00:00:00-05:00,28.739999771118164,28.979999542236328,28.530000686645508,28.639999389648438,28.639999389648438,1378400
2020-02-11 00:00:00-05:00,28.920000076293945,29.989999771118164,28.829999923706055,29.809999465942383,29.809999465942383,2818400
2020-02-12 00:00:00-05:00,30.239999771118164,30.65999984741211,30.0,30.450000762939453,30.450000762939453,4807600
2020-02-13 00:00:00-05:00,30.649999618530273,31.399999618530273,29.020000457763672,29.639999389648438,29.639999389648438,6853500
2020-02-14 00:00:00-05:00,29.799999237060547,29.889999389648438,29.010000228881836,29.649999618530273,29.649999618530273,3161600
2020-02-18 00:00:00-05:00,28.889999389648438,29.530000686645508,28.610000610351562,28.8700008392334,28.8700008392334,2522700
2020-02-19 00:00:00-05:00,28.8799991607666,29.110000610351562,28.540000915527344,28.84000015258789,28.84000015258789,1628500
2020-02-20 00:00:00-05:00,28.90999984741211,29.43000030517578,28.790000915527344,28.969999313354492,28.969999313354492,2206000
2020-02-21 00:00:00-05:00,28.709999084472656,28.889999389648438,28.139999389648438,28.290000915527344,28.290000915527344,1945700
2020-02-24 00:00:00-05:00,26.950000762939453,27.260000228881836,26.600000381469727,26.899999618530273,26.899999618530273,2764100
2020-02-25 00:00:00-05:00,27.049999237060547,27.1299991607666,25.190000534057617,25.6200008392334,25.6200008392334,3305700
2020-02-26 00:00:00-05:00,25.729999542236328,26.09000015258789,23.530000686645508,23.610000610351562,23.610000610351562,5646500
2020-02-27 00:00:00-05:00,22.799999237060547,23.450000762939453,21.940000534057617,22.719999313354492,22.719999313354492,5720900
2020-02-28 00:00:00-05:00,22.040000915527344,23.940000534057617,22.020000457763672,23.450000762939453,23.450000762939453,6131100
2020-03-02 00:00:00-05:00,23.399999618530273,24.1200008392334,22.540000915527344,24.110000610351562,24.110000610351562,4817900
2020-03-03 00:00:00-05:00,23.850000381469727,24.40999984741211,22.979999542236328,23.450000762939453,23.450000762939453,3300300
2020-03-04 00:00:00-05:00,23.639999389648438,23.8700008392334,23.09000015258789,23.860000610351562,23.860000610351562,3014000
2020-03-05 00:00:00-05:00,23.040000915527344,23.209999084472656,21.170000076293945,21.739999771118164,21.739999771118164,5273700
2020-03-06 00:00:00-05:00,20.920000076293945,22.15999984741211,20.799999237060547,22.0,22.0,5317300
2020-03-09 00:00:00-04:00,20.6299991607666,21.540000915527344,19.979999542236328,20.09000015258789,20.09000015258789,5548700
2020-03-10 00:00:00-04:00,20.829999923706055,20.829999923706055,18.75,19.68000030517578,19.68000030517578,5635600
2020-03-11 00:00:00-04:00,18.969999313354492,19.079999923706055,18.020000457763672,18.229999542236328,18.229999542236328,6161800
2020-03-12 00:00:00-04:00,17.110000610351562,17.3700008392334,14.670000076293945,14.920000076293945,14.920000076293945,6743700
2020-03-13 00:00:00-04:00,16.1299991607666,17.280000686645508,14.6899995803833,17.079999923706055,17.079999923706055,6387700
2020-03-16 00:00:00-04:00,15.039999961853027,18.739999771118164,15.039999961853027,16.809999465942383,16.809999465942383,6074200
2020-03-17 00:00:00-04:00,17.15999984741211,17.860000610351562,15.399999618530273,15.600000381469727,15.600000381469727,4998300
2020-03-18 00:00:00-04:00,14.859999656677246,16.0,13.729999542236328,14.449999809265137,14.449999809265137,4296600
2020-03-19 00:00:00-04:00,14.289999961853027,16.3700008392334,14.270000457763672,15.6899995803833,15.6899995803833,2981100
2020-03-20 00:00:00-04:00,15.960000038146973,16.850000381469727,15.489999771118164,15.84000015258789,15.84000015258789,4365900
2020-03-23 00:00:00-04:00,15.800000190734863,17.5,15.359999656677246,17.049999237060547,17.049999237060547,4008900
2020-03-24 00:00:00-04:00,18.110000610351562,18.84000015258789,17.31999969482422,18.549999237060547,18.549999237060547,2723300
2020-03-25 00:00:00-04:00,18.65999984741211,20.290000915527344,17.75,19.760000228881836,19.760000228881836,4092000
2020-03-26 00:00:00-04:00,20.420000076293945,21.239999771118164,19.040000915527344,19.790000915527344,19.790000915527344,3491000
2020-03-27 00:00:00-04:00,18.940000534057617,19.190000534057617,17.760000228881836,17.959999084472656,17.959999084472656,2440300
2020-03-30 00:00:00-04:00,18.0,18.170000076293945,17.350000381469727,17.8700008392334,17.8700008392334,1891600
2020-03-31 00:00:00-04:00,17.889999389648438,18.459999084472656,17.170000076293945,17.389999389648438,17.389999389648438,3752000
2020-04-01 00:00:00-04:00,16.860000610351562,17.649999618530273,16.299999237060547,16.670000076293945,16.670000076293945,2268600
2020-04-02 00:00:00-04:00,16.56999969482422,17.450000762939453,16.020000457763672,16.270000457763672,16.270000457763672,2275400
2020-04-03 00:00:00-04:00,16.290000915527344,16.559999465942383,15.350000381469727,15.699999809265137,15.699999809265137,3145400
2020-04-06 00:00:00-04:00,16.489999771118164,17.5,16.3799991607666,16.790000915527344,16.790000915527344,4994700
2020-04-07 00:00:00-04:00,17.709999084472656,18.229999542236328,16.489999771118164,16.770000457763672,16.770000457763672,3391500
2020-04-08 00:00:00-04:00,17.1299991607666,17.639999389648438,16.68000030517578,17.420000076293945,17.420000076293945,2407000
2020-04-09 00:00:00-04:00,18.030000686645508,19.049999237060547,17.729999542236328,18.34000015258789,18.34000015258789,2709600
2020-04-13 00:00:00-04:00,18.3700008392334,18.5,17.440000534057617,18.110000610351562,18.110000610351562,1888000
2020-04-14 00:00:00-04:00,18.549999237060547,18.719999313354492,17.8700008392334,18.110000610351562,18.110000610351562,1570200
2020-04-15 00:00:00-04:00,17.40999984741211,20.06999969482422,17.110000610351562,19.239999771118164,19.239999771118164,7978600
2020-04-16 00:00:00-04:00,19.40999984741211,19.6299991607666,17.950000762939453,18.43000030517578,18.43000030517578,3895800
2020-04-17 00:00:00-04:00,19.40999984741211,19.729999542236328,18.610000610351562,18.780000686645508,18.780000686645508,2280100
2020-04-20 00:00:00-04:00,18.469999313354492,18.799999237060547,17.860000610351562,18.06999969482422,18.06999969482422,1857200
2020-04-21 00:00:00-04:00,17.639999389648438,17.860000610351562,16.950000762939453,17.360000610351562,17.360000610351562,1520300
2020-04-22 00:00:00-04:00,17.790000915527344,18.299999237060547,17.309999465942383,17.350000381469727,17.350000381469727,2279400
2020-04-23 00:00:00-04:00,17.399999618530273,18.809999465942383,17.34000015258789,18.520000457763672,18.520000457763672,2589400
2020-04-24 00:00:00-04:00,18.520000457763672,19.06999969482422,18.229999542236328,18.440000534057617,18.440000534057617,2746100
2020-04-27 00:00:00-04:00,18.549999237060547,18.989999771118164,18.270000457763672,18.700000762939453,18.700000762939453,1725400
2020-04-28 00:00:00-04:00,19.06999969482422,19.489999771118164,18.65999984741211,19.100000381469727,19.100000381469727,2543800
2020-04-29 00:00:00-04:00,19.90999984741211,20.93000030517578,19.600000381469727,20.469999313354492,20.469999313354492,3181300
2020-04-30 00:00:00-04:00,20.18000030517578,20.299999237060547,19.530000686645508,19.969999313354492,19.969999313354492,2367000
2020-05-01 00:00:00-04:00,19.5,19.540000915527344,18.299999237060547,18.3700008392334,18.3700008392334,2722100
2020-05-04 00:00:00-04:00,18.0,18.770000457763672,17.420000076293945,18.719999313354492,18.719999313354492,2085800
2020-05-05 00:00:00-04:00,19.1299991607666,19.31999969482422,18.079999923706055,18.360000610351562,18.360000610351562,2779100
2020-05-06 00:00:00-04:00,18.139999389648438,18.59000015258789,17.579999923706055,18.09000015258789,18.09000015258789,2541300
2020-05-07 00:00:00-04:00,18.549999237060547,18.920000076293945,18.309999465942383,18.719999313354492,18.719999313354492,3537000
2020-05-08 00:00:00-04:00,18.049999237060547,18.899999618530273,17.5,17.90999984741211,17.90999984741211,6450000
2020-05-11 00:00:00-04:00,17.780000686645508,17.780000686645508,16.670000076293945,16.700000762939453,16.700000762939453,4766500
2020-05-12 00:00:00-04:00,16.780000686645508,17.270000457763672,16.6200008392334,16.899999618530273,16.899999618530273,3743300
2020-05-13 00:00:00-04:00,16.760000228881836,16.760000228881836,15.279999732971191,15.59000015258789,15.59000015258789,4786100
2020-05-14 00:00:00-04:00,15.199999809265137,15.670000076293945,14.529999732971191,15.609999656677246,15.609999656677246,5610700
2020-05-15 00:00:00-04:00,15.399999618530273,15.779999732971191,15.3100004196167,15.65999984741211,15.65999984741211,2939200
2020-05-18 00:00:00-04:00,16.469999313354492,19.25,16.459999084472656,19.020000457763672,19.020000457763672,8237700
2020-05-19 00:00:00-04:00,18.469999313354492,19.290000915527344,18.299999237060547,18.469999313354492,18.469999313354492,6465400
2020-05-20 00:00:00-04:00,18.8799991607666,19.649999618530273,18.68000030517578,19.530000686645508,19.530000686645508,4084300
2020-05-21 00:00:00-04:00,19.479999542236328,20.059999465942383,18.979999542236328,19.479999542236328,19.479999542236328,3622300
2020-05-22 00:00:00-04:00,19.579999923706055,19.579999923706055,18.610000610351562,18.920000076293945,18.920000076293945,2896400
2020-05-26 00:00:00-04:00,20.270000457763672,22.15999984741211,19.969999313354492,21.8700008392334,21.8700008392334,7685400
2020-05-27 00:00:00-04:00,22.75,23.440000534057617,22.229999542236328,23.350000381469727,23.350000381469727,7192100
2020-05-28 00:00:00-04:00,23.209999084472656,23.280000686645508,20.950000762939453,21.139999389648438,21.139999389648438,3661800
2020-05-29 00:00:00-04:00,21.010000228881836,21.100000381469727,19.020000457763672,19.280000686645508,19.280000686645508,10898800
2020-06-01 00:00:00-04:00,19.3700008392334,22.049999237060547,19.31999969482422,21.850000381469727,21.850000381469727,5664600
2020-06-02 00:00:00-04:00,21.899999618530273,22.18000030517578,21.1200008392334,21.190000534057617,21.190000534057617,3827500
2020-06-03 00:00:00-04:00,21.8700008392334,22.889999389648438,21.670000076293945,22.829999923706055,22.829999923706055,4576100
2020-06-04 00:00:00-04:00,22.989999771118164,23.200000762939453,21.93000030517578,22.010000228881836,22.010000228881836,4320500
2020-06-05 00:00:00-04:00,23.170000076293945,26.600000381469727,23.170000076293945,25.489999771118164,25.489999771118164,10782400
2020-06-08 00:00:00-04:00,26.559999465942383,26.739999771118164,24.969999313354492,25.450000762939453,25.450000762939453,4345000
2020-06-09 00:00:00-04:00,24.68000030517578,24.75,23.649999618530273,23.860000610351562,23.860000610351562,3202200
2020-06-10 00:00:00-04:00,23.65999984741211,23.829999923706055,22.030000686645508,22.219999313354492,22.219999313354492,3574000
2020-06-11 00:00:00-04:00,20.729999542236328,21.149999618530273,19.850000381469727,19.899999618530273,19.899999618530273,5811000
2020-06-12 00:00:00-04:00,20.979999542236328,21.260000228881836,20.0,20.40999984741211,20.40999984741211,3336900
2020-06-15 00:00:00-04:00,19.700000762939453,20.8700008392334,19.399999618530273,20.81999969482422,20.81999969482422,3235100
2020-06-16 00:00:00-04:00,21.760000228881836,21.93000030517578,20.15999984741211,20.510000228881836,20.510000228881836,4052900
2020-06-17 00:00:00-04:00,20.420000076293945,20.469999313354492,18.860000610351562,18.950000762939453,18.950000762939453,5816500
2020-06-18 00:00:00-04:00,18.829999923706055,19.170000076293945,18.56999969482422,18.959999084472656,18.959999084472656,4239700
2020-06-19 00:00:00-04:00,19.229999542236328,19.329999923706055,17.989999771118164,18.170000076293945,18.170000076293945,6548600
2020-06-22 00:00:00-04:00,17.850000381469727,18.239999771118164,17.170000076293945,18.18000030517578,18.18000030517578,5131400
2020-06-23 00:00:00-04:00,18.450000762939453,20.530000686645508,18.360000610351562,20.110000610351562,20.110000610351562,8855900
2020-06-24 00:00:00-04:00,19.399999618530273,19.649999618530273,17.899999618530273,18.149999618530273,18.149999618530273,7482300
2020-06-25 00:00:00-04:00,17.969999313354492,18.559999465942383,17.84000015258789,18.34000015258789,18.34000015258789,2815900
2020-06-26 00:00:00-04:00,18.15999984741211,18.350000381469727,17.860000610351562,18.030000686645508,18.030000686645508,6787600
2020-06-29 00:00:00-04:00,18.239999771118164,19.149999618530273,18.09000015258789,19.059999465942383,19.059999465942383,3368200
2020-06-30 00:00:00-04:00,18.729999542236328,19.200000762939453,18.469999313354492,19.010000228881836,19.010000228881836,3120100
2020-07-01 00:00:00-04:00,18.950000762939453,19.729999542236328,18.860000610351562,19.219999313354492,19.219999313354492,2281500
2020-07-02 00:00:00-04:00,19.790000915527344,19.989999771118164,18.90999984741211,19.100000381469727,19.100000381469727,1984300
2020-07-06 00:00:00-04:00,19.610000610351562,19.969999313354492,19.030000686645508,19.510000228881836,19.510000228881836,2492300
2020-07-07 00:00:00-04:00,19.200000762939453,19.200000762939453,18.40999984741211,18.5,18.5,2914800
2020-07-08 00:00:00-04:00,18.600000381469727,19.1200008392334,18.209999084472656,19.020000457763672,19.020000457763672,2044100
2020-07-09 00:00:00-04:00,18.93000030517578,19.5,18.3799991607666,19.3799991607666,19.3799991607666,3730100
2020-07-10 00:00:00-04:00,18.889999389648438,19.690000534057617,18.719999313354492,19.610000610351562,19.610000610351562,2116600
2020-07-13 00:00:00-04:00,19.799999237060547,19.850000381469727,18.790000915527344,18.8700008392334,18.8700008392334,2685100
2020-07-14 00:00:00-04:00,18.780000686645508,19.09000015258789,18.43000030517578,18.850000381469727,18.850000381469727,2165400
2020-07-15 00:00:00-04:00,19.709999084472656,20.81999969482422,19.700000762939453,20.56999969482422,20.56999969482422,4426200
2020-07-16 00:00:00-04:00,20.079999923706055,20.200000762939453,19.280000686645508,19.649999618530273,19.649999618530273,2896600
2020-07-17 00:00:00-04:00,19.780000686645508,19.780000686645508,19.200000762939453,19.709999084472656,19.709999084472656,2311600
2020-07-20 00:00:00-04:00,19.540000915527344,19.790000915527344,19.040000915527344,19.6299991607666,19.6299991607666,1643700
2020-07-21 00:00:00-04:00,19.850000381469727,20.350000381469727,19.709999084472656,20.049999237060547,20.049999237060547,2658100
2020-07-22 00:00:00-04:00,20.040000915527344,20.290000915527344,19.520000457763672,20.25,20.25,2530500
2020-07-23 00:00:00-04:00,20.049999237060547,20.709999084472656,20.010000228881836,20.329999923706055,20.329999923706055,2190300
2020-07-24 00:00:00-04:00,20.260000228881836,20.280000686645508,19.860000610351562,20.030000686645508,20.030000686645508,2000900
2020-07-27 00:00:00-04:00,20.1200008392334,20.93000030517578,19.93000030517578,20.84000015258789,20.84000015258789,2297900
2020-07-28 00:00:00-04:00,20.790000915527344,21.360000610351562,20.639999389648438,21.149999618530273,21.149999618530273,2487300
2020-07-29 00:00:00-04:00,21.31999969482422,21.549999237060547,21.010000228881836,21.440000534057617,21.440000534057617,1894500
2020-07-30 00:00:00-04:00,21.030000686645508,21.139999389648438,20.290000915527344,21.030000686645508,21.030000686645508,1507100
2020-07-31 00:00:00-04:00,20.809999465942383,20.829999923706055,19.790000915527344,20.229999542236328,20.229999542236328,2615400
2020-08-03 00:00:00-04:00,20.34000015258789,20.5,19.799999237060547,20.360000610351562,20.360000610351562,1141900
2020-08-04 00:00:00-04:00,20.3799991607666,20.8799991607666,20.270000457763672,20.719999313354492,20.719999313354492,960100
2020-08-05 00:00:00-04:00,20.969999313354492,21.260000228881836,20.719999313354492,21.09000015258789,21.09000015258789,1307400
2020-08-06 00:00:00-04:00,21.1299991607666,22.329999923706055,20.719999313354492,21.56999969482422,21.56999969482422,4000200
2020-08-07 00:00:00-04:00,21.239999771118164,22.34000015258789,20.079999923706055,21.059999465942383,21.059999465942383,4254300
2020-08-10 00:00:00-04:00,21.31999969482422,21.6299991607666,20.75,21.170000076293945,21.170000076293945,2461100
2020-08-11 00:00:00-04:00,21.90999984741211,22.889999389648438,21.700000762939453,22.1299991607666,22.1299991607666,4958000
2020-08-12 00:00:00-04:00,22.280000686645508,23.100000381469727,21.81999969482422,23.010000228881836,23.010000228881836,4214100
2020-08-13 00:00:00-04:00,22.649999618530273,22.780000686645508,21.850000381469727,22.260000228881836,22.260000228881836,3679900
2020-08-14 00:00:00-04:00,22.049999237060547,22.450000762939453,21.950000762939453,22.290000915527344,22.290000915527344,2431000
2020-08-17 00:00:00-04:00,22.489999771118164,22.68000030517578,22.110000610351562,22.209999084472656,22.209999084472656,2253600
2020-08-18 00:00:00-04:00,21.969999313354492,22.15999984741211,21.719999313354492,21.959999084472656,21.959999084472656,1930700
2020-08-19 00:00:00-04:00,21.90999984741211,22.299999237060547,21.84000015258789,21.920000076293945,21.920000076293945,1369600
2020-08-20 00:00:00-04:00,21.600000381469727,22.049999237060547,21.299999237060547,21.989999771118164,21.989999771118164,1691100
2020-08-21 00:00:00-04:00,21.90999984741211,22.1200008392334,21.739999771118164,22.0,22.0,1481500
2020-08-24 00:00:00-04:00,22.079999923706055,23.389999389648438,22.079999923706055,23.3799991607666,23.3799991607666,2713000
2020-08-25 00:00:00-04:00,23.520000457763672,23.790000915527344,23.020000457763672,23.670000076293945,23.670000076293945,2474200
2020-08-26 00:00:00-04:00,23.790000915527344,23.850000381469727,22.59000015258789,22.93000030517578,22.93000030517578,2635500
2020-08-27 00:00:00-04:00,23.200000762939453,24.5,23.06999969482422,24.3700008392334,24.3700008392334,4128800
2020-08-28 00:00:00-04:00,24.549999237060547,24.719999313354492,24.1299991607666,24.559999465942383,24.559999465942383,2619100
2020-08-31 00:00:00-04:00,24.5,24.610000610351562,23.31999969482422,23.3700008392334,23.3700008392334,2274700
2020-09-01 00:00:00-04:00,23.209999084472656,23.420000076293945,22.899999618530273,23.15999984741211,23.15999984741211,1784900
2020-09-02 00:00:00-04:00,23.209999084472656,23.780000686645508,23.0,23.709999084472656,23.709999084472656,1660800
2020-09-03 00:00:00-04:00,23.75,24.110000610351562,22.639999389648438,22.799999237060547,22.799999237060547,1807300
2020-09-04 00:00:00-04:00,23.299999237060547,23.299999237060547,22.149999618530273,22.600000381469727,22.600000381469727,1601500
2020-09-08 00:00:00-04:00,22.040000915527344,22.360000610351562,21.780000686645508,22.030000686645508,22.030000686645508,2875300
2020-09-09 00:00:00-04:00,22.219999313354492,22.299999237060547,20.959999084472656,21.229999542236328,21.229999542236328,3640000
2020-09-10 00:00:00-04:00,21.450000762939453,22.1299991607666,21.399999618530273,21.43000030517578,21.43000030517578,2380000
2020-09-11 00:00:00-04:00,21.540000915527344,21.6299991607666,20.90999984741211,21.270000457763672,21.270000457763672,1731700
2020-09-14 00:00:00-04:00,21.520000457763672,21.59000015258789,20.93000030517578,21.31999969482422,21.31999969482422,2158900
2020-09-15 00:00:00-04:00,21.540000915527344,21.65999984741211,20.959999084472656,21.040000915527344,21.040000915527344,2358700
2020-09-16 00:00:00-04:00,21.0,21.739999771118164,20.8799991607666,21.31999969482422,21.31999969482422,2098200
2020-09-17 00:00:00-04:00,21.0,21.299999237060547,20.690000534057617,21.100000381469727,21.100000381469727,2089400
2020-09-18 00:00:00-04:00,21.110000610351562,21.139999389648438,20.399999618530273,20.75,20.75,4027200
2020-09-21 00:00:00-04:00,20.100000381469727,20.18000030517578,19.110000610351562,19.469999313354492,19.469999313354492,3396300
2020-09-22 00:00:00-04:00,19.549999237060547,19.93000030517578,19.139999389648438,19.8799991607666,19.8799991607666,2557400
2020-09-23 00:00:00-04:00,20.0,20.31999969482422,18.950000762939453,19.030000686645508,19.030000686645508,2484400
2020-09-24 00:00:00-04:00,18.729999542236328,19.06999969482422,18.440000534057617,18.93000030517578,18.93000030517578,2011700
2020-09-25 00:00:00-04:00,18.850000381469727,19.3799991607666,18.690000534057617,19.31999969482422,19.31999969482422,1421100
2020-09-28 00:00:00-04:00,19.600000381469727,19.950000762939453,19.530000686645508,19.81999969482422,19.81999969482422,1699900
2020-09-29 00:00:00-04:00,19.709999084472656,20.030000686645508,19.31999969482422,19.579999923706055,19.579999923706055,1945600
2020-09-30 00:00:00-04:00,19.75,20.18000030517578,19.360000610351562,19.59000015258789,19.59000015258789,2098200
2020-10-01 00:00:00-04:00,19.690000534057617,20.09000015258789,19.420000076293945,19.8700008392334,19.8700008392334,1393000
2020-10-02 00:00:00-04:00,19.219999313354492,19.809999465942383,18.860000610351562,19.350000381469727,19.350000381469727,2158500
2020-10-05 00:00:00-04:00,19.559999465942383,19.670000076293945,18.899999618530273,19.299999237060547,19.299999237060547,2040700
2020-10-06 00:00:00-04:00,19.3700008392334,20.760000228881836,19.299999237060547,19.700000762939453,19.700000762939453,2815800
2020-10-07 00:00:00-04:00,19.90999984741211,20.360000610351562,19.690000534057617,20.170000076293945,20.170000076293945,1632600
2020-10-08 00:00:00-04:00,20.600000381469727,20.649999618530273,19.989999771118164,20.219999313354492,20.219999313354492,1384800
2020-10-09 00:00:00-04:00,20.1200008392334,20.770000457763672,19.950000762939453,20.3700008392334,20.3700008392334,1577900
2020-10-12 00:00:00-04:00,20.549999237060547,21.1200008392334,20.270000457763672,21.020000457763672,21.020000457763672,1582300
2020-10-13 00:00:00-04:00,20.719999313354492,20.719999313354492,19.8700008392334,20.079999923706055,20.079999923706055,1561200
2020-10-14 00:00:00-04:00,20.260000228881836,20.489999771118164,19.639999389648438,19.899999618530273,19.899999618530273,1516200
2020-10-15 00:00:00-04:00,19.40999984741211,19.950000762939453,19.229999542236328,19.780000686645508,19.780000686645508,1239800
2020-10-16 00:00:00-04:00,19.610000610351562,19.850000381469727,19.3799991607666,19.510000228881836,19.510000228881836,1415300
2020-10-19 00:00:00-04:00,19.670000076293945,19.799999237060547,19.1200008392334,19.149999618530273,19.149999618530273,1635700
2020-10-20 00:00:00-04:00,19.360000610351562,19.889999389648438,19.200000762939453,19.649999618530273,19.649999618530273,1493100
2020-10-21 00:00:00-04:00,19.600000381469727,20.0,19.540000915527344,19.75,19.75,1450300
2020-10-22 00:00:00-04:00,19.780000686645508,21.020000457763672,19.700000762939453,20.75,20.75,3468800
2020-10-23 00:00:00-04:00,20.950000762939453,21.079999923706055,20.5,20.90999984741211,20.90999984741211,2089900
2020-10-26 00:00:00-04:00,20.399999618530273,20.670000076293945,19.860000610351562,20.110000610351562,20.110000610351562,2150300
2020-10-27 00:00:00-04:00,20.049999237060547,20.219999313354492,19.489999771118164,19.59000015258789,19.59000015258789,892700
2020-10-28 00:00:00-04:00,19.059999465942383,19.1299991607666,18.5,18.719999313354492,18.719999313354492,1613600
2020-10-29 00:00:00-04:00,18.639999389648438,19.520000457763672,18.239999771118164,19.399999618530273,19.399999618530273,1716400
2020-10-30 00:00:00-04:00,19.3799991607666,19.459999084472656,18.780000686645508,19.110000610351562,19.110000610351562,1386500
2020-11-02 00:00:00-05:00,19.399999618530273,19.479999542236328,18.899999618530273,19.010000228881836,19.010000228881836,1364500
2020-11-03 00:00:00-05:00,19.399999618530273,19.649999618530273,19.200000762939453,19.579999923706055,19.579999923706055,1577400
2020-11-04 00:00:00-05:00,19.809999465942383,20.06999969482422,19.25,19.719999313354492,19.719999313354492,1307800
2020-11-05 00:00:00-05:00,19.989999771118164,20.65999984741211,19.84000015258789,20.549999237060547,20.549999237060547,2245000
2020-11-06 00:00:00-05:00,20.34000015258789,20.530000686645508,19.649999618530273,19.979999542236328,19.979999542236328,1942200
2020-11-09 00:00:00-05:00,24.329999923706055,25.940000534057617,22.889999389648438,24.309999465942383,24.309999465942383,6577300
2020-11-10 00:00:00-05:00,23.979999542236328,27.3799991607666,23.899999618530273,26.84000015258789,26.84000015258789,8253400
2020-11-11 00:00:00-05:00,26.229999542236328,26.450000762939453,24.940000534057617,25.15999984741211,25.15999984741211,4945400
2020-11-12 00:00:00-05:00,24.459999084472656,24.989999771118164,23.329999923706055,23.520000457763672,23.520000457763672,3766100
2020-11-13 00:00:00-05:00,23.790000915527344,25.540000915527344,23.690000534057617,25.479999542236328,25.479999542236328,5832500
2020-11-16 00:00:00-05:00,27.190000534057617,27.190000534057617,25.170000076293945,25.780000686645508,25.780000686645508,3628900
2020-11-17 00:00:00-05:00,25.25,25.8799991607666,25.020000457763672,25.610000610351562,25.610000610351562,2889000
2020-11-18 00:00:00-05:00,26.110000610351562,27.739999771118164,25.84000015258789,26.56999969482422,26.56999969482422,3552400
2020-11-19 00:00:00-05:00,26.43000030517578,26.889999389648438,25.959999084472656,26.549999237060547,26.549999237060547,1452100
2020-11-20 00:00:00-05:00,26.510000228881836,26.510000228881836,25.510000228881836,25.90999984741211,25.90999984741211,2220500
2020-11-23 00:00:00-05:00,26.100000381469727,27.020000457763672,25.950000762939453,26.649999618530273,26.649999618530273,2848400
2020-11-24 00:00:00-05:00,27.34000015258789,27.950000762939453,26.760000228881836,27.469999313354492,27.469999313354492,2758700
2020-11-25 00:00:00-05:00,27.110000610351562,27.59000015258789,26.239999771118164,27.280000686645508,27.280000686645508,1553400
2020-11-27 00:00:00-05:00,27.399999618530273,28.25,27.299999237060547,27.530000686645508,27.530000686645508,780700
2020-11-30 00:00:00-05:00,27.639999389648438,27.639999389648438,25.979999542236328,26.100000381469727,26.100000381469727,2677700
2020-12-01 00:00:00-05:00,27.850000381469727,28.31999969482422,26.90999984741211,27.59000015258789,27.59000015258789,3247500
2020-12-02 00:00:00-05:00,27.399999618530273,28.90999984741211,27.0,28.6200008392334,28.6200008392334,2868300
2020-12-03 00:00:00-05:00,28.950000762939453,29.739999771118164,28.479999542236328,28.600000381469727,28.600000381469727,3189400
2020-12-04 00:00:00-05:00,28.700000762939453,31.0,28.670000076293945,30.940000534057617,30.940000534057617,3365200
2020-12-07 00:00:00-05:00,30.610000610351562,31.1299991607666,29.700000762939453,30.0,30.0,4437800
2020-12-08 00:00:00-05:00,29.690000534057617,30.100000381469727,29.079999923706055,29.489999771118164,29.489999771118164,1588100
2020-12-09 00:00:00-05:00,29.950000762939453,30.510000228881836,29.200000762939453,29.389999389648438,29.389999389648438,1842100
2020-12-10 00:00:00-05:00,29.020000457763672,29.989999771118164,28.760000228881836,29.3799991607666,29.3799991607666,2016600
2020-12-11 00:00:00-05:00,29.0,29.100000381469727,28.239999771118164,28.40999984741211,28.40999984741211,1883400
2020-12-14 00:00:00-05:00,28.799999237060547,29.1200008392334,27.3700008392334,27.530000686645508,27.530000686645508,2768200
2020-12-15 00:00:00-05:00,27.81999969482422,28.18000030517578,27.170000076293945,27.84000015258789,27.84000015258789,2884500
2020-12-16 00:00:00-05:00,27.969999313354492,28.100000381469727,27.079999923706055,27.31999969482422,27.31999969482422,1781100
2020-12-17 00:00:00-05:00,27.440000534057617,27.469999313354492,26.600000381469727,26.75,26.75,2949600
2020-12-18 00:00:00-05:00,26.770000457763672,27.15999984741211,26.139999389648438,26.989999771118164,26.989999771118164,4465300
2020-12-21 00:00:00-05:00,25.959999084472656,26.719999313354492,25.579999923706055,26.049999237060547,26.049999237060547,4734800
2020-12-22 00:00:00-05:00,26.350000381469727,26.520000457763672,25.059999465942383,25.8799991607666,25.8799991607666,3476600
2020-12-23 00:00:00-05:00,25.860000610351562,26.65999984741211,25.59000015258789,26.1200008392334,26.1200008392334,1471500
2020-12-24 00:00:00-05:00,26.389999389648438,26.389999389648438,25.729999542236328,26.0,26.0,901700
2020-12-28 00:00:00-05:00,26.6299991607666,27.739999771118164,26.43000030517578,27.209999084472656,27.209999084472656,2322800
2020-12-29 00:00:00-05:00,27.450000762939453,27.81999969482422,26.829999923706055,27.75,27.75,1765300
2020-12-30 00:00:00-05:00,28.049999237060547,28.889999389648438,27.6299991607666,28.06999969482422,28.06999969482422,2143800
2020-12-31 00:00:00-05:00,28.020000457763672,29.229999542236328,27.600000381469727,28.780000686645508,28.780000686645508,2066200
2021-01-04 00:00:00-05:00,29.209999084472656,29.790000915527344,28.09000015258789,28.309999465942383,28.309999465942383,2992400
2021-01-05 00:00:00-05:00,28.139999389648438,30.030000686645508,28.020000457763672,29.81999969482422,29.81999969482422,2385000
2021-01-06 00:00:00-05:00,30.440000534057617,32.150001525878906,29.59000015258789,31.389999389648438,31.389999389648438,4060700
2021-01-07 00:00:00-05:00,31.309999465942383,32.90999984741211,31.290000915527344,31.969999313354492,31.969999313354492,2523300
2021-01-08 00:00:00-05:00,32.5,36.16999816894531,32.369998931884766,35.650001525878906,35.650001525878906,6134100
2021-01-11 00:00:00-05:00,34.220001220703125,35.900001525878906,33.5099983215332,35.7599983215332,35.7599983215332,2866000
2021-01-12 00:00:00-05:00,35.66999816894531,35.7599983215332,34.25,34.599998474121094,34.599998474121094,2571300
2021-01-13 00:00:00-05:00,34.779998779296875,34.790000915527344,33.86000061035156,34.20000076293945,34.20000076293945,2683000
2021-01-14 00:00:00-05:00,34.36000061035156,35.279998779296875,34.06999969482422,34.7400016784668,34.7400016784668,1900600
2021-01-15 00:00:00-05:00,34.5,34.939998626708984,33.34000015258789,33.43000030517578,33.43000030517578,2288000
2021-01-19 00:00:00-05:00,34.45000076293945,34.45000076293945,32.63999938964844,33.529998779296875,33.529998779296875,3067700
2021-01-20 00:00:00-05:00,33.869998931884766,34.15999984741211,33.380001068115234,33.66999816894531,33.66999816894531,2132600
2021-01-21 00:00:00-05:00,33.400001525878906,34.25,33.04999923706055,33.630001068115234,33.630001068115234,1535400
2021-01-22 00:00:00-05:00,32.84000015258789,33.52000045776367,32.61000061035156,33.189998626708984,33.189998626708984,1015900
2021-01-25 00:00:00-05:00,33.470001220703125,33.86000061035156,31.530000686645508,33.060001373291016,33.060001373291016,2316800
2021-01-26 00:00:00-05:00,33.150001525878906,33.43000030517578,32.45000076293945,32.70000076293945,32.70000076293945,1536900
2021-01-27 00:00:00-05:00,32.43000030517578,35.900001525878906,31.389999389648438,33.939998626708984,33.939998626708984,6234600
2021-01-28 00:00:00-05:00,34.279998779296875,34.95000076293945,32.11000061035156,33.27000045776367,33.27000045776367,3593700
2021-01-29 00:00:00-05:00,33.459999084472656,33.88999938964844,30.950000762939453,30.969999313354492,30.969999313354492,2832000
2021-02-01 00:00:00-05:00,31.43000030517578,33.04999923706055,31.15999984741211,32.810001373291016,32.810001373291016,1928300
2021-02-02 00:00:00-05:00,33.5099983215332,34.0,32.75,33.689998626708984,33.689998626708984,1828900
2021-02-03 00:00:00-05:00,33.599998474121094,35.29999923706055,33.209999084472656,34.459999084472656,34.459999084472656,2379600
2021-02-04 00:00:00-05:00,34.7400016784668,35.459999084472656,34.08000183105469,35.380001068115234,35.380001068115234,1490300
2021-02-05 00:00:00-05:00,35.75,36.189998626708984,35.45000076293945,35.900001525878906,35.900001525878906,1855700
2021-02-08 00:00:00-05:00,36.849998474121094,37.0,36.06999969482422,36.279998779296875,36.279998779296875,1752700
2021-02-09 00:00:00-05:00,36.060001373291016,37.36000061035156,35.540000915527344,36.439998626708984,36.439998626708984,2043700
2021-02-10 00:00:00-05:00,37.369998931884766,37.7599983215332,36.02000045776367,36.59000015258789,36.59000015258789,1834100
2021-02-11 00:00:00-05:00,36.599998474121094,37.599998474121094,36.22999954223633,36.97999954223633,36.97999954223633,2741900
2021-02-12 00:00:00-05:00,36.650001525878906,37.619998931884766,36.33000183105469,37.380001068115234,37.380001068115234,1548300
2021-02-16 00:00:00-05:00,37.52000045776367,38.099998474121094,36.90999984741211,37.290000915527344,37.290000915527344,2583700
2021-02-17 00:00:00-05:00,37.36000061035156,38.310001373291016,36.59000015258789,38.04999923706055,38.04999923706055,2955900
2021-02-18 00:00:00-05:00,37.29999923706055,38.810001373291016,36.630001068115234,38.439998626708984,38.439998626708984,3985600
2021-02-19 00:00:00-05:00,38.77000045776367,40.959999084472656,38.22999954223633,39.91999816894531,39.91999816894531,7980400
2021-02-22 00:00:00-05:00,40.130001068115234,46.47999954223633,40.0,44.709999084472656,44.709999084472656,8651700
2021-02-23 00:00:00-05:00,41.95000076293945,46.470001220703125,41.13999938964844,46.04999923706055,46.04999923706055,6581900
2021-02-24 00:00:00-05:00,46.459999084472656,50.4900016784668,45.4900016784668,49.560001373291016,49.560001373291016,7380700
2021-02-25 00:00:00-05:00,49.5,50.25,42.90999984741211,43.540000915527344,43.540000915527344,5952500
2021-02-26 00:00:00-05:00,43.90999984741211,50.2400016784668,42.52000045776367,49.619998931884766,49.619998931884766,8077700
2021-03-01 00:00:00-05:00,52.27000045776367,52.97999954223633,48.52000045776367,49.349998474121094,49.349998474121094,4392800
2021-03-02 00:00:00-05:00,51.900001525878906,54.5,51.369998931884766,52.63999938964844,52.63999938964844,7570900
2021-03-03 00:00:00-05:00,53.7599983215332,54.959999084472656,52.5,53.41999816894531,53.41999816894531,6152000
2021-03-04 00:00:00-05:00,54.619998931884766,55.29999923706055,50.66999816894531,51.689998626708984,51.689998626708984,7351700
2021-03-05 00:00:00-05:00,52.900001525878906,53.0,47.58000183105469,51.5,51.5,7223100
2021-03-08 00:00:00-05:00,51.689998626708984,52.400001525878906,47.029998779296875,47.619998931884766,47.619998931884766,5001400
2021-03-09 00:00:00-05:00,49.060001373291016,50.86000061035156,46.7400016784668,50.349998474121094,50.349998474121094,3470600
2021-03-10 00:00:00-05:00,50.720001220703125,52.599998474121094,49.31999969482422,51.79999923706055,51.79999923706055,3031200
2021-03-11 00:00:00-05:00,52.04999923706055,56.02000045776367,50.56999969482422,55.310001373291016,55.310001373291016,5668500
2021-03-12 00:00:00-05:00,55.22999954223633,59.869998931884766,54.77000045776367,59.790000915527344,59.790000915527344,7234600
2021-03-15 00:00:00-04:00,60.79999923706055,64.94999694824219,60.380001068115234,60.849998474121094,60.849998474121094,7177500
2021-03-16 00:00:00-04:00,60.25,60.599998474121094,56.900001525878906,58.619998931884766,58.619998931884766,3653200
2021-03-17 00:00:00-04:00,58.45000076293945,61.560001373291016,57.25,61.029998779296875,61.029998779296875,3713200
2021-03-18 00:00:00-04:00,60.560001373291016,62.619998931884766,57.849998474121094,58.77000045776367,58.77000045776367,5126100
2021-03-19 00:00:00-04:00,58.58000183105469,61.02000045776367,57.15999984741211,59.9900016784668,59.9900016784668,3991200
2021-03-22 00:00:00-04:00,58.0,58.189998626708984,53.59000015258789,53.68000030517578,53.68000030517578,7737300
2021-03-23 00:00:00-04:00,53.529998779296875,53.529998779296875,48.91999816894531,49.38999938964844,49.38999938964844,7839700
2021-03-24 00:00:00-04:00,50.33000183105469,51.13999938964844,48.52000045776367,48.70000076293945,48.70000076293945,5520000
2021-03-25 00:00:00-04:00,47.380001068115234,54.349998474121094,46.66999816894531,54.11000061035156,54.11000061035156,7445500
2021-03-26 00:00:00-04:00,53.54999923706055,56.02000045776367,52.29999923706055,55.68000030517578,55.68000030517578,4814700
2021-03-29 00:00:00-04:00,55.70000076293945,56.939998626708984,52.52000045776367,53.75,53.75,2985700
2021-03-30 00:00:00-04:00,54.02000045776367,55.41999816894531,53.290000915527344,54.130001068115234,54.130001068115234,3088400
2021-03-31 00:00:00-04:00,54.470001220703125,55.40999984741211,53.560001373291016,53.790000915527344,53.790000915527344,2241500
2021-04-01 00:00:00-04:00,55.2400016784668,56.9900016784668,54.7400016784668,55.25,55.25,3003500
2021-04-05 00:00:00-04:00,56.90999984741211,57.0,54.630001068115234,56.790000915527344,56.790000915527344,2263800
2021-04-06 00:00:00-04:00,55.81999969482422,57.689998626708984,53.90999984741211,54.2400016784668,54.2400016784668,3504800
2021-04-07 00:00:00-04:00,54.7599983215332,55.43000030517578,52.06999969482422,52.88999938964844,52.88999938964844,2602600
2021-04-08 00:00:00-04:00,52.630001068115234,52.689998626708984,50.599998474121094,51.68000030517578,51.68000030517578,3548900
2021-04-09 00:00:00-04:00,52.2599983215332,52.54999923706055,50.880001068115234,52.4900016784668,52.4900016784668,1681800
2021-04-12 00:00:00-04:00,51.560001373291016,52.36000061035156,49.65999984741211,51.130001068115234,51.130001068115234,3352700
2021-04-13 00:00:00-04:00,50.58000183105469,52.09000015258789,50.09000015258789,51.689998626708984,51.689998626708984,2808100
2021-04-14 00:00:00-04:00,52.2599983215332,53.18000030517578,51.720001220703125,52.529998779296875,52.529998779296875,2570400
2021-04-15 00:00:00-04:00,52.529998779296875,52.70000076293945,50.9900016784668,52.36000061035156,52.36000061035156,1665700
2021-04-16 00:00:00-04:00,52.47999954223633,53.5,51.40999984741211,52.58000183105469,52.58000183105469,2738900
2021-04-19 00:00:00-04:00,52.4900016784668,54.27000045776367,51.86000061035156,53.0099983215332,53.0099983215332,4110300
2021-04-20 00:00:00-04:00,52.06999969482422,52.45000076293945,46.459999084472656,47.5,47.5,8032400
2021-04-21 00:00:00-04:00,48.11000061035156,50.59000015258789,47.52000045776367,50.38999938964844,50.38999938964844,3788600
2021-04-22 00:00:00-04:00,50.380001068115234,51.310001373291016,48.7599983215332,49.66999816894531,49.66999816894531,4301400
2021-04-23 00:00:00-04:00,50.18000030517578,51.290000915527344,49.650001525878906,50.9900016784668,50.9900016784668,2828600
2021-04-26 00:00:00-04:00,51.72999954223633,52.0,48.540000915527344,48.75,48.75,5274500
2021-04-27 00:00:00-04:00,49.0,49.380001068115234,48.189998626708984,48.45000076293945,48.45000076293945,2612500
2021-04-28 00:00:00-04:00,48.41999816894531,49.47999954223633,47.959999084472656,48.849998474121094,48.849998474121094,2213000
2021-04-29 00:00:00-04:00,49.5,49.66999816894531,47.0,47.84000015258789,47.84000015258789,2813200
2021-04-30 00:00:00-04:00,47.0,47.45000076293945,46.029998779296875,47.130001068115234,47.130001068115234,3491800
2021-05-03 00:00:00-04:00,47.540000915527344,49.279998779296875,46.9900016784668,47.33000183105469,47.33000183105469,2698400
2021-05-04 00:00:00-04:00,47.02000045776367,47.4900016784668,44.7599983215332,47.18000030517578,47.18000030517578,3115200
2021-05-05 00:00:00-04:00,47.380001068115234,47.810001373291016,45.11000061035156,45.439998626708984,45.439998626708984,2332900
2021-05-06 00:00:00-04:00,45.20000076293945,45.599998474121094,43.209999084472656,44.709999084472656,44.709999084472656,4930500
2021-05-07 00:00:00-04:00,42.33000183105469,47.25,42.220001220703125,44.16999816894531,44.16999816894531,5358700
2021-05-10 00:00:00-04:00,43.810001373291016,45.9900016784668,43.810001373291016,44.70000076293945,44.70000076293945,3712300
2021-05-11 00:00:00-04:00,43.040000915527344,45.900001525878906,42.68000030517578,45.45000076293945,45.45000076293945,2622700
2021-05-12 00:00:00-04:00,44.72999954223633,44.75,40.75,41.15999984741211,41.15999984741211,5157600
2021-05-13 00:00:00-04:00,41.66999816894531,43.0,39.91999816894531,40.900001525878906,40.900001525878906,2657300
2021-05-14 00:00:00-04:00,41.68000030517578,43.09000015258789,41.220001220703125,42.16999816894531,42.16999816894531,2300000
2021-05-17 00:00:00-04:00,41.27000045776367,41.4900016784668,40.099998474121094,41.0,41.0,4815900
2021-05-18 00:00:00-04:00,41.599998474121094,42.11000061035156,41.0,41.27000045776367,41.27000045776367,2459700
2021-05-19 00:00:00-04:00,40.0099983215332,40.54999923706055,38.95000076293945,40.290000915527344,40.290000915527344,2122300
2021-05-20 00:00:00-04:00,40.5099983215332,41.029998779296875,39.880001068115234,40.2599983215332,40.2599983215332,2140500
2021-05-21 00:00:00-04:00,40.5099983215332,40.5099983215332,39.619998931884766,39.779998779296875,39.779998779296875,1815600
2021-05-24 00:00:00-04:00,40.2400016784668,41.279998779296875,39.79999923706055,40.900001525878906,40.900001525878906,2236500
2021-05-25 00:00:00-04:00,41.68000030517578,42.27000045776367,40.7599983215332,40.84000015258789,40.84000015258789,2490200
2021-05-26 00:00:00-04:00,40.81999969482422,41.91999816894531,40.20000076293945,41.52000045776367,41.52000045776367,2934600
2021-05-27 00:00:00-04:00,41.86000061035156,43.27000045776367,41.5,42.959999084472656,42.959999084472656,3963800
2021-05-28 00:00:00-04:00,43.83000183105469,43.83000183105469,42.5,43.45000076293945,43.45000076293945,2114600
2021-06-01 00:00:00-04:00,44.75,44.9900016784668,42.880001068115234,43.34000015258789,43.34000015258789,2384700
2021-06-02 00:00:00-04:00,43.79999923706055,43.900001525878906,41.70000076293945,42.439998626708984,42.439998626708984,3404600
2021-06-03 00:00:00-04:00,41.86000061035156,42.630001068115234,40.970001220703125,42.2599983215332,42.2599983215332,2449100
2021-06-04 00:00:00-04:00,42.209999084472656,42.43000030517578,40.88999938964844,41.2599983215332,41.2599983215332,2131700
2021-06-07 00:00:00-04:00,41.79999923706055,42.68000030517578,41.310001373291016,42.25,42.25,2068600
2021-06-08 00:00:00-04:00,42.58000183105469,43.02000045776367,41.43000030517578,41.650001525878906,41.650001525878906,1691200
2021-06-09 00:00:00-04:00,41.810001373291016,44.290000915527344,41.630001068115234,42.81999969482422,42.81999969482422,3400500
2021-06-10 00:00:00-04:00,42.959999084472656,43.18000030517578,40.560001373291016,41.83000183105469,41.83000183105469,2471700
2021-06-11 00:00:00-04:00,41.970001220703125,43.09000015258789,41.810001373291016,43.02000045776367,43.02000045776367,4061300
2021-06-14 00:00:00-04:00,42.779998779296875,42.79999923706055,40.63999938964844,40.65999984741211,40.65999984741211,2979400
2021-06-15 00:00:00-04:00,40.959999084472656,41.16999816894531,40.099998474121094,40.56999969482422,40.56999969482422,2295100
2021-06-16 00:00:00-04:00,41.630001068115234,42.2599983215332,40.2599983215332,41.380001068115234,41.380001068115234,2816400
2021-06-17 00:00:00-04:00,40.720001220703125,42.650001525878906,40.650001525878906,41.0,41.0,3675400
2021-06-18 00:00:00-04:00,40.529998779296875,41.04999923706055,39.650001525878906,40.79999923706055,40.79999923706055,3075600
2021-06-21 00:00:00-04:00,40.5,41.06999969482422,39.81999969482422,40.880001068115234,40.880001068115234,2228300
2021-06-22 00:00:00-04:00,40.93000030517578,41.09000015258789,39.869998931884766,40.54999923706055,40.54999923706055,2412800
2021-06-23 00:00:00-04:00,40.91999816894531,41.790000915527344,40.7599983215332,41.45000076293945,41.45000076293945,1490700
2021-06-24 00:00:00-04:00,41.650001525878906,42.40999984741211,41.20000076293945,42.11000061035156,42.11000061035156,1582900
2021-06-25 00:00:00-04:00,42.150001525878906,42.619998931884766,41.5,42.369998931884766,42.369998931884766,3117600
2021-06-28 00:00:00-04:00,42.279998779296875,42.47999954223633,39.86000061035156,40.4900016784668,40.4900016784668,2726800
2021-06-29 00:00:00-04:00,40.599998474121094,40.779998779296875,39.880001068115234,40.0,40.0,1667000
2021-06-30 00:00:00-04:00,39.95000076293945,40.77000045776367,39.45000076293945,40.29999923706055,40.29999923706055,1406600
2021-07-01 00:00:00-04:00,40.41999816894531,41.29999923706055,40.41999816894531,40.56999969482422,40.56999969482422,1160000
2021-07-02 00:00:00-04:00,40.599998474121094,40.68000030517578,39.97999954223633,40.279998779296875,40.279998779296875,1373700
2021-07-06 00:00:00-04:00,40.0,40.209999084472656,38.779998779296875,39.40999984741211,39.40999984741211,1655400
2021-07-07 00:00:00-04:00,39.470001220703125,39.79999923706055,38.150001525878906,38.540000915527344,38.540000915527344,1871800
2021-07-08 00:00:00-04:00,37.439998626708984,38.47999954223633,37.29999923706055,38.0,38.0,2344600
2021-07-09 00:00:00-04:00,38.59000015258789,39.38999938964844,38.4900016784668,38.88999938964844,38.88999938964844,1270500
2021-07-12 00:00:00-04:00,38.560001373291016,38.880001068115234,37.45000076293945,37.869998931884766,37.869998931884766,2345400
2021-07-13 00:00:00-04:00,38.0099983215332,38.150001525878906,36.63999938964844,36.70000076293945,36.70000076293945,2250500
2021-07-14 00:00:00-04:00,36.81999969482422,37.349998474121094,35.939998626708984,35.9900016784668,35.9900016784668,2765600
2021-07-15 00:00:00-04:00,36.0099983215332,36.4900016784668,35.369998931884766,36.22999954223633,36.22999954223633,2363000
2021-07-16 00:00:00-04:00,36.72999954223633,36.849998474121094,35.029998779296875,35.279998779296875,35.279998779296875,1745700
2021-07-19 00:00:00-04:00,34.29999923706055,35.4900016784668,34.04999923706055,34.27000045776367,34.27000045776367,3884500
2021-07-20 00:00:00-04:00,34.220001220703125,36.099998474121094,33.22999954223633,35.560001373291016,35.560001373291016,3231300
2021-07-21 00:00:00-04:00,35.81999969482422,37.220001220703125,35.81999969482422,36.63999938964844,36.63999938964844,1959300
2021-07-22 00:00:00-04:00,36.47999954223633,36.47999954223633,35.36000061035156,36.060001373291016,36.060001373291016,1423200
2021-07-23 00:00:00-04:00,36.27000045776367,36.459999084472656,35.400001525878906,36.2599983215332,36.2599983215332,1980400
2021-07-26 00:00:00-04:00,37.04999923706055,38.880001068115234,37.02000045776367,38.650001525878906,38.650001525878906,3412400
2021-07-27 00:00:00-04:00,38.130001068115234,38.7400016784668,37.27000045776367,38.0,38.0,2750700
2021-07-28 00:00:00-04:00,38.77000045776367,39.27000045776367,37.93000030517578,38.22999954223633,38.22999954223633,2146300
2021-07-29 00:00:00-04:00,38.25,38.709999084472656,37.58000183105469,38.290000915527344,38.290000915527344,1134900
2021-07-30 00:00:00-04:00,38.02000045776367,39.06999969482422,37.650001525878906,37.95000076293945,37.95000076293945,1582000
2021-08-02 00:00:00-04:00,38.0,39.40999984741211,37.75,38.279998779296875,38.279998779296875,2542600
2021-08-03 00:00:00-04:00,38.349998474121094,38.470001220703125,36.2599983215332,37.060001373291016,37.060001373291016,1891000
2021-08-04 00:00:00-04:00,36.560001373291016,37.41999816894531,35.810001373291016,36.04999923706055,36.04999923706055,1557300
2021-08-05 00:00:00-04:00,36.45000076293945,38.5099983215332,36.400001525878906,37.95000076293945,37.95000076293945,3352300
2021-08-06 00:00:00-04:00,38.5099983215332,38.83000183105469,36.95000076293945,37.2400016784668,37.2400016784668,1850200
2021-08-09 00:00:00-04:00,37.029998779296875,37.08000183105469,35.619998931884766,36.02000045776367,36.02000045776367,2614400
2021-08-10 00:00:00-04:00,35.849998474121094,36.189998626708984,34.66999816894531,35.849998474121094,35.849998474121094,3210700
2021-08-11 00:00:00-04:00,35.7400016784668,36.689998626708984,35.06999969482422,36.61000061035156,36.61000061035156,2215500
2021-08-12 00:00:00-04:00,36.369998931884766,36.59000015258789,35.130001068115234,35.5,35.5,1196800
2021-08-13 00:00:00-04:00,35.439998626708984,35.5099983215332,34.540000915527344,34.95000076293945,34.95000076293945,1142200
2021-08-16 00:00:00-04:00,34.56999969482422,34.56999969482422,33.369998931884766,33.54999923706055,33.54999923706055,2515700
2021-08-17 00:00:00-04:00,33.25,33.25,32.27000045776367,33.099998474121094,33.099998474121094,3113800
2021-08-18 00:00:00-04:00,33.13999938964844,34.25,32.66999816894531,33.54999923706055,33.54999923706055,2134700
2021-08-19 00:00:00-04:00,33.2400016784668,33.4900016784668,32.060001373291016,32.61000061035156,32.61000061035156,1331900
2021-08-20 00:00:00-04:00,32.470001220703125,32.77000045776367,32.189998626708984,32.65999984741211,32.65999984741211,1191200
2021-08-23 00:00:00-04:00,32.849998474121094,33.869998931884766,32.849998474121094,33.72999954223633,33.72999954223633,1279100
2021-08-24 00:00:00-04:00,34.150001525878906,35.15999984741211,34.13999938964844,34.9900016784668,34.9900016784668,1923000
2021-08-25 00:00:00-04:00,35.15999984741211,36.400001525878906,34.7400016784668,36.0099983215332,36.0099983215332,2054800
2021-08-26 00:00:00-04:00,35.72999954223633,36.36000061035156,35.310001373291016,35.61000061035156,35.61000061035156,2105700
2021-08-27 00:00:00-04:00,35.59000015258789,36.5099983215332,35.52000045776367,36.15999984741211,36.15999984741211,1214100
2021-08-30 00:00:00-04:00,36.150001525878906,36.369998931884766,34.40999984741211,34.459999084472656,34.459999084472656,2009700
2021-08-31 00:00:00-04:00,34.7599983215332,35.58000183105469,34.619998931884766,35.0,35.0,2877800
2021-09-01 00:00:00-04:00,35.040000915527344,35.45000076293945,34.47999954223633,34.56999969482422,34.56999969482422,1479600
2021-09-02 00:00:00-04:00,34.810001373291016,35.9900016784668,34.5099983215332,34.540000915527344,34.540000915527344,1891400
2021-09-03 00:00:00-04:00,34.15999984741211,34.54999923706055,33.68000030517578,33.939998626708984,33.939998626708984,1439900
2021-09-07 00:00:00-04:00,34.060001373291016,34.97999954223633,34.060001373291016,34.720001220703125,34.720001220703125,1744200
2021-09-08 00:00:00-04:00,34.290000915527344,35.65999984741211,33.93000030517578,34.33000183105469,34.33000183105469,1834400
2021-09-09 00:00:00-04:00,34.58000183105469,35.47999954223633,34.25,34.7599983215332,34.7599983215332,1701200
2021-09-10 00:00:00-04:00,34.86000061035156,35.13999938964844,34.439998626708984,34.58000183105469,34.58000183105469,1590900
2021-09-13 00:00:00-04:00,35.0,36.7400016784668,34.939998626708984,36.31999969482422,36.31999969482422,2420200
2021-09-14 00:00:00-04:00,36.130001068115234,36.41999816894531,35.27000045776367,35.459999084472656,35.459999084472656,1693700
2021-09-15 00:00:00-04:00,35.54999923706055,35.95000076293945,35.02000045776367,35.83000183105469,35.83000183105469,1657900
2021-09-16 00:00:00-04:00,35.88999938964844,36.290000915527344,35.599998474121094,35.72999954223633,35.72999954223633,947100
2021-09-17 00:00:00-04:00,35.86000061035156,36.56999969482422,35.38999938964844,35.790000915527344,35.790000915527344,2526800
2021-09-20 00:00:00-04:00,34.400001525878906,34.65999984741211,32.5,33.06999969482422,33.06999969482422,7319000
2021-09-21 00:00:00-04:00,33.060001373291016,33.20000076293945,31.90999984741211,32.40999984741211,32.40999984741211,2938100
2021-09-22 00:00:00-04:00,32.720001220703125,33.880001068115234,32.540000915527344,33.47999954223633,33.47999954223633,3865500
2021-09-23 00:00:00-04:00,33.900001525878906,35.59000015258789,33.709999084472656,35.36000061035156,35.36000061035156,2859100
2021-09-24 00:00:00-04:00,35.099998474121094,37.16999816894531,35.0,36.619998931884766,36.619998931884766,3592700
2021-09-27 00:00:00-04:00,36.689998626708984,37.599998474121094,36.119998931884766,36.20000076293945,36.20000076293945,1940300
2021-09-28 00:00:00-04:00,35.849998474121094,35.939998626708984,34.86000061035156,34.939998626708984,34.939998626708984,1655300
2021-09-29 00:00:00-04:00,35.349998474121094,35.349998474121094,33.970001220703125,34.060001373291016,34.060001373291016,2425400
2021-09-30 00:00:00-04:00,34.04999923706055,34.29999923706055,33.13999938964844,33.849998474121094,33.849998474121094,1861600
2021-10-01 00:00:00-04:00,34.41999816894531,37.45000076293945,34.41999816894531,36.9900016784668,36.9900016784668,4421400
2021-10-04 00:00:00-04:00,36.90999984741211,37.27000045776367,35.91999816894531,36.02000045776367,36.02000045776367,1771300
2021-10-05 00:00:00-04:00,36.04999923706055,36.849998474121094,35.459999084472656,35.79999923706055,35.79999923706055,1955700
2021-10-06 00:00:00-04:00,35.15999984741211,36.439998626708984,35.099998474121094,36.41999816894531,36.41999816894531,1635400
2021-10-07 00:00:00-04:00,36.7400016784668,36.84000015258789,35.77000045776367,35.959999084472656,35.959999084472656,1761900
2021-10-08 00:00:00-04:00,36.18000030517578,37.060001373291016,36.0099983215332,36.029998779296875,36.029998779296875,1084200
2021-10-11 00:00:00-04:00,36.11000061035156,36.7599983215332,35.86000061035156,35.91999816894531,35.91999816894531,1267500
2021-10-12 00:00:00-04:00,35.91999816894531,36.5099983215332,35.77000045776367,36.41999816894531,36.41999816894531,843300
2021-10-13 00:00:00-04:00,36.45000076293945,36.97999954223633,35.939998626708984,36.02000045776367,36.02000045776367,1217000
2021-10-14 00:00:00-04:00,36.380001068115234,37.40999984741211,36.220001220703125,37.33000183105469,37.33000183105469,1546600
2021-10-15 00:00:00-04:00,37.900001525878906,39.040000915527344,37.59000015258789,37.86000061035156,37.86000061035156,2705700
2021-10-18 00:00:00-04:00,37.29999923706055,38.060001373291016,37.029998779296875,37.220001220703125,37.220001220703125,2081200
2021-10-19 00:00:00-04:00,37.380001068115234,37.650001525878906,36.189998626708984,36.2599983215332,36.2599983215332,1246200
2021-10-20 00:00:00-04:00,36.2599983215332,36.380001068115234,34.619998931884766,34.9900016784668,34.9900016784668,2814100
2021-10-21 00:00:00-04:00,34.849998474121094,35.209999084472656,34.2400016784668,34.56999969482422,34.56999969482422,1269300
2021-10-22 00:00:00-04:00,34.349998474121094,34.349998474121094,33.41999816894531,34.040000915527344,34.040000915527344,1678800
2021-10-25 00:00:00-04:00,33.939998626708984,34.59000015258789,33.56999969482422,34.45000076293945,34.45000076293945,1348000
2021-10-26 00:00:00-04:00,34.72999954223633,34.790000915527344,33.63999938964844,33.970001220703125,33.970001220703125,971300
2021-10-27 00:00:00-04:00,33.72999954223633,33.91999816894531,33.060001373291016,33.09000015258789,33.09000015258789,1238800
2021-10-28 00:00:00-04:00,33.20000076293945,33.43000030517578,32.7599983215332,33.31999969482422,33.31999969482422,1164900
2021-10-29 00:00:00-04:00,33.52000045776367,33.68000030517578,32.52000045776367,32.970001220703125,32.970001220703125,1729100
2021-11-01 00:00:00-04:00,31.530000686645508,33.11000061035156,31.309999465942383,32.79999923706055,32.79999923706055,3038700
2021-11-02 00:00:00-04:00,33.029998779296875,33.04999923706055,31.81999969482422,32.189998626708984,32.189998626708984,2111900
2021-11-03 00:00:00-04:00,32.27000045776367,33.09000015258789,31.969999313354492,32.83000183105469,32.83000183105469,1676900
2021-11-04 00:00:00-04:00,33.5,33.63999938964844,32.459999084472656,32.47999954223633,32.47999954223633,1577600
2021-11-05 00:00:00-04:00,35.16999816894531,36.38999938964844,34.65999984741211,35.040000915527344,35.040000915527344,4599600
2021-11-08 00:00:00-05:00,35.77000045776367,37.209999084472656,34.68000030517578,34.869998931884766,34.869998931884766,7792000
2021-11-09 00:00:00-05:00,31.530000686645508,33.27000045776367,31.0,31.329999923706055,31.329999923706055,10131300
2021-11-10 00:00:00-05:00,31.010000228881836,32.0,30.6200008392334,30.90999984741211,30.90999984741211,3500100
2021-11-11 00:00:00-05:00,30.709999084472656,31.700000762939453,30.520000457763672,30.68000030517578,30.68000030517578,4450600
2021-11-12 00:00:00-05:00,30.969999313354492,31.329999923706055,30.520000457763672,30.790000915527344,30.790000915527344,2840200
2021-11-15 00:00:00-05:00,31.010000228881836,31.790000915527344,30.450000762939453,31.489999771118164,31.489999771118164,3058400
2021-11-16 00:00:00-05:00,31.239999771118164,31.549999237060547,30.290000915527344,30.549999237060547,30.549999237060547,2853600
2021-11-17 00:00:00-05:00,30.5,30.90999984741211,29.760000228881836,30.020000457763672,30.020000457763672,2457100
2021-11-18 00:00:00-05:00,30.100000381469727,30.440000534057617,28.860000610351562,29.780000686645508,29.780000686645508,2449600
2021-11-19 00:00:00-05:00,29.139999389648438,29.670000076293945,28.649999618530273,28.950000762939453,28.950000762939453,3328300
2021-11-22 00:00:00-05:00,29.010000228881836,29.079999923706055,27.6200008392334,28.170000076293945,28.170000076293945,3158100
2021-11-23 00:00:00-05:00,28.309999465942383,28.84000015258789,27.719999313354492,28.399999618530273,28.399999618530273,2391200
2021-11-24 00:00:00-05:00,28.209999084472656,28.649999618530273,27.670000076293945,28.209999084472656,28.209999084472656,1586200
2021-11-26 00:00:00-05:00,25.8799991607666,26.809999465942383,25.510000228881836,26.75,26.75,5310700
2021-11-29 00:00:00-05:00,27.489999771118164,27.8799991607666,26.18000030517578,26.579999923706055,26.579999923706055,3180100
2021-11-30 00:00:00-05:00,26.149999618530273,26.690000534057617,25.06999969482422,25.860000610351562,25.860000610351562,4671200
2021-12-01 00:00:00-05:00,26.600000381469727,27.280000686645508,25.049999237060547,25.049999237060547,25.049999237060547,4079100
2021-12-02 00:00:00-05:00,25.149999618530273,25.8700008392334,24.479999542236328,25.65999984741211,25.65999984741211,3253500
2021-12-03 00:00:00-05:00,25.81999969482422,25.81999969482422,24.420000076293945,24.75,24.75,2316200
2021-12-06 00:00:00-05:00,25.020000457763672,27.579999923706055,24.829999923706055,26.950000762939453,26.950000762939453,3859400
2021-12-07 00:00:00-05:00,28.239999771118164,28.280000686645508,26.739999771118164,26.8799991607666,26.8799991607666,3101400
2021-12-08 00:00:00-05:00,27.049999237060547,28.149999618530273,26.799999237060547,27.190000534057617,27.190000534057617,3033100
2021-12-09 00:00:00-05:00,26.950000762939453,27.31999969482422,26.549999237060547,26.760000228881836,26.760000228881836,1876500
2021-12-10 00:00:00-05:00,27.049999237060547,27.600000381469727,26.149999618530273,26.43000030517578,26.43000030517578,2414400
2021-12-13 00:00:00-05:00,26.0,26.0,25.1299991607666,25.3700008392334,25.3700008392334,2730100
2021-12-14 00:00:00-05:00,25.110000610351562,25.739999771118164,24.950000762939453,25.139999389648438,25.139999389648438,1935700
2021-12-15 00:00:00-05:00,25.020000457763672,25.049999237060547,23.6200008392334,24.8700008392334,24.8700008392334,3270600
2021-12-16 00:00:00-05:00,25.1200008392334,25.399999618530273,23.739999771118164,24.09000015258789,24.09000015258789,2308400
2021-12-17 00:00:00-05:00,24.049999237060547,25.700000762939453,23.520000457763672,25.68000030517578,25.68000030517578,4218500
2021-12-20 00:00:00-05:00,24.889999389648438,25.34000015258789,24.239999771118164,24.709999084472656,24.709999084472656,2609900
2021-12-21 00:00:00-05:00,25.229999542236328,26.920000076293945,25.18000030517578,26.649999618530273,26.649999618530273,3577800
2021-12-22 00:00:00-05:00,26.479999542236328,27.100000381469727,26.15999984741211,26.729999542236328,26.729999542236328,1773100
2021-12-23 00:00:00-05:00,26.690000534057617,27.700000762939453,26.670000076293945,27.260000228881836,27.260000228881836,2130000
2021-12-27 00:00:00-05:00,27.09000015258789,27.40999984741211,26.790000915527344,27.239999771118164,27.239999771118164,1617300
2021-12-28 00:00:00-05:00,27.040000915527344,27.770000457763672,27.020000457763672,27.3700008392334,27.3700008392334,1436100
2021-12-29 00:00:00-05:00,27.209999084472656,27.719999313354492,26.8799991607666,27.209999084472656,27.209999084472656,2201100
2021-12-30 00:00:00-05:00,27.209999084472656,27.959999084472656,27.1200008392334,27.600000381469727,27.600000381469727,1442500
2021-12-31 00:00:00-05:00,27.690000534057617,28.09000015258789,27.149999618530273,27.260000228881836,27.260000228881836,1708900
2022-01-03 00:00:00-05:00,27.68000030517578,28.5,27.600000381469727,28.450000762939453,28.450000762939453,2335300
2022-01-04 00:00:00-05:00,28.8799991607666,29.200000762939453,28.479999542236328,29.020000457763672,29.020000457763672,3753300
2022-01-05 00:00:00-05:00,28.90999984741211,29.420000076293945,28.200000762939453,28.270000457763672,28.270000457763672,2749200
2022-01-06 00:00:00-05:00,28.420000076293945,29.010000228881836,27.799999237060547,28.010000228881836,28.010000228881836,1839100
2022-01-07 00:00:00-05:00,27.989999771118164,28.510000228881836,27.68000030517578,28.229999542236328,28.229999542236328,1686500
2022-01-10 00:00:00-05:00,28.06999969482422,28.610000610351562,26.729999542236328,28.540000915527344,28.540000915527344,2880300
2022-01-11 00:00:00-05:00,28.540000915527344,29.639999389648438,28.260000228881836,29.149999618530273,29.149999618530273,2982900
2022-01-12 00:00:00-05:00,29.139999389648438,29.6200008392334,28.59000015258789,28.719999313354492,28.719999313354492,1635600
2022-01-13 00:00:00-05:00,28.920000076293945,29.6200008392334,28.649999618530273,28.760000228881836,28.760000228881836,2118100
2022-01-14 00:00:00-05:00,28.600000381469727,29.200000762939453,28.200000762939453,28.959999084472656,28.959999084472656,1835800
2022-01-18 00:00:00-05:00,28.43000030517578,29.110000610351562,28.020000457763672,28.139999389648438,28.139999389648438,2167300
2022-01-19 00:00:00-05:00,28.190000534057617,28.940000534057617,27.959999084472656,27.989999771118164,27.989999771118164,2584200
2022-01-20 00:00:00-05:00,28.110000610351562,29.440000534057617,27.90999984741211,27.979999542236328,27.979999542236328,1830900
2022-01-21 00:00:00-05:00,27.639999389648438,28.139999389648438,27.059999465942383,27.489999771118164,27.489999771118164,3110600
2022-01-24 00:00:00-05:00,26.700000762939453,26.75,24.510000228881836,26.68000030517578,26.68000030517578,5194800
2022-01-25 00:00:00-05:00,26.040000915527344,26.899999618530273,25.770000457763672,26.65999984741211,26.65999984741211,2315100
2022-01-26 00:00:00-05:00,27.360000610351562,27.579999923706055,25.850000381469727,26.049999237060547,26.049999237060547,4191100
2022-01-27 00:00:00-05:00,26.31999969482422,26.739999771118164,25.049999237060547,25.100000381469727,25.100000381469727,2723500
2022-01-28 00:00:00-05:00,25.100000381469727,25.860000610351562,24.360000610351562,25.850000381469727,25.850000381469727,2358800
2022-01-31 00:00:00-05:00,25.780000686645508,27.389999389648438,25.600000381469727,27.149999618530273,27.149999618530273,3154000
2022-02-01 00:00:00-05:00,27.200000762939453,27.959999084472656,27.059999465942383,27.65999984741211,27.65999984741211,2663700
2022-02-02 00:00:00-05:00,27.920000076293945,27.920000076293945,26.989999771118164,27.68000030517578,27.68000030517578,1983600
2022-02-03 00:00:00-05:00,26.920000076293945,27.639999389648438,26.450000762939453,26.540000915527344,26.540000915527344,1611600
2022-02-04 00:00:00-05:00,26.600000381469727,27.350000381469727,26.200000762939453,27.049999237060547,27.049999237060547,2141200
2022-02-07 00:00:00-05:00,27.360000610351562,28.020000457763672,27.0,27.8700008392334,27.8700008392334,2255600
2022-02-08 00:00:00-05:00,27.90999984741211,28.350000381469727,27.459999084472656,28.0,28.0,1860400
2022-02-09 00:00:00-05:00,28.40999984741211,29.40999984741211,28.40999984741211,29.399999618530273,29.399999618530273,2058200
2022-02-10 00:00:00-05:00,29.139999389648438,30.079999923706055,28.81999969482422,29.34000015258789,29.34000015258789,2296100
2022-02-11 00:00:00-05:00,29.6200008392334,30.479999542236328,28.479999542236328,28.610000610351562,28.610000610351562,2989600
2022-02-14 00:00:00-05:00,28.639999389648438,29.450000762939453,28.1299991607666,28.3700008392334,28.3700008392334,1689100
2022-02-15 00:00:00-05:00,29.09000015258789,30.209999084472656,28.90999984741211,30.06999969482422,30.06999969482422,2577400
2022-02-16 00:00:00-05:00,29.829999923706055,30.25,29.219999313354492,29.229999542236328,29.229999542236328,3918100
2022-02-17 00:00:00-05:00,26.739999771118164,28.90999984741211,26.549999237060547,28.5,28.5,5252600
2022-02-18 00:00:00-05:00,28.200000762939453,29.43000030517578,27.700000762939453,27.969999313354492,27.969999313354492,4136100
2022-02-22 00:00:00-05:00,27.639999389648438,27.860000610351562,26.84000015258789,27.1200008392334,27.1200008392334,2404000
2022-02-23 00:00:00-05:00,27.40999984741211,27.739999771118164,26.559999465942383,26.579999923706055,26.579999923706055,1910900
2022-02-24 00:00:00-05:00,24.709999084472656,26.760000228881836,24.670000076293945,26.690000534057617,26.690000534057617,4778100
2022-02-25 00:00:00-05:00,27.100000381469727,27.280000686645508,25.829999923706055,26.389999389648438,26.389999389648438,2548900
2022-02-28 00:00:00-05:00,26.040000915527344,26.309999465942383,25.079999923706055,25.440000534057617,25.440000534057617,2443300
2022-03-01 00:00:00-05:00,25.190000534057617,25.280000686645508,23.3799991607666,23.68000030517578,23.68000030517578,3730500
2022-03-02 00:00:00-05:00,23.889999389648438,24.860000610351562,23.829999923706055,24.75,24.75,2024900
2022-03-03 00:00:00-05:00,24.780000686645508,24.84000015258789,23.0,23.209999084472656,23.209999084472656,2241500
2022-03-04 00:00:00-05:00,23.0,23.040000915527344,21.3799991607666,21.579999923706055,21.579999923706055,4060100
2022-03-07 00:00:00-05:00,21.43000030517578,21.799999237060547,20.25,20.649999618530273,20.649999618530273,5773400
2022-03-08 00:00:00-05:00,21.0,23.520000457763672,20.719999313354492,23.079999923706055,23.079999923706055,5162400
2022-03-09 00:00:00-05:00,24.100000381469727,24.510000228881836,23.56999969482422,23.809999465942383,23.809999465942383,3362800
2022-03-10 00:00:00-05:00,23.139999389648438,24.3799991607666,23.059999465942383,24.020000457763672,24.020000457763672,1764700
2022-03-11 00:00:00-05:00,24.510000228881836,24.559999465942383,23.520000457763672,23.549999237060547,23.549999237060547,1809800
2022-03-14 00:00:00-04:00,23.43000030517578,24.209999084472656,23.3799991607666,23.729999542236328,23.729999542236328,2019700
2022-03-15 00:00:00-04:00,24.040000915527344,24.25,23.43000030517578,24.079999923706055,24.079999923706055,2301600
2022-03-16 00:00:00-04:00,24.559999465942383,25.600000381469727,24.520000457763672,25.459999084472656,25.459999084472656,2266100
2022-03-17 00:00:00-04:00,25.0,25.100000381469727,24.170000076293945,24.920000076293945,24.920000076293945,2126300
2022-03-18 00:00:00-04:00,24.739999771118164,25.520000457763672,24.6299991607666,25.3799991607666,25.3799991607666,1832300
2022-03-21 00:00:00-04:00,25.31999969482422,25.360000610351562,24.440000534057617,24.93000030517578,24.93000030517578,1606000
2022-03-22 00:00:00-04:00,25.190000534057617,26.1200008392334,25.06999969482422,25.90999984741211,25.90999984741211,1911200
2022-03-23 00:00:00-04:00,25.600000381469727,26.040000915527344,25.350000381469727,25.549999237060547,25.549999237060547,1185300
2022-03-24 00:00:00-04:00,25.729999542236328,26.270000457763672,25.229999542236328,26.239999771118164,26.239999771118164,1029100
2022-03-25 00:00:00-04:00,26.290000915527344,26.559999465942383,25.829999923706055,26.280000686645508,26.280000686645508,1075600
2022-03-28 00:00:00-04:00,26.399999618530273,26.56999969482422,25.68000030517578,26.219999313354492,26.219999313354492,1094700
2022-03-29 00:00:00-04:00,26.959999084472656,28.0,26.790000915527344,27.670000076293945,27.670000076293945,2056100
2022-03-30 00:00:00-04:00,27.299999237060547,27.829999923706055,26.940000534057617,27.079999923706055,27.079999923706055,1044800
2022-03-31 00:00:00-04:00,27.229999542236328,27.68000030517578,27.110000610351562,27.1200008392334,27.1200008392334,1254900
2022-04-01 00:00:00-04:00,27.459999084472656,27.790000915527344,27.170000076293945,27.399999618530273,27.399999618530273,1330800
2022-04-04 00:00:00-04:00,27.600000381469727,28.100000381469727,27.31999969482422,28.079999923706055,28.079999923706055,1192500
2022-04-05 00:00:00-04:00,28.229999542236328,28.280000686645508,26.920000076293945,27.100000381469727,27.100000381469727,1610900
2022-04-06 00:00:00-04:00,26.739999771118164,26.739999771118164,25.799999237060547,26.040000915527344,26.040000915527344,1796800
2022-04-07 00:00:00-04:00,26.030000686645508,26.170000076293945,25.1299991607666,25.700000762939453,25.700000762939453,1083500
2022-04-08 00:00:00-04:00,25.469999313354492,25.760000228881836,25.239999771118164,25.299999237060547,25.299999237060547,943600
2022-04-11 00:00:00-04:00,25.049999237060547,25.8700008392334,24.799999237060547,25.020000457763672,25.020000457763672,1525200
2022-04-12 00:00:00-04:00,25.459999084472656,25.479999542236328,24.469999313354492,24.68000030517578,24.68000030517578,1501100
2022-04-13 00:00:00-04:00,24.920000076293945,26.229999542236328,24.90999984741211,26.200000762939453,26.200000762939453,1420700
2022-04-14 00:00:00-04:00,26.350000381469727,27.469999313354492,26.350000381469727,26.829999923706055,26.829999923706055,1511900
2022-04-18 00:00:00-04:00,26.790000915527344,27.229999542236328,26.549999237060547,26.729999542236328,26.729999542236328,1419100
2022-04-19 00:00:00-04:00,26.790000915527344,27.920000076293945,26.579999923706055,27.850000381469727,27.850000381469727,1614500
2022-04-20 00:00:00-04:00,27.700000762939453,27.790000915527344,26.65999984741211,26.700000762939453,26.700000762939453,1476100
2022-04-21 00:00:00-04:00,27.670000076293945,27.940000534057617,26.209999084472656,26.280000686645508,26.280000686645508,2222200
2022-04-22 00:00:00-04:00,26.0,26.309999465942383,25.420000076293945,25.729999542236328,25.729999542236328,2049200
2022-04-25 00:00:00-04:00,25.440000534057617,26.170000076293945,25.260000228881836,26.09000015258789,26.09000015258789,1247600
2022-04-26 00:00:00-04:00,25.8799991607666,26.030000686645508,24.8799991607666,24.940000534057617,24.940000534057617,1620100
2022-04-27 00:00:00-04:00,24.68000030517578,25.639999389648438,24.68000030517578,25.540000915527344,25.540000915527344,1608800
2022-04-28 00:00:00-04:00,26.079999923706055,26.479999542236328,25.290000915527344,26.360000610351562,26.360000610351562,1657400
2022-04-29 00:00:00-04:00,26.0,26.68000030517578,25.600000381469727,25.670000076293945,25.670000076293945,1515100
2022-05-02 00:00:00-04:00,25.510000228881836,25.81999969482422,24.649999618530273,25.280000686645508,25.280000686645508,2144300
2022-05-03 00:00:00-04:00,25.280000686645508,25.360000610351562,24.489999771118164,24.790000915527344,24.790000915527344,2136500
2022-05-04 00:00:00-04:00,24.920000076293945,24.989999771118164,23.809999465942383,24.549999237060547,24.549999237060547,2774000
2022-05-05 00:00:00-04:00,26.18000030517578,27.43000030517578,25.1299991607666,25.799999237060547,25.799999237060547,6500400
2022-05-06 00:00:00-04:00,25.18000030517578,25.530000686645508,22.829999923706055,22.8700008392334,22.8700008392334,3599000
2022-05-09 00:00:00-04:00,22.440000534057617,22.770000457763672,21.1299991607666,21.209999084472656,21.209999084472656,3801400
2022-05-10 00:00:00-04:00,21.729999542236328,22.829999923706055,20.8799991607666,22.6200008392334,22.6200008392334,3568400
2022-05-11 00:00:00-04:00,22.860000610351562,24.1299991607666,22.649999618530273,22.84000015258789,22.84000015258789,3110700
2022-05-12 00:00:00-04:00,22.729999542236328,23.579999923706055,22.329999923706055,22.809999465942383,22.809999465942383,2181300
2022-05-13 00:00:00-04:00,23.399999618530273,25.1200008392334,23.170000076293945,24.770000457763672,24.770000457763672,3605300
2022-05-16 00:00:00-04:00,24.81999969482422,25.280000686645508,24.1299991607666,24.200000762939453,24.200000762939453,1511800
2022-05-17 00:00:00-04:00,24.860000610351562,25.75,24.639999389648438,25.3700008392334,25.3700008392334,1934900
2022-05-18 00:00:00-04:00,25.079999923706055,25.860000610351562,24.770000457763672,24.889999389648438,24.889999389648438,1482200
2022-05-19 00:00:00-04:00,24.690000534057617,25.59000015258789,24.639999389648438,25.040000915527344,25.040000915527344,1845100
2022-05-20 00:00:00-04:00,25.489999771118164,25.489999771118164,24.040000915527344,24.649999618530273,24.649999618530273,1580500
2022-05-23 00:00:00-04:00,24.760000228881836,24.760000228881836,23.360000610351562,23.520000457763672,23.520000457763672,2138700
2022-05-24 00:00:00-04:00,23.110000610351562,23.110000610351562,21.920000076293945,22.110000610351562,22.110000610351562,2787300
2022-05-25 00:00:00-04:00,21.950000762939453,23.540000915527344,21.889999389648438,23.450000762939453,23.450000762939453,1867500
2022-05-26 00:00:00-04:00,23.700000762939453,25.610000610351562,23.700000762939453,25.170000076293945,25.170000076293945,2760400
2022-05-27 00:00:00-04:00,25.3799991607666,26.020000457763672,25.209999084472656,25.59000015258789,25.59000015258789,1965100
2022-05-31 00:00:00-04:00,25.309999465942383,25.510000228881836,24.489999771118164,24.84000015258789,24.84000015258789,2748500
2022-06-01 00:00:00-04:00,24.959999084472656,25.520000457763672,23.790000915527344,24.229999542236328,24.229999542236328,3681600
2022-06-02 00:00:00-04:00,24.049999237060547,25.15999984741211,23.860000610351562,25.1299991607666,25.1299991607666,1526500
2022-06-03 00:00:00-04:00,24.719999313354492,24.899999618530273,24.329999923706055,24.549999237060547,24.549999237060547,1259200
2022-06-06 00:00:00-04:00,24.790000915527344,25.149999618530273,24.559999465942383,24.8700008392334,24.8700008392334,1101200
2022-06-07 00:00:00-04:00,24.3799991607666,24.860000610351562,24.34000015258789,24.6299991607666,24.6299991607666,1536600
2022-06-08 00:00:00-04:00,24.579999923706055,24.790000915527344,24.149999618530273,24.43000030517578,24.43000030517578,1584500
2022-06-09 00:00:00-04:00,24.239999771118164,24.34000015258789,23.280000686645508,23.329999923706055,23.329999923706055,1695000
2022-06-10 00:00:00-04:00,22.770000457763672,23.200000762939453,22.030000686645508,22.110000610351562,22.110000610351562,2880200
2022-06-13 00:00:00-04:00,21.200000762939453,21.3700008392334,19.68000030517578,19.729999542236328,19.729999542236328,4731500
2022-06-14 00:00:00-04:00,20.010000228881836,20.020000457763672,19.1299991607666,19.530000686645508,19.530000686645508,2502600
2022-06-15 00:00:00-04:00,19.809999465942383,20.360000610351562,19.549999237060547,20.0,20.0,2565700
2022-06-16 00:00:00-04:00,19.239999771118164,19.469999313354492,18.100000381469727,18.290000915527344,18.290000915527344,4863300
2022-06-17 00:00:00-04:00,18.479999542236328,19.84000015258789,18.450000762939453,19.399999618530273,19.399999618530273,3839900
2022-06-21 00:00:00-04:00,19.700000762939453,19.899999618530273,18.75,18.780000686645508,18.780000686645508,2579400
2022-06-22 00:00:00-04:00,18.510000228881836,18.920000076293945,18.3700008392334,18.399999618530273,18.399999618530273,2619400
2022-06-23 00:00:00-04:00,18.489999771118164,18.780000686645508,18.0,18.299999237060547,18.299999237060547,2241400
2022-06-24 00:00:00-04:00,18.510000228881836,19.34000015258789,18.40999984741211,19.31999969482422,19.31999969482422,4042500
2022-06-27 00:00:00-04:00,19.360000610351562,19.6200008392334,19.059999465942383,19.360000610351562,19.360000610351562,2329500
2022-06-28 00:00:00-04:00,19.600000381469727,20.43000030517578,18.899999618530273,18.90999984741211,18.90999984741211,1792700
2022-06-29 00:00:00-04:00,18.729999542236328,18.729999542236328,17.709999084472656,18.399999618530273,18.399999618530273,2463000
2022-06-30 00:00:00-04:00,18.09000015258789,18.350000381469727,17.43000030517578,17.799999237060547,17.799999237060547,2809300
2022-07-01 00:00:00-04:00,17.780000686645508,18.479999542236328,17.700000762939453,18.469999313354492,18.469999313354492,1675800
2022-07-05 00:00:00-04:00,17.989999771118164,18.84000015258789,17.530000686645508,18.81999969482422,18.81999969482422,1990700
2022-07-06 00:00:00-04:00,18.860000610351562,19.09000015258789,17.959999084472656,18.170000076293945,18.170000076293945,1936500
2022-07-07 00:00:00-04:00,18.489999771118164,18.93000030517578,18.440000534057617,18.709999084472656,18.709999084472656,1484800
2022-07-08 00:00:00-04:00,18.530000686645508,18.739999771118164,18.010000228881836,18.399999618530273,18.399999618530273,1630700
2022-07-11 00:00:00-04:00,18.0,18.1299991607666,17.329999923706055,17.6200008392334,17.6200008392334,1581100
2022-07-12 00:00:00-04:00,17.600000381469727,18.0,17.530000686645508,17.75,17.75,1253100
2022-07-13 00:00:00-04:00,17.280000686645508,17.84000015258789,17.040000915527344,17.799999237060547,17.799999237060547,1311100
2022-07-14 00:00:00-04:00,17.549999237060547,17.690000534057617,17.170000076293945,17.209999084472656,17.209999084472656,1130400
2022-07-15 00:00:00-04:00,17.450000762939453,17.600000381469727,16.8700008392334,17.34000015258789,17.34000015258789,2295100
2022-07-18 00:00:00-04:00,17.829999923706055,18.649999618530273,17.829999923706055,18.100000381469727,18.100000381469727,3250100
2022-07-19 00:00:00-04:00,18.3799991607666,19.100000381469727,18.3799991607666,19.040000915527344,19.040000915527344,1738200
2022-07-20 00:00:00-04:00,19.09000015258789,19.479999542236328,18.889999389648438,19.31999969482422,19.31999969482422,1697500
2022-07-21 00:00:00-04:00,19.0,19.079999923706055,18.420000076293945,18.780000686645508,18.780000686645508,1448000
2022-07-22 00:00:00-04:00,18.729999542236328,18.950000762939453,18.299999237060547,18.479999542236328,18.479999542236328,1745300
2022-07-25 00:00:00-04:00,18.479999542236328,18.860000610351562,18.139999389648438,18.829999923706055,18.829999923706055,1364000
2022-07-26 00:00:00-04:00,18.700000762939453,18.700000762939453,17.979999542236328,17.979999542236328,17.979999542236328,1649000
2022-07-27 00:00:00-04:00,18.420000076293945,19.25,18.3799991607666,19.200000762939453,19.200000762939453,1798600
2022-07-28 00:00:00-04:00,19.200000762939453,19.479999542236328,18.469999313354492,19.020000457763672,19.020000457763672,1941500
2022-07-29 00:00:00-04:00,18.920000076293945,19.079999923706055,18.690000534057617,19.010000228881836,19.010000228881836,1561500
2022-08-01 00:00:00-04:00,18.729999542236328,19.059999465942383,18.270000457763672,18.920000076293945,18.920000076293945,1857900
2022-08-02 00:00:00-04:00,18.639999389648438,19.670000076293945,18.610000610351562,19.43000030517578,19.43000030517578,1840200
2022-08-03 00:00:00-04:00,19.56999969482422,20.270000457763672,19.510000228881836,20.170000076293945,20.170000076293945,1636100
2022-08-04 00:00:00-04:00,20.1299991607666,20.510000228881836,20.030000686645508,20.059999465942383,20.059999465942383,2253800
2022-08-05 00:00:00-04:00,20.75,24.31999969482422,20.739999771118164,23.860000610351562,23.860000610351562,7865100
2022-08-08 00:00:00-04:00,24.450000762939453,25.399999618530273,24.139999389648438,24.84000015258789,24.84000015258789,3449200
2022-08-09 00:00:00-04:00,24.649999618530273,25.110000610351562,24.610000610351562,24.950000762939453,24.950000762939453,2682500
2022-08-10 00:00:00-04:00,25.579999923706055,26.34000015258789,25.579999923706055,26.06999969482422,26.06999969482422,2823200
2022-08-11 00:00:00-04:00,26.459999084472656,26.920000076293945,25.93000030517578,26.049999237060547,26.049999237060547,2357200
2022-08-12 00:00:00-04:00,26.399999618530273,27.469999313354492,26.260000228881836,27.34000015258789,27.34000015258789,2019700
2022-08-15 00:00:00-04:00,26.979999542236328,27.440000534057617,26.709999084472656,27.260000228881836,27.260000228881836,1579300
2022-08-16 00:00:00-04:00,27.1299991607666,28.049999237060547,26.940000534057617,28.0,28.0,1766600
2022-08-17 00:00:00-04:00,27.440000534057617,27.65999984741211,27.059999465942383,27.31999969482422,27.31999969482422,1655000
2022-08-18 00:00:00-04:00,27.299999237060547,27.350000381469727,26.600000381469727,27.149999618530273,27.149999618530273,1450500
2022-08-19 00:00:00-04:00,26.6200008392334,26.75,26.209999084472656,26.360000610351562,26.360000610351562,1277900
2022-08-22 00:00:00-04:00,25.75,25.860000610351562,25.209999084472656,25.31999969482422,25.31999969482422,1572500
2022-08-23 00:00:00-04:00,25.56999969482422,25.739999771118164,25.110000610351562,25.139999389648438,25.139999389648438,1615700
2022-08-24 00:00:00-04:00,25.0,25.389999389648438,24.899999618530273,25.15999984741211,25.15999984741211,1336500
2022-08-25 00:00:00-04:00,25.610000610351562,26.030000686645508,25.440000534057617,25.610000610351562,25.610000610351562,1128300
2022-08-26 00:00:00-04:00,25.709999084472656,25.950000762939453,24.920000076293945,25.040000915527344,25.040000915527344,1371000
2022-08-29 00:00:00-04:00,24.6299991607666,24.989999771118164,24.40999984741211,24.579999923706055,24.579999923706055,1453000
2022-08-30 00:00:00-04:00,24.690000534057617,24.950000762939453,23.639999389648438,23.690000534057617,23.690000534057617,1936600
2022-08-31 00:00:00-04:00,24.200000762939453,24.360000610351562,23.729999542236328,23.799999237060547,23.799999237060547,1483500
2022-09-01 00:00:00-04:00,23.6200008392334,23.6200008392334,22.639999389648438,23.510000228881836,23.510000228881836,1611000
2022-09-02 00:00:00-04:00,23.760000228881836,24.010000228881836,23.209999084472656,23.399999618530273,23.399999618530273,1180700
2022-09-06 00:00:00-04:00,23.5,23.709999084472656,22.81999969482422,23.469999313354492,23.469999313354492,1375400
2022-09-07 00:00:00-04:00,23.360000610351562,24.149999618530273,23.360000610351562,24.079999923706055,24.079999923706055,1422300
2022-09-08 00:00:00-04:00,24.040000915527344,24.639999389648438,23.799999237060547,24.520000457763672,24.520000457763672,1434200
2022-09-09 00:00:00-04:00,24.84000015258789,25.299999237060547,24.729999542236328,25.260000228881836,25.260000228881836,1593200
2022-09-12 00:00:00-04:00,25.59000015258789,25.90999984741211,25.459999084472656,25.65999984741211,25.65999984741211,1638500
2022-09-13 00:00:00-04:00,24.920000076293945,25.549999237060547,24.68000030517578,25.25,25.25,1999300
2022-09-14 00:00:00-04:00,25.350000381469727,25.829999923706055,24.899999618530273,25.81999969482422,25.81999969482422,1561200
2022-09-15 00:00:00-04:00,25.5,26.860000610351562,25.5,25.860000610351562,25.860000610351562,1515400
2022-09-16 00:00:00-04:00,25.350000381469727,25.450000762939453,24.280000686645508,24.389999389648438,24.389999389648438,2742400
2022-09-19 00:00:00-04:00,23.829999923706055,24.459999084472656,23.780000686645508,24.31999969482422,24.31999969482422,1373100
2022-09-20 00:00:00-04:00,24.309999465942383,25.100000381469727,24.25,24.6200008392334,24.6200008392334,1233200
2022-09-21 00:00:00-04:00,24.6200008392334,24.6299991607666,22.90999984741211,23.530000686645508,23.530000686645508,2551100
2022-09-22 00:00:00-04:00,23.670000076293945,23.829999923706055,22.290000915527344,22.459999084472656,22.459999084472656,2000200
2022-09-23 00:00:00-04:00,22.049999237060547,22.530000686645508,21.579999923706055,22.059999465942383,22.059999465942383,1871700
2022-09-26 00:00:00-04:00,22.020000457763672,22.700000762939453,21.809999465942383,21.84000015258789,21.84000015258789,2271000
2022-09-27 00:00:00-04:00,22.299999237060547,22.760000228881836,21.989999771118164,22.290000915527344,22.290000915527344,1198200
2022-09-28 00:00:00-04:00,22.350000381469727,23.040000915527344,22.079999923706055,22.989999771118164,22.989999771118164,1462000
2022-09-29 00:00:00-04:00,22.489999771118164,22.700000762939453,22.010000228881836,22.3700008392334,22.3700008392334,1326600
2022-09-30 00:00:00-04:00,22.1299991607666,22.829999923706055,22.040000915527344,22.079999923706055,22.079999923706055,1185900
2022-10-03 00:00:00-04:00,22.280000686645508,22.649999618530273,21.420000076293945,22.0,22.0,1685800
2022-10-04 00:00:00-04:00,22.690000534057617,23.68000030517578,22.649999618530273,23.6200008392334,23.6200008392334,1514700
2022-10-05 00:00:00-04:00,23.200000762939453,23.649999618530273,22.68000030517578,23.309999465942383,23.309999465942383,1680400
2022-10-06 00:00:00-04:00,23.229999542236328,23.559999465942383,22.780000686645508,23.260000228881836,23.260000228881836,1487000
2022-10-07 00:00:00-04:00,22.84000015258789,23.1299991607666,22.510000228881836,22.8799991607666,22.8799991607666,1214600
2022-10-10 00:00:00-04:00,22.850000381469727,22.969999313354492,22.100000381469727,22.309999465942383,22.309999465942383,934200
2022-10-11 00:00:00-04:00,22.530000686645508,22.649999618530273,21.729999542236328,22.170000076293945,22.170000076293945,1593900
2022-10-12 00:00:00-04:00,21.979999542236328,22.959999084472656,21.829999923706055,22.940000534057617,22.940000534057617,2166100
2022-10-13 00:00:00-04:00,22.6299991607666,23.1200008392334,21.90999984741211,22.670000076293945,22.670000076293945,2380800
2022-10-14 00:00:00-04:00,23.100000381469727,23.309999465942383,22.170000076293945,22.209999084472656,22.209999084472656,1229300
2022-10-17 00:00:00-04:00,22.59000015258789,23.34000015258789,22.520000457763672,23.299999237060547,23.299999237060547,2466300
2022-10-18 00:00:00-04:00,23.940000534057617,24.399999618530273,23.59000015258789,24.389999389648438,24.389999389648438,2275900
2022-10-19 00:00:00-04:00,23.850000381469727,24.190000534057617,23.309999465942383,23.610000610351562,23.610000610351562,2914400
2022-10-20 00:00:00-04:00,23.559999465942383,24.600000381469727,23.489999771118164,23.68000030517578,23.68000030517578,2197500
2022-10-21 00:00:00-04:00,23.420000076293945,24.440000534057617,23.1200008392334,24.440000534057617,24.440000534057617,1711200
2022-10-24 00:00:00-04:00,24.5,24.5,23.700000762939453,23.989999771118164,23.989999771118164,1781900
2022-10-25 00:00:00-04:00,23.719999313354492,24.309999465942383,23.719999313354492,24.010000228881836,24.010000228881836,3265200
2022-10-26 00:00:00-04:00,23.770000457763672,24.34000015258789,23.3799991607666,23.549999237060547,23.549999237060547,1544900
2022-10-27 00:00:00-04:00,23.719999313354492,24.049999237060547,23.3700008392334,23.43000030517578,23.43000030517578,1008700
2022-10-28 00:00:00-04:00,23.43000030517578,23.8700008392334,22.889999389648438,23.489999771118164,23.489999771118164,1706100
2022-10-31 00:00:00-04:00,23.600000381469727,23.989999771118164,23.549999237060547,23.6200008392334,23.6200008392334,1576100
2022-11-01 00:00:00-04:00,24.25,24.68000030517578,23.90999984741211,23.93000030517578,23.93000030517578,1492500
2022-11-02 00:00:00-04:00,23.600000381469727,23.700000762939453,22.68000030517578,22.739999771118164,22.739999771118164,2188300
2022-11-03 00:00:00-04:00,22.520000457763672,23.43000030517578,22.389999389648438,23.170000076293945,23.170000076293945,1867600
2022-11-04 00:00:00-04:00,23.68000030517578,24.309999465942383,23.219999313354492,23.719999313354492,23.719999313354492,2623700
2022-11-07 00:00:00-05:00,23.979999542236328,24.030000686645508,22.81999969482422,23.799999237060547,23.799999237060547,3718300
2022-11-08 00:00:00-05:00,18.40999984741211,19.989999771118164,18.0,19.68000030517578,19.68000030517578,14842400
2022-11-09 00:00:00-05:00,19.43000030517578,20.559999465942383,19.040000915527344,19.90999984741211,19.90999984741211,6641900
2022-11-10 00:00:00-05:00,20.700000762939453,20.969999313354492,20.299999237060547,20.860000610351562,20.860000610351562,4694400
2022-11-11 00:00:00-05:00,21.079999923706055,22.18000030517578,21.079999923706055,22.170000076293945,22.170000076293945,3160900
2022-11-14 00:00:00-05:00,21.920000076293945,22.6299991607666,21.479999542236328,21.520000457763672,21.520000457763672,2141200
2022-11-15 00:00:00-05:00,21.93000030517578,22.15999984741211,21.110000610351562,21.329999923706055,21.329999923706055,3467800
2022-11-16 00:00:00-05:00,21.0,21.079999923706055,20.280000686645508,20.34000015258789,20.34000015258789,3479300
2022-11-17 00:00:00-05:00,20.049999237060547,20.5,19.850000381469727,20.260000228881836,20.260000228881836,2122900
2022-11-18 00:00:00-05:00,20.600000381469727,20.600000381469727,19.670000076293945,19.90999984741211,19.90999984741211,1991800
2022-11-21 00:00:00-05:00,19.65999984741211,19.989999771118164,19.059999465942383,19.09000015258789,19.09000015258789,2537300
2022-11-22 00:00:00-05:00,19.229999542236328,19.559999465942383,18.68000030517578,19.540000915527344,19.540000915527344,1764400
2022-11-23 00:00:00-05:00,19.56999969482422,19.8700008392334,19.40999984741211,19.639999389648438,19.639999389648438,1310900
2022-11-25 00:00:00-05:00,19.520000457763672,19.959999084472656,19.450000762939453,19.829999923706055,19.829999923706055,834000
2022-11-28 00:00:00-05:00,19.610000610351562,19.940000534057617,19.299999237060547,19.450000762939453,19.450000762939453,1868900
2022-11-29 00:00:00-05:00,19.649999618530273,19.90999984741211,19.450000762939453,19.579999923706055,19.579999923706055,1436300
2022-11-30 00:00:00-05:00,19.68000030517578,20.420000076293945,19.420000076293945,20.389999389648438,20.389999389648438,1721200
2022-12-01 00:00:00-05:00,20.31999969482422,21.0,20.260000228881836,20.6200008392334,20.6200008392334,1741100
2022-12-02 00:00:00-05:00,20.450000762939453,20.510000228881836,20.139999389648438,20.309999465942383,20.309999465942383,1164300
2022-12-05 00:00:00-05:00,20.219999313354492,20.3799991607666,19.520000457763672,19.579999923706055,19.579999923706055,1316100
2022-12-06 00:00:00-05:00,19.600000381469727,19.899999618530273,18.950000762939453,19.020000457763672,19.020000457763672,1693300
2022-12-07 00:00:00-05:00,18.040000915527344,18.280000686645508,17.530000686645508,17.799999237060547,17.799999237060547,4200600
2022-12-08 00:00:00-05:00,17.940000534057617,18.899999618530273,17.940000534057617,18.639999389648438,18.639999389648438,3097600
2022-12-09 00:00:00-05:00,18.6200008392334,18.790000915527344,18.40999984741211,18.489999771118164,18.489999771118164,2578500
2022-12-12 00:00:00-05:00,18.440000534057617,18.639999389648438,18.239999771118164,18.559999465942383,18.559999465942383,1656800
2022-12-13 00:00:00-05:00,19.329999923706055,19.399999618530273,18.610000610351562,18.93000030517578,18.93000030517578,2950200
2022-12-14 00:00:00-05:00,18.920000076293945,18.969999313354492,18.350000381469727,18.68000030517578,18.68000030517578,3109300
2022-12-15 00:00:00-05:00,18.3700008392334,18.5,18.0,18.15999984741211,18.15999984741211,3119600
2022-12-16 00:00:00-05:00,18.0,18.25,17.790000915527344,18.0,18.0,3789800
2022-12-19 00:00:00-05:00,17.940000534057617,17.940000534057617,17.149999618530273,17.260000228881836,17.260000228881836,2337400
2022-12-20 00:00:00-05:00,17.15999984741211,17.579999923706055,17.15999984741211,17.489999771118164,17.489999771118164,1584500
2022-12-21 00:00:00-05:00,17.65999984741211,18.049999237060547,17.6299991607666,17.799999237060547,17.799999237060547,1547800
2022-12-22 00:00:00-05:00,17.68000030517578,17.68000030517578,17.18000030517578,17.479999542236328,17.479999542236328,1620700
2022-12-23 00:00:00-05:00,17.479999542236328,17.860000610351562,17.34000015258789,17.850000381469727,17.850000381469727,1315300
2022-12-27 00:00:00-05:00,17.649999618530273,17.81999969482422,17.489999771118164,17.610000610351562,17.610000610351562,1035800
2022-12-28 00:00:00-05:00,17.479999542236328,17.65999984741211,17.200000762939453,17.260000228881836,17.260000228881836,1794600
2022-12-29 00:00:00-05:00,17.389999389648438,17.899999618530273,17.360000610351562,17.860000610351562,17.860000610351562,1593400
2022-12-30 00:00:00-05:00,17.610000610351562,18.0,17.5,17.979999542236328,17.979999542236328,1395500
2023-01-03 00:00:00-05:00,18.229999542236328,18.450000762939453,18.0,18.309999465942383,18.309999465942383,1808300
2023-01-04 00:00:00-05:00,18.5,19.229999542236328,18.43000030517578,19.209999084472656,19.209999084472656,1977400
2023-01-05 00:00:00-05:00,19.1200008392334,19.56999969482422,19.010000228881836,19.3799991607666,19.3799991607666,2568500
2023-01-06 00:00:00-05:00,19.530000686645508,19.670000076293945,19.40999984741211,19.639999389648438,19.639999389648438,1598100
2023-01-09 00:00:00-05:00,19.920000076293945,20.530000686645508,19.81999969482422,20.219999313354492,20.219999313354492,3156700
2023-01-10 00:00:00-05:00,20.270000457763672,20.670000076293945,20.229999542236328,20.579999923706055,20.579999923706055,1539400
2023-01-11 00:00:00-05:00,20.489999771118164,20.940000534057617,20.350000381469727,20.6299991607666,20.6299991607666,1468600
2023-01-12 00:00:00-05:00,20.799999237060547,21.049999237060547,20.3700008392334,21.030000686645508,21.030000686645508,1398000
2023-01-13 00:00:00-05:00,20.899999618530273,21.360000610351562,20.829999923706055,21.350000381469727,21.350000381469727,1037700
2023-01-17 00:00:00-05:00,21.389999389648438,21.809999465942383,21.239999771118164,21.690000534057617,21.690000534057617,1763200
2023-01-18 00:00:00-05:00,21.989999771118164,22.299999237060547,21.68000030517578,21.68000030517578,21.68000030517578,1922200
2023-01-19 00:00:00-05:00,21.270000457763672,22.0,21.270000457763672,21.790000915527344,21.790000915527344,1891800
2023-01-20 00:00:00-05:00,22.0,22.760000228881836,21.709999084472656,22.670000076293945,22.670000076293945,2012300
2023-01-23 00:00:00-05:00,22.780000686645508,23.030000686645508,22.68000030517578,22.959999084472656,22.959999084472656,1320200
2023-01-24 00:00:00-05:00,22.899999618530273,23.059999465942383,22.6299991607666,22.739999771118164,22.739999771118164,1774500
2023-01-25 00:00:00-05:00,22.5,23.020000457763672,22.3700008392334,22.979999542236328,22.979999542236328,1545400
2023-01-26 00:00:00-05:00,23.299999237060547,23.440000534057617,22.709999084472656,23.079999923706055,23.079999923706055,1305500
2023-01-27 00:00:00-05:00,23.079999923706055,23.469999313354492,23.079999923706055,23.3700008392334,23.3700008392334,1002600
2023-01-30 00:00:00-05:00,23.040000915527344,23.34000015258789,22.90999984741211,22.920000076293945,22.920000076293945,1420500
2023-01-31 00:00:00-05:00,22.979999542236328,23.299999237060547,22.889999389648438,23.299999237060547,23.299999237060547,1433000
2023-02-01 00:00:00-05:00,23.350000381469727,24.020000457763672,23.190000534057617,23.799999237060547,23.799999237060547,3842500
2023-02-02 00:00:00-05:00,24.15999984741211,25.270000457763672,24.079999923706055,24.610000610351562,24.610000610351562,3618200
2023-02-03 00:00:00-05:00,24.06999969482422,24.540000915527344,23.790000915527344,23.93000030517578,23.93000030517578,2670800
2023-02-06 00:00:00-05:00,23.709999084472656,24.040000915527344,23.559999465942383,23.709999084472656,23.709999084472656,1989600
2023-02-07 00:00:00-05:00,23.899999618530273,24.260000228881836,23.510000228881836,24.170000076293945,24.170000076293945,1577300
2023-02-08 00:00:00-05:00,25.940000534057617,26.149999618530273,24.920000076293945,25.09000015258789,25.09000015258789,4825000
2023-02-09 00:00:00-05:00,25.530000686645508,25.850000381469727,25.219999313354492,25.31999969482422,25.31999969482422,3016000
2023-02-10 00:00:00-05:00,24.850000381469727,25.010000228881836,23.799999237060547,24.059999465942383,24.059999465942383,2804800
2023-02-13 00:00:00-05:00,24.100000381469727,24.520000457763672,23.979999542236328,24.420000076293945,24.420000076293945,2451700
2023-02-14 00:00:00-05:00,24.260000228881836,25.190000534057617,23.959999084472656,25.1299991607666,25.1299991607666,3530300
2023-02-15 00:00:00-05:00,26.940000534057617,27.299999237060547,24.940000534057617,25.200000762939453,25.200000762939453,8681500
2023-02-16 00:00:00-05:00,23.850000381469727,24.110000610351562,22.34000015258789,22.56999969482422,22.56999969482422,6033900
2023-02-17 00:00:00-05:00,22.299999237060547,22.350000381469727,21.600000381469727,21.889999389648438,21.889999389648438,4299600
2023-02-21 00:00:00-05:00,21.399999618530273,22.75,21.3799991607666,22.219999313354492,22.219999313354492,3118900
2023-02-22 00:00:00-05:00,22.219999313354492,22.809999465942383,22.139999389648438,22.239999771118164,22.239999771118164,2291400
2023-02-23 00:00:00-05:00,22.3700008392334,22.540000915527344,22.110000610351562,22.389999389648438,22.389999389648438,1801000
